CRN,ARRIVAL_TM,AUTOMOBILE_COUNT,BELTED_DEATH_COUNT,BELTED_SUSP_SERIOUS_INJ_COUNT,BICYCLE_COUNT,BICYCLE_DEATH_COUNT,BICYCLE_SUSP_SERIOUS_INJ_COUNT,BUS_COUNT,CHLDPAS_DEATH_COUNT,CHLDPAS_SUSP_SERIOUS_INJ_COUNT,COLLISION_TYPE,COMM_VEH_COUNT,CONS_ZONE_SPD_LIM,COUNTY,CRASH_MONTH,CRASH_YEAR,DAY_OF_WEEK,DEC_LAT,DEC_LONG,DISPATCH_TM,DISTRICT,DRIVER_COUNT_16YR,DRIVER_COUNT_17YR,DRIVER_COUNT_18YR,DRIVER_COUNT_19YR,DRIVER_COUNT_20YR,DRIVER_COUNT_50_64YR,DRIVER_COUNT_65_74YR,DRIVER_COUNT_75PLUS,EST_HRS_CLOSED,FATAL_COUNT,HEAVY_TRUCK_COUNT,HORSE_BUGGY_COUNT,HOUR_OF_DAY,ILLUMINATION,INJURY_COUNT,INTERSECT_TYPE,INTERSECTION_RELATED,LANE_CLOSED,LATITUDE,LN_CLOSE_DIR,LOCATION_TYPE,LONGITUDE,MAX_SEVERITY_LEVEL,MCYCLE_DEATH_COUNT,MCYCLE_SUSP_SERIOUS_INJ_COUNT,MOTORCYCLE_COUNT,MUNICIPALITY,NONMOTR_COUNT,NONMOTR_DEATH_COUNT,NONMOTR_SUSP_SERIOUS_INJ_COUNT,NTFY_HIWY_MAINT,PED_COUNT,PED_DEATH_COUNT,PED_SUSP_SERIOUS_INJ_COUNT,PERSON_COUNT,POLICE_AGCY,POSSIBLE_INJ_COUNT,RDWY_SURF_TYPE_CD,RELATION_TO_ROAD,ROAD_CONDITION,ROADWAY_CLEARED,SCH_BUS_IND,SCH_ZONE_IND,SECONDARY_CRASH,SMALL_TRUCK_COUNT,SPEC_JURIS_CD,SUSP_MINOR_INJ_COUNT,SUSP_SERIOUS_INJ_COUNT,SUV_COUNT,TCD_FUNC_CD,TCD_TYPE,TFC_DETOUR_IND,TIME_OF_DAY,TOT_INJ_COUNT,TOTAL_UNITS,UNB_DEATH_COUNT,UNB_SUSP_SERIOUS_INJ_COUNT,UNBELTED_OCC_COUNT,UNK_INJ_DEG_COUNT,UNK_INJ_PER_COUNT,URBAN_AREA,URBAN_RURAL,VAN_COUNT,VEHICLE_COUNT,WEATHER1,WEATHER2,WORK_ZONE_IND,WORK_ZONE_LOC,WORK_ZONE_TYPE,WORKERS_PRES,WZ_CLOSE_DETOUR,WZ_FLAGGER,WZ_LAW_OFFCR_IND,WZ_LN_CLOSURE,WZ_MOVING,WZ_OTHER,WZ_SHLDER_MDN,WZ_WORKERS_INJ_KILLED
2021016342,940.0,1,0,0,0,0,0,0,0,0,4,0,,67,11,2020,2,39.9571,-75.1511,,6,0,0,0,0,0,1,0,0,,0,0,0.0,9,1,1,5,,0,39 57:25.688,,2,75 09:03.847,8,0,0,0,67301,0,0,0,N,0,0,0,2,00000,0,,1,1,,,,N,0,,0,0,1,3,2,,940,1,2,0,0,0,1,0,3,4,0,2,3,,N,,,,,,,,,,,
2021018380,1330.0,2,0,0,0,0,0,0,0,0,4,0,,67,11,2020,2,40.0101,-75.1576,,6,0,0,0,0,0,0,1,0,,0,0,0.0,13,1,2,1,,0,40 00:36.265,,0,75 09:27.402,8,0,0,0,67301,0,0,0,N,0,0,0,2,00000,0,,1,1,,,,N,0,,0,0,0,3,2,,1330,2,2,0,0,0,2,0,3,4,0,2,3,,N,,,,,,,,,,,
2021018366,615.0,0,0,0,0,0,0,0,0,0,4,0,,67,10,2020,3,40.0184,-75.1491,,6,0,0,0,0,0,0,0,0,,0,0,0.0,6,1,1,1,,0,40 01:06.376,,0,75 08:56.880,8,0,0,0,67301,0,0,0,N,0,0,0,2,00000,0,,1,1,,,,N,0,,0,0,1,3,2,,615,1,2,0,0,0,1,0,3,4,0,2,3,,N,,,,,,,,,,,
2021016378,800.0,2,0,0,0,0,0,0,0,0,4,0,,67,11,2020,6,39.9946,-75.0945,,6,0,0,0,0,0,1,0,0,,0,0,0.0,8,1,0,1,,0,39 59:40.673,,0,75 05:40.311,0,0,0,0,67301,0,0,0,N,0,0,0,3,00000,0,,1,1,,,,N,0,,0,0,1,3,2,,800,0,3,0,0,0,0,0,3,4,0,3,3,,N,,,,,,,,,,,
2021005952,447.0,5,0,0,0,0,0,0,0,0,1,0,,67,9,2020,4,40.0013,-75.1378,442.0,6,0,0,0,0,0,0,0,0,,0,0,0.0,4,3,1,0,N,2,40 00:04.530,4.0,0,75 08:15.990,4,0,0,0,67301,0,0,0,N,0,0,0,2,67301,1,,1,9,634.0,N,N,N,0,,0,0,2,0,0,Y,440,1,7,0,0,1,0,0,3,4,0,7,7,7.0,N,,,,,,,,,,,
2021018776,600.0,1,0,0,0,0,0,0,0,0,5,0,,67,11,2020,6,39.9824,-75.1754,,6,0,0,0,0,0,0,0,0,,0,0,0.0,6,1,0,0,N,0,39 58:56.500,,0,75 10:31.400,0,0,0,0,67301,0,0,0,N,0,0,0,2,00000,0,,1,1,,,,N,0,,0,0,0,0,0,,600,0,2,0,0,0,0,0,3,4,1,2,3,,N,,,,,,,,,,,
2021018880,1100.0,0,0,0,0,0,0,0,0,0,1,0,,67,6,2020,7,39.9585,-75.1681,,6,0,0,0,0,1,0,1,0,,0,0,0.0,11,1,1,0,N,0,39 57:30.713,,0,75 10:05.004,8,0,0,0,67301,0,0,0,N,0,0,0,2,00000,0,,1,1,,,,N,0,,0,0,1,0,0,,1100,1,2,0,0,0,1,0,3,4,0,2,3,,N,,,,,,,,,,,
2021001856,,1,0,0,0,0,0,0,0,0,1,0,,67,4,2020,6,,,,6,0,0,0,0,0,0,0,0,,0,0,0.0,12,1,2,0,N,0,,,0,,8,0,0,0,67301,0,0,0,N,0,0,0,2,00000,0,,1,1,,,,N,0,,0,0,1,0,0,,1200,2,2,0,0,0,2,0,3,3,0,2,3,,N,,,,,,,,,,,
2021016850,45.0,1,0,0,0,0,0,0,0,0,2,0,,67,12,2020,5,39.9353,-75.235,,6,0,0,0,0,0,0,0,0,,0,0,0.0,0,3,2,0,N,0,39 56:07.143,,0,75 14:05.976,8,0,0,0,67301,0,0,0,N,0,0,0,3,00000,0,,1,1,,,,N,0,,0,0,0,0,0,,45,2,2,0,0,0,2,0,3,4,0,2,3,,N,,,,,,,,,,,
2021018784,1900.0,1,0,0,0,0,0,0,0,0,1,0,,67,10,2020,2,,,,6,0,0,0,0,0,0,0,0,,0,0,0.0,19,1,1,0,N,0,,,0,,8,0,0,0,67301,0,0,0,N,0,0,0,2,00000,0,,1,1,,,,N,0,,0,0,0,0,0,,1900,1,2,0,0,0,1,0,3,3,0,2,3,,N,,,,,,,,,,,
2021001171,1449.0,1,0,0,0,0,0,0,0,0,1,0,,67,12,2020,5,39.9404,-75.1431,1433.0,6,0,0,0,0,0,0,0,0,,0,0,0.0,14,1,0,6,N,0,39 56:25.534,,2,75 08:35.290,9,0,0,0,67301,0,0,0,N,0,0,0,3,68K01,0,,1,9,,N,N,N,0,,0,0,1,0,0,,1430,0,3,0,0,0,0,1,3,4,0,3,3,3.0,N,,,,,,,,,,,
2021001174,2149.0,2,0,0,0,0,0,0,0,0,1,0,,67,12,2020,5,39.957,-75.1526,2146.0,6,0,0,1,0,0,0,0,0,,0,0,0.0,21,3,0,0,N,0,39 57:25.087,,0,75 09:09.527,0,0,0,0,67301,0,0,0,N,0,0,0,2,68K01,0,,1,9,,N,N,N,0,,0,0,0,0,0,,2145,0,2,0,0,0,0,0,3,4,0,2,7,,N,,,,,,,,,,,
2021002491,2142.0,2,0,0,0,0,0,0,0,0,5,0,,67,12,2020,2,39.9319,-75.1998,2127.0,6,0,0,0,0,0,0,0,0,,0,0,0.0,21,3,0,0,N,2,39 55:54.745,4.0,0,75 11:59.264,0,0,0,0,67301,0,0,0,N,0,0,0,2,68K01,0,,3,1,30.0,N,N,N,0,,0,0,0,0,0,N,2120,0,2,0,0,0,0,0,3,4,0,2,3,,N,,,,,,,,,,,
2021001197,828.0,1,0,0,0,0,0,0,0,0,5,0,,67,12,2020,7,39.9611,-75.14,809.0,6,0,0,0,0,0,2,0,0,,0,0,0.0,8,1,0,0,N,0,39 57:40.109,,0,75 08:23.912,0,0,0,0,67301,0,0,0,N,0,0,0,2,68K01,0,,1,1,,N,N,N,0,,0,0,1,0,0,,807,0,2,0,0,0,0,0,3,4,0,2,3,3.0,N,,,,,,,,,,,
2021002115,1945.0,2,0,0,0,0,0,0,0,0,5,0,,67,12,2020,5,39.8861,-75.2136,1937.0,6,0,0,0,0,0,1,0,0,,0,0,0.0,19,3,0,0,N,1,39 53:13.324,1.0,3,75 12:17.506,0,0,0,0,67301,0,0,0,N,0,0,0,2,68K01,0,,1,1,100.0,N,N,N,0,,0,0,0,3,7,N,1936,0,2,0,0,0,0,0,3,4,0,2,3,,N,,,,,,,,,,,
2021018409,1330.0,1,0,0,0,0,0,0,0,0,4,0,,67,11,2020,6,39.9235,-75.2296,,6,0,0,0,0,0,0,0,0,,0,0,0.0,13,1,1,2,,0,39 55:24.538,,0,75 13:46.477,8,0,0,0,67301,0,0,0,N,0,0,0,2,00000,0,,1,1,,,,N,0,,0,0,0,3,3,,1330,1,2,0,0,0,1,0,3,4,1,2,3,,N,,,,,,,,,,,
2021000161,1426.0,1,0,0,0,0,0,0,0,0,7,0,,67,12,2020,5,39.9942,-75.1744,1424.0,6,0,0,0,0,0,1,0,0,,0,0,0.0,14,1,1,2,,0,39 59:39.224,,0,75 10:27.724,3,0,0,0,67301,0,0,0,N,0,0,0,1,67301,0,,5,1,,N,N,N,0,,1,0,0,3,3,,1424,1,1,0,0,0,0,0,3,4,0,1,3,3.0,N,,,,,,,,,,,
2021001156,1013.0,2,0,0,0,0,0,0,0,0,1,0,,67,12,2020,3,39.934,-75.1999,958.0,6,0,0,0,0,0,1,0,0,,0,0,0.0,9,1,4,0,N,1,39 56:02.476,4.0,0,75 11:59.764,3,0,0,0,67301,0,0,0,N,0,0,0,4,68K01,0,,1,1,1030.0,N,N,N,0,,4,0,1,0,0,N,958,4,3,0,0,0,0,0,3,4,0,3,3,,N,,,,,,,,,,,
2021016346,933.0,2,0,0,0,0,0,0,0,0,4,0,,67,10,2020,7,39.958,-75.1488,,6,0,0,0,0,0,0,0,0,,0,0,0.0,9,1,0,1,,0,39 57:28.881,,0,75 08:55.758,0,0,0,0,67301,0,0,0,N,0,0,0,2,00000,0,,1,1,,,,N,0,,0,0,0,3,2,,933,0,2,0,0,0,0,0,3,4,0,2,3,,N,,,,,,,,,,,
2021016708,1430.0,1,0,0,0,0,0,0,0,0,4,0,,67,10,2020,2,40.0548,-75.169,,6,0,0,0,0,0,1,0,0,,0,0,0.0,14,1,1,1,,0,40 03:17.448,,0,75 10:08.247,8,0,0,0,67301,0,0,0,N,0,0,0,2,00000,0,,1,1,,,,N,0,,0,0,1,3,2,,1430,1,2,0,0,0,1,0,3,4,0,2,3,,N,,,,,,,,,,,
2021000159,1715.0,1,0,0,0,0,0,0,0,0,4,0,,67,12,2020,4,40.0462,-75.0157,1707.0,6,0,0,0,0,0,1,0,0,,0,0,0.0,17,4,1,1,,2,40 02:46.275,5.0,0,75 00:56.662,3,0,0,0,67301,0,0,0,N,0,0,0,3,67301,0,,1,1,1902.0,N,N,N,0,,1,0,1,3,3,Y,1707,1,2,0,0,0,0,0,3,4,0,2,3,,N,,,,,,,,,,,
2021002488,1105.0,1,0,0,0,0,0,0,0,0,5,1,,67,12,2020,2,39.8908,-75.239,1049.0,6,0,0,0,0,0,0,0,0,,0,1,0.0,10,1,0,0,N,0,39 53:26.986,,0,75 14:20.418,0,0,0,0,67301,0,0,0,N,0,0,0,2,68K01,0,,2,1,,N,N,N,0,,0,0,0,0,0,,1046,0,2,0,0,0,0,0,3,4,0,2,3,,N,,,,,,,,,,,
2021016740,1400.0,0,0,0,0,0,0,0,0,0,1,0,,67,11,2020,6,39.909,-75.2419,,6,0,0,0,0,0,0,0,0,,0,0,0.0,14,1,2,2,,0,39 54:32.511,,0,75 14:30.820,8,0,0,0,67301,0,0,0,N,0,0,0,2,00000,0,,1,1,,,,N,0,,0,0,1,3,2,,1400,2,2,0,0,0,2,0,3,4,1,2,3,,N,,,,,,,,,,,
2023056124,858.0,1,0,0,0,0,0,0,0,0,1,0,,67,10,2020,6,40.0124,-75.1831,852.0,6,0,0,0,0,0,0,0,0,,0,0,0.0,8,1,1,0,N,0,40 00:44.704,,0,75 10:59.307,3,0,0,0,67301,0,0,0,N,0,0,0,2,67301,0,,1,9,,N,N,N,0,,1,0,1,0,0,,828,1,2,0,0,0,0,0,3,4,0,2,7,7.0,N,,,,,,,,,,,
2023051422,1628.0,1,0,0,0,0,0,0,0,0,2,0,,67,10,2020,6,40.0015,-75.1043,1628.0,6,0,0,0,0,0,0,0,0,,0,0,0.0,14,1,0,5,,0,40 00:05.531,,0,75 06:15.328,0,0,0,0,67301,0,0,0,N,0,0,0,2,67301,0,,1,1,,N,N,N,0,,0,0,0,9,2,,1415,0,2,0,0,2,0,0,3,4,1,2,3,3.0,N,,,,,,,,,,,
2020039423,230.0,0,0,0,0,0,0,0,0,0,7,0,,67,5,2020,2,39.9739,-75.1502,216.0,6,0,0,0,0,0,0,0,0,,0,0,0.0,2,3,0,0,,0,39 58:26.040,,0,75 09:00.570,9,0,0,0,67301,0,0,0,N,0,0,0,1,67301,0,,4,1,,N,N,,0,,0,0,1,0,0,,209,0,1,0,0,0,0,1,3,4,0,1,3,,N,,,,,,,,,,,
2020039998,1727.0,1,0,0,0,0,0,0,0,0,2,0,,67,5,2020,2,40.0205,-75.216,1725.0,6,0,0,0,0,0,0,0,0,,0,0,0.0,17,1,1,0,N,2,40 01:13.620,5.0,7,75 12:57.520,3,0,0,1,67301,0,0,0,N,0,0,0,2,67301,0,,1,1,30.0,N,N,N,0,,1,0,0,9,9,Y,1715,1,2,0,0,0,0,0,3,4,0,2,3,3.0,N,,,,,,,,,,,
2020038213,500.0,1,0,0,0,0,0,0,0,0,0,0,,67,4,2020,4,39.9809,-75.2065,454.0,6,0,0,0,0,0,0,0,0,,0,0,0.0,4,3,0,0,,0,39 58:51.341,,0,75 12:23.328,0,0,0,0,67301,0,0,0,N,0,0,0,1,68K01,0,,1,1,,N,N,,0,,0,0,0,0,0,,448,0,1,0,0,0,0,0,3,4,0,1,3,3.0,N,,,,,,,,,,,
2020039204,512.0,2,0,0,0,0,0,0,0,0,4,0,,67,5,2020,1,40.0326,-75.1374,502.0,6,0,0,0,0,0,0,0,0,,0,0,0.0,5,5,0,0,,0,40 01:57.200,,0,75 08:14.540,0,0,0,0,67301,0,0,0,N,0,0,0,1,67301,0,,1,1,,N,N,,0,,0,0,0,0,0,,500,0,2,0,0,0,0,0,3,4,0,2,3,,N,,,,,,,,,,,
2020039559,1544.0,1,0,0,0,0,0,0,0,0,1,0,,67,5,2020,5,39.9263,-75.1944,1544.0,6,0,0,0,0,0,2,0,0,,0,0,0.0,15,1,1,0,,1,39 55:34.801,4.0,0,75 11:39.813,3,0,0,0,67301,0,0,0,N,0,0,0,2,68K01,0,,1,1,,N,N,,0,,1,0,1,0,0,N,1543,1,2,0,0,0,0,0,3,4,0,2,3,,N,,,,,,,,,,,
2020039354,37.0,2,0,0,0,0,0,0,0,0,2,0,,67,5,2020,2,39.9179,-75.2108,26.0,6,0,0,0,0,0,0,0,0,,0,0,0.0,0,3,2,0,,1,39 55:04.575,4.0,0,75 12:38.958,3,0,0,0,67301,0,0,0,N,0,0,0,3,67301,0,,1,1,,N,N,,0,,2,0,0,0,0,Y,14,2,2,0,0,0,0,0,3,4,0,2,3,3.0,N,,,,,,,,,,,
2020041388,2137.0,2,0,0,0,0,0,0,0,0,1,0,,67,5,2020,5,39.979,-75.1096,2137.0,6,0,0,0,0,0,0,0,0,,0,0,0.0,21,2,0,0,,1,39 58:45.971,2.0,0,75 06:29.561,0,0,0,0,67301,0,0,0,N,0,0,0,3,68K01,0,,1,1,,N,N,,0,,0,0,0,0,0,N,2137,0,2,0,0,0,0,0,3,4,0,2,3,,N,,,,,,,,,,,
2020038501,512.0,1,0,0,0,0,0,0,0,0,2,0,,67,5,2020,2,39.9013,-75.1528,502.0,6,0,0,0,0,0,0,0,0,,0,0,0.0,4,5,0,0,,1,39 54:06.832,2.0,0,75 09:06.163,0,0,0,0,67301,0,0,0,N,0,0,0,2,68K01,0,,1,1,,Y,N,,0,,0,0,1,0,0,N,455,0,2,0,0,0,0,0,3,4,0,2,3,3.0,N,,,,,,,,,,,
2020038380,1102.0,1,0,0,0,0,0,0,0,0,5,0,,67,5,2020,3,39.9616,-75.1432,1100.0,6,0,0,0,0,0,0,0,0,,0,0,0.0,10,1,1,0,,0,39 57:41.740,,0,75 08:35.670,3,0,0,0,67301,1,0,0,N,0,0,0,2,67301,0,,1,1,,N,N,,0,,1,0,1,0,0,,1057,1,2,0,0,0,0,0,3,4,0,2,3,3.0,N,,,,,,,,,,,
2020038962,1647.0,2,0,0,0,0,0,0,0,0,1,0,,67,5,2020,5,39.9593,-75.1736,1632.0,6,0,0,0,0,0,0,0,0,,0,0,0.0,16,1,1,0,,1,39 57:33.657,4.0,0,75 10:25.012,8,0,0,0,67301,0,0,0,N,0,0,0,4,68K01,0,,1,1,,N,N,,0,,0,0,0,0,0,N,1631,1,2,0,0,0,1,0,3,4,0,2,3,3.0,N,,,,,,,,,,,
2020039353,2035.0,1,0,0,0,0,0,0,0,0,7,0,,67,5,2020,1,39.9479,-75.1634,2030.0,6,0,0,0,0,0,0,0,0,,0,0,0.0,20,4,0,0,,0,39 56:52.330,,0,75 09:48.340,9,0,0,0,67301,0,0,0,N,0,0,0,1,67301,0,,5,1,,N,N,,0,,0,0,0,0,0,,2020,0,1,0,0,0,0,1,3,4,0,1,3,,N,,,,,,,,,,,
2020038966,1826.0,2,0,0,0,0,0,0,0,0,2,0,,67,5,2020,6,39.9834,-75.1586,1825.0,6,0,0,0,0,1,0,1,0,,0,0,0.0,18,1,1,1,,1,39 59:00.364,4.0,0,75 09:30.860,8,0,0,0,67301,0,0,0,Y,0,0,0,3,67505,0,,1,1,,N,N,,0,,0,0,0,3,2,Y,1825,1,2,0,0,0,1,0,3,4,0,2,3,3.0,N,,,,,,,,,,,
2020040381,517.0,2,1,0,0,0,0,0,0,0,7,0,,67,4,2020,5,40.0041,-75.0769,457.0,6,0,0,0,0,0,1,0,0,,1,0,0.0,4,5,0,0,N,1,40 00:14.759,2.0,0,75 04:36.808,1,0,0,0,67301,0,0,0,N,0,0,0,2,68K01,0,1.0,3,1,700.0,N,N,N,0,0.0,0,0,0,0,0,Y,457,0,2,0,0,0,0,0,3,4,0,2,3,3.0,N,,,,,,,,,,,
2020037642,1622.0,1,0,0,0,0,0,0,0,0,7,0,,67,4,2020,5,40.0096,-75.0649,1622.0,6,0,0,0,0,0,0,0,0,,0,0,0.0,16,1,2,0,,1,40 00:34.568,1.0,0,75 03:53.661,8,0,0,0,67301,0,0,0,N,0,0,0,2,68K01,0,,1,1,,N,N,,0,,0,0,0,0,0,Y,1613,2,1,0,0,0,2,0,3,4,0,1,7,4.0,N,,,,,,,,,,,
2020038977,2054.0,2,0,0,0,0,0,0,0,0,4,0,,67,5,2020,5,40.0394,-75.0774,2053.0,6,0,0,0,0,1,0,0,0,,0,0,0.0,19,3,1,1,,9,40 02:22.048,,0,75 04:38.765,8,0,0,0,67301,0,0,0,N,0,0,0,3,67301,0,,1,1,,N,N,,0,,0,0,0,3,2,U,1950,1,2,0,0,0,1,1,3,4,0,2,3,3.0,N,,,,,,,,,,,
2020037753,542.0,1,0,0,0,0,0,0,0,0,7,0,,67,5,2020,6,40.0542,-74.9858,539.0,6,0,0,0,0,0,0,0,0,,0,0,0.0,5,3,0,0,,0,40 03:15.134,,0,74 59:09.037,0,0,0,0,67301,0,0,0,Y,0,0,0,1,68K01,0,,2,9,,N,N,,0,,0,0,0,0,0,,531,0,1,0,0,0,0,0,3,4,0,1,4,,N,,,,,,,,,,,
2020039486,748.0,0,0,0,0,0,0,0,0,0,2,0,,67,5,2020,6,39.9415,-75.238,745.0,6,0,0,0,0,0,0,0,0,,0,0,0.0,7,1,1,1,,0,39 56:29.575,,0,75 14:16.891,3,0,0,0,67301,0,0,0,N,0,0,0,2,67301,0,,1,9,,N,N,,0,,1,0,3,3,2,,745,1,3,0,0,0,0,0,3,4,0,3,3,,N,,,,,,,,,,,
2020039818,2039.0,0,0,0,0,0,0,0,0,0,0,0,,67,4,2020,7,39.8912,-75.1993,2033.0,6,0,0,0,0,0,0,0,0,,0,0,0.0,20,3,0,0,,2,39 53:33.026,1.0,3,75 11:50.968,0,0,0,0,67301,0,0,0,N,0,0,0,2,68K01,0,,1,1,,N,N,,0,,0,0,1,0,0,N,2032,0,1,0,0,0,0,0,3,4,0,1,3,,N,,,,,,,,,,,
2020040499,540.0,0,0,0,0,0,0,0,0,0,8,0,,67,5,2020,5,40.0016,-75.1562,536.0,6,0,0,0,0,0,1,0,0,,0,0,0.0,5,1,1,0,,0,40 00:05.670,,0,75 09:22.270,3,0,0,0,67301,1,0,0,N,1,0,0,2,67301,0,,1,1,,N,N,,0,,1,0,1,0,0,,535,1,2,0,0,0,0,0,3,4,0,1,3,3.0,N,,,,,,,,,,,
2020039552,1557.0,2,0,0,0,0,0,0,0,0,5,0,,67,5,2020,2,39.9812,-75.2067,1551.0,6,0,0,0,0,0,0,0,0,,0,0,0.0,15,1,0,0,,1,39 58:52.485,4.0,0,75 12:24.010,9,0,0,0,67301,0,0,0,N,0,0,0,2,68K01,0,,4,1,,N,N,,0,,0,0,0,3,8,N,1549,0,2,0,0,0,0,1,3,4,0,2,3,,N,,,,,,,,,,,
2020039862,1456.0,2,0,0,0,0,0,0,0,0,1,0,,67,5,2020,1,39.9656,-75.1863,1451.0,6,0,0,0,1,0,0,0,0,,0,0,0.0,14,1,0,0,,1,39 57:56.216,3.0,0,75 11:10.605,0,0,0,0,67301,0,0,0,N,0,0,0,2,68K01,0,,1,1,,N,N,,0,,0,0,0,0,0,N,1450,0,2,0,0,0,0,0,3,4,0,2,3,3.0,N,,,,,,,,,,,
2020041832,2145.0,3,0,0,0,0,0,0,0,0,4,0,,67,5,2020,4,40.0239,-75.1105,2142.0,6,0,0,0,0,0,0,0,0,,1,0,0.0,21,3,1,2,N,0,40 01:26.104,,0,75 06:37.554,1,0,0,0,67301,0,0,0,N,0,0,0,4,67301,0,2.0,1,1,,N,N,N,0,0.0,0,1,1,0,0,,2142,1,4,0,0,0,0,1,3,4,0,4,3,3.0,N,,,,,,,,,,,
2020041043,110.0,2,0,0,0,0,0,0,0,0,1,0,,67,5,2020,7,39.899,-75.1781,110.0,6,0,0,0,0,0,0,0,0,,0,0,0.0,0,3,4,0,,0,39 53:56.444,,0,75 10:03.774,4,0,0,0,67301,0,0,0,N,0,0,0,4,68K01,1,,1,1,,N,N,,0,,0,0,0,0,0,,45,4,2,0,0,0,3,0,3,4,0,2,7,,N,,,,,,,,,,,
2020002083,1636.0,0,0,0,0,0,0,0,0,0,5,0,,67,1,2020,2,40.0276,-75.1241,1635.0,6,0,0,0,0,0,0,1,0,,0,0,0.0,15,1,2,0,,0,40 01:39.180,,0,75 07:26.700,8,0,0,0,67301,0,0,0,N,0,0,0,4,67301,0,,1,99,,N,N,,1,,0,0,1,0,0,,1530,2,2,0,0,0,2,0,3,4,0,2,99,,N,,,,,,,,,,,
2020037866,1352.0,0,0,0,0,0,0,0,0,0,4,0,,67,5,2020,6,40.0475,-75.1428,1352.0,6,0,0,0,0,0,1,0,0,,0,0,0.0,20,3,1,1,,9,40 02:51.028,,0,75 08:34.417,8,0,0,0,67301,0,0,0,N,0,0,0,1,67301,0,,1,8,,N,N,,0,,0,0,2,3,2,U,2000,1,2,0,0,0,1,0,3,4,0,2,7,7.0,N,,,,,,,,,,,
2020039828,1444.0,1,0,0,0,0,0,0,0,0,5,1,,67,4,2020,5,39.9923,-75.2017,1441.0,6,0,0,0,0,0,1,0,0,,0,1,0.0,14,1,0,0,,2,39 59:32.315,3.0,0,75 12:06.039,0,0,0,0,67301,0,0,0,N,0,0,0,2,68K01,0,,1,1,,N,N,,0,,0,0,0,0,0,N,1433,0,2,0,0,0,0,0,3,4,0,2,3,3.0,N,,,,,,,,,,,
2020040004,2245.0,1,0,0,0,0,0,0,0,0,8,0,,67,5,2020,3,39.9821,-75.118,954.0,6,0,0,0,0,0,0,0,0,,0,0,0.0,9,8,1,0,,0,39 58:55.704,,0,75 07:04.802,2,0,0,0,67301,1,0,1,N,1,0,1,2,67301,0,,1,1,,N,N,,0,,0,1,0,0,0,,953,1,2,0,0,1,0,0,3,4,0,1,3,3.0,N,,,,,,,,,,,
2020041225,35.0,1,0,0,0,0,0,0,0,0,7,0,,67,5,2020,5,39.944,-75.2381,35.0,6,0,0,0,0,0,0,0,0,,0,0,0.0,0,3,2,0,,0,39 56:38.567,,0,75 14:17.040,4,0,0,0,67301,0,0,0,N,0,0,0,2,67301,2,,9,1,,N,N,,0,,0,0,0,0,0,,34,2,1,0,0,2,0,0,3,4,0,1,3,3.0,N,,,,,,,,,,,
2020041033,1307.0,2,0,0,0,0,0,0,0,0,1,0,,67,5,2020,4,39.9601,-75.1796,1304.0,6,0,0,1,0,0,0,0,0,,0,0,0.0,13,1,1,0,,0,39 57:36.323,,0,75 10:46.505,8,0,0,0,67301,0,0,0,N,0,0,0,2,68K01,0,,1,1,,N,N,,0,,0,0,0,0,0,,1301,1,2,0,0,1,1,0,3,4,0,2,3,3.0,N,,,,,,,,,,,
2020037544,1945.0,1,0,0,0,0,0,0,0,0,1,0,,67,4,2020,1,39.9594,-75.1739,1945.0,6,0,0,0,0,0,0,0,0,,0,0,0.0,19,3,0,0,,0,39 57:33.775,,0,75 10:25.964,9,0,0,0,67301,0,0,0,N,0,0,0,2,68K01,0,,1,9,,N,N,,0,,0,0,0,0,0,,1943,0,2,0,0,0,0,1,3,4,0,2,7,,N,,,,,,,,,,,
2020038726,2231.0,3,0,0,0,0,0,0,0,0,7,1,,67,4,2020,5,40.036,-75.0159,2221.0,6,0,0,0,0,0,0,0,0,,0,1,0.0,22,3,3,0,,2,40 02:09.709,1.0,0,75 00:57.411,4,0,0,0,67301,0,0,0,N,0,0,0,8,68K01,3,,2,9,,N,N,,2,,0,0,1,0,0,Y,2210,3,7,0,0,0,0,0,3,4,0,7,7,,N,,,,,,,,,,,
2020037630,2034.0,0,0,0,0,0,0,0,0,0,7,0,,67,4,2020,4,39.9623,-75.1831,2020.0,6,0,0,0,0,0,0,0,0,,0,0,0.0,20,3,0,0,,0,39 57:44.241,,0,75 10:59.311,0,0,0,0,67301,0,0,0,Y,0,0,0,1,68K01,0,,2,1,,N,N,,0,,0,0,1,0,0,,2016,0,1,0,0,0,0,0,3,4,0,1,3,,N,,,,,,,,,,,
2020037328,542.0,0,0,0,0,0,0,0,0,0,5,1,,67,5,2020,6,39.9089,-75.1509,539.0,6,0,0,0,0,0,1,0,0,,0,1,0.0,5,5,0,0,,2,39 54:31.900,3.0,3,75 09:03.200,0,0,0,0,67301,0,0,0,N,0,0,0,2,67501,0,,1,1,,N,N,,0,,0,0,1,0,0,N,539,0,2,0,0,0,0,0,3,4,0,2,3,3.0,N,,,,,,,,,,,
2020040436,1848.0,2,0,0,0,0,0,0,0,0,4,0,,67,5,2020,4,39.9765,-75.1633,1845.0,6,0,0,0,0,0,0,0,0,,0,0,0.0,18,1,0,1,,0,39 58:35.339,,0,75 09:47.960,0,0,0,0,67301,0,0,0,N,0,0,0,2,67301,0,,1,1,,N,N,,0,,0,0,0,3,2,,1843,0,2,0,0,0,0,0,3,4,0,2,3,3.0,N,,,,,,,,,,,