CRN,ARRIVAL_TM,AUTOMOBILE_COUNT,BELTED_DEATH_COUNT,BELTED_SUSP_SERIOUS_INJ_COUNT,BICYCLE_COUNT,BICYCLE_DEATH_COUNT,BICYCLE_SUSP_SERIOUS_INJ_COUNT,BUS_COUNT,CHLDPAS_DEATH_COUNT,CHLDPAS_SUSP_SERIOUS_INJ_COUNT,COLLISION_TYPE,COMM_VEH_COUNT,CONS_ZONE_SPD_LIM,COUNTY,CRASH_MONTH,CRASH_YEAR,DAY_OF_WEEK,DEC_LAT,DEC_LONG,DISPATCH_TM,DISTRICT,DRIVER_COUNT_16YR,DRIVER_COUNT_17YR,DRIVER_COUNT_18YR,DRIVER_COUNT_19YR,DRIVER_COUNT_20YR,DRIVER_COUNT_50_64YR,DRIVER_COUNT_65_74YR,DRIVER_COUNT_75PLUS,EST_HRS_CLOSED,FATAL_COUNT,HEAVY_TRUCK_COUNT,HORSE_BUGGY_COUNT,HOUR_OF_DAY,ILLUMINATION,INJURY_COUNT,INTERSECT_TYPE,INTERSECTION_RELATED,LANE_CLOSED,LATITUDE,LN_CLOSE_DIR,LOCATION_TYPE,LONGITUDE,MAX_SEVERITY_LEVEL,MCYCLE_DEATH_COUNT,MCYCLE_SUSP_SERIOUS_INJ_COUNT,MOTORCYCLE_COUNT,MUNICIPALITY,NONMOTR_COUNT,NONMOTR_DEATH_COUNT,NONMOTR_SUSP_SERIOUS_INJ_COUNT,NTFY_HIWY_MAINT,PED_COUNT,PED_DEATH_COUNT,PED_SUSP_SERIOUS_INJ_COUNT,PERSON_COUNT,POLICE_AGCY,POSSIBLE_INJ_COUNT,RDWY_SURF_TYPE_CD,RELATION_TO_ROAD,ROAD_CONDITION,ROADWAY_CLEARED,SCH_BUS_IND,SCH_ZONE_IND,SECONDARY_CRASH,SMALL_TRUCK_COUNT,SPEC_JURIS_CD,SUSP_MINOR_INJ_COUNT,SUSP_SERIOUS_INJ_COUNT,SUV_COUNT,TCD_FUNC_CD,TCD_TYPE,TFC_DETOUR_IND,TIME_OF_DAY,TOT_INJ_COUNT,TOTAL_UNITS,UNB_DEATH_COUNT,UNB_SUSP_SERIOUS_INJ_COUNT,UNBELTED_OCC_COUNT,UNK_INJ_DEG_COUNT,UNK_INJ_PER_COUNT,URBAN_AREA,URBAN_RURAL,VAN_COUNT,VEHICLE_COUNT,WEATHER1,WEATHER2,WORK_ZONE_IND,WORK_ZONE_LOC,WORK_ZONE_TYPE,WORKERS_PRES,WZ_CLOSE_DETOUR,WZ_FLAGGER,WZ_LAW_OFFCR_IND,WZ_LN_CLOSURE,WZ_MOVING,WZ_OTHER,WZ_SHLDER_MDN,WZ_WORKERS_INJ_KILLED
2021010372,1810.0,0,0,0,0,0,0,0,0,0,4,0,,67,7,2020,5,39.9397,-75.2255,,6,0,0,0,0,0,1,0,0,,0,0,0.0,18,1,0,1,,0,39 56:23.027,,0,75 13:31.850,0,0,0,0,67301,0,0,0,N,0,0,0,2,00000,0,,1,1,,,,N,0,,0,0,1,3,2,,1810,0,2,0,0,0,0,0,3,4,0,2,3,,N,,,,,,,,,,,
2021010376,1500.0,0,0,0,0,0,0,0,0,0,5,0,,67,7,2020,5,39.9473,-75.1664,,6,0,0,0,0,0,0,0,0,,0,0,0.0,15,1,1,0,N,0,39 56:50.400,,0,75 09:59.100,8,0,0,1,67301,0,0,0,N,0,0,0,2,00000,0,,1,1,,,,N,0,,0,0,0,0,0,,1500,1,2,0,0,0,1,0,3,4,0,2,3,,N,,,,,,,,,,,
2021018483,1554.0,2,0,0,0,0,0,0,0,0,1,0,,67,12,2020,3,40.0197,-75.1483,,6,0,0,0,0,0,1,0,0,,0,0,0.0,15,1,2,0,N,0,40 01:10.830,,0,75 08:54.030,8,0,0,0,67301,0,0,0,N,0,0,0,3,00000,0,,1,1,,,,N,0,,0,0,0,0,0,,1554,2,2,0,0,0,2,0,3,4,0,2,3,,N,,,,,,,,,,,
2021010729,825.0,1,0,0,0,0,0,0,0,0,1,0,99.0,67,7,2020,5,40.0198,-75.1488,,6,0,0,0,0,0,1,0,0,,0,0,0.0,8,1,1,0,N,0,40 01:11.296,,1,75 08:55.339,8,0,0,0,67301,0,0,0,N,0,0,0,2,00000,0,,1,1,,,,N,0,,0,0,1,0,0,,825,1,2,0,0,0,1,0,3,4,0,2,3,,Y,2.0,1.0,N,,,N,Y,,,,N
2021023522,2040.0,1,0,0,0,0,0,0,0,0,4,0,,67,12,2020,1,40.037,-75.1785,,6,0,0,0,0,0,0,0,0,,0,0,0.0,20,1,1,2,,0,40 02:13.131,,0,75 10:42.574,8,0,0,0,67301,0,0,0,N,0,0,0,2,00000,0,,1,1,,,,N,0,,0,0,1,3,3,,2040,1,2,0,0,0,1,0,3,4,0,2,3,,N,,,,,,,,,,,
2021010434,1500.0,0,0,0,0,0,0,0,0,0,4,0,,67,7,2020,4,40.0146,-75.1784,,6,0,0,0,0,0,1,0,0,,0,0,0.0,15,1,1,1,,0,40 00:52.738,,2,75 10:42.411,8,0,0,0,67301,0,0,0,N,0,0,0,2,00000,0,,1,1,,,,N,0,,0,0,1,3,2,,1500,1,2,0,0,0,1,0,3,4,1,2,3,,N,,,,,,,,,,,
2021010435,1345.0,1,0,0,0,0,0,0,0,0,4,0,,67,6,2020,2,40.0392,-75.1917,,6,0,0,0,0,0,1,0,0,,0,0,0.0,13,1,1,1,,0,40 02:20.972,,0,75 11:30.209,8,0,0,0,67301,0,0,0,N,0,0,0,2,00000,0,,1,1,,,,N,0,,0,0,1,3,2,,1345,1,2,0,0,0,1,0,3,4,0,2,3,,N,,,,,,,,,,,
2021023519,2200.0,1,0,0,0,0,0,0,0,0,4,0,,67,9,2020,2,40.0265,-75.1387,,6,0,0,0,0,0,0,1,0,,0,0,0.0,22,3,1,1,,0,40 01:35.554,,0,75 08:19.280,8,0,0,0,67301,0,0,0,N,0,0,0,3,00000,0,,1,1,,,,N,0,,0,0,0,3,2,,2200,1,4,0,0,0,1,0,3,4,0,4,3,,N,,,,,,,,,,,
2021023517,1800.0,1,0,0,0,0,0,0,0,0,1,0,,67,11,2020,2,,,,6,0,0,0,0,0,1,0,0,,0,0,0.0,18,1,1,0,N,0,,,0,,8,0,0,0,67301,0,0,0,N,0,0,0,2,00000,0,,1,1,,,,N,0,,0,0,1,0,0,,1800,1,2,0,0,0,1,0,3,3,0,2,3,,N,,,,,,,,,,,
2021023512,800.0,1,0,0,0,0,0,0,0,0,1,0,,67,3,2020,6,40.0283,-75.0577,,6,0,0,0,0,0,1,0,0,,0,0,0.0,8,1,1,0,N,0,40 01:41.964,,0,75 03:27.761,8,0,0,0,67301,0,0,0,N,0,0,0,2,00000,0,,1,1,,,,N,0,,0,0,0,0,0,,800,1,2,0,0,0,1,0,3,4,1,2,3,,N,,,,,,,,,,,
2021011192,1817.0,2,0,0,0,0,0,0,0,0,4,0,,67,7,2020,2,39.9786,-75.2136,,6,0,0,0,0,0,0,0,0,,0,0,0.0,18,1,0,1,,0,39 58:42.950,,0,75 12:49.048,0,0,0,0,67301,0,0,0,N,0,0,0,2,00000,0,,1,1,,,,N,0,,0,0,0,3,2,,1817,0,2,0,0,0,0,0,3,4,0,2,3,,N,,,,,,,,,,,
2021009545,1830.0,1,0,0,0,0,0,0,0,0,4,0,,67,12,2020,4,40.0005,-75.1196,1800.0,6,0,0,0,0,0,0,0,0,,0,0,0.0,15,1,0,1,,0,40 00:01.702,,0,75 07:10.610,9,0,0,0,67301,0,0,0,N,0,0,0,3,67301,0,,1,1,,N,N,N,0,,0,0,0,3,3,,1530,0,2,0,0,0,0,3,3,4,0,2,4,98.0,N,,,,,,,,,,,
2021021744,1430.0,1,0,0,0,0,0,0,0,0,5,0,,67,10,2020,3,39.9948,-75.1871,1430.0,6,0,0,0,0,0,0,0,0,,0,0,0.0,14,1,0,0,N,0,39 59:41.186,,0,75 11:13.739,0,0,0,0,67301,0,0,0,N,0,0,0,2,67301,0,,1,1,,N,N,Y,0,,0,0,0,0,0,,1420,0,2,0,0,2,0,0,3,4,1,2,3,3.0,N,,,,,,,,,,,
2020038676,2032.0,1,0,0,0,0,0,0,0,0,8,0,,67,5,2020,3,40.0768,-74.9787,2026.0,6,0,0,0,0,0,0,0,0,,1,0,0.0,20,3,0,2,N,2,40 04:36.818,5.0,0,74 58:43.417,1,0,0,0,67301,1,1,0,N,1,1,0,4,67301,0,2.0,1,1,2032.0,N,N,N,0,0.0,0,0,0,0,0,Y,2026,0,2,0,0,0,0,0,3,4,0,1,3,3.0,N,,,,,,,,,,,
2020031518,1024.0,0,0,0,0,0,0,0,0,0,7,0,,67,4,2020,4,39.8996,-75.1635,1022.0,6,0,0,1,0,0,0,0,0,,0,0,0.0,10,1,2,0,,1,39 53:59.695,2.0,0,75 09:40.972,4,0,0,0,67301,0,0,0,N,0,0,0,2,68K01,2,,1,1,,N,N,,0,,0,0,1,0,0,N,1022,2,1,0,0,0,0,0,3,4,0,1,3,,N,,,,,,,,,,,
2020031447,2338.0,1,0,0,0,0,0,0,0,0,4,0,,67,4,2020,1,39.9414,-75.1771,2337.0,6,0,0,0,0,0,0,0,0,,0,0,0.0,23,3,0,0,,1,39 56:28.960,4.0,0,75 10:37.430,9,0,0,0,67301,0,0,0,N,0,0,0,1,67301,0,,2,1,,N,N,,0,,0,0,4,0,0,N,2335,0,5,0,0,0,0,1,3,4,0,5,3,,N,,,,,,,,,,,
2020030725,2232.0,1,0,0,0,0,0,0,0,0,4,0,,67,3,2020,3,40.0042,-75.0994,2230.0,6,0,0,0,0,0,1,0,0,,1,0,0.0,22,3,1,1,,2,40 00:15.118,5.0,1,75 05:57.764,1,0,0,0,67301,0,0,0,N,0,0,0,2,67301,0,2.0,1,1,115.0,N,N,Y,0,0.0,0,1,0,3,2,Y,2222,1,2,0,0,0,0,0,3,4,1,2,3,3.0,N,,,,,,,,,,,
2020039196,352.0,1,0,0,0,0,0,0,0,0,7,0,,67,5,2020,7,39.9663,-75.2318,349.0,6,0,0,0,0,0,0,0,0,,0,0,0.0,3,3,0,0,N,0,39 57:58.510,,7,75 13:54.470,9,0,0,0,67301,0,0,0,N,0,0,0,1,67301,0,,5,1,,N,N,N,0,,0,0,0,0,0,,345,0,1,0,0,1,0,1,3,4,0,1,3,3.0,N,,,,,,,,,,,
2020039355,834.0,2,0,0,0,0,0,0,0,0,2,0,,67,5,2020,7,40.0325,-75.0808,830.0,6,0,0,0,0,1,0,0,0,,0,0,0.0,8,1,1,1,,0,40 01:56.533,,0,75 04:51.327,4,0,0,0,67301,0,0,0,N,0,0,0,2,67301,1,,1,1,,N,N,,0,,0,0,0,3,3,,828,1,2,0,0,1,0,0,3,4,0,2,3,3.0,N,,,,,,,,,,,
2020040493,1115.0,1,0,0,0,0,0,0,0,0,4,1,,67,5,2020,5,40.01,-75.144,1102.0,6,0,0,0,0,0,1,0,0,,0,1,0.0,10,1,2,1,,0,40 00:35.881,,0,75 08:38.230,3,0,0,0,67301,0,0,0,N,0,0,0,3,67301,0,,1,1,,N,N,,0,,2,0,0,0,0,,1040,2,2,0,0,2,0,0,3,4,0,2,3,3.0,N,,,,,,,,,,,
2020039638,2011.0,2,0,0,0,0,0,0,0,0,4,0,,67,5,2020,2,40.0548,-75.169,2011.0,6,0,0,0,0,0,0,0,0,,0,0,0.0,19,4,1,1,,0,40 03:17.448,,0,75 10:08.247,3,0,0,0,67301,0,0,0,N,0,0,0,3,67301,0,,1,1,,N,N,,0,,1,0,1,3,2,,1940,1,3,0,0,2,0,0,3,4,0,3,3,3.0,N,,,,,,,,,,,
2020031130,1811.0,1,0,0,0,0,0,0,0,0,1,0,,67,3,2020,6,39.9571,-75.1521,1810.0,6,0,0,0,0,0,0,0,0,,0,0,0.0,18,1,0,7,,0,39 57:25.635,,0,75 09:07.412,0,0,0,0,67301,0,0,0,N,0,0,0,2,68K01,0,,1,1,,N,N,,0,,0,0,1,0,0,,1808,0,2,0,0,0,0,0,3,4,0,2,3,3.0,N,,,,,,,,,,,
2020031212,1447.0,2,0,0,0,0,0,0,0,0,1,0,,67,4,2020,1,39.9379,-75.1667,1443.0,6,0,0,0,0,0,1,0,0,,0,0,0.0,14,1,1,1,,0,39 56:16.309,,0,75 10:00.119,4,0,0,0,67301,0,0,0,N,0,0,0,3,67301,1,,1,1,,N,N,,0,,0,0,1,3,2,,1443,1,3,0,0,1,0,0,3,4,0,3,4,98.0,N,,,,,,,,,,,
2020031120,1312.0,1,0,0,0,0,0,0,0,0,4,0,,67,4,2020,6,40.0189,-75.1472,1308.0,6,0,0,0,0,0,0,0,0,,0,0,0.0,12,1,0,1,,0,40 01:08.061,,0,75 08:50.029,9,0,0,0,67301,0,0,0,N,0,0,0,2,67301,0,,1,1,,N,N,,0,,0,0,1,3,2,,1237,0,2,0,0,0,0,1,3,4,0,2,3,3.0,N,,,,,,,,,,,
2020031483,611.0,1,0,0,0,0,0,0,0,0,7,0,,67,4,2020,7,39.9834,-75.1191,611.0,6,0,0,0,0,0,0,0,0,,0,0,0.0,3,3,0,1,,0,39 59:00.370,,0,75 07:08.921,0,0,0,0,67301,0,0,0,N,0,0,0,0,67301,0,,5,1,,N,N,,0,,0,0,0,1,2,,350,0,1,0,0,0,0,0,3,4,0,1,3,3.0,N,,,,,,,,,,,
2020039465,835.0,2,0,0,0,0,0,0,0,0,5,0,,67,5,2020,1,39.9416,-75.143,820.0,6,0,0,0,0,0,0,0,0,,0,0,0.0,8,1,0,0,,0,39 56:29.909,,0,75 08:34.944,0,0,0,0,67301,0,0,0,N,0,0,0,2,68K01,0,,1,1,,N,N,,0,,0,0,0,0,0,,819,0,2,0,0,0,0,0,3,4,0,2,3,3.0,N,,,,,,,,,,,
2020039860,1404.0,0,0,0,0,0,0,0,0,0,7,0,,67,5,2020,1,39.9684,-75.1296,1402.0,6,0,0,0,0,0,0,0,0,,0,0,0.0,13,1,1,7,,0,39 58:06.174,,2,75 07:46.403,4,0,0,0,67301,0,0,0,Y,0,0,0,1,68K01,1,,3,1,,N,N,,0,,0,0,1,0,0,,1353,1,1,0,0,1,0,0,3,4,0,1,3,,N,,,,,,,,,,,
2020039847,757.0,1,0,0,0,0,0,0,0,0,2,1,,67,5,2020,6,39.8866,-75.2138,750.0,6,0,0,0,0,0,0,0,0,,0,1,0.0,7,1,0,0,,1,39 53:10.721,2.0,3,75 12:46.434,0,0,0,0,67301,0,0,0,N,0,0,0,2,68K01,0,,2,1,,N,N,,0,,0,0,0,0,0,N,745,0,2,0,0,0,0,0,3,4,0,2,3,4.0,N,,,,,,,,,,,
2020018013,815.0,2,0,0,0,0,0,0,0,0,4,0,,67,2,2020,2,40.0626,-75.152,815.0,6,0,0,0,0,1,1,0,0,,0,0,0.0,8,1,1,0,,1,40 03:45.380,2.0,0,75 09:07.280,3,0,0,0,67301,0,0,0,N,0,0,0,3,67301,0,,1,1,,N,N,,0,,1,0,0,0,0,N,810,1,2,0,0,0,0,1,3,4,0,2,3,3.0,N,,,,,,,,,,,
2020039535,2111.0,0,0,0,0,0,0,0,0,0,5,1,,67,4,2020,4,39.9628,-75.1394,2103.0,6,0,0,0,0,0,1,0,0,,0,1,0.0,21,3,0,0,,0,39 57:46.244,,0,75 08:22.015,0,0,0,0,67301,0,0,0,N,0,0,0,3,68K01,0,,1,1,,N,N,,0,,0,0,0,0,0,,2101,0,2,0,0,0,0,0,3,4,1,2,3,3.0,N,,,,,,,,,,,
2020039863,1622.0,1,0,0,0,0,0,0,0,0,2,0,,67,5,2020,1,39.9309,-75.1989,1605.0,6,0,1,0,0,0,0,0,0,,0,0,0.0,16,1,0,0,,1,39 55:51.125,4.0,0,75 11:56.025,0,0,0,0,67301,0,0,0,N,0,0,0,1,68K01,0,,4,1,,N,N,,0,,0,0,0,0,0,N,1604,0,1,0,0,0,0,0,3,4,0,1,3,3.0,N,,,,,,,,,,,
2020040179,1133.0,2,0,0,0,0,0,0,0,0,1,0,,67,5,2020,2,39.9601,-75.18,1129.0,6,0,0,0,0,0,0,0,0,,0,0,0.0,11,1,0,0,,1,39 57:36.510,4.0,0,75 10:48.171,0,0,0,0,67301,0,0,0,N,0,0,0,2,68K01,0,,1,1,,N,N,,0,,0,0,0,0,0,N,1126,0,2,0,0,0,0,0,3,4,0,2,4,,N,,,,,,,,,,,
2020039776,2145.0,3,0,0,0,0,0,0,0,0,2,0,,67,5,2020,2,39.9599,-75.2412,2145.0,6,0,0,0,0,0,0,0,0,,0,0,0.0,21,3,0,0,,0,39 57:35.630,,0,75 14:28.300,0,0,0,0,67301,0,0,0,N,0,0,0,2,67301,0,,9,1,,N,N,,0,,0,0,1,0,0,,2140,0,4,0,0,0,0,0,3,4,0,4,3,,N,,,,,,,,,,,
2020039488,1431.0,1,0,0,0,0,0,0,0,0,7,0,,67,5,2020,1,40.0047,-75.1768,1428.0,6,0,0,0,0,0,0,0,0,,0,0,0.0,14,1,0,0,,0,40 00:16.861,,0,75 10:36.648,0,0,0,0,67301,0,0,0,N,0,0,0,1,67301,0,,2,1,,N,N,,0,,0,0,0,3,1,,1425,0,1,0,0,0,0,0,3,4,0,1,3,3.0,N,,,,,,,,,,,
2020031425,1754.0,1,0,0,0,0,0,0,0,0,7,0,,67,3,2020,1,39.9682,-75.1563,1752.0,6,0,0,0,0,0,0,0,0,,0,0,0.0,17,4,3,0,,0,39 58:05.450,,0,75 09:22.780,8,0,0,0,67301,0,0,0,N,0,0,0,3,67301,0,,5,1,,N,N,,0,,0,0,0,0,0,,1750,3,1,0,0,0,3,0,3,4,0,1,3,3.0,N,,,,,,,,,,,
2020031188,2229.0,1,0,0,0,0,0,0,0,0,5,1,,67,3,2020,2,39.9639,-75.1843,2220.0,6,0,0,0,0,0,2,0,0,,0,1,0.0,22,3,2,0,,1,39 57:50.097,4.0,0,75 11:03.523,3,0,0,0,67301,0,0,0,N,0,0,0,2,68K01,0,,1,1,,N,N,,0,,2,0,0,0,0,N,2202,2,2,0,0,0,0,0,3,4,0,2,3,3.0,N,,,,,,,,,,,
2020038879,1730.0,1,0,0,0,0,0,0,0,0,4,0,,67,5,2020,2,39.9873,-75.1561,1728.0,6,0,0,0,0,0,1,0,0,,1,0,0.0,17,1,0,0,,2,39 59:14.223,2.0,0,75 09:21.764,1,1,0,1,67301,0,0,0,N,0,0,0,2,67301,0,2.0,1,1,,N,N,,0,0.0,0,0,0,0,0,Y,1726,0,2,0,0,1,0,1,3,4,0,2,3,3.0,N,,,,,,,,,,,
2020039963,531.0,0,0,0,0,0,0,0,0,0,6,0,,67,5,2020,2,40.008,-75.0728,529.0,6,0,0,0,0,1,1,0,0,,0,0,0.0,5,1,1,0,,0,40 00:28.816,,0,75 04:22.073,3,0,0,0,67301,0,0,0,N,0,0,0,2,67301,0,,1,1,,N,N,,0,,1,0,2,0,0,,529,1,2,0,0,0,0,0,3,4,0,2,3,3.0,N,,,,,,,,,,,
2020039533,1654.0,2,0,0,0,0,0,0,0,0,1,0,,67,4,2020,2,39.9833,-75.2082,1654.0,6,0,0,0,1,0,0,0,0,,0,0,0.0,16,1,0,0,,2,39 58:59.713,3.0,0,75 12:29.419,0,0,0,0,67301,0,0,0,N,0,0,0,3,68K01,0,,1,9,,N,N,,0,,0,0,0,0,0,N,1654,0,2,0,0,0,0,0,3,4,0,2,3,,N,,,,,,,,,,,
2020040487,2149.0,1,0,0,0,0,0,0,0,0,7,0,,67,5,2020,3,40.0598,-75.0439,2146.0,6,0,0,0,0,0,0,0,0,,0,0,0.0,21,3,0,0,,0,40 03:35.392,,0,75 02:37.991,0,0,0,0,67301,0,0,0,N,0,0,0,1,67301,0,,2,1,,N,N,,0,,0,0,0,0,0,,2138,0,1,0,0,0,0,0,3,4,0,1,3,,N,,,,,,,,,,,
2020039036,116.0,1,0,0,0,0,0,0,0,0,2,0,,67,5,2020,7,40.1013,-74.979,112.0,6,0,0,0,1,0,0,0,0,,0,0,0.0,1,3,0,0,,0,40 06:04.790,,0,74 58:44.260,0,0,0,0,67301,0,0,0,N,0,0,0,1,67301,0,,6,1,,N,N,,0,,0,0,2,3,3,,112,0,3,0,0,0,0,0,3,4,0,3,3,3.0,N,,,,,,,,,,,
2020039357,231.0,1,0,0,0,0,0,0,0,0,7,0,,67,5,2020,1,39.9741,-75.2044,213.0,6,0,0,0,0,0,0,0,0,,0,0,0.0,2,3,0,0,,1,39 58:26.632,4.0,0,75 12:15.817,0,0,0,0,67301,0,0,0,N,0,0,0,1,67301,0,,3,1,,N,N,,0,,0,0,0,3,2,N,200,0,1,0,0,0,0,0,3,4,0,1,3,3.0,N,,,,,,,,,,,
2020017950,2231.0,1,0,0,0,0,0,0,0,0,1,0,,67,2,2020,4,40.0302,-75.0221,2213.0,6,0,0,0,1,0,0,0,0,,0,0,0.0,21,3,0,0,,2,40 01:48.563,2.0,0,75 01:19.662,0,0,0,0,67301,0,0,0,N,0,0,0,3,68K01,0,,1,9,,N,N,,0,,0,0,1,0,0,N,2156,0,2,0,0,0,0,0,3,4,0,2,7,7.0,N,,,,,,,,,,,
2020019344,833.0,2,0,0,0,0,0,0,0,0,1,0,,67,2,2020,4,39.9735,-75.2336,828.0,6,0,0,0,0,0,0,0,0,,0,0,0.0,8,1,1,0,,0,39 58:24.510,,6,75 14:00.970,3,0,0,0,67301,0,0,0,N,0,0,0,1,67301,0,,1,1,,N,N,,0,,1,0,0,0,0,,828,1,2,0,0,0,0,0,3,4,0,2,3,3.0,N,,,,,,,,,,,
2020019181,635.0,0,0,0,0,0,0,0,0,0,5,0,,67,1,2020,5,40.0514,-74.9888,610.0,6,0,0,0,0,0,0,0,0,,0,0,0.0,6,3,0,0,,1,40 03:05.140,1.0,0,74 59:19.785,9,0,0,0,67301,0,0,0,N,0,0,0,2,68K01,0,,1,1,,N,N,,0,,0,0,1,0,0,N,604,0,2,0,0,0,0,1,3,4,0,2,3,,N,,,,,,,,,,,
2020040292,1510.0,2,0,0,0,0,0,1,0,0,2,1,,67,4,2020,1,40.0508,-75.1421,1454.0,6,0,0,0,0,0,1,1,0,,0,0,0.0,14,1,0,0,,0,40 03:02.813,,0,75 08:31.428,0,0,0,0,67301,0,0,0,N,0,0,0,3,67508,0,,1,9,,N,N,,0,,0,0,0,0,0,,1454,0,3,0,0,0,0,0,3,4,0,3,7,,N,,,,,,,,,,,
2020039821,1050.0,1,0,0,0,0,0,0,0,0,7,0,,67,4,2020,1,39.9813,-75.2069,1050.0,6,0,0,0,0,0,0,0,0,,0,0,0.0,10,1,1,0,,0,39 58:52.647,,0,75 12:24.924,8,0,0,0,67301,0,0,0,N,0,0,0,1,68K01,0,,2,9,,N,N,,0,,0,0,0,0,0,,1049,1,1,0,0,0,1,0,3,4,0,1,7,,N,,,,,,,,,,,
2020039197,2230.0,2,0,0,0,0,0,0,0,0,4,0,,67,5,2020,7,39.981,-75.2279,2226.0,6,0,0,0,0,0,0,0,0,,0,0,0.0,22,3,1,0,,0,39 58:51.540,,0,75 13:40.500,3,0,0,0,67301,0,0,0,N,0,0,0,1,67301,0,,1,1,,N,N,,0,,1,0,0,0,0,,2226,1,2,0,0,0,0,0,3,4,0,2,3,3.0,N,,,,,,,,,,,
2020030984,2144.0,1,0,0,0,0,0,0,0,0,4,0,,67,4,2020,6,40.0394,-75.0774,2140.0,6,0,0,1,0,0,1,0,0,,0,0,0.0,21,3,0,1,,1,40 02:22.048,2.0,0,75 04:38.765,9,0,0,0,67301,0,0,0,N,0,0,0,2,67301,0,,1,9,,N,N,,0,,0,0,1,3,2,N,2138,0,2,0,0,0,0,2,3,4,0,2,7,,N,,,,,,,,,,,
2020037373,1447.0,4,0,0,0,0,0,0,0,0,5,0,,67,5,2020,6,40.0049,-75.1522,1447.0,6,0,0,0,0,0,1,0,0,,0,0,0.0,14,1,0,0,,1,40 00:17.806,2.0,0,75 09:07.877,0,0,0,0,67301,0,0,0,N,0,0,0,3,67505,0,,6,9,,N,N,,0,,0,0,0,0,0,N,1445,0,4,0,0,0,0,0,3,4,0,4,7,7.0,N,,,,,,,,,,,
2020040426,1828.0,1,0,0,0,0,0,0,0,0,1,0,,67,5,2020,4,39.9925,-75.0783,1828.0,6,0,0,0,0,0,0,1,0,,0,0,0.0,18,1,0,0,,2,39 59:33.000,3.0,3,75 04:41.900,0,0,0,0,67301,0,0,0,N,0,0,0,4,67501,0,,1,1,,N,N,,1,,0,0,1,3,7,N,1828,0,3,0,0,0,0,0,3,4,0,3,3,3.0,N,,,,,,,,,,,
2020019176,1716.0,1,0,0,0,0,0,0,0,0,1,0,,67,1,2020,3,39.9463,-75.1891,1659.0,6,0,0,0,0,0,0,0,0,,0,0,0.0,16,3,1,0,,2,39 56:48.733,4.0,0,75 11:17.357,3,0,0,0,67301,0,0,0,N,0,0,0,2,68K01,0,,1,9,,N,N,,0,,1,0,1,0,0,N,1648,1,2,0,0,0,0,0,3,4,0,2,7,,N,,,,,,,,,,,
2020018669,2354.0,3,0,0,0,0,0,0,0,0,5,0,,67,2,2020,7,39.9443,-75.2446,2345.0,6,0,0,0,0,0,0,0,0,,0,0,0.0,23,3,1,0,,1,39 56:39.395,2.0,0,75 14:40.569,3,0,0,0,67301,0,0,0,N,0,0,0,1,67301,0,,1,1,,N,N,,0,,1,0,1,0,0,N,2335,1,4,0,0,1,0,0,3,4,0,4,3,3.0,N,,,,,,,,,,,
2020039869,1052.0,1,0,0,0,0,0,0,0,0,7,0,,67,5,2020,2,39.9974,-75.082,1046.0,6,0,0,0,0,0,0,0,0,,0,0,0.0,10,1,0,7,,1,39 59:50.669,1.0,2,75 04:55.143,9,0,0,0,67301,0,0,0,Y,0,0,0,1,68K01,0,,7,1,,N,N,,0,,0,0,0,0,0,N,1046,0,1,0,0,0,0,1,3,4,0,1,4,4.0,N,,,,,,,,,,,
2020039852,1920.0,0,0,0,0,0,0,0,0,0,7,0,,67,5,2020,6,39.981,-75.2065,1919.0,6,0,0,0,0,0,0,0,0,,0,0,0.0,19,1,3,0,,0,39 58:51.527,,0,75 12:23.575,4,0,0,0,67301,0,0,0,N,0,0,0,4,68K01,2,,4,9,,N,N,,0,,0,0,1,0,0,,1919,3,1,0,0,0,1,0,3,4,0,1,7,4.0,N,,,,,,,,,,,
2020030941,1444.0,0,0,0,0,0,0,0,0,0,7,1,,67,3,2020,2,40.0338,-75.0198,1436.0,6,0,0,0,0,0,0,0,0,,0,1,0.0,14,1,0,0,,2,40 02:01.513,1.0,0,75 01:11.311,0,0,0,0,67301,0,0,0,N,0,0,0,1,68K02,0,,2,9,,N,N,,0,,0,0,0,0,0,N,1434,0,1,0,0,0,0,0,3,4,0,1,7,7.0,N,,,,,,,,,,,
2021011226,1825.0,1,0,0,0,0,0,0,0,0,1,0,,67,7,2020,2,39.9826,-75.2195,,6,0,0,0,0,0,0,0,0,,0,0,0.0,18,1,3,2,,0,39 58:57.496,,0,75 13:10.142,8,0,0,0,67301,0,0,0,N,0,0,0,5,00000,0,,1,1,,,,N,0,,0,0,1,0,0,,1825,3,2,0,0,0,3,0,3,4,0,2,3,,N,,,,,,,,,,,
2021006175,930.0,0,0,0,0,0,0,0,0,0,4,0,,67,3,2020,6,39.9354,-75.2204,,6,0,0,0,0,0,1,0,0,,0,0,0.0,9,1,2,1,,0,39 56:07.522,,0,75 13:13.270,8,0,0,0,67301,0,0,0,N,0,0,0,3,00000,0,,1,1,,,,N,1,,0,0,0,3,3,,930,2,2,0,0,0,2,0,3,4,0,2,3,,N,,,,,,,,,,,
2021006466,200.0,1,0,0,0,0,0,0,0,0,4,0,,67,6,2020,2,39.9134,-75.2272,,6,0,0,0,0,0,1,0,0,,0,0,0.0,2,3,1,2,,0,39 54:48.214,,0,75 13:37.873,8,0,0,0,67301,0,0,0,N,0,0,0,2,00000,0,,1,1,,,,N,0,,0,0,0,3,2,,200,1,2,0,0,0,1,0,3,4,0,2,3,,N,,,,,,,,,,,