CRN,ARRIVAL_TM,AUTOMOBILE_COUNT,BELTED_DEATH_COUNT,BELTED_SUSP_SERIOUS_INJ_COUNT,BICYCLE_COUNT,BICYCLE_DEATH_COUNT,BICYCLE_SUSP_SERIOUS_INJ_COUNT,BUS_COUNT,CHLDPAS_DEATH_COUNT,CHLDPAS_SUSP_SERIOUS_INJ_COUNT,COLLISION_TYPE,COMM_VEH_COUNT,CONS_ZONE_SPD_LIM,COUNTY,CRASH_MONTH,CRASH_YEAR,DAY_OF_WEEK,DEC_LAT,DEC_LONG,DISPATCH_TM,DISTRICT,DRIVER_COUNT_16YR,DRIVER_COUNT_17YR,DRIVER_COUNT_18YR,DRIVER_COUNT_19YR,DRIVER_COUNT_20YR,DRIVER_COUNT_50_64YR,DRIVER_COUNT_65_74YR,DRIVER_COUNT_75PLUS,EST_HRS_CLOSED,FATAL_COUNT,HEAVY_TRUCK_COUNT,HORSE_BUGGY_COUNT,HOUR_OF_DAY,ILLUMINATION,INJURY_COUNT,INTERSECT_TYPE,INTERSECTION_RELATED,LANE_CLOSED,LATITUDE,LN_CLOSE_DIR,LOCATION_TYPE,LONGITUDE,MAX_SEVERITY_LEVEL,MCYCLE_DEATH_COUNT,MCYCLE_SUSP_SERIOUS_INJ_COUNT,MOTORCYCLE_COUNT,MUNICIPALITY,NONMOTR_COUNT,NONMOTR_DEATH_COUNT,NONMOTR_SUSP_SERIOUS_INJ_COUNT,NTFY_HIWY_MAINT,PED_COUNT,PED_DEATH_COUNT,PED_SUSP_SERIOUS_INJ_COUNT,PERSON_COUNT,POLICE_AGCY,POSSIBLE_INJ_COUNT,RDWY_SURF_TYPE_CD,RELATION_TO_ROAD,ROAD_CONDITION,ROADWAY_CLEARED,SCH_BUS_IND,SCH_ZONE_IND,SECONDARY_CRASH,SMALL_TRUCK_COUNT,SPEC_JURIS_CD,SUSP_MINOR_INJ_COUNT,SUSP_SERIOUS_INJ_COUNT,SUV_COUNT,TCD_FUNC_CD,TCD_TYPE,TFC_DETOUR_IND,TIME_OF_DAY,TOT_INJ_COUNT,TOTAL_UNITS,UNB_DEATH_COUNT,UNB_SUSP_SERIOUS_INJ_COUNT,UNBELTED_OCC_COUNT,UNK_INJ_DEG_COUNT,UNK_INJ_PER_COUNT,URBAN_AREA,URBAN_RURAL,VAN_COUNT,VEHICLE_COUNT,WEATHER1,WEATHER2,WORK_ZONE_IND,WORK_ZONE_LOC,WORK_ZONE_TYPE,WORKERS_PRES,WZ_CLOSE_DETOUR,WZ_FLAGGER,WZ_LAW_OFFCR_IND,WZ_LN_CLOSURE,WZ_MOVING,WZ_OTHER,WZ_SHLDER_MDN,WZ_WORKERS_INJ_KILLED
2020030722,1925.0,1,0,0,0,0,0,0,0,0,8,0,,67,3,2020,3,40.0455,-75.0883,1918.0,6,0,0,0,0,0,1,0,0,,1,0,0.0,19,2,0,1,,0,40 02:43.859,,0,75 05:17.937,1,0,0,0,67301,1,1,0,N,1,1,0,2,67301,0,2.0,1,1,,N,N,N,0,0.0,0,0,0,3,2,,1917,0,2,0,0,0,0,0,3,4,0,1,3,3.0,N,,,,,,,,,,,
2020031230,945.0,2,0,0,0,0,0,0,0,0,4,0,,67,4,2020,1,40.0481,-75.0132,942.0,6,0,0,0,0,0,1,0,0,,0,0,0.0,9,1,0,2,,0,40 02:53.214,,0,75 00:47.698,0,0,0,0,67301,0,0,0,N,0,0,0,1,67301,0,,1,1,,N,N,,0,,0,0,0,0,0,,940,0,2,0,0,0,0,0,3,4,0,2,3,,N,,,,,,,,,,,
2020037994,1515.0,1,0,0,0,0,0,0,0,0,8,0,,67,5,2020,1,40.0301,-75.0397,1505.0,6,0,0,0,0,0,0,0,0,,0,0,0.0,14,1,1,0,,0,40 01:48.310,,0,75 02:22.820,3,0,0,0,67301,1,0,0,N,1,0,0,2,67301,0,,1,1,,N,N,,0,,1,0,0,0,0,,1446,1,2,0,0,0,0,0,3,4,0,1,3,,N,,,,,,,,,,,
2020038222,1952.0,1,0,0,0,0,0,0,0,0,7,0,,67,4,2020,5,39.8865,-75.2427,1934.0,6,0,0,0,0,0,0,0,0,,0,0,0.0,19,3,0,0,,0,39 53:11.906,,0,75 14:33.352,0,0,0,0,67301,0,0,0,N,0,0,0,1,68K01,0,,5,9,,N,N,,0,,0,0,0,0,0,,1933,0,1,0,0,0,0,0,3,4,0,1,7,4.0,N,,,,,,,,,,,
2020037675,1111.0,1,0,0,0,0,0,0,0,0,5,0,,67,5,2020,3,40.0171,-75.1384,1111.0,6,0,0,0,0,0,1,0,0,,0,0,0.0,11,1,0,0,,9,40 01:01.530,,0,75 08:18.100,0,0,0,0,67301,0,0,0,N,0,0,0,2,67301,0,,9,1,,N,N,,0,,0,0,1,9,9,U,1111,0,2,0,0,1,0,0,3,4,0,2,3,3.0,N,,,,,,,,,,,
2020038250,1327.0,1,0,0,0,0,0,0,0,0,1,0,,67,5,2020,3,39.9601,-75.18,1327.0,6,0,0,0,0,0,0,0,0,,0,0,0.0,13,1,0,0,,0,39 57:36.502,,0,75 10:48.095,0,0,0,0,67301,0,0,0,N,0,0,0,5,68K01,0,,1,1,,N,N,,1,,0,0,0,0,0,,1327,0,2,0,0,0,0,0,3,4,0,2,3,3.0,N,,,,,,,,,,,
2020039371,919.0,1,0,0,0,0,0,0,0,0,1,1,,67,5,2020,4,39.9083,-75.147,917.0,6,0,0,0,0,0,4,0,0,,0,1,0.0,9,1,3,0,,2,39 54:29.900,4.0,3,75 08:49.200,2,0,0,0,67301,0,0,0,N,0,0,0,5,67501,0,,1,1,,N,N,,2,,0,1,0,3,8,N,917,3,4,0,0,0,2,0,3,4,0,4,3,3.0,N,,,,,,,,,,,
2020002692,2358.0,3,0,0,0,0,0,0,0,0,4,0,,67,1,2020,3,39.9465,-75.2087,2347.0,6,0,0,0,0,0,0,0,0,,0,0,0.0,23,3,0,0,,0,39 56:47.450,,0,75 12:31.320,0,0,0,0,67301,0,0,0,N,0,0,0,1,67301,0,,6,9,,N,N,,0,,0,0,0,3,2,,2305,0,3,0,0,0,0,0,3,4,0,3,7,,N,,,,,,,,,,,
2020038826,1044.0,0,0,0,0,0,0,0,0,0,4,0,,67,5,2020,5,40.0899,-74.9842,1038.0,6,0,0,0,0,0,2,0,0,,0,0,0.0,10,1,2,1,,0,40 05:23.612,,0,74 59:03.258,4,0,0,0,67301,0,0,0,N,0,0,0,3,67301,2,,1,1,,N,N,,0,,0,0,2,0,0,,1035,2,2,0,0,0,0,0,3,4,0,2,3,3.0,N,,,,,,,,,,,
2020037863,1625.0,1,0,0,0,0,0,0,0,0,5,0,,67,5,2020,7,40.0241,-75.2207,1609.0,6,0,0,0,0,0,0,1,0,,0,0,0.0,16,1,1,0,,0,40 01:26.680,,0,75 13:14.540,4,0,0,0,67301,0,0,0,N,0,0,0,2,67301,1,,5,1,,N,N,,1,,0,0,0,0,0,,1605,1,2,0,0,0,0,0,3,4,0,2,3,3.0,N,,,,,,,,,,,
2020037638,350.0,0,0,0,0,0,0,0,0,0,6,1,,67,4,2020,2,40.0238,-75.031,343.0,6,0,0,0,0,0,1,0,1,,0,1,0.0,3,3,1,0,,1,40 01:25.845,1.0,8,75 01:51.700,8,0,0,0,67301,0,0,0,N,0,0,0,2,68K01,0,,1,9,,N,N,,1,,0,0,0,0,0,N,340,1,2,0,0,0,1,0,3,4,0,2,3,3.0,N,,,,,,,,,,,
2020031486,1757.0,0,0,0,0,0,0,0,0,0,8,0,,67,2,2020,4,40.0546,-75.125,1757.0,6,0,0,0,0,0,0,0,1,,0,0,0.0,17,4,1,2,,2,40 03:16.716,6.0,0,75 07:29.987,8,0,0,0,67301,1,0,0,N,1,0,0,2,67301,0,,1,1,,N,N,,0,,0,0,1,3,2,Y,1756,1,2,0,0,0,1,0,3,4,0,1,3,3.0,N,,,,,,,,,,,
2020031550,745.0,1,0,0,0,0,0,0,0,0,4,0,,67,4,2020,7,40.0141,-75.1578,739.0,6,0,0,0,0,0,0,0,0,,0,0,0.0,7,1,1,0,,0,40 00:50.792,,0,75 09:28.154,3,0,0,0,67301,0,0,0,N,0,0,0,1,67301,0,,4,1,,N,N,,1,,1,0,0,0,0,,730,1,2,0,0,0,0,0,3,4,0,2,4,,N,,,,,,,,,,,
2020031503,1210.0,1,0,0,0,0,0,0,0,0,1,1,,67,3,2020,1,39.9905,-75.0869,1204.0,6,0,0,0,0,0,1,0,0,,0,1,0.0,12,1,1,0,,0,39 59:25.921,,0,75 05:12.833,3,0,0,0,67301,0,0,0,N,0,0,0,2,68K01,0,,1,1,,N,N,,0,,1,0,0,0,0,,1201,1,2,0,0,0,0,0,3,4,0,2,3,,N,,,,,,,,,,,
2020031840,2035.0,1,0,0,0,0,0,0,0,0,0,0,,67,4,2020,2,39.9154,-75.1918,2030.0,6,0,0,0,0,0,0,0,0,,0,0,0.0,20,3,1,0,,2,39 54:55.506,6.0,0,75 11:30.507,3,0,0,0,67301,0,0,0,N,0,0,0,1,67301,0,,3,1,,N,N,,0,,1,0,0,0,0,Y,2015,1,1,0,0,0,0,0,3,4,0,1,3,3.0,N,,,,,,,,,,,
2020038625,1300.0,2,0,0,0,0,0,0,0,0,4,0,,67,5,2020,1,40.0242,-75.1479,1258.0,6,0,0,0,0,0,0,0,0,,0,0,0.0,12,1,0,0,N,1,40 01:27.050,2.0,7,75 08:52.360,0,0,0,0,67301,0,0,0,N,0,0,0,2,67301,0,,1,1,1310.0,N,N,N,0,,0,0,0,0,0,Y,1220,0,2,0,0,0,0,0,3,4,0,2,3,,N,,,,,,,,,,,
2020038425,914.0,1,0,0,0,0,0,0,0,0,4,0,,67,5,2020,3,39.9027,-75.1509,912.0,6,0,0,0,0,0,0,0,0,,0,0,0.0,9,1,1,0,,1,39 54:12.707,2.0,0,75 09:01.849,8,0,0,0,67301,0,0,0,N,0,0,0,1,68K01,0,,2,1,,N,N,,0,,0,0,0,0,0,N,910,1,1,0,0,0,1,0,3,4,0,1,3,,N,,,,,,,,,,,
2020037537,1025.0,0,0,0,0,0,0,0,0,0,5,1,,67,4,2020,4,40.0062,-75.0746,1015.0,6,0,0,0,0,0,0,0,0,,0,1,0.0,10,1,2,0,,2,40 00:22.327,2.0,0,75 04:28.631,4,0,0,0,67301,0,0,0,N,0,0,0,2,68K01,1,,1,1,,N,N,,0,,0,0,1,0,0,N,1008,2,2,0,0,0,1,0,3,4,0,2,3,3.0,N,,,,,,,,,,,
2020037530,452.0,1,0,0,0,0,0,0,0,0,5,0,,67,3,2020,1,39.9212,-75.1481,447.0,6,0,0,0,0,0,0,0,0,,0,0,0.0,4,3,1,0,,0,39 55:16.349,,0,75 08:53.088,4,0,0,0,67301,0,0,0,N,0,0,0,2,68K01,1,,1,1,,N,N,,0,,0,0,0,0,0,,446,1,2,0,0,0,0,1,3,4,0,2,3,,N,,,,,,,,,,,
2020037546,700.0,0,0,0,0,0,0,0,0,0,5,3,,67,4,2020,2,39.8856,-75.2095,650.0,6,0,0,0,0,0,0,0,0,,0,2,0.0,6,5,2,0,,2,39 53:30.779,1.0,3,75 11:53.567,3,0,0,0,67301,1,0,0,N,1,0,0,3,68K01,0,,1,1,,N,N,,1,,2,0,0,0,0,N,649,2,4,0,0,1,0,0,3,4,0,3,3,,N,,,,,,,,,,,
2020041690,946.0,0,0,0,0,0,0,0,0,0,7,1,,67,4,2020,2,39.889,-75.2021,936.0,6,0,0,0,0,0,0,0,0,,0,1,0.0,9,1,0,0,,1,39 53:50.745,1.0,3,75 11:13.676,0,0,0,0,67301,0,0,0,Y,0,0,0,1,68K01,0,,4,9,,N,N,,0,,0,0,0,0,0,N,935,0,1,0,0,0,0,0,3,4,0,1,8,7.0,N,,,,,,,,,,,
2020041221,2210.0,1,0,0,0,0,0,0,0,0,1,0,,67,5,2020,6,40.0955,-74.9775,2209.0,6,0,0,0,0,0,0,0,0,,0,0,0.0,22,3,1,0,,0,40 05:43.765,,0,74 58:38.902,8,0,0,0,67301,0,0,0,N,0,0,0,3,67301,0,,1,9,,N,N,,1,,0,0,0,0,0,,2205,1,2,0,0,0,1,0,3,4,0,2,7,7.0,N,,,,,,,,,,,
2020038264,910.0,2,0,0,0,0,0,0,0,0,5,0,,67,5,2020,5,39.9438,-75.143,910.0,6,0,0,0,0,0,0,1,0,,0,0,0.0,9,1,1,0,,0,39 56:37.716,,0,75 08:34.675,3,0,0,0,67301,0,0,0,N,0,0,0,2,68K01,0,,1,1,,N,N,,0,,1,0,0,0,0,,906,1,2,0,0,0,0,0,3,4,0,2,3,,N,,,,,,,,,,,
2020038037,1404.0,2,0,0,0,0,0,0,0,0,4,0,,67,5,2020,1,40.0177,-75.1501,1400.0,6,0,0,0,0,0,0,0,0,,0,0,0.0,13,1,2,0,N,1,40 01:03.681,3.0,7,75 09:00.185,3,0,0,0,67301,0,0,0,N,0,0,0,4,67301,0,,1,1,1450.0,N,N,N,0,,2,0,0,0,0,Y,1348,2,2,0,0,1,0,0,3,4,0,2,3,,N,,,,,,,,,,,
2021001184,916.0,1,0,0,0,0,0,0,0,0,7,0,,67,12,2020,6,39.9359,-75.1997,856.0,6,0,0,0,0,0,0,0,0,,0,0,0.0,8,1,1,0,N,2,39 56:09.112,4.0,0,75 11:58.797,8,0,0,0,67301,0,0,0,N,0,0,0,1,68K01,0,,4,9,30.0,N,N,N,0,,0,0,0,0,0,Y,855,1,1,0,0,1,1,0,3,4,0,1,7,7.0,N,,,,,,,,,,,
2021011756,1430.0,1,0,0,0,0,0,0,0,0,4,0,,67,9,2020,7,40.0255,-75.1235,,6,0,0,0,0,0,0,0,0,,0,0,0.0,14,1,1,1,,0,40 01:31.670,,0,75 07:24.541,8,0,0,0,67301,0,0,0,N,0,0,0,2,00000,0,,1,1,,,,N,0,,0,0,1,3,2,,1430,1,2,0,0,0,1,0,3,4,0,2,3,,N,,,,,,,,,,,
2021001186,918.0,1,0,0,0,0,0,0,0,0,7,0,,67,12,2020,6,40.0359,-75.0162,902.0,6,0,0,0,0,0,0,0,0,,0,0,0.0,9,1,1,0,N,0,40 02:09.359,,0,75 00:58.123,4,0,0,0,67301,0,0,0,N,0,0,0,1,68K01,1,,2,9,,N,N,N,0,,0,0,0,0,0,,901,1,1,0,0,1,0,0,3,4,0,1,7,,N,,,,,,,,,,,
2021006498,1830.0,0,0,0,0,0,0,0,0,0,4,0,,67,12,2020,2,40.0024,-75.1222,1830.0,6,0,0,0,0,0,0,0,0,,0,0,0.0,18,3,1,2,,0,40 00:08.600,,0,75 07:19.995,3,0,0,1,67301,0,0,0,N,0,0,0,3,67301,0,,1,1,,N,N,N,0,,1,0,1,0,0,,1830,1,2,0,0,0,0,0,3,4,0,2,3,3.0,N,,,,,,,,,,,
2021013432,800.0,0,0,0,0,0,0,0,0,0,1,0,,67,9,2020,3,,,,6,0,0,0,0,0,0,2,0,,0,0,0.0,8,1,1,1,,0,,,0,,8,0,0,0,67301,0,0,0,N,0,0,0,2,00000,0,,1,1,,,,N,0,,0,0,1,9,9,,800,1,2,0,0,0,1,0,3,3,0,2,3,,N,,,,,,,,,,,
2021001175,2242.0,1,0,0,0,0,0,0,0,0,1,0,45.0,67,12,2020,5,40.006,-75.0747,2223.0,6,0,0,0,0,0,0,0,0,,0,0,0.0,22,3,1,0,N,0,40 00:21.440,,0,75 04:28.840,3,0,0,0,67301,0,0,0,N,0,0,0,3,68K01,0,,1,9,,N,N,N,0,,1,0,1,0,0,,2216,1,3,0,0,0,0,0,3,4,1,3,7,,Y,4.0,1.0,N,,,N,,,Y,,N
2021002968,1756.0,0,0,0,0,0,0,0,0,0,6,0,,67,12,2020,2,39.9168,-75.235,1753.0,6,0,0,0,0,0,0,0,0,,0,0,0.0,17,6,1,0,N,0,39 55:00.450,,0,75 14:05.880,3,0,0,1,67301,0,0,0,N,0,0,0,2,67301,0,,1,1,,N,N,N,0,,1,0,1,0,0,,1743,1,2,0,0,0,0,0,3,4,0,2,3,3.0,N,,,,,,,,,,,
2021006493,1808.0,1,0,0,0,0,0,0,0,0,1,0,,67,12,2020,5,40.0,-75.1531,1808.0,6,0,0,0,0,0,1,0,0,,0,0,0.0,18,3,0,1,,0,40 00:00.101,,0,75 09:11.759,9,0,0,0,67301,0,0,0,N,0,0,0,2,67301,0,,1,1,,N,N,N,0,,0,0,0,3,2,,1800,0,2,0,0,0,0,1,3,4,1,2,3,3.0,N,,,,,,,,,,,
2021000922,2350.0,2,0,0,0,0,0,0,0,0,4,0,,67,12,2020,2,39.9967,-75.1543,2345.0,6,0,0,0,0,0,0,0,1,,0,0,0.0,23,2,1,0,N,0,39 59:48.200,,0,75 09:15.400,8,0,0,0,67301,0,0,0,N,0,0,0,1,67508,0,,5,1,,N,N,Y,1,,0,0,0,0,0,,2345,1,3,0,0,0,1,0,3,4,0,3,3,3.0,N,,,,,,,,,,,
2021006494,1638.0,2,0,0,0,0,0,0,0,0,5,0,,67,12,2020,3,39.9941,-75.1544,1637.0,6,0,0,0,0,1,0,0,0,,0,0,0.0,16,1,0,0,N,0,39 59:38.647,,0,75 09:15.955,0,0,0,0,67301,0,0,0,N,0,0,0,5,67301,0,,1,1,,N,N,N,0,,0,0,1,0,0,,1615,0,3,0,0,0,0,0,3,4,0,3,3,3.0,N,,,,,,,,,,,
2021002967,2038.0,2,0,0,0,0,0,0,0,0,4,0,,67,12,2020,4,40.0341,-75.2083,2034.0,6,0,0,0,0,0,0,0,0,,0,0,0.0,20,3,1,2,,1,40 02:02.689,2.0,0,75 12:30.292,3,0,0,0,67301,0,0,0,N,0,0,0,2,67301,0,,1,1,2137.0,N,N,N,0,,1,0,0,3,2,N,2030,1,2,0,0,0,0,0,3,4,0,2,3,3.0,N,,,,,,,,,,,
2021006502,1550.0,0,0,0,0,0,0,0,0,0,8,0,,67,12,2020,4,40.0205,-75.1271,1547.0,6,0,0,0,0,0,0,0,0,,0,0,0.0,15,1,1,0,N,0,40 01:13.730,,0,75 07:37.720,3,0,0,0,67301,1,0,0,N,1,0,0,2,67301,0,,1,1,,N,N,N,0,,1,0,1,0,0,,1536,1,2,0,0,0,0,0,3,4,0,1,3,3.0,N,,,,,,,,,,,
2021011690,136.0,0,0,0,0,0,0,0,0,0,1,0,,67,9,2020,1,39.981,-75.1757,,6,0,0,0,0,0,0,0,0,,0,0,0.0,1,3,1,1,,0,39 58:51.524,,0,75 10:32.559,8,0,0,0,67301,0,0,0,N,0,0,0,2,00000,0,,1,1,,,,N,0,,0,0,0,3,2,,135,1,2,0,0,0,1,0,3,4,0,2,3,,N,,,,,,,,,,,
2021013328,2000.0,1,0,0,0,0,0,0,0,0,4,0,,67,1,2020,1,40.0277,-75.11,,6,0,0,0,0,0,0,0,0,,0,0,0.0,20,1,1,1,,0,40 01:39.827,,0,75 06:35.893,8,0,0,0,67301,0,0,0,N,0,0,0,2,00000,0,,1,1,,,,N,0,,0,0,0,3,2,,2000,1,2,0,0,0,1,0,3,4,0,2,3,,N,,,,,,,,,,,
2021011201,1600.0,1,0,0,0,0,0,0,0,0,5,0,,67,6,2020,5,39.9703,-75.1466,,6,0,0,0,0,0,1,0,0,,0,0,0.0,16,1,1,1,,0,39 58:13.238,,0,75 08:47.584,8,0,0,0,67301,0,0,0,N,0,0,0,2,00000,0,,1,1,,,,N,0,,0,0,1,3,2,,1600,1,2,0,0,0,1,0,3,4,0,2,3,,N,,,,,,,,,,,
2021011675,2041.0,0,0,0,0,0,0,0,0,0,5,0,,67,7,2020,7,40.0295,-75.1016,,6,0,0,0,0,0,1,0,0,,0,0,0.0,20,1,0,0,N,0,40 01:46.347,,0,75 06:05.847,0,0,0,0,67301,0,0,0,N,0,0,0,3,00000,0,,1,1,,,,N,0,,0,0,2,0,0,,2041,0,3,0,0,0,0,0,3,4,0,3,3,,N,,,,,,,,,,,
2021014547,2145.0,0,0,0,0,0,0,0,0,0,5,0,,67,10,2020,6,39.9996,-75.1504,,6,0,0,0,0,0,1,0,0,,0,0,0.0,21,1,0,0,N,0,39 59:58.700,,0,75 09:01.500,0,0,0,0,67301,0,0,0,N,0,0,0,1,00000,0,,6,1,,,,N,0,,0,0,1,0,0,,2145,0,2,0,0,0,0,0,3,4,1,2,3,,N,,,,,,,,,,,
2021014198,1536.0,1,0,0,0,0,0,0,0,0,7,0,,67,9,2020,3,40.0119,-75.1264,1536.0,6,0,0,0,0,0,0,0,0,,0,0,0.0,15,1,1,0,N,0,40 00:42.900,,0,75 07:35.000,2,0,0,0,67301,0,0,0,N,0,0,0,1,67301,0,,4,1,,N,N,Y,0,,0,1,0,0,0,,1520,1,1,0,0,0,0,0,3,4,0,1,3,3.0,N,,,,,,,,,,,
2021013421,1115.0,0,0,0,0,0,0,0,0,0,1,0,,67,8,2020,7,40.0219,-75.0401,,6,0,0,0,0,0,0,1,0,,0,0,0.0,11,1,1,1,,0,40 01:18.716,,2,75 02:24.287,8,0,0,0,67301,0,0,0,N,0,0,0,2,00000,0,,1,1,,,,N,0,,0,0,1,3,2,,1115,1,2,0,0,0,1,0,3,4,0,2,3,,N,,,,,,,,,,,
2021013332,800.0,0,0,0,0,0,0,0,0,0,4,0,,67,3,2020,5,40.0287,-75.1177,,6,0,0,0,0,0,0,0,0,,0,0,0.0,8,1,2,1,,0,40 01:43.257,,0,75 07:03.868,8,0,0,0,67301,0,0,0,N,0,0,0,3,00000,0,,1,1,,,,N,0,,0,0,0,3,2,,800,2,2,0,0,0,2,0,3,4,0,2,3,,N,,,,,,,,,,,
2021013266,1930.0,0,0,0,0,0,0,0,0,0,1,0,,67,8,2020,4,39.9335,-75.2155,,6,0,0,0,0,0,0,0,0,,0,0,0.0,19,1,1,3,,0,39 56:00.517,,0,75 12:56.036,8,0,0,0,67301,0,0,0,N,0,0,0,4,00000,0,,1,1,,,,N,0,,0,0,1,3,2,,1930,1,2,0,0,0,1,0,3,4,0,2,3,,N,,,,,,,,,,,
2021011679,1100.0,1,0,0,0,0,0,0,0,0,4,0,,67,9,2020,5,40.0096,-75.1803,,6,0,0,0,0,0,0,0,0,,0,0,0.0,11,1,2,2,,0,40 00:34.506,,0,75 10:49.505,8,0,0,0,67301,0,0,0,N,0,0,0,3,00000,0,,1,1,,,,N,0,,0,0,0,3,2,,1100,2,2,0,0,0,2,0,3,4,1,2,3,,N,,,,,,,,,,,
2021013419,1830.0,1,0,0,0,0,0,0,0,0,4,0,,67,10,2020,5,40.036,-75.1151,,6,0,0,0,0,0,1,0,0,,0,0,0.0,18,1,1,2,,0,40 02:09.556,,0,75 06:54.514,8,0,0,0,67301,0,0,0,N,0,0,0,2,00000,0,,1,1,,,,N,1,,0,0,0,9,9,,1830,1,2,0,0,0,1,0,3,4,0,2,3,,N,,,,,,,,,,,
2021011681,1840.0,2,0,0,0,0,0,0,0,0,1,0,,67,9,2020,5,39.8945,-75.2468,,6,0,0,0,0,0,0,0,0,,0,0,0.0,18,1,1,1,,0,39 53:40.085,,0,75 14:48.358,8,0,0,0,67301,0,0,0,N,0,0,0,4,00000,0,,1,1,,,,N,0,,0,0,0,3,2,,1840,1,4,0,0,0,1,0,3,4,0,4,3,,N,,,,,,,,,,,
2021014544,1655.0,0,0,0,0,0,0,0,0,0,5,0,,67,8,2020,5,40.0309,-75.1045,,6,0,0,0,0,0,1,0,0,,0,0,0.0,16,1,1,0,N,0,40 01:51.064,,0,75 06:15.861,8,0,0,0,67301,0,0,0,N,0,0,0,2,00000,0,,1,1,,,,N,0,,0,0,2,0,0,,1655,1,2,0,0,0,1,0,3,4,0,2,3,,N,,,,,,,,,,,
2021013426,1630.0,2,0,0,0,0,0,0,0,0,4,0,,67,6,2020,7,40.019,-75.1601,,6,0,0,0,0,1,0,0,0,,0,0,0.0,16,1,1,2,,0,40 01:08.450,,0,75 09:36.287,8,0,0,0,67301,0,0,0,N,0,0,0,2,00000,0,,1,1,,,,N,0,,0,0,0,3,3,,1630,1,2,0,0,0,1,0,3,4,0,2,3,,N,,,,,,,,,,,
2021013288,1100.0,1,0,0,0,0,0,0,0,0,1,0,,67,8,2020,7,40.0256,-75.1223,,6,0,0,0,0,0,0,0,0,,0,0,0.0,11,1,1,1,,0,40 01:32.331,,0,75 07:20.187,8,0,0,0,67301,0,0,0,N,0,0,0,2,00000,0,,1,1,,,,N,1,,0,0,0,3,2,,1100,1,2,0,0,0,1,0,3,4,0,2,3,,N,,,,,,,,,,,
2021011755,1245.0,2,0,0,0,0,0,0,0,0,1,0,,67,9,2020,4,40.0076,-75.1904,,6,0,0,0,0,0,0,0,0,,0,0,0.0,12,1,1,0,Y,0,40 00:27.533,,0,75 11:25.517,8,0,0,0,67301,0,0,0,N,0,0,0,2,00000,0,,1,1,,,,N,0,,0,0,0,3,2,,1245,1,2,0,0,0,1,0,3,4,0,2,3,,N,,,,,,,,,,,
2021013280,2030.0,0,0,0,0,0,0,0,0,0,1,0,,67,7,2020,7,40.0564,-75.0533,,6,0,0,0,0,0,0,0,0,,0,0,0.0,20,1,2,1,,0,40 03:23.116,,0,75 03:12.018,8,0,0,0,67301,0,0,0,N,0,0,0,3,00000,0,,1,1,,,,N,0,,0,0,2,3,2,,2030,2,2,0,0,0,2,0,3,4,0,2,3,,N,,,,,,,,,,,
2021011698,1947.0,1,0,0,0,0,0,0,0,0,3,0,,67,9,2020,7,40.0271,-75.1325,,6,0,0,0,0,0,0,0,0,,0,0,0.0,19,1,5,0,Y,0,40 01:37.500,,0,75 07:57.100,8,0,0,0,67301,0,0,0,N,0,0,0,8,00000,0,,1,1,,,,N,1,,0,0,0,3,2,,1947,5,4,0,0,0,5,0,3,4,0,4,3,,N,,,,,,,,,,,
2021013340,9999.0,0,0,0,0,0,0,0,0,0,5,1,,67,10,2020,2,,,9999.0,6,0,0,0,0,0,1,0,0,,0,1,0.0,23,3,1,0,N,0,,,0,,8,0,0,0,67301,0,0,0,N,0,0,0,3,00000,0,,1,1,,,,N,0,,0,0,1,0,0,,2343,1,2,0,0,0,1,0,3,3,0,2,3,,N,,,,,,,,,,,
2021011176,815.0,1,0,0,0,0,0,0,0,0,1,0,,67,7,2020,3,39.8991,-75.1683,,6,0,0,0,0,0,0,0,0,,0,0,0.0,8,1,1,0,N,0,39 53:56.609,,0,75 10:05.970,8,0,0,0,67301,0,0,0,N,0,0,0,3,00000,0,,1,1,,,,N,0,,0,0,1,0,0,,815,1,3,0,0,0,1,0,3,4,1,3,3,,N,,,,,,,,,,,
2021013310,800.0,1,0,0,0,0,0,0,0,0,1,0,,67,9,2020,7,39.9529,-75.2467,,6,0,0,0,0,0,0,0,0,,0,0,0.0,8,1,2,1,,0,39 57:10.529,,0,75 14:48.130,8,0,0,0,67301,0,0,0,N,0,0,0,3,00000,0,,1,1,,,,N,0,,0,0,0,3,2,,800,2,2,0,0,0,2,0,3,4,0,2,3,,N,,,,,,,,,,,
2021011685,2350.0,1,0,0,0,0,0,0,0,0,3,0,,67,7,2020,6,39.9449,-75.2291,,6,0,0,0,0,0,0,0,0,,0,0,0.0,23,1,3,1,,0,39 56:41.596,,0,75 13:44.680,8,0,0,0,67301,0,0,0,N,0,0,0,4,00000,0,,1,1,,,,N,0,,0,0,0,0,0,,2350,3,2,0,0,0,3,0,3,4,0,2,3,,N,,,,,,,,,,,
2021014553,2104.0,0,0,0,0,0,0,0,0,0,1,0,,67,9,2020,7,40.0216,-75.1626,,6,0,0,0,0,0,0,0,0,,0,0,0.0,21,1,2,0,Y,0,40 01:17.822,,0,75 09:45.299,8,0,0,0,67301,0,0,0,N,0,0,0,4,00000,0,,1,1,,,,N,1,,0,0,1,3,2,,2104,2,2,0,0,0,2,0,3,4,0,2,3,,N,,,,,,,,,,,
2021013313,2330.0,2,0,0,0,0,0,0,0,0,4,0,,67,9,2020,7,40.0112,-75.1054,,6,0,0,0,0,1,0,0,0,,0,0,0.0,23,1,1,1,,0,40 00:40.313,,0,75 06:19.592,8,0,0,0,67301,0,0,0,N,0,0,0,2,00000,0,,1,1,,,,N,0,,0,0,0,3,2,,2330,1,2,0,0,0,1,0,3,4,0,2,3,,N,,,,,,,,,,,