CRN,ARRIVAL_TM,AUTOMOBILE_COUNT,BELTED_DEATH_COUNT,BELTED_SUSP_SERIOUS_INJ_COUNT,BICYCLE_COUNT,BICYCLE_DEATH_COUNT,BICYCLE_SUSP_SERIOUS_INJ_COUNT,BUS_COUNT,CHLDPAS_DEATH_COUNT,CHLDPAS_SUSP_SERIOUS_INJ_COUNT,COLLISION_TYPE,COMM_VEH_COUNT,CONS_ZONE_SPD_LIM,COUNTY,CRASH_MONTH,CRASH_YEAR,DAY_OF_WEEK,DEC_LAT,DEC_LONG,DISPATCH_TM,DISTRICT,DRIVER_COUNT_16YR,DRIVER_COUNT_17YR,DRIVER_COUNT_18YR,DRIVER_COUNT_19YR,DRIVER_COUNT_20YR,DRIVER_COUNT_50_64YR,DRIVER_COUNT_65_74YR,DRIVER_COUNT_75PLUS,EST_HRS_CLOSED,FATAL_COUNT,HEAVY_TRUCK_COUNT,HORSE_BUGGY_COUNT,HOUR_OF_DAY,ILLUMINATION,INJURY_COUNT,INTERSECT_TYPE,INTERSECTION_RELATED,LANE_CLOSED,LATITUDE,LN_CLOSE_DIR,LOCATION_TYPE,LONGITUDE,MAX_SEVERITY_LEVEL,MCYCLE_DEATH_COUNT,MCYCLE_SUSP_SERIOUS_INJ_COUNT,MOTORCYCLE_COUNT,MUNICIPALITY,NONMOTR_COUNT,NONMOTR_DEATH_COUNT,NONMOTR_SUSP_SERIOUS_INJ_COUNT,NTFY_HIWY_MAINT,PED_COUNT,PED_DEATH_COUNT,PED_SUSP_SERIOUS_INJ_COUNT,PERSON_COUNT,POLICE_AGCY,POSSIBLE_INJ_COUNT,RDWY_SURF_TYPE_CD,RELATION_TO_ROAD,ROAD_CONDITION,ROADWAY_CLEARED,SCH_BUS_IND,SCH_ZONE_IND,SECONDARY_CRASH,SMALL_TRUCK_COUNT,SPEC_JURIS_CD,SUSP_MINOR_INJ_COUNT,SUSP_SERIOUS_INJ_COUNT,SUV_COUNT,TCD_FUNC_CD,TCD_TYPE,TFC_DETOUR_IND,TIME_OF_DAY,TOT_INJ_COUNT,TOTAL_UNITS,UNB_DEATH_COUNT,UNB_SUSP_SERIOUS_INJ_COUNT,UNBELTED_OCC_COUNT,UNK_INJ_DEG_COUNT,UNK_INJ_PER_COUNT,URBAN_AREA,URBAN_RURAL,VAN_COUNT,VEHICLE_COUNT,WEATHER1,WEATHER2,WORK_ZONE_IND,WORK_ZONE_LOC,WORK_ZONE_TYPE,WORKERS_PRES,WZ_CLOSE_DETOUR,WZ_FLAGGER,WZ_LAW_OFFCR_IND,WZ_LN_CLOSURE,WZ_MOVING,WZ_OTHER,WZ_SHLDER_MDN,WZ_WORKERS_INJ_KILLED
2021014573,930.0,0,0,0,0,0,0,0,0,0,1,0,,67,8,2020,2,40.0076,-75.1273,,6,0,0,0,0,0,0,0,0,,0,0,0.0,9,1,1,1,,0,40 00:27.502,,0,75 07:38.377,8,0,0,0,67301,0,0,0,N,0,0,0,2,00000,0,,1,1,,,,N,0,,0,0,1,3,2,,930,1,2,0,0,0,1,0,3,4,0,2,3,,N,,,,,,,,,,,
2021004116,1330.0,0,0,0,0,0,0,0,0,0,6,0,,67,3,2020,1,39.9858,-75.2156,,6,0,0,0,0,0,0,0,0,,0,0,0.0,13,1,1,1,,0,39 59:08.888,,0,75 12:56.190,8,0,0,0,67301,0,0,0,N,0,0,0,3,00000,0,,1,1,,,,N,0,,0,0,2,3,2,,1330,1,3,0,0,0,1,0,3,4,0,3,3,,N,,,,,,,,,,,
2021003716,,2,0,0,0,0,0,0,0,0,4,0,,67,1,2020,5,40.0456,-75.0714,,6,0,1,0,0,0,0,0,0,,0,0,0.0,14,1,1,1,,0,40 02:44.136,,0,75 04:17.168,8,0,0,0,67301,0,0,0,N,0,0,0,2,00000,0,,1,1,,,,N,0,,0,0,0,3,3,,1400,1,2,0,0,0,1,0,3,4,0,2,3,,N,,,,,,,,,,,
2021002245,,1,0,0,0,0,0,0,0,0,2,0,,67,3,2020,7,40.0316,-75.0221,,6,0,0,0,0,0,1,0,0,,0,0,0.0,0,1,0,0,N,0,40 01:53.837,,0,75 01:19.612,0,0,0,0,67301,0,0,0,N,0,0,0,2,00000,0,,1,1,,,,N,0,,0,0,1,0,0,,30,0,2,0,0,0,0,0,3,4,0,2,3,,N,,,,,,,,,,,
2021003725,1530.0,1,0,0,0,0,0,0,0,0,6,0,,67,4,2020,2,40.0128,-75.1745,,6,0,0,0,0,0,1,0,0,,0,0,0.0,15,1,2,2,,0,40 00:46.060,,0,75 10:28.100,8,0,0,0,67301,0,0,0,N,0,0,0,3,00000,0,,1,1,,,,N,0,,0,0,1,0,0,,1530,2,2,0,0,0,2,0,3,4,0,2,3,,N,,,,,,,,,,,
2021002236,,2,0,0,0,0,0,0,0,0,4,0,,67,2,2020,5,40.0359,-75.1213,,6,0,0,0,0,2,0,0,0,,0,0,0.0,13,1,0,2,,0,40 02:09.409,,0,75 07:16.607,0,0,0,0,67301,0,0,0,N,0,0,0,2,00000,0,,1,1,,,,N,0,,0,0,0,3,3,,1300,0,2,0,0,0,0,0,3,4,0,2,3,,N,,,,,,,,,,,
2021000247,1003.0,0,0,0,0,0,0,0,0,0,8,0,,67,12,2020,3,40.0216,-75.1244,1002.0,6,0,0,0,0,0,0,0,0,,0,0,0.0,10,1,1,1,,2,40 01:17.597,2.0,0,75 07:27.667,2,0,0,0,67301,1,0,1,N,1,0,1,2,67301,0,,1,9,100.0,N,N,N,1,,0,1,0,3,2,Y,1000,1,2,0,0,1,0,0,3,4,0,1,3,7.0,N,,,,,,,,,,,
2020031281,255.0,1,0,0,0,0,0,0,0,0,5,1,,67,4,2020,2,39.9789,-75.0957,255.0,6,0,0,0,0,0,0,0,0,,0,1,0.0,2,3,0,0,,0,39 58:44.126,,0,75 05:44.349,9,0,0,0,67301,0,0,0,N,0,0,0,1,67301,0,,6,9,,N,N,,0,,0,0,0,0,0,,235,0,2,0,0,0,0,1,3,4,0,2,7,,N,,,,,,,,,,,
2020038518,135.0,1,0,0,0,0,0,0,0,0,7,0,,67,5,2020,1,39.9599,-75.1408,135.0,6,0,0,0,0,0,0,0,0,,0,0,0.0,1,3,0,0,,1,39 57:35.660,2.0,0,75 08:26.939,0,0,0,0,67301,0,0,0,N,0,0,0,1,68K01,0,,4,1,,N,N,,0,,0,0,0,0,0,N,128,0,1,0,0,0,0,0,3,4,0,1,3,,N,,,,,,,,,,,
2020038351,1805.0,0,0,0,0,0,0,0,0,0,4,1,,67,5,2020,3,40.0209,-75.0397,1754.0,6,0,0,0,0,0,0,0,0,,0,1,0.0,17,1,0,2,,2,40 01:15.142,2.0,0,75 02:22.665,0,0,0,0,67301,0,0,0,N,0,0,0,2,67301,0,,1,1,,N,N,,0,,0,0,0,3,2,Y,1744,0,2,0,0,0,0,0,3,4,1,2,3,,N,,,,,,,,,,,
2020026733,1710.0,1,0,0,0,0,0,0,0,0,2,0,,67,3,2020,7,40.0176,-75.0482,1703.0,6,0,0,0,0,0,0,0,0,,0,0,0.0,16,1,3,1,,9,40 01:03.668,,0,75 02:54.283,8,0,0,0,67301,0,0,0,N,0,0,0,3,67301,0,,1,1,,N,N,,0,,0,0,1,3,3,U,1639,3,2,0,0,0,3,0,3,4,0,2,3,3.0,N,,,,,,,,,,,
2020027805,116.0,0,0,0,0,0,0,0,0,0,5,0,,67,3,2020,7,39.9812,-75.2068,116.0,6,0,0,0,0,0,0,0,0,,0,0,0.0,1,3,1,0,,2,39 58:52.162,3.0,0,75 12:24.380,8,0,0,0,67301,0,0,0,N,0,0,0,4,68K01,0,,1,9,,N,N,,0,,0,0,1,0,0,N,113,1,2,0,0,0,1,0,3,4,1,2,7,,N,,,,,,,,,,,
2020026680,511.0,1,0,0,0,0,0,0,0,0,1,0,,67,3,2020,1,40.0295,-75.1467,507.0,6,0,0,0,0,0,0,0,0,,0,0,0.0,4,3,0,0,N,0,40 01:44.423,,0,75 08:51.889,9,0,0,0,67301,0,0,0,N,0,0,0,1,67301,0,,1,9,,N,N,N,0,,0,0,1,0,0,,435,0,2,0,0,0,0,1,3,4,0,2,3,3.0,N,,,,,,,,,,,
2020043598,745.0,1,0,0,0,0,0,0,0,0,1,0,,67,6,2020,2,40.0053,-75.1876,745.0,6,0,0,0,0,0,0,1,0,,0,0,0.0,5,1,1,0,,0,40 00:19.023,,0,75 11:15.204,4,0,0,0,67301,0,0,0,N,0,0,0,2,67301,1,,1,1,,N,N,,1,,0,0,0,0,0,,544,1,2,0,0,0,0,1,3,4,0,2,3,3.0,N,,,,,,,,,,,
2020045215,450.0,0,0,0,0,0,0,0,0,0,7,1,,67,6,2020,6,39.9604,-75.1812,445.0,6,0,0,0,0,0,0,0,0,,0,1,0.0,4,3,0,0,,0,39 57:37.609,,0,75 10:52.428,0,0,0,0,67301,0,0,0,N,0,0,0,1,68K01,0,,2,9,,N,N,,0,,0,0,0,0,0,,445,0,1,0,0,0,0,0,3,4,0,1,7,,N,,,,,,,,,,,
2020045928,1322.0,0,0,0,0,0,0,0,0,0,1,0,,67,5,2020,5,40.0155,-75.0532,1320.0,6,0,0,0,0,0,1,0,0,,0,0,0.0,13,1,1,0,,2,40 00:55.650,1.0,0,75 03:11.387,8,0,0,0,67301,0,0,0,N,0,0,0,3,68K01,0,,1,1,,N,N,,0,,0,0,1,0,0,N,1318,1,2,0,0,1,1,1,3,4,0,2,3,3.0,N,,,,,,,,,,,
2020027400,2049.0,1,0,0,0,0,0,0,0,0,8,0,,67,2,2020,2,39.9775,-75.1484,2049.0,6,0,0,0,0,0,0,0,0,,1,0,0.0,20,3,0,1,N,2,39 58:38.855,2.0,0,75 08:54.419,1,0,0,0,67301,1,1,0,N,1,1,0,2,67301,0,2.0,1,1,2221.0,N,N,N,0,0.0,0,0,0,3,2,Y,2046,0,2,0,0,0,0,1,3,4,0,1,3,3.0,N,,,,,,,,,,,
2020027178,1120.0,1,0,0,0,0,0,0,0,0,4,0,,67,3,2020,6,40.0237,-75.148,1115.0,6,0,0,0,0,0,0,0,0,,0,0,0.0,11,1,0,0,,0,40 01:25.234,,0,75 08:52.758,0,0,0,0,67301,0,0,0,N,0,0,0,2,67301,0,,1,1,,N,N,,0,,0,0,1,3,2,,1100,0,2,0,0,2,0,0,3,4,0,2,3,3.0,N,,,,,,,,,,,
2020027685,22.0,1,0,0,0,0,0,0,0,0,4,1,,67,3,2020,3,40.0264,-75.1172,18.0,6,0,0,0,0,0,0,0,0,,0,1,0.0,0,3,1,1,,1,40 01:34.996,1.0,0,75 07:01.756,3,0,0,0,67301,0,0,0,N,0,0,0,2,67301,0,,1,1,,N,N,,0,,1,0,0,3,2,N,9,1,2,0,0,0,0,0,3,4,0,2,3,3.0,N,,,,,,,,,,,
2020027402,1943.0,1,0,0,0,0,0,0,0,0,8,0,,67,2,2020,1,40.0464,-75.1126,1942.0,6,0,0,0,0,0,0,0,0,,1,0,0.0,19,3,0,2,,1,40 02:46.886,5.0,0,75 06:45.256,1,0,0,0,67301,1,1,0,N,1,1,0,1,67301,0,2.0,1,1,2225.0,N,N,N,0,0.0,0,0,0,0,0,Y,1939,0,2,0,0,0,0,0,3,4,0,1,3,,N,,,,,,,,,,,
2020043546,158.0,0,0,0,0,0,0,0,0,0,5,0,,67,5,2020,3,39.9627,-75.1835,151.0,6,0,0,0,0,0,0,0,0,,0,0,0.0,1,3,0,0,,1,39 57:45.849,3.0,0,75 11:00.617,9,0,0,0,67301,0,0,0,N,0,0,0,2,68K01,0,,1,1,,N,N,,0,,0,0,1,0,0,Y,145,0,2,0,0,0,0,1,3,4,0,2,3,,N,,,,,,,,,,,
2020043501,2121.0,0,0,0,0,0,0,0,0,0,1,0,,67,6,2020,4,40.0358,-75.0862,2114.0,6,0,0,0,0,0,1,0,0,,0,0,0.0,20,3,0,0,,0,40 02:09.030,,0,75 05:10.180,0,0,0,0,67301,0,0,0,N,0,0,0,1,67301,0,,1,9,,N,N,,0,,0,0,2,0,0,,2047,0,2,0,0,0,0,0,3,4,0,2,7,3.0,N,,,,,,,,,,,
2020043201,2332.0,1,0,0,0,0,0,0,0,0,1,0,,67,5,2020,2,40.0025,-75.195,2326.0,6,0,0,0,0,0,0,0,0,,0,0,0.0,23,3,1,0,,0,40 00:09.179,,0,75 11:42.057,8,0,0,0,67301,0,0,0,N,0,0,0,4,68K01,0,,1,1,,N,N,,0,,0,0,1,0,0,,2311,1,2,0,0,0,1,0,3,4,0,2,3,3.0,N,,,,,,,,,,,
2020016615,2124.0,1,0,0,0,0,0,0,0,0,4,0,,67,2,2020,5,39.9452,-75.2394,2123.0,6,0,0,0,0,0,0,0,0,,0,0,0.0,21,3,2,0,N,0,39 56:42.583,,7,75 14:22.005,8,0,0,0,67301,0,0,0,N,0,0,0,5,67301,0,,1,9,,N,N,N,1,,0,0,0,0,0,,2116,2,2,0,0,0,2,1,3,4,0,2,7,7.0,N,,,,,,,,,,,
2020027250,1533.0,0,0,0,0,0,0,0,0,0,2,0,,67,3,2020,3,39.9493,-75.1415,1523.0,6,0,0,0,0,0,0,0,0,,0,0,0.0,15,1,0,0,,0,39 56:57.469,,0,75 08:29.277,0,0,0,0,67301,0,0,0,N,0,0,0,1,68K01,0,,2,9,,N,N,,0,,0,0,1,0,0,,1512,0,1,0,0,0,0,0,3,4,0,1,7,,N,,,,,,,,,,,
2020026825,208.0,1,0,0,0,0,0,0,0,0,0,0,,67,3,2020,1,39.981,-75.2065,208.0,6,0,0,0,0,0,0,0,0,,0,0,0.0,2,3,1,0,,2,39 58:51.429,3.0,0,75 12:23.449,3,0,0,0,67301,0,0,0,N,0,0,0,1,68K01,0,,1,1,,N,N,,0,,1,0,0,0,0,N,207,1,1,0,0,0,0,0,3,4,0,1,7,,N,,,,,,,,,,,
2020027758,1247.0,0,0,0,0,0,0,0,0,0,8,0,,67,3,2020,4,39.961,-75.2457,1240.0,6,0,0,0,0,0,0,1,0,,0,0,0.0,12,1,1,0,,0,39 57:39.651,,0,75 14:44.533,3,0,0,0,67301,1,0,0,N,1,0,0,2,67301,0,,1,1,,N,N,,1,,1,0,0,0,0,,1237,1,2,0,0,1,0,0,3,4,0,1,3,,N,,,,,,,,,,,
2020027390,1440.0,1,0,0,0,0,0,0,0,0,4,0,,67,2,2020,4,39.9882,-75.2327,1436.0,6,0,0,0,0,0,1,0,0,,1,0,0.0,14,1,0,2,,0,39 59:17.397,,0,75 13:57.597,1,1,0,1,67301,0,0,0,N,0,0,0,2,67301,0,2.0,1,1,,N,N,N,0,0.0,0,0,0,0,0,,1432,0,2,0,0,0,0,0,3,4,0,2,3,3.0,N,,,,,,,,,,,
2020027179,1255.0,1,0,0,0,0,0,0,0,0,2,0,,67,3,2020,7,40.0314,-75.1548,1255.0,6,0,0,0,0,0,0,0,0,,0,0,0.0,12,1,1,1,,0,40 01:53.219,,0,75 09:17.182,8,0,0,0,67301,0,0,0,N,0,0,0,2,67301,0,,1,1,,N,N,,0,,0,0,1,3,2,,1230,1,2,0,0,0,1,1,3,4,0,2,3,,N,,,,,,,,,,,
2020027809,17.0,2,0,0,0,0,0,0,0,0,1,0,,67,3,2020,7,39.9583,-75.1655,16.0,6,0,0,0,0,0,0,0,0,,0,0,0.0,23,3,1,6,,0,39 57:30.005,,2,75 09:55.764,4,0,0,0,67301,0,0,0,N,0,0,0,3,68K01,1,,1,1,,N,N,,0,,0,0,0,0,0,,2326,1,2,0,0,0,0,0,3,4,0,2,3,3.0,N,,,,,,,,,,,
2020026854,1904.0,1,0,0,0,0,0,0,0,0,8,0,,67,3,2020,6,39.9968,-75.1291,1855.0,6,0,0,0,0,0,0,0,0,,0,0,0.0,18,3,2,0,,2,39 59:48.380,2.0,0,75 07:44.790,3,0,0,0,67301,1,0,0,N,1,0,0,2,67301,0,,1,1,,N,N,,0,,2,0,0,0,0,Y,1850,2,2,0,0,1,0,0,3,4,0,1,3,,N,,,,,,,,,,,
2020045956,1259.0,0,0,0,0,0,0,0,0,0,7,0,,67,5,2020,1,39.9628,-75.1391,1247.0,6,0,0,0,0,0,0,0,0,,0,0,0.0,12,1,1,0,,1,39 57:46.105,1.0,0,75 08:20.639,3,0,0,1,67301,0,0,0,N,0,0,0,1,68K01,0,,2,1,,N,N,,0,,1,0,0,0,0,N,1247,1,2,0,0,0,0,0,3,4,0,1,3,,N,,,,,,,,,,,
2020027637,748.0,1,0,0,0,0,0,0,0,0,1,0,,67,3,2020,5,40.009,-75.0686,748.0,6,0,0,0,0,0,0,0,0,,0,0,0.0,7,1,0,0,,1,40 00:32.415,2.0,0,75 04:06.881,0,0,0,0,67301,0,0,0,N,0,0,0,2,68K01,0,,1,1,,N,N,,1,,0,0,0,0,0,N,726,0,2,0,0,1,0,0,3,4,0,2,4,4.0,N,,,,,,,,,,,
2020026804,1252.0,1,0,0,0,0,0,0,0,0,7,0,,67,2,2020,1,39.9562,-75.1807,1237.0,6,0,0,0,0,0,0,0,0,,0,0,0.0,0,3,0,0,,2,39 57:22.196,3.0,0,75 10:50.401,0,0,0,0,67301,0,0,0,N,0,0,0,2,68K01,0,,4,1,,N,N,,0,,0,0,0,0,0,N,37,0,1,0,0,0,0,0,3,4,0,1,3,3.0,N,,,,,,,,,,,
2020027170,2345.0,2,0,0,0,0,0,0,0,0,4,0,,67,3,2020,2,39.8996,-75.2077,2336.0,6,0,0,0,0,0,2,0,0,,0,0,0.0,23,3,0,0,,2,39 53:58.409,4.0,3,75 12:27.807,0,0,0,0,67301,0,0,0,N,0,0,0,3,67301,0,,1,1,,N,N,,0,,0,0,1,0,0,Y,2333,0,3,0,0,1,0,0,3,4,0,3,3,3.0,N,,,,,,,,,,,
2020027281,1635.0,0,0,0,0,0,0,0,0,0,1,1,,67,3,2020,3,39.9877,-75.0897,1604.0,6,0,0,0,0,0,0,0,0,,0,1,0.0,16,1,0,0,,1,39 59:15.663,2.0,0,75 05:23.075,0,0,0,0,67301,0,0,0,N,0,0,0,4,68K01,0,,1,1,,N,N,,0,,0,0,1,0,0,N,1602,0,2,0,0,0,0,0,3,4,0,2,3,,N,,,,,,,,,,,
2020027431,1614.0,2,0,0,0,0,0,0,0,0,1,0,,67,2,2020,4,39.9255,-75.1469,1609.0,6,0,0,0,0,0,0,1,0,,0,0,0.0,16,1,0,0,,1,39 55:31.742,1.0,0,75 08:48.849,0,0,0,0,67301,0,0,0,N,0,0,0,2,68K01,0,,1,1,,N,N,,0,,0,0,0,0,0,N,1609,0,2,0,0,1,0,0,3,4,0,2,3,,N,,,,,,,,,,,
2020043258,20.0,2,0,0,0,0,0,0,0,0,4,0,,67,5,2020,1,39.9909,-75.1551,14.0,6,0,0,0,0,0,0,0,0,,1,0,0.0,0,3,1,1,,2,39 59:27.119,5.0,0,75 09:18.941,1,1,0,1,67301,0,0,0,N,0,0,0,3,67301,0,2.0,1,1,250.0,N,N,N,0,0.0,0,0,0,3,2,Y,12,1,3,0,0,0,1,0,3,4,0,3,3,,N,,,,,,,,,,,
2020027939,1837.0,0,0,0,0,0,0,0,0,0,4,0,,67,3,2020,5,39.9804,-75.1286,1835.0,6,0,0,0,0,0,0,0,0,,0,0,0.0,18,1,2,0,,2,39 58:49.605,5.0,0,75 07:42.986,4,0,0,0,67301,0,0,0,N,0,0,0,2,67301,2,,1,1,,N,N,,0,,0,0,3,0,0,Y,1830,2,3,0,0,0,0,0,3,4,0,3,4,,N,,,,,,,,,,,
2020027482,2353.0,2,0,0,0,0,0,0,0,0,1,0,,67,3,2020,7,39.9517,-75.1415,2348.0,6,0,0,0,0,0,0,0,0,,0,0,0.0,23,3,1,7,,1,39 57:06.151,1.0,2,75 08:29.297,8,0,0,0,67301,0,0,0,N,0,0,0,4,68K01,0,,1,1,,N,N,,0,,0,0,0,0,0,N,2345,1,2,0,0,0,1,0,3,4,0,2,3,3.0,N,,,,,,,,,,,
2020027622,656.0,1,0,0,0,0,0,0,0,0,4,0,,67,3,2020,4,39.9916,-75.0859,652.0,6,0,0,1,0,0,1,0,0,,0,0,0.0,6,1,1,0,,1,39 59:29.897,1.0,0,75 05:09.281,3,0,0,0,67301,0,0,0,N,0,0,0,4,68K01,0,,1,1,,N,N,,0,,1,0,3,0,0,N,652,1,4,0,0,0,0,0,3,4,0,4,3,3.0,N,,,,,,,,,,,
2020042302,530.0,1,0,0,0,0,0,0,0,0,2,0,,67,5,2020,6,39.9577,-75.1624,502.0,6,0,0,0,0,0,2,0,0,,0,0,0.0,5,5,0,1,,0,39 57:27.710,,0,75 09:44.921,0,0,0,0,67301,0,0,0,N,0,0,0,2,67301,0,,1,9,,N,N,,0,,0,0,1,3,2,,500,0,2,0,0,0,0,0,3,4,0,2,7,,N,,,,,,,,,,,
2020047532,2143.0,2,0,0,0,0,0,0,0,0,5,0,,67,6,2020,3,39.9423,-75.2338,2142.0,6,0,0,0,0,0,1,0,0,,0,0,0.0,21,3,1,1,,1,39 56:32.369,4.0,0,75 14:01.754,3,0,0,1,67301,0,0,0,N,0,0,0,2,67301,0,,1,1,,N,N,,0,,1,0,0,3,2,Y,2142,1,3,0,0,0,0,0,3,4,0,3,3,98.0,N,,,,,,,,,,,
2020002534,525.0,0,0,0,0,0,0,0,0,0,8,0,,67,1,2020,6,40.0725,-75.0333,520.0,6,0,0,0,0,0,0,0,0,,0,0,0.0,5,3,1,0,,0,40 04:21.148,,7,75 01:59.892,3,0,0,0,67301,1,0,0,N,1,0,0,2,67301,0,,1,9,,N,N,,0,,1,0,0,0,0,,500,1,2,0,0,0,0,0,3,4,0,1,7,7.0,N,,,,,,,,,,,
2020026673,2340.0,1,0,0,0,0,0,0,0,0,5,0,,67,3,2020,7,40.1052,-75.0328,2330.0,6,0,0,0,0,0,1,1,0,,0,0,0.0,23,3,0,1,,0,40 06:18.580,,0,75 01:58.246,0,0,0,0,67301,0,0,0,N,0,0,0,3,67301,0,,1,1,,N,N,,0,,0,0,1,3,2,,2324,0,2,0,0,0,0,0,3,4,0,2,3,3.0,N,,,,,,,,,,,
2020026958,1830.0,0,0,0,0,0,0,0,0,0,4,0,,67,3,2020,7,40.0808,-75.0286,1830.0,6,0,0,0,0,0,0,0,0,,0,0,0.0,2,3,1,1,,0,40 04:51.077,,0,75 01:43.585,3,0,0,0,67301,0,0,0,N,0,0,0,3,67301,0,,1,99,,N,N,,0,,1,0,1,3,2,,230,1,2,0,0,0,0,1,3,4,0,2,99,,N,,,,,,,,,,,
2020026093,1534.0,1,0,0,0,0,0,0,0,0,5,0,,67,3,2020,6,39.9553,-75.1999,1534.0,6,0,0,0,0,0,0,0,0,,0,0,0.0,15,1,0,0,,0,39 57:19.229,,0,75 11:59.656,0,0,0,0,67301,6,0,0,N,0,0,0,7,67504,0,,6,1,,N,N,,1,,0,0,0,0,0,,1534,0,2,0,0,0,0,0,3,4,0,2,3,,N,,,,,,,,,,,
2020026260,1927.0,2,0,0,0,0,0,0,0,0,4,0,,67,3,2020,6,40.0485,-75.0937,1918.0,6,0,0,0,0,0,0,0,0,,0,0,0.0,17,4,0,1,,0,40 02:54.566,,0,75 05:37.204,0,0,0,0,67301,0,0,0,N,0,0,0,2,67301,0,,1,1,,N,N,,0,,0,0,0,3,3,,1758,0,2,0,0,2,0,0,3,4,0,2,3,,N,,,,,,,,,,,
2020027388,1040.0,0,0,0,0,0,0,0,0,0,0,0,,67,2,2020,3,39.9196,-75.2033,1035.0,6,0,0,0,0,0,0,0,0,,1,0,0.0,10,1,1,0,N,1,39 55:10.599,4.0,3,75 12:11.754,1,0,0,0,67301,0,0,0,N,0,0,0,2,67301,0,1.0,1,9,1134.0,N,N,N,0,0.0,1,0,1,0,0,N,1034,1,1,1,0,1,0,0,3,4,0,1,7,4.0,N,,,,,,,,,,,
2020026727,1316.0,2,0,0,0,0,0,0,0,0,4,0,,67,3,2020,6,39.9378,-75.2275,1313.0,6,0,0,0,0,0,0,0,0,,0,0,0.0,13,1,1,0,,2,39 56:16.220,1.0,0,75 13:39.070,4,0,0,0,67301,0,0,0,N,0,0,0,1,67301,1,,1,1,,N,N,,0,,0,0,0,0,0,Y,1312,1,2,0,0,0,0,0,3,4,0,2,3,3.0,N,,,,,,,,,,,
2020036498,1820.0,2,0,0,0,0,0,0,0,0,2,0,,67,5,2020,1,39.999,-75.0863,1816.0,6,0,0,0,0,0,1,0,0,,0,0,0.0,18,1,0,0,,0,39 59:56.474,,3,75 05:10.788,9,0,0,0,67301,0,0,0,N,0,0,0,2,67301,0,,1,1,,N,N,,0,,0,0,0,0,0,,1810,0,2,0,0,0,0,2,3,4,0,2,3,3.0,N,,,,,,,,,,,
2021002244,,1,0,0,0,0,0,0,0,0,4,0,,67,2,2020,6,40.0291,-75.0899,,6,0,0,0,1,0,0,0,0,,0,0,0.0,13,1,2,1,,0,40 01:44.838,,0,75 05:23.706,8,0,0,0,67301,0,0,0,N,0,0,0,3,00000,0,,1,1,,,,N,0,,0,0,1,3,2,,1330,2,2,0,0,0,2,0,3,4,0,2,3,,N,,,,,,,,,,,
2021006492,2009.0,2,0,0,0,0,0,0,0,0,4,0,,67,11,2020,5,40.0126,-75.1408,2007.0,6,0,0,0,0,0,0,0,0,,0,0,0.0,20,3,1,1,,0,40 00:45.378,,0,75 08:26.717,4,0,0,0,67301,0,0,0,N,0,0,0,4,67301,1,,1,9,,N,N,N,0,,0,0,2,3,3,,2007,1,4,0,0,3,0,0,3,4,0,4,7,4.0,N,,,,,,,,,,,
2021006491,1702.0,3,0,0,0,0,0,0,0,0,4,0,,67,11,2020,3,39.9976,-75.1468,1701.0,6,0,0,0,0,0,0,1,0,,0,0,0.0,17,3,3,1,,2,39 59:51.511,7.0,0,75 08:48.429,3,0,0,0,67301,0,0,0,N,0,0,0,4,67301,1,,1,1,1730.0,N,N,N,0,,2,0,0,3,3,N,1700,3,3,0,0,0,0,0,3,4,0,3,3,3.0,N,,,,,,,,,,,
2021004307,955.0,1,0,0,0,0,0,0,0,0,5,1,,67,12,2020,4,39.9602,-75.1806,943.0,6,0,0,0,0,0,1,0,0,,0,1,0.0,9,1,1,0,N,1,39 57:36.808,4.0,3,75 10:50.320,4,0,0,0,67301,0,0,0,N,0,0,0,2,68K01,1,,1,1,1000.0,N,N,N,0,,0,0,0,0,0,Y,942,1,2,0,0,0,0,0,3,4,0,2,3,,N,,,,,,,,,,,
2021002309,1600.0,1,0,0,0,0,0,0,0,0,4,0,,67,5,2020,7,40.0246,-75.1804,,6,0,0,0,0,0,0,0,0,,0,0,0.0,16,1,1,0,N,0,40 01:28.455,,7,75 10:49.559,8,0,0,0,67301,0,0,0,N,0,0,0,2,00000,0,,1,1,,,,N,0,,0,0,1,3,3,,1600,1,2,0,0,0,1,0,3,4,0,2,3,,N,,,,,,,,,,,
2021001128,246.0,2,0,1,0,0,0,0,0,0,1,0,45.0,67,11,2020,4,40.0096,-75.065,238.0,6,0,0,0,0,0,0,1,0,,0,0,0.0,2,3,1,0,N,2,40 00:34.081,1.0,0,75 03:55.465,2,0,0,0,67301,0,0,0,N,0,0,0,2,68K01,0,,1,1,530.0,N,N,N,0,,0,1,0,0,0,N,221,1,2,0,0,0,0,0,3,4,0,2,3,,Y,4.0,1.0,Y,N,N,N,N,N,N,Y,N
2021003670,2304.0,1,0,0,0,0,0,0,0,0,4,0,,67,11,2020,4,40.0145,-75.1311,2244.0,6,0,0,0,0,0,0,0,0,,0,0,0.0,22,3,0,5,,1,40 00:52.264,4.0,0,75 07:52.028,0,0,0,0,67301,0,0,0,N,0,0,0,3,67301,0,,1,9,2335.0,N,N,N,0,,0,0,0,3,2,N,2236,0,2,0,0,0,0,0,3,4,0,2,7,7.0,N,,,,,,,,,,,