CRN,ARRIVAL_TM,AUTOMOBILE_COUNT,BELTED_DEATH_COUNT,BELTED_SUSP_SERIOUS_INJ_COUNT,BICYCLE_COUNT,BICYCLE_DEATH_COUNT,BICYCLE_SUSP_SERIOUS_INJ_COUNT,BUS_COUNT,CHLDPAS_DEATH_COUNT,CHLDPAS_SUSP_SERIOUS_INJ_COUNT,COLLISION_TYPE,COMM_VEH_COUNT,CONS_ZONE_SPD_LIM,COUNTY,CRASH_MONTH,CRASH_YEAR,DAY_OF_WEEK,DEC_LAT,DEC_LONG,DISPATCH_TM,DISTRICT,DRIVER_COUNT_16YR,DRIVER_COUNT_17YR,DRIVER_COUNT_18YR,DRIVER_COUNT_19YR,DRIVER_COUNT_20YR,DRIVER_COUNT_50_64YR,DRIVER_COUNT_65_74YR,DRIVER_COUNT_75PLUS,EST_HRS_CLOSED,FATAL_COUNT,HEAVY_TRUCK_COUNT,HORSE_BUGGY_COUNT,HOUR_OF_DAY,ILLUMINATION,INJURY_COUNT,INTERSECT_TYPE,INTERSECTION_RELATED,LANE_CLOSED,LATITUDE,LN_CLOSE_DIR,LOCATION_TYPE,LONGITUDE,MAX_SEVERITY_LEVEL,MCYCLE_DEATH_COUNT,MCYCLE_SUSP_SERIOUS_INJ_COUNT,MOTORCYCLE_COUNT,MUNICIPALITY,NONMOTR_COUNT,NONMOTR_DEATH_COUNT,NONMOTR_SUSP_SERIOUS_INJ_COUNT,NTFY_HIWY_MAINT,PED_COUNT,PED_DEATH_COUNT,PED_SUSP_SERIOUS_INJ_COUNT,PERSON_COUNT,POLICE_AGCY,POSSIBLE_INJ_COUNT,RDWY_SURF_TYPE_CD,RELATION_TO_ROAD,ROAD_CONDITION,ROADWAY_CLEARED,SCH_BUS_IND,SCH_ZONE_IND,SECONDARY_CRASH,SMALL_TRUCK_COUNT,SPEC_JURIS_CD,SUSP_MINOR_INJ_COUNT,SUSP_SERIOUS_INJ_COUNT,SUV_COUNT,TCD_FUNC_CD,TCD_TYPE,TFC_DETOUR_IND,TIME_OF_DAY,TOT_INJ_COUNT,TOTAL_UNITS,UNB_DEATH_COUNT,UNB_SUSP_SERIOUS_INJ_COUNT,UNBELTED_OCC_COUNT,UNK_INJ_DEG_COUNT,UNK_INJ_PER_COUNT,URBAN_AREA,URBAN_RURAL,VAN_COUNT,VEHICLE_COUNT,WEATHER1,WEATHER2,WORK_ZONE_IND,WORK_ZONE_LOC,WORK_ZONE_TYPE,WORKERS_PRES,WZ_CLOSE_DETOUR,WZ_FLAGGER,WZ_LAW_OFFCR_IND,WZ_LN_CLOSURE,WZ_MOVING,WZ_OTHER,WZ_SHLDER_MDN,WZ_WORKERS_INJ_KILLED
2021004122,1545.0,2,0,0,0,0,0,0,0,0,4,0,,67,5,2020,1,40.0551,-75.1766,,6,0,0,0,0,0,1,0,0,,0,0,0.0,15,1,1,1,,0,40 03:18.444,,0,75 10:35.869,8,0,0,0,67301,0,0,0,N,0,0,0,2,00000,0,,1,1,,,,N,0,,0,0,0,3,3,,1545,1,2,0,0,0,1,0,3,4,0,2,3,,N,,,,,,,,,,,
2021004293,715.0,1,0,0,0,0,0,0,0,0,1,0,,67,12,2020,3,40.0383,-75.0097,645.0,6,0,0,0,0,0,0,0,0,,0,0,0.0,6,3,1,0,N,0,40 02:18.050,,0,75 00:35.099,8,0,0,0,67301,0,0,0,N,0,0,0,3,68K01,0,,1,9,,N,N,N,0,,0,0,2,0,0,,645,1,3,0,0,0,1,0,3,4,0,3,7,3.0,N,,,,,,,,,,,
2021002653,1530.0,2,0,0,0,0,0,0,0,0,1,0,,67,5,2020,3,40.062,-75.1372,,6,0,0,0,0,0,0,0,0,,0,0,0.0,15,1,1,0,N,0,40 03:43.314,,0,75 08:14.008,8,0,0,0,67301,0,0,0,N,0,0,0,2,00000,0,,1,1,,,,N,0,,0,0,0,3,2,,1530,1,2,0,0,0,1,0,3,4,0,2,3,,N,,,,,,,,,,,
2021002296,,1,0,0,0,0,0,0,0,0,4,0,,67,3,2020,5,40.0439,-75.0786,,6,0,0,0,0,0,0,0,0,,0,0,0.0,20,1,1,1,,0,40 02:38.062,,0,75 04:42.861,8,0,0,0,67301,0,0,0,N,0,0,0,2,00000,0,,1,1,,,,N,0,,0,0,1,3,3,,2030,1,2,0,0,0,1,0,3,4,0,2,3,,N,,,,,,,,,,,
2021002295,,2,0,0,0,0,0,0,0,0,1,0,,67,2,2020,6,39.8867,-75.2429,,6,0,0,0,0,0,0,0,0,,0,0,0.0,18,1,1,0,N,0,39 53:12.273,,0,75 14:34.301,8,0,0,0,67301,0,0,0,N,0,0,0,2,00000,0,,1,1,,,,N,0,,0,0,0,0,0,,1800,1,2,0,0,0,1,0,3,4,0,2,3,,N,,,,,,,,,,,
2021002250,,2,0,0,0,0,0,0,0,0,1,0,,67,2,2020,6,39.9451,-75.1617,,6,0,0,0,0,0,0,0,0,,0,0,0.0,20,1,1,0,N,0,39 56:42.500,,0,75 09:41.970,8,0,0,0,67301,0,0,0,N,0,0,0,2,00000,0,,1,1,,,,N,0,,0,0,0,0,0,,2030,1,2,0,0,0,1,0,3,4,0,2,3,,N,,,,,,,,,,,
2021004117,720.0,1,0,0,0,0,0,0,0,0,4,0,,67,6,2020,3,39.9689,-75.1599,,6,0,0,0,0,0,0,0,0,,0,0,0.0,7,1,0,1,,0,39 58:08.176,,0,75 09:35.694,0,0,0,0,67301,0,0,0,N,0,0,0,2,00000,0,,1,1,,,,N,0,,0,0,1,3,2,,720,0,2,0,0,0,0,0,3,4,0,2,3,,N,,,,,,,,,,,
2021004118,1203.0,1,0,0,0,0,0,0,0,0,7,0,,67,12,2020,4,39.8913,-75.2286,1144.0,6,0,0,0,0,0,1,0,0,,1,0,0.0,11,8,0,0,N,1,39 53:28.740,4.0,0,75 13:43.065,1,0,0,0,67301,0,0,0,N,0,0,0,1,67301,0,2.0,5,99,1500.0,N,N,N,0,0.0,0,0,0,0,0,Y,1143,0,1,0,0,0,0,0,3,4,0,1,99,98.0,N,,,,,,,,,,,
2021002298,,1,0,0,0,0,0,0,0,0,4,0,,67,5,2020,7,40.0506,-75.1775,,6,0,0,0,0,0,0,0,0,,0,0,0.0,13,1,1,1,,0,40 03:02.195,,0,75 10:38.823,8,0,0,0,67301,0,0,0,N,0,0,0,2,00000,0,,1,1,,,,N,0,,0,0,1,3,3,,1300,1,2,0,0,0,1,0,3,4,0,2,3,,N,,,,,,,,,,,
2021002377,1345.0,1,0,0,0,0,0,0,0,0,4,0,,67,5,2020,3,40.0809,-75.0288,,6,0,0,0,0,0,0,0,0,,0,0,0.0,13,1,1,1,,0,40 04:51.445,,0,75 01:43.230,8,0,0,0,67301,0,0,0,N,0,0,0,2,00000,0,,1,1,,,,N,0,,0,0,1,3,2,,1345,1,2,0,0,0,1,0,3,4,0,2,3,,N,,,,,,,,,,,
2021004302,707.0,1,0,0,0,0,0,0,0,0,7,0,,67,12,2020,2,39.9976,-75.0816,644.0,6,0,0,0,0,0,0,0,0,,0,0,0.0,6,1,0,3,N,1,39 59:51.182,1.0,2,75 04:53.908,0,0,0,0,67301,0,0,0,Y,0,0,0,1,68K01,0,,4,1,707.0,N,N,N,0,,0,0,0,0,0,Y,632,0,1,0,0,0,0,0,3,4,0,1,3,,N,,,,,,,,,,,
2021002241,,0,0,0,0,0,0,0,0,0,1,0,,67,3,2020,7,39.9239,-75.2221,,6,0,0,0,0,0,1,0,0,,0,0,0.0,16,1,1,1,,0,39 55:26.137,,0,75 13:19.522,8,0,0,0,67301,0,0,0,N,0,0,0,2,00000,0,,1,1,,,,N,0,,0,0,1,3,3,,1601,1,2,0,0,0,1,0,3,4,1,2,3,,N,,,,,,,,,,,
2021002652,,0,0,0,0,0,0,0,0,0,6,0,,67,4,2020,5,40.0633,-75.2005,,6,0,0,0,0,0,0,0,0,,0,0,0.0,18,1,1,0,N,0,40 03:48.000,,0,75 12:01.800,8,0,0,0,67301,0,0,0,N,0,0,0,2,00000,0,,1,1,,,,N,1,,0,0,1,0,0,,1828,1,2,0,0,0,1,0,3,4,0,2,3,,N,,,,,,,,,,,
2021002654,2300.0,1,0,0,0,0,0,0,0,0,5,0,,67,5,2020,7,39.9899,-75.2058,,6,0,0,0,0,0,0,0,0,,0,0,0.0,23,3,2,0,N,0,39 59:23.704,,0,75 12:20.900,8,0,0,0,67301,0,0,0,N,0,0,0,3,00000,0,,1,1,,,,N,0,,0,0,0,0,0,,2300,2,2,0,0,0,2,0,3,4,0,2,3,,N,,,,,,,,,,,
2021003427,950.0,0,0,0,0,0,0,2,0,0,7,2,,67,12,2020,2,39.9526,-75.1657,945.0,6,0,0,0,0,0,1,0,0,,0,0,0.0,9,1,10,0,Y,1,39 57:09.531,3.0,0,75 09:56.682,4,0,0,0,67301,0,0,0,N,0,0,0,10,67508,10,,4,9,9999.0,N,N,Y,0,,0,0,0,3,2,N,945,10,2,0,0,0,0,0,3,4,0,2,7,7.0,N,,,,,,,,,,,
2021004479,2300.0,2,0,0,0,0,0,0,0,0,1,0,,67,6,2020,2,40.0394,-75.1102,,6,0,0,0,0,0,1,0,0,,0,0,0.0,23,3,1,0,Y,0,40 02:21.913,,0,75 06:36.561,8,0,0,0,67301,0,0,0,N,0,0,0,2,00000,0,,1,1,,,,N,0,,0,0,0,3,2,,2300,1,2,0,0,0,1,0,3,4,0,2,3,,N,,,,,,,,,,,
2021004457,1400.0,0,0,0,0,0,0,0,0,0,5,0,,67,6,2020,6,40.0178,-75.1717,,6,0,0,0,0,0,1,0,0,,0,0,0.0,14,1,3,0,N,0,40 01:04.175,,0,75 10:17.945,8,0,0,0,67301,0,0,0,N,0,0,0,4,00000,0,,1,1,,,,N,0,,0,0,1,0,0,,1400,3,2,0,0,0,3,0,3,4,1,2,3,,N,,,,,,,,,,,
2021002655,1400.0,2,0,0,0,0,0,0,0,0,4,0,,67,5,2020,2,39.9853,-75.1663,,6,0,0,0,0,0,0,0,0,,0,0,0.0,14,1,2,2,,0,39 59:07.134,,0,75 09:58.510,8,0,0,0,67301,0,0,0,N,0,0,0,3,00000,0,,1,1,,,,N,0,,0,0,0,3,3,,1400,2,2,0,0,0,2,0,3,4,0,2,3,,N,,,,,,,,,,,
2021002723,1400.0,0,0,0,0,0,0,0,0,0,5,0,,67,5,2020,4,39.9632,-75.1671,,6,0,0,0,0,0,2,0,0,,0,0,0.0,14,1,0,0,N,0,39 57:47.565,,0,75 10:01.676,0,0,0,0,67301,0,0,0,N,0,0,0,2,00000,0,,1,1,,,,N,0,,0,0,1,0,0,,1400,0,2,0,0,0,0,0,3,4,1,2,3,,N,,,,,,,,,,,
2021025520,2230.0,2,0,0,0,0,0,0,0,0,4,0,,67,11,2020,6,40.0217,-75.1127,2228.0,6,0,0,0,0,1,0,0,0,,0,0,0.0,22,3,1,1,,0,40 01:18.010,,0,75 06:45.592,8,0,0,0,67301,0,0,0,N,0,0,0,3,67301,0,,1,1,,N,N,N,0,,0,0,0,0,0,,2214,1,2,0,0,0,1,0,3,4,0,2,3,3.0,N,,,,,,,,,,,
2021003929,822.0,2,0,0,0,0,0,0,0,0,4,0,,67,11,2020,5,39.9829,-75.2079,818.0,6,0,0,0,0,0,0,0,0,,0,0,0.0,8,1,1,0,N,1,39 58:58.482,4.0,0,75 12:28.425,3,0,0,0,67301,0,0,0,N,0,0,0,1,68K01,0,,1,1,905.0,N,N,N,0,,1,0,0,0,0,Y,813,1,2,0,0,0,0,0,3,4,0,2,3,,N,,,,,,,,,,,
2021002718,2200.0,1,0,0,0,0,0,0,0,0,4,0,,67,5,2020,5,39.9908,-75.1237,,6,0,0,0,0,0,0,0,0,,0,0,0.0,22,3,1,3,,0,39 59:26.934,,1,75 07:25.154,8,0,0,0,67301,0,0,0,N,0,0,0,2,00000,0,,1,1,,,,N,0,,0,0,0,0,0,,2200,1,2,0,0,0,1,0,3,4,0,2,3,,N,,,,,,,,,,,
2021004140,2100.0,0,0,0,0,0,0,0,0,0,7,0,,67,5,2020,1,39.9815,-75.2241,,6,0,0,0,0,0,0,0,0,,0,0,0.0,21,1,1,1,,0,39 58:53.467,,0,75 13:26.630,8,0,0,0,67301,0,0,0,N,0,0,0,1,00000,0,,4,1,,,,N,0,,0,0,1,3,2,,2100,1,2,0,0,0,1,0,3,4,0,1,3,,N,,,,,,,,,,,
2021003933,1430.0,1,0,0,0,0,0,0,0,0,1,0,,67,12,2020,5,39.9628,-75.1832,1430.0,6,0,0,0,0,0,0,0,0,,0,0,0.0,13,1,1,0,N,0,39 57:46.012,,0,75 10:59.656,4,0,0,0,67301,0,0,0,N,0,0,0,4,68K01,1,,1,1,,N,N,N,0,,0,0,1,0,0,,1359,1,2,0,0,0,0,0,3,4,0,2,3,3.0,N,,,,,,,,,,,
2021003718,2230.0,2,0,0,0,0,0,0,0,0,6,0,,67,3,2020,4,40.0129,-75.2045,,6,0,0,0,0,0,0,0,0,,0,0,0.0,22,3,0,3,,0,40 00:43.900,,2,75 12:16.700,0,0,0,0,67301,0,0,0,N,0,0,0,2,00000,0,,1,1,,,,N,0,,0,0,0,0,0,,2230,0,2,0,0,0,0,0,3,4,0,2,3,,N,,,,,,,,,,,
2021004115,1830.0,1,0,0,0,0,0,0,0,0,5,0,,67,5,2020,7,39.8991,-75.1794,,6,0,0,0,0,0,0,0,0,,0,0,0.0,18,1,1,0,N,0,39 53:56.777,,8,75 10:45.787,8,0,0,0,67301,0,0,0,N,0,0,0,2,00000,0,,1,1,,,,Y,0,,0,0,0,0,0,,1830,1,2,0,0,0,1,0,3,4,0,2,3,,N,,,,,,,,,,,
2021014836,1216.0,1,0,0,0,0,0,0,0,0,4,0,,67,11,2020,4,39.9674,-75.2457,1216.0,6,0,0,0,0,0,0,0,0,,0,0,0.0,12,1,2,1,,0,39 58:02.410,,0,75 14:45.030,4,0,0,0,67301,0,0,0,N,0,0,0,5,67301,2,,1,9,,N,N,N,0,,0,0,1,3,2,,1216,2,2,0,0,0,0,0,3,4,0,2,4,4.0,N,,,,,,,,,,,
2021003669,2031.0,0,0,0,0,0,0,0,0,0,4,0,,67,11,2020,6,40.0086,-75.1391,1917.0,6,0,0,0,0,0,0,0,0,,0,0,0.0,19,3,1,0,N,9,40 00:30.790,,0,75 08:20.660,3,0,0,0,67301,0,0,0,N,0,0,0,2,67301,0,,1,1,,N,N,Y,0,,1,0,2,3,2,U,1917,1,2,0,0,0,0,0,3,4,0,2,3,,N,,,,,,,,,,,
2021002247,,2,0,0,0,0,0,0,0,0,4,0,,67,3,2020,3,40.0809,-75.0288,,6,0,0,0,1,0,0,0,0,,0,0,0.0,16,1,0,1,,0,40 04:50.725,,0,75 01:42.964,0,0,0,0,67301,0,0,0,N,0,0,0,2,00000,0,,1,1,,,,N,0,,0,0,0,3,2,,1645,0,2,0,0,0,0,0,3,4,0,2,3,,N,,,,,,,,,,,
2021002235,,1,0,0,0,0,0,0,0,0,4,0,,67,4,2020,7,39.9704,-75.1605,,6,0,0,0,0,0,1,0,0,,0,0,0.0,21,1,0,1,,0,39 58:13.292,,0,75 09:37.979,0,0,0,0,67301,0,0,0,N,0,0,0,2,00000,0,,1,1,,,,N,0,,0,0,0,3,3,,2145,0,2,0,0,0,0,0,3,4,0,2,3,,N,,,,,,,,,,,
2021003541,1937.0,1,0,0,0,0,0,0,0,0,1,0,,67,11,2020,4,39.9842,-75.2083,1933.0,6,0,0,0,0,0,0,0,0,,0,0,0.0,19,3,3,0,N,1,39 59:02.952,3.0,0,75 12:29.993,3,0,0,0,67301,0,0,0,N,0,0,0,4,68K01,0,,1,1,1942.0,N,N,N,0,,3,0,0,0,0,N,1933,3,2,0,0,0,0,1,3,4,1,2,3,,N,,,,,,,,,,,
2021004113,2020.0,1,0,0,0,0,0,1,0,0,5,1,,67,12,2020,3,40.0493,-75.184,1951.0,6,0,0,0,0,0,0,0,0,,0,0,0.0,19,3,1,3,N,0,40 02:57.473,,0,75 11:02.255,8,0,0,0,67301,0,0,0,N,0,0,0,2,67508,0,,1,1,,N,N,Y,0,,0,0,0,0,0,,1951,1,2,0,0,0,1,0,3,4,0,2,3,3.0,N,,,,,,,,,,,
2021002251,,1,0,0,0,0,0,0,0,0,5,0,,67,3,2020,6,39.9623,-75.2447,,6,0,0,0,0,0,0,1,0,,0,0,0.0,14,1,0,0,N,0,39 57:44.100,,0,75 14:41.000,8,0,0,0,67301,0,0,0,N,0,0,0,2,00000,0,,1,1,,,,N,0,,0,0,1,0,0,,1445,1,2,0,0,0,1,0,3,4,0,2,3,,N,,,,,,,,,,,
2021039455,846.0,3,0,0,0,0,0,0,0,0,1,1,,67,8,2020,2,40.001,-75.1328,845.0,6,0,0,0,0,0,0,0,0,,0,1,0.0,8,1,1,0,N,2,40 00:03.760,2.0,0,75 07:58.090,3,0,0,0,67301,0,0,0,N,0,0,0,2,67301,0,,1,1,930.0,N,N,N,0,,1,0,2,0,0,Y,844,1,6,0,0,0,0,0,3,4,0,6,3,,N,,,,,,,,,,,
2021000455,1510.0,1,0,0,0,0,0,0,0,0,5,0,,67,12,2020,5,39.961,-75.1749,1509.0,6,0,0,0,0,0,0,1,0,,0,0,0.0,14,1,0,0,N,0,39 57:39.604,,0,75 10:29.475,0,0,0,0,67301,0,0,0,N,0,0,0,5,67301,0,,1,9,,N,N,N,0,,0,0,1,0,0,,1439,0,2,0,0,0,0,0,3,4,0,2,4,4.0,N,,,,,,,,,,,
2021021666,2210.0,2,0,0,0,0,0,0,0,0,4,0,,67,12,2020,5,39.9753,-75.2455,2207.0,6,0,0,0,0,0,0,0,0,,0,0,0.0,21,3,0,1,,0,39 58:31.077,,0,75 14:44.180,0,0,0,0,67301,0,0,0,N,0,0,0,2,67301,0,,1,2,,N,N,N,0,,0,0,0,3,2,,2137,0,2,0,0,0,0,0,3,4,0,2,4,4.0,N,,,,,,,,,,,
2020036341,258.0,1,0,0,0,0,0,0,0,0,8,0,,67,5,2020,2,39.9696,-75.2249,252.0,6,0,0,0,0,0,0,0,0,,0,0,0.0,0,3,1,0,,9,39 58:10.440,,0,75 13:29.460,8,0,0,0,67301,1,0,0,N,1,0,0,1,67301,0,,4,1,,N,N,,0,,0,0,0,0,0,U,21,1,2,0,0,0,1,0,3,4,0,1,3,3.0,N,,,,,,,,,,,
2020043729,1420.0,1,0,0,0,0,0,0,0,0,5,1,,67,6,2020,2,40.0262,-75.053,1420.0,6,0,0,0,0,0,0,0,0,,0,1,0.0,10,1,0,0,,0,40 01:34.220,,0,75 03:10.820,0,0,0,0,67301,0,0,0,N,0,0,0,1,67301,0,,6,1,,N,N,,0,,0,0,0,0,0,,1011,0,2,0,0,0,0,0,3,4,0,2,3,,N,,,,,,,,,,,
2020001535,245.0,2,0,0,0,0,0,0,0,0,1,0,,67,1,2020,4,40.0692,-75.0073,240.0,6,0,0,0,0,0,0,0,0,1.0,0,0,0.0,2,3,0,1,,1,40 04:09.018,6.0,0,75 00:26.111,0,0,0,0,67301,0,0,0,N,0,0,0,2,67301,0,,1,1,,N,N,,0,,0,0,0,3,2,N,230,0,2,0,0,0,0,0,3,4,0,2,3,,N,,,,,,,,,,,
2020001583,1643.0,1,0,0,0,0,0,0,0,0,4,0,,67,1,2020,6,40.0333,-75.0801,1633.0,6,0,0,0,0,0,1,0,0,,0,0,0.0,15,1,1,1,,0,40 01:59.916,,0,75 04:48.230,3,0,0,0,67301,0,0,0,N,0,0,0,4,67301,0,,1,9,,N,N,,0,,1,0,1,3,3,,1550,1,2,0,0,0,0,0,3,4,0,2,7,,N,,,,,,,,,,,
2020027739,807.0,1,0,0,0,0,0,0,0,0,4,1,,67,3,2020,3,40.0741,-75.1909,803.0,6,0,0,0,0,0,1,0,0,,0,1,0.0,8,1,1,1,,0,40 04:26.944,,0,75 11:26.887,3,0,0,0,67301,0,0,0,N,0,0,0,2,46108,0,,1,1,,N,N,,0,,1,0,0,0,0,,803,1,2,0,0,0,0,0,3,4,0,2,3,,N,,,,,,,,,,,
2020027259,1819.0,2,0,0,0,0,0,0,0,0,1,1,,67,3,2020,6,39.9586,-75.1684,1814.0,6,0,0,0,0,0,1,0,0,,0,0,0.0,18,1,2,0,,1,39 57:30.874,3.0,0,75 10:06.359,4,0,0,0,67301,0,0,0,N,0,0,0,5,68K01,2,,1,9,,N,N,,1,,0,0,1,0,0,N,1812,2,4,0,0,0,0,0,3,4,0,4,7,,N,,,,,,,,,,,
2020036490,1548.0,0,0,0,0,0,0,0,0,0,8,0,,67,5,2020,2,40.0497,-75.0955,1541.0,6,0,0,0,0,0,0,0,0,,0,0,0.0,15,1,1,0,,0,40 02:59.056,,0,75 05:43.665,4,0,0,0,67301,1,0,0,N,1,0,0,1,67301,1,,6,1,,N,N,,0,,0,0,1,0,0,,1509,1,2,0,0,0,0,0,3,4,0,1,3,,N,,,,,,,,,,,
2020036882,1810.0,0,0,0,0,0,0,0,0,0,5,0,,67,4,2020,5,40.0311,-75.0217,1757.0,6,0,0,0,0,0,1,0,0,,0,1,0.0,17,1,0,0,,2,40 01:51.962,2.0,0,75 01:18.163,0,0,0,0,67301,0,0,0,N,0,0,0,2,68K01,0,,1,9,,N,N,,1,,0,0,0,0,0,N,1754,0,2,0,0,0,0,0,3,4,0,2,7,7.0,N,,,,,,,,,,,
2020036883,2131.0,1,0,0,0,0,0,0,0,0,1,0,,67,4,2020,5,39.9489,-75.1853,2124.0,6,0,0,0,0,0,0,0,0,,0,0,0.0,21,3,0,0,,0,39 56:56.062,,0,75 11:07.188,9,0,0,0,67301,0,0,0,N,0,0,0,2,68K01,0,,1,9,,N,N,,0,,0,0,0,0,0,,2123,0,2,0,0,0,0,1,3,4,0,2,3,3.0,N,,,,,,,,,,,
2020003195,2205.0,0,0,0,0,0,0,0,0,0,5,0,,67,1,2020,3,39.9406,-75.2267,2200.0,6,0,0,0,0,0,0,0,0,,0,0,0.0,22,3,0,0,,0,39 56:26.030,,0,75 13:36.070,9,0,0,0,67301,0,0,0,N,0,0,0,1,67301,0,,6,9,,N,N,,0,,0,0,2,3,3,,2200,0,2,0,0,0,0,1,3,4,0,2,7,7.0,N,,,,,,,,,,,
2020002940,2020.0,2,0,0,0,0,0,0,0,0,4,0,,67,1,2020,2,39.9757,-75.2236,2015.0,6,0,0,0,0,0,0,0,0,,0,0,0.0,18,3,2,2,,0,39 58:32.662,,0,75 13:24.981,3,0,0,0,67301,0,0,0,N,0,0,0,3,67301,0,,1,1,,N,N,,0,,2,0,0,0,0,,1845,2,2,0,0,3,0,0,3,4,0,2,3,,N,,,,,,,,,,,
2020046029,740.0,1,0,0,0,0,0,0,0,0,4,0,,67,6,2020,6,40.0368,-75.0405,733.0,6,0,0,0,0,0,0,1,0,,0,0,0.0,7,1,1,1,,0,40 02:12.634,,0,75 02:25.798,8,0,0,0,67301,0,0,0,N,0,0,0,2,67301,0,,1,1,,N,N,,0,,0,0,1,3,2,,732,1,2,0,0,0,1,0,3,4,0,2,3,3.0,N,,,,,,,,,,,
2020027385,810.0,0,0,0,0,0,0,0,0,0,1,1,,67,3,2020,4,39.9494,-75.1409,759.0,6,0,0,0,0,0,0,0,0,,0,1,0.0,7,1,0,0,,0,39 56:57.881,,0,75 08:27.125,9,0,0,0,67301,0,0,0,N,0,0,0,1,67301,0,,6,1,,N,N,,0,,0,0,1,0,0,,710,0,2,0,0,0,0,1,3,4,0,2,3,3.0,N,,,,,,,,,,,
2020026216,1636.0,0,0,0,0,0,0,0,0,0,8,0,,67,3,2020,1,40.0365,-75.0414,1631.0,6,0,0,0,0,0,0,0,0,,0,0,0.0,14,1,1,0,,0,40 02:11.530,,0,75 02:28.996,3,0,0,0,67301,1,0,0,N,1,0,0,1,67301,0,,4,1,,N,N,,0,,1,0,1,0,0,,1400,1,2,0,0,0,0,0,3,4,0,1,3,3.0,N,,,,,,,,,,,
2020027386,145.0,1,0,0,0,0,0,0,0,0,2,0,,67,2,2020,7,39.9719,-75.19,143.0,6,0,0,0,0,0,0,0,0,,1,0,0.0,1,3,2,0,N,2,39 58:19.003,5.0,0,75 11:23.870,1,0,0,0,67301,0,0,0,N,0,0,0,3,67301,0,2.0,1,1,343.0,N,N,N,0,0.0,2,0,1,0,0,Y,140,2,2,1,0,1,0,0,3,4,0,2,3,,N,,,,,,,,,,,
2020027986,650.0,1,0,0,0,0,0,0,0,0,8,0,,67,3,2020,5,39.9525,-75.1773,640.0,6,0,0,0,0,0,0,0,0,,0,0,0.0,6,5,1,0,,1,39 57:09.146,4.0,0,75 10:38.267,3,0,0,0,67301,1,0,0,N,1,0,0,2,67301,0,,1,9,,N,N,,0,,1,0,0,0,0,N,630,1,2,0,0,0,0,0,3,4,0,1,7,4.0,N,,,,,,,,,,,
2020036629,32.0,1,0,0,0,0,0,0,0,0,2,0,,67,5,2020,6,39.9485,-75.1861,31.0,6,0,0,0,0,0,0,0,0,,0,0,0.0,0,3,0,0,,0,39 56:54.532,,0,75 11:10.123,0,0,0,0,67301,0,0,0,Y,0,0,0,1,68K01,0,,3,9,,N,N,,0,,0,0,0,0,0,,27,0,1,0,0,0,0,0,3,4,0,1,7,7.0,N,,,,,,,,,,,
2020036530,1538.0,0,0,0,0,0,0,1,0,0,6,1,,67,3,2020,2,40.0196,-75.1083,1537.0,6,0,0,0,1,0,1,0,0,,0,0,0.0,15,1,2,2,,1,40 01:10.380,3.0,0,75 06:29.969,8,0,0,0,67301,0,0,0,N,0,0,0,20,67301,0,,1,1,,Y,N,,0,,0,0,2,0,0,Y,1533,2,3,0,0,0,2,0,3,4,0,3,3,,N,,,,,,,,,,,
2020037455,144.0,1,0,0,0,0,0,0,0,0,0,0,,67,5,2020,6,40.027,-75.0261,134.0,6,0,0,0,0,0,0,0,0,,0,0,0.0,1,3,0,0,,0,40 01:37.110,,0,75 01:34.021,0,0,0,0,67301,0,0,0,N,0,0,0,1,68K01,0,,4,1,,N,N,,0,,0,0,0,0,0,,133,0,1,0,0,0,0,0,3,4,0,1,3,,N,,,,,,,,,,,
2020044544,2043.0,2,0,0,0,0,0,0,0,0,4,0,,67,6,2020,1,40.0104,-75.1391,2043.0,6,0,0,0,0,0,0,0,0,,0,0,0.0,20,3,0,0,,2,40 00:37.520,2.0,0,75 08:20.690,9,0,0,0,67301,0,0,0,N,0,0,0,1,67301,0,,6,1,,N,N,,1,,0,0,0,0,0,N,2015,0,3,0,0,0,0,1,3,4,0,3,3,3.0,N,,,,,,,,,,,
2020027231,1803.0,0,0,0,0,0,0,0,0,0,5,1,,67,2,2020,6,40.0112,-75.0617,1749.0,6,0,0,0,0,0,0,0,0,,0,1,0.0,17,3,0,0,,2,40 00:40.200,2.0,0,75 03:42.268,0,0,0,0,67301,0,0,0,N,0,0,0,4,68K01,0,,1,1,,N,N,,0,,0,0,2,0,0,N,1748,0,3,0,0,0,0,0,3,4,0,3,3,3.0,N,,,,,,,,,,,
2020027600,1302.0,1,0,0,0,0,0,0,0,0,1,0,55.0,67,2,2020,3,40.0543,-74.9858,1249.0,6,0,0,0,0,0,0,0,0,,0,0,0.0,12,1,0,0,,0,40 03:15.479,,0,74 59:08.712,0,0,0,0,67301,0,0,0,N,0,0,0,2,68K01,0,,1,1,,N,N,,0,,0,0,1,0,0,,1246,0,2,0,0,0,0,0,3,4,0,2,4,4.0,Y,8.0,2.0,Y,N,N,N,Y,Y,N,Y,
2020026349,1124.0,1,0,0,0,0,0,0,0,0,1,0,,67,3,2020,6,40.0889,-75.0207,1101.0,6,0,0,0,0,0,0,0,0,,0,0,0.0,10,1,1,1,,0,40 05:20.314,,0,75 01:15.336,8,0,0,0,67301,0,0,0,N,0,0,0,3,67301,0,,1,8,,N,N,,0,,0,0,1,3,2,,1035,1,2,0,0,0,1,0,3,4,0,2,7,7.0,N,,,,,,,,,,,