CRN,ARRIVAL_TM,AUTOMOBILE_COUNT,BELTED_DEATH_COUNT,BELTED_SUSP_SERIOUS_INJ_COUNT,BICYCLE_COUNT,BICYCLE_DEATH_COUNT,BICYCLE_SUSP_SERIOUS_INJ_COUNT,BUS_COUNT,CHLDPAS_DEATH_COUNT,CHLDPAS_SUSP_SERIOUS_INJ_COUNT,COLLISION_TYPE,COMM_VEH_COUNT,CONS_ZONE_SPD_LIM,COUNTY,CRASH_MONTH,CRASH_YEAR,DAY_OF_WEEK,DEC_LAT,DEC_LONG,DISPATCH_TM,DISTRICT,DRIVER_COUNT_16YR,DRIVER_COUNT_17YR,DRIVER_COUNT_18YR,DRIVER_COUNT_19YR,DRIVER_COUNT_20YR,DRIVER_COUNT_50_64YR,DRIVER_COUNT_65_74YR,DRIVER_COUNT_75PLUS,EST_HRS_CLOSED,FATAL_COUNT,HEAVY_TRUCK_COUNT,HORSE_BUGGY_COUNT,HOUR_OF_DAY,ILLUMINATION,INJURY_COUNT,INTERSECT_TYPE,INTERSECTION_RELATED,LANE_CLOSED,LATITUDE,LN_CLOSE_DIR,LOCATION_TYPE,LONGITUDE,MAX_SEVERITY_LEVEL,MCYCLE_DEATH_COUNT,MCYCLE_SUSP_SERIOUS_INJ_COUNT,MOTORCYCLE_COUNT,MUNICIPALITY,NONMOTR_COUNT,NONMOTR_DEATH_COUNT,NONMOTR_SUSP_SERIOUS_INJ_COUNT,NTFY_HIWY_MAINT,PED_COUNT,PED_DEATH_COUNT,PED_SUSP_SERIOUS_INJ_COUNT,PERSON_COUNT,POLICE_AGCY,POSSIBLE_INJ_COUNT,RDWY_SURF_TYPE_CD,RELATION_TO_ROAD,ROAD_CONDITION,ROADWAY_CLEARED,SCH_BUS_IND,SCH_ZONE_IND,SECONDARY_CRASH,SMALL_TRUCK_COUNT,SPEC_JURIS_CD,SUSP_MINOR_INJ_COUNT,SUSP_SERIOUS_INJ_COUNT,SUV_COUNT,TCD_FUNC_CD,TCD_TYPE,TFC_DETOUR_IND,TIME_OF_DAY,TOT_INJ_COUNT,TOTAL_UNITS,UNB_DEATH_COUNT,UNB_SUSP_SERIOUS_INJ_COUNT,UNBELTED_OCC_COUNT,UNK_INJ_DEG_COUNT,UNK_INJ_PER_COUNT,URBAN_AREA,URBAN_RURAL,VAN_COUNT,VEHICLE_COUNT,WEATHER1,WEATHER2,WORK_ZONE_IND,WORK_ZONE_LOC,WORK_ZONE_TYPE,WORKERS_PRES,WZ_CLOSE_DETOUR,WZ_FLAGGER,WZ_LAW_OFFCR_IND,WZ_LN_CLOSURE,WZ_MOVING,WZ_OTHER,WZ_SHLDER_MDN,WZ_WORKERS_INJ_KILLED
2020027389,308.0,1,0,0,0,0,0,0,0,0,8,0,,67,1,2020,1,39.9715,-75.2254,301.0,6,0,0,0,0,0,0,0,0,,0,0,0.0,3,3,1,2,,0,39 58:17.418,,0,75 13:31.357,2,0,0,0,67301,1,0,1,N,1,0,1,2,67301,0,,1,9,,N,N,N,0,,0,1,0,0,0,,300,1,2,0,0,0,0,1,3,4,0,1,10,6.0,N,,,,,,,,,,,
2020036074,328.0,1,0,0,0,0,0,0,0,0,4,0,,67,5,2020,7,40.0168,-75.1543,326.0,6,0,0,0,0,0,0,0,0,,0,1,0.0,3,3,1,0,,1,40 01:00.497,2.0,0,75 09:15.591,4,0,0,0,67301,0,0,0,N,0,0,0,2,67301,1,,6,1,,N,N,,0,,0,0,0,0,0,N,308,1,2,0,0,0,0,1,3,4,0,2,3,,N,,,,,,,,,,,
2020042306,1345.0,1,0,0,0,0,0,0,0,0,4,0,,67,5,2020,4,40.0604,-74.9904,1343.0,6,0,0,0,0,0,0,0,0,,0,0,0.0,13,1,1,1,,0,40 03:37.434,,0,74 59:25.565,3,0,0,0,67301,0,0,0,N,0,0,0,2,67301,0,,1,1,,N,N,,0,,1,0,1,3,2,,1342,1,2,0,0,0,0,0,3,4,0,2,3,3.0,N,,,,,,,,,,,
2020042969,240.0,1,0,0,0,0,0,0,0,0,5,0,,67,5,2020,7,39.9136,-75.2364,233.0,6,0,0,0,0,0,1,0,0,,0,0,0.0,2,3,0,0,,0,39 54:49.100,,0,75 14:11.120,0,0,0,0,67301,0,0,0,N,0,0,0,1,67301,0,,6,1,,N,N,,1,,0,0,0,0,0,,230,0,2,0,0,0,0,0,3,4,0,2,3,3.0,N,,,,,,,,,,,
2020043727,233.0,1,0,0,0,0,0,0,0,0,5,0,,67,5,2020,7,40.0742,-75.167,228.0,6,0,0,0,0,0,0,0,0,,0,0,0.0,2,3,0,0,,0,40 04:27.270,,0,75 10:01.280,0,0,0,0,67301,0,0,0,N,0,0,0,0,67301,0,,1,9,,N,N,,0,,0,0,1,0,0,,227,0,2,0,0,0,0,0,3,4,0,2,7,7.0,N,,,,,,,,,,,
2020001235,40.0,1,0,0,0,0,0,0,0,0,4,0,,67,1,2020,5,40.0626,-75.1742,38.0,6,0,0,0,0,0,0,0,0,,0,0,0.0,0,3,1,1,,0,40 03:45.280,,0,75 10:27.030,3,0,0,0,67301,0,0,0,N,0,0,0,3,67301,0,,1,1,,N,N,,0,,1,0,1,3,3,,30,1,2,0,0,0,0,0,3,4,0,2,3,,N,,,,,,,,,,,
2020046929,1653.0,2,0,0,0,0,0,0,0,0,1,0,,67,6,2020,2,39.9677,-75.1602,1649.0,6,0,0,0,0,0,0,0,0,,0,0,0.0,16,1,0,0,,0,39 58:03.716,,0,75 09:36.667,0,0,0,0,67301,0,0,0,N,0,0,0,2,67301,0,,1,1,,N,N,,0,,0,0,0,0,0,,1645,0,2,0,0,0,0,0,3,4,0,2,3,,N,,,,,,,,,,,
2020003332,1900.0,0,0,0,1,0,0,0,0,0,4,0,,67,1,2020,3,39.9381,-75.1684,1815.0,6,0,0,0,0,0,0,0,0,,0,0,0.0,18,3,1,1,,0,39 56:17.034,,0,75 10:06.383,8,0,0,0,67301,1,0,0,N,0,0,0,2,67301,0,,1,9,,N,N,,0,,0,0,0,3,2,,1815,1,2,0,0,0,1,0,3,4,0,1,7,6.0,N,,,,,,,,,,,
2020002480,2356.0,1,0,0,0,0,0,0,0,0,7,0,,67,1,2020,4,40.0387,-75.0078,2345.0,6,0,0,0,0,0,0,0,0,,0,0,0.0,23,3,0,0,,0,40 02:19.239,,0,75 00:28.224,0,0,0,0,67301,0,0,0,N,0,0,0,1,67301,0,,4,1,,N,N,,0,,0,0,0,0,0,,2305,0,1,0,0,0,0,0,3,4,0,1,3,,N,,,,,,,,,,,
2020047462,1009.0,0,0,0,0,0,0,0,0,0,5,1,,67,6,2020,3,39.9625,-75.1396,1009.0,6,0,0,0,0,0,0,0,0,,0,1,0.0,9,1,0,0,,0,39 57:45.158,,0,75 08:22.696,0,0,0,0,67301,0,0,0,N,0,0,0,2,68K01,0,,1,1,,N,N,,0,,0,0,1,0,0,,955,0,2,0,0,0,0,0,3,4,0,2,3,3.0,N,,,,,,,,,,,
2020000646,155.0,2,0,0,0,0,0,0,0,0,1,0,,67,1,2020,6,40.0252,-75.1254,150.0,6,0,0,0,0,0,0,0,0,9.0,0,0,0.0,1,3,1,1,,0,40 01:30.639,,0,75 07:31.514,3,0,0,0,67301,0,0,0,N,0,0,0,4,67301,0,,1,1,,N,Y,,0,,1,0,1,3,2,,138,1,3,0,0,0,0,0,3,4,0,3,3,,N,,,,,,,,,,,
2020000273,216.0,2,0,0,0,0,0,0,0,0,5,0,,67,1,2020,4,39.9209,-75.177,214.0,6,0,0,0,0,0,0,0,0,2.0,0,0,0.0,2,3,1,0,,2,39 55:15.410,1.0,0,75 10:37.330,8,0,0,0,67301,0,0,0,N,0,0,0,1,67301,0,,6,1,,N,N,,0,,0,0,1,0,0,Y,212,1,4,0,0,1,1,0,3,4,1,4,3,,N,,,,,,,,,,,
2020018361,2125.0,0,0,0,0,0,0,0,0,0,0,0,,67,1,2020,2,40.0221,-75.0381,2103.0,6,0,0,0,0,0,0,1,0,,0,0,0.0,20,3,0,0,,1,40 01:19.465,1.0,0,75 02:17.304,9,0,0,0,67301,0,0,0,N,0,0,0,4,68K01,0,,1,1,,N,N,,0,,0,0,1,0,0,N,2057,0,3,0,0,0,0,1,3,4,1,3,3,,N,,,,,,,,,,,
2020042376,1010.0,0,0,0,0,0,0,0,0,0,8,0,,67,5,2020,6,39.9298,-75.1442,1000.0,6,0,0,0,0,0,0,0,0,,0,0,0.0,13,1,1,1,,0,39 55:47.159,,0,75 08:39.047,3,0,0,0,67301,1,0,0,N,1,0,0,2,67301,0,,1,99,,N,N,,0,,1,0,1,3,3,,1330,1,2,0,0,0,0,1,3,4,0,1,99,3.0,N,,,,,,,,,,,
2020035992,0.0,0,0,0,0,0,0,0,0,0,7,0,,67,5,2020,6,39.9709,-75.1935,2356.0,6,0,0,0,0,0,0,0,0,,0,0,0.0,23,3,1,0,,1,39 58:15.060,5.0,0,75 11:36.620,2,0,0,0,67301,0,0,0,N,0,0,0,1,67301,0,,4,1,,N,N,,0,,0,1,1,0,0,Y,2354,1,1,0,0,0,0,0,3,4,0,1,3,,N,,,,,,,,,,,
2020036874,2117.0,1,0,0,0,0,0,0,0,0,1,0,,67,4,2020,4,39.8855,-75.2436,2112.0,6,0,0,0,0,0,0,0,0,,0,0,0.0,21,3,0,0,,0,39 53:07.741,,0,75 14:37.037,9,0,0,0,67301,0,0,0,N,0,0,0,2,68K01,0,,1,1,,N,N,,0,,0,0,0,0,0,,2106,0,2,0,0,0,0,1,3,4,0,2,3,3.0,N,,,,,,,,,,,
2020027762,108.0,1,0,0,0,0,0,0,0,0,7,0,,67,3,2020,2,40.002,-75.1627,108.0,6,0,0,0,0,1,0,0,0,,0,0,0.0,1,3,0,0,,0,40 00:07.140,,0,75 09:45.680,0,0,0,0,67301,0,0,0,N,0,0,0,1,67301,0,,5,1,,N,N,,0,,0,0,0,0,0,,108,0,1,0,0,0,0,0,3,4,0,1,3,3.0,N,,,,,,,,,,,
2020028099,1631.0,1,0,0,0,0,0,0,0,0,7,0,,67,3,2020,3,40.0954,-74.9597,1622.0,6,0,0,0,0,1,0,0,0,,0,0,0.0,15,1,1,2,,0,40 05:43.369,,0,74 57:34.849,4,0,0,0,67301,0,0,0,N,0,0,0,1,67301,1,,5,1,,N,N,,0,,0,0,0,0,0,,1542,1,1,0,0,1,0,0,3,4,0,1,3,3.0,N,,,,,,,,,,,
2020027401,1526.0,1,0,0,0,0,0,0,0,0,2,0,,67,3,2020,7,39.9815,-75.1173,1521.0,6,0,0,0,1,0,0,0,0,,0,0,0.0,15,1,1,1,,0,39 58:53.645,,0,75 07:02.627,3,0,0,0,67301,0,0,0,N,0,0,0,4,67301,0,,1,1,,N,N,,2,,1,0,0,3,2,,1513,1,3,0,0,4,0,0,3,4,0,3,3,3.0,N,,,,,,,,,,,
2020040002,2156.0,1,0,0,0,0,0,0,0,0,4,0,,67,5,2020,1,40.0054,-75.1094,2149.0,6,0,0,0,0,0,0,0,0,,1,0,0.0,21,3,0,1,,0,40 00:19.420,,0,75 06:33.689,1,1,0,1,67301,0,0,0,N,0,0,0,2,67301,0,2.0,1,1,,N,N,,0,0.0,0,0,0,3,2,,2145,0,2,0,0,0,0,1,3,4,0,2,3,3.0,N,,,,,,,,,,,
2020042438,1625.0,1,0,0,0,0,0,0,0,0,7,0,,67,5,2020,7,39.9784,-75.1557,1620.0,6,0,0,0,0,0,0,0,0,,0,0,0.0,16,1,0,1,,0,39 58:42.045,,0,75 09:20.588,0,0,0,0,67301,0,0,0,N,0,0,0,1,67301,0,,2,1,,N,N,N,0,,0,0,0,3,2,,1615,0,1,0,0,0,0,0,3,4,0,1,3,3.0,N,,,,,,,,,,,
2020042544,1512.0,1,0,0,0,0,0,0,0,0,4,0,,67,5,2020,7,40.0979,-74.9851,1508.0,6,0,0,0,0,0,1,0,0,,0,0,0.0,15,1,1,1,,0,40 05:52.573,,0,74 59:06.255,8,0,0,0,67301,0,0,0,N,0,0,0,3,67301,0,,1,1,,N,N,,1,,0,0,0,3,2,,1506,1,2,0,0,0,1,0,3,4,0,2,3,3.0,N,,,,,,,,,,,
2020035441,2252.0,1,0,1,0,0,0,0,0,0,1,1,,67,4,2020,5,39.9067,-75.1387,2252.0,6,0,0,0,0,0,0,0,0,,0,1,0.0,22,3,1,0,,2,39 54:24.200,3.0,3,75 08:19.200,2,0,0,0,67301,0,0,0,N,0,0,0,2,67501,0,,1,9,,N,N,,0,,0,1,0,0,0,N,2252,1,2,0,0,0,0,0,3,4,0,2,7,,N,,,,,,,,,,,
2020036335,940.0,1,0,0,0,0,0,0,0,0,2,0,,67,3,2020,5,40.0677,-75.183,930.0,6,0,0,0,0,0,0,0,0,,0,0,0.0,8,1,0,1,,0,40 04:03.882,,0,75 10:58.718,0,0,0,0,67301,0,0,0,N,0,0,0,2,67301,0,,1,1,,N,N,,1,,0,0,0,3,3,,830,0,2,0,0,0,0,0,3,4,0,2,3,,N,,,,,,,,,,,
2020036596,2137.0,1,0,0,0,0,0,0,0,0,1,0,,67,4,2020,2,39.9342,-75.1449,2133.0,6,0,0,0,0,1,0,0,0,,0,0,0.0,21,3,1,0,,2,39 56:03.273,1.0,0,75 08:41.783,4,0,0,0,67301,0,0,0,N,0,0,0,2,68K01,1,,1,1,,N,N,,0,,0,0,1,0,0,N,2132,1,2,0,0,0,0,0,3,4,0,2,3,3.0,N,,,,,,,,,,,
2020027955,32.0,2,0,0,0,0,0,0,0,0,5,0,,67,3,2020,5,40.0225,-75.1482,30.0,6,0,0,0,0,0,0,0,0,,0,0,0.0,0,3,3,0,,1,40 01:21.097,2.0,0,75 08:53.664,3,0,0,0,67301,0,0,0,N,0,0,0,3,67301,0,,1,9,,N,N,,0,,3,0,0,9,2,N,19,3,2,0,0,0,0,0,3,4,0,2,7,,N,,,,,,,,,,,
2020043255,1523.0,2,0,0,0,0,0,0,0,0,1,0,,67,6,2020,3,40.0373,-75.21,1507.0,6,0,0,0,0,0,0,0,0,,0,0,0.0,14,1,1,0,,1,40 02:14.201,1.0,0,75 12:36.049,8,0,0,0,67301,0,0,0,N,0,0,0,2,67301,0,,1,1,,N,N,,0,,0,0,0,3,2,N,1445,1,2,0,0,0,1,0,3,4,0,2,3,3.0,N,,,,,,,,,,,
2020043595,2158.0,1,0,0,0,0,0,0,0,0,8,0,,67,5,2020,7,39.9513,-75.2334,2155.0,6,0,0,0,0,0,0,0,0,,0,0,0.0,21,3,1,0,,0,39 57:04.580,,0,75 14:00.390,3,0,0,0,67301,1,0,0,N,1,0,0,2,67301,0,,1,1,,N,N,,0,,1,0,0,0,0,,2154,1,2,0,0,0,0,0,3,4,0,1,3,3.0,N,,,,,,,,,,,
2020013969,2328.0,2,0,0,0,0,0,0,0,0,4,0,,67,2,2020,3,40.0344,-75.0822,2327.0,6,0,0,1,0,0,0,0,0,,0,0,0.0,23,3,1,1,,0,40 02:04.167,,0,75 04:55.991,3,0,0,0,67301,0,0,0,N,0,0,0,2,67301,0,,1,9,,N,N,,0,,1,0,0,0,0,,2325,1,2,0,0,0,0,0,3,4,0,2,7,3.0,N,,,,,,,,,,,
2020027599,649.0,1,0,0,0,0,0,0,0,0,5,1,,67,2,2020,2,39.9569,-75.1538,634.0,6,0,0,0,0,0,1,0,0,,0,1,0.0,5,1,0,6,,0,39 57:24.866,,2,75 09:13.670,0,0,0,0,67301,0,0,0,N,0,0,0,2,68K01,0,,7,1,,N,N,,0,,0,0,0,3,8,,536,0,2,0,0,0,0,0,3,4,0,2,3,,N,,,,,,,,,,,
2020026730,2126.0,0,0,0,0,0,0,0,0,0,4,0,,67,3,2020,4,40.0363,-75.0643,2119.0,6,0,0,0,0,0,0,0,1,,0,0,0.0,21,3,2,1,,1,40 02:10.401,1.0,0,75 03:51.131,3,0,0,0,67301,0,0,0,N,0,0,0,2,67301,0,,1,1,,N,N,,1,,2,0,1,3,2,N,2116,2,2,0,0,0,0,0,3,4,0,2,3,,N,,,,,,,,,,,
2020026678,105.0,2,0,0,0,0,0,0,0,0,1,0,,67,3,2020,1,40.0295,-75.1467,100.0,6,0,0,0,0,0,2,0,0,,0,0,0.0,0,3,2,1,,2,40 01:46.206,6.0,0,75 08:48.166,3,0,0,0,67301,0,0,0,N,0,0,0,2,67301,0,,1,9,,N,N,,0,,2,0,0,3,2,Y,51,2,2,0,0,0,0,0,3,4,0,2,7,7.0,N,,,,,,,,,,,
2020028159,1830.0,2,0,0,0,0,0,0,0,0,5,0,,67,2,2020,4,39.9657,-75.137,1820.0,6,0,0,0,0,0,1,0,0,,0,0,0.0,18,3,0,0,,1,39 57:56.459,2.0,0,75 08:13.225,0,0,0,0,67301,0,0,0,N,0,0,0,2,68K01,0,,1,1,,N,N,,0,,0,0,0,0,0,N,1819,0,2,0,0,0,0,0,3,4,0,2,3,,N,,,,,,,,,,,
2020027177,745.0,1,0,0,0,0,0,0,0,0,8,0,,67,3,2020,6,40.0515,-75.1225,732.0,6,0,0,0,0,0,1,0,0,,0,0,0.0,7,2,1,0,,0,40 03:05.230,,0,75 07:20.850,2,0,0,0,67301,1,0,1,N,1,0,1,2,67301,0,,1,9,,N,N,,0,,0,1,0,9,9,,700,1,2,0,0,0,0,0,3,4,0,1,7,7.0,N,,,,,,,,,,,
2020027443,715.0,1,0,0,0,0,0,0,0,0,1,1,,67,3,2020,4,40.0135,-75.0575,700.0,6,0,0,0,0,0,0,0,0,,0,1,0.0,6,1,1,0,,2,40 00:48.640,2.0,0,75 03:26.903,8,0,0,0,67301,0,0,0,N,0,0,0,4,68K01,0,,1,3,,N,N,,0,,0,0,1,0,0,N,636,1,4,0,0,0,1,0,3,4,1,4,3,,N,,,,,,,,,,,
2020043594,2115.0,1,0,0,0,0,0,0,0,0,4,0,,67,5,2020,5,39.9567,-75.2256,2106.0,6,0,0,0,0,0,0,0,0,,0,0,0.0,20,3,1,0,,0,39 57:24.154,,0,75 13:31.997,3,0,0,0,67301,0,0,0,N,0,0,0,3,67301,0,,6,1,,N,N,,0,,1,0,1,0,0,,2019,1,2,0,0,0,0,0,3,4,0,2,3,,N,,,,,,,,,,,
2020043538,39.0,1,0,0,0,0,0,0,0,0,5,0,,67,5,2020,7,39.9486,-75.1859,39.0,6,0,0,0,0,0,0,0,0,,0,0,0.0,0,3,0,7,,1,39 56:54.903,3.0,2,75 11:09.398,9,0,0,0,67301,0,0,0,Y,0,0,0,3,68K01,0,,1,9,,N,N,,0,,0,0,0,0,0,N,38,0,2,0,0,0,0,1,3,4,0,2,7,,N,,,,,,,,,,,
2020042431,1410.0,1,0,0,0,0,0,0,0,0,1,1,,67,5,2020,4,40.0995,-75.0091,1400.0,6,0,0,0,0,0,1,0,0,,0,1,0.0,14,1,0,0,,0,40 05:58.028,,0,75 00:32.661,9,0,0,0,67301,0,0,0,N,0,0,0,2,67301,0,,1,1,,N,N,,0,,0,0,0,3,2,,1400,0,2,0,0,2,0,1,3,4,0,2,3,3.0,N,,,,,,,,,,,
2020036723,1335.0,0,0,0,0,0,0,0,0,0,1,0,,67,4,2020,6,39.8981,-75.1844,1325.0,6,0,0,0,0,0,1,0,0,,0,0,0.0,13,1,0,0,,0,39 53:55.315,,0,75 10:50.425,0,0,0,0,67301,0,0,0,N,0,0,0,2,68K01,0,,1,9,,N,N,,1,,0,0,1,0,0,,1325,0,2,0,0,1,0,0,3,4,0,2,7,,N,,,,,,,,,,,
2020036591,1733.0,1,0,0,0,0,0,0,0,0,1,1,,67,3,2020,7,39.9601,-75.1795,1727.0,6,0,0,0,0,0,0,0,1,,0,1,0.0,17,1,3,0,,1,39 57:36.275,4.0,0,75 10:46.086,8,0,0,0,67301,0,0,0,N,0,0,0,10,68K01,0,,1,9,,N,N,,0,,0,0,2,0,0,N,1721,3,4,0,0,0,3,0,3,4,0,4,7,7.0,N,,,,,,,,,,,
2020026988,308.0,1,0,0,0,0,0,0,0,0,7,0,,67,3,2020,3,40.1316,-75.0133,300.0,6,0,0,0,0,0,0,0,0,,0,0,0.0,2,3,1,0,,0,40 07:53.602,,0,75 00:47.702,3,0,0,0,67301,0,0,0,N,0,0,0,1,67301,0,,9,1,,N,N,,0,,1,0,0,9,8,,259,1,1,0,0,0,0,0,3,4,0,1,3,3.0,N,,,,,,,,,,,
2020037339,1832.0,1,0,0,0,0,0,0,0,0,1,0,,67,4,2020,3,39.9794,-75.1082,1825.0,6,0,0,0,0,0,2,0,0,,0,0,0.0,18,1,1,0,,0,39 58:47.559,,0,75 06:23.761,4,0,0,0,67301,0,0,0,N,0,0,0,3,68K01,1,,1,1,,N,N,,0,,0,0,1,3,8,,1821,1,3,0,0,0,0,0,3,4,1,3,3,,N,,,,,,,,,,,
2020036116,2123.0,5,0,0,0,0,0,0,0,0,5,0,,67,5,2020,7,39.9817,-75.1606,2123.0,6,0,0,0,0,0,0,0,0,,0,0,0.0,21,3,0,0,,0,39 58:54.074,,0,75 09:38.061,0,0,0,0,67301,0,0,0,N,0,0,0,2,67505,0,,6,1,,N,N,,0,,0,0,0,0,0,N,2115,0,5,0,0,0,0,0,3,4,0,5,3,3.0,N,,,,,,,,,,,
2020036824,1133.0,3,0,0,0,0,0,0,0,0,4,0,,67,5,2020,3,40.0353,-75.0252,1131.0,6,0,1,0,0,0,0,1,0,,0,0,0.0,11,1,2,1,,1,40 02:07.013,1.0,0,75 01:30.652,3,0,0,0,67301,1,0,0,N,0,0,0,3,67301,0,,1,1,,N,N,,0,,2,0,0,0,0,Y,1130,2,3,0,0,0,0,0,3,4,0,3,3,,N,,,,,,,,,,,
2020027988,2147.0,1,0,0,0,0,0,0,0,0,2,0,,67,3,2020,1,40.0112,-75.1298,2147.0,6,0,0,0,0,0,0,1,0,,0,0,0.0,20,3,2,0,,0,40 00:40.420,,0,75 07:47.290,3,0,0,0,67301,0,0,0,N,0,0,0,3,67301,0,,1,1,,N,N,,0,,2,0,1,0,0,,2022,2,2,0,0,0,0,0,3,4,0,2,3,,N,,,,,,,,,,,
2020026552,1427.0,1,0,0,0,0,0,0,0,0,1,0,,67,3,2020,6,39.9591,-75.2301,1427.0,6,0,0,0,0,0,1,0,0,,0,0,0.0,14,1,1,0,,0,39 57:32.752,,0,75 13:48.502,3,0,0,0,67301,0,0,0,N,0,0,0,3,67301,0,,1,1,,N,N,,0,,1,0,1,0,0,,1427,1,2,0,0,0,0,1,3,4,0,2,3,,N,,,,,,,,,,,
2020026735,1030.0,1,0,0,0,0,0,0,0,0,8,0,,67,3,2020,1,40.0336,-75.0468,1026.0,6,0,0,0,0,0,0,0,1,,0,0,0.0,10,1,1,1,,0,40 02:01.052,,0,75 02:48.431,3,0,0,0,67301,1,0,0,N,1,0,0,2,67301,0,,1,1,,N,N,,0,,1,0,0,3,2,,1026,1,2,0,0,0,0,0,3,4,0,1,3,3.0,N,,,,,,,,,,,
2020027180,1325.0,0,0,0,0,0,0,0,0,0,8,0,,67,3,2020,2,40.0234,-75.147,1325.0,6,0,0,0,0,0,0,0,0,,0,0,0.0,10,1,1,0,,0,40 01:24.170,,0,75 08:49.130,3,0,0,0,67301,1,0,0,N,1,0,0,1,67301,0,,1,1,,N,N,,0,,1,0,0,0,0,,1040,1,2,0,0,0,0,0,3,4,0,1,3,3.0,N,,,,,,,,,,,
2020043207,1638.0,2,0,0,0,0,0,0,0,0,1,0,,67,5,2020,3,39.9666,-75.1874,1635.0,6,0,0,1,0,0,0,0,0,,0,0,0.0,16,1,1,0,,2,39 57:59.593,3.0,0,75 11:14.817,8,0,0,0,67301,0,0,0,N,0,0,0,2,68K01,0,,1,1,,N,N,,0,,0,0,0,0,0,N,1633,1,2,0,0,0,1,0,3,4,0,2,3,,N,,,,,,,,,,,
2020045952,1607.0,2,0,0,0,0,0,0,0,0,0,0,,67,5,2020,7,39.9592,-75.1724,1607.0,6,0,0,1,0,0,1,0,0,,0,0,0.0,15,1,0,0,,1,39 57:33.060,4.0,0,75 10:20.726,0,0,0,0,67301,0,0,0,N,0,0,0,2,68K01,0,,1,9,,N,N,,0,,0,0,0,0,0,N,1545,0,2,0,0,0,0,0,3,4,0,2,4,4.0,N,,,,,,,,,,,
2020044342,1623.0,2,0,0,0,0,0,0,0,0,2,0,,67,6,2020,1,39.9834,-75.1586,1620.0,6,0,0,0,0,0,0,1,0,,0,0,0.0,16,1,3,1,,0,39 59:00.364,,0,75 09:30.860,3,0,0,0,67301,0,0,0,N,0,0,0,4,67505,0,,1,1,,N,N,,0,,3,0,0,3,2,,1618,3,2,0,0,0,0,0,3,4,0,2,3,3.0,N,,,,,,,,,,,
2020036257,2211.0,0,0,0,0,0,0,0,0,0,98,0,,67,3,2020,2,39.9784,-75.2024,2211.0,6,0,0,0,0,0,1,0,0,,0,0,0.0,22,3,0,0,,0,39 58:42.329,,0,75 12:08.651,0,0,0,0,67301,0,0,0,N,0,0,0,1,68K01,0,,1,1,,N,N,,0,,0,0,0,0,0,,2211,0,1,0,0,0,0,0,3,4,1,1,3,3.0,N,,,,,,,,,,,
2020036391,1335.0,1,0,0,0,0,0,0,0,0,4,0,,67,5,2020,1,40.028,-75.21,1331.0,6,0,0,0,0,0,0,0,0,,0,0,0.0,13,1,1,2,,0,40 01:40.868,,0,75 12:36.024,3,0,0,1,67301,0,0,0,N,0,0,0,2,67301,0,,1,1,,N,N,,0,,1,0,0,3,3,,1300,1,2,0,0,0,0,0,3,4,0,2,3,3.0,N,,,,,,,,,,,
2020037388,114.0,1,0,0,0,0,0,0,0,0,7,0,,67,5,2020,6,39.9354,-75.1423,112.0,6,0,0,0,0,0,1,0,0,,0,0,0.0,1,3,1,0,,0,39 56:07.407,,0,75 08:32.233,8,0,0,0,67301,0,0,0,N,0,0,0,1,67301,0,,4,1,,N,N,,0,,0,0,0,0,0,,111,1,1,0,0,0,1,0,3,4,0,1,3,3.0,N,,,,,,,,,,,
2020027274,1501.0,2,0,0,0,0,0,0,0,0,1,0,,67,3,2020,2,39.9648,-75.1853,1451.0,6,0,0,0,0,0,1,0,0,,0,0,0.0,14,1,0,0,,0,39 57:53.252,,0,75 11:07.156,0,0,0,0,67301,0,0,0,N,0,0,0,2,68K01,0,,1,1,,N,N,,0,,0,0,0,0,0,,1424,0,2,0,0,0,0,0,3,4,0,2,3,,N,,,,,,,,,,,
2020043263,630.0,1,0,0,0,0,0,0,0,0,5,0,,67,5,2020,7,39.9922,-75.0991,625.0,6,0,0,0,0,0,0,0,0,,0,0,0.0,6,1,0,0,,2,39 59:32.092,1.0,0,75 05:56.706,0,0,0,0,67301,0,0,0,N,0,0,0,2,67301,0,,1,1,,N,N,,0,,0,0,1,0,0,Y,623,0,2,0,0,0,0,0,3,4,0,2,3,,N,,,,,,,,,,,
2020015276,1205.0,1,0,0,0,0,0,0,0,0,1,0,,67,2,2020,6,40.0079,-75.1405,1202.0,6,0,0,0,0,0,1,0,0,,0,0,0.0,11,1,1,1,,0,40 00:28.406,,1,75 08:25.901,3,0,0,0,67301,0,0,0,N,0,0,0,2,67301,0,,1,9,,N,N,,0,,1,0,1,0,0,,1152,1,2,0,0,1,0,0,3,4,0,2,7,7.0,N,,,,,,,,,,,
2020042378,1435.0,1,0,0,0,0,0,0,0,0,7,0,,67,5,2020,3,39.9934,-75.0811,1422.0,6,0,0,0,0,0,0,0,0,,0,0,0.0,14,1,0,0,,0,39 59:36.304,,0,75 04:51.902,9,0,0,0,67301,0,0,0,N,0,0,0,1,67301,0,,9,1,,N,N,,0,,0,0,0,0,0,,1408,0,1,0,0,0,0,1,3,4,0,1,3,,N,,,,,,,,,,,
2020042321,1528.0,1,0,0,0,0,0,0,0,0,8,0,,67,5,2020,5,39.9863,-75.1837,1524.0,6,0,0,0,0,0,0,0,0,,0,0,0.0,14,1,1,0,,0,39 59:10.560,,0,75 11:01.240,8,0,0,0,67301,1,0,0,N,1,0,0,2,67301,0,,1,1,,N,N,,0,,0,0,0,0,0,,1455,1,2,0,0,0,1,0,3,4,0,1,4,,N,,,,,,,,,,,