CRN,ARRIVAL_TM,AUTOMOBILE_COUNT,BELTED_DEATH_COUNT,BELTED_SUSP_SERIOUS_INJ_COUNT,BICYCLE_COUNT,BICYCLE_DEATH_COUNT,BICYCLE_SUSP_SERIOUS_INJ_COUNT,BUS_COUNT,CHLDPAS_DEATH_COUNT,CHLDPAS_SUSP_SERIOUS_INJ_COUNT,COLLISION_TYPE,COMM_VEH_COUNT,CONS_ZONE_SPD_LIM,COUNTY,CRASH_MONTH,CRASH_YEAR,DAY_OF_WEEK,DEC_LAT,DEC_LONG,DISPATCH_TM,DISTRICT,DRIVER_COUNT_16YR,DRIVER_COUNT_17YR,DRIVER_COUNT_18YR,DRIVER_COUNT_19YR,DRIVER_COUNT_20YR,DRIVER_COUNT_50_64YR,DRIVER_COUNT_65_74YR,DRIVER_COUNT_75PLUS,EST_HRS_CLOSED,FATAL_COUNT,HEAVY_TRUCK_COUNT,HORSE_BUGGY_COUNT,HOUR_OF_DAY,ILLUMINATION,INJURY_COUNT,INTERSECT_TYPE,INTERSECTION_RELATED,LANE_CLOSED,LATITUDE,LN_CLOSE_DIR,LOCATION_TYPE,LONGITUDE,MAX_SEVERITY_LEVEL,MCYCLE_DEATH_COUNT,MCYCLE_SUSP_SERIOUS_INJ_COUNT,MOTORCYCLE_COUNT,MUNICIPALITY,NONMOTR_COUNT,NONMOTR_DEATH_COUNT,NONMOTR_SUSP_SERIOUS_INJ_COUNT,NTFY_HIWY_MAINT,PED_COUNT,PED_DEATH_COUNT,PED_SUSP_SERIOUS_INJ_COUNT,PERSON_COUNT,POLICE_AGCY,POSSIBLE_INJ_COUNT,RDWY_SURF_TYPE_CD,RELATION_TO_ROAD,ROAD_CONDITION,ROADWAY_CLEARED,SCH_BUS_IND,SCH_ZONE_IND,SECONDARY_CRASH,SMALL_TRUCK_COUNT,SPEC_JURIS_CD,SUSP_MINOR_INJ_COUNT,SUSP_SERIOUS_INJ_COUNT,SUV_COUNT,TCD_FUNC_CD,TCD_TYPE,TFC_DETOUR_IND,TIME_OF_DAY,TOT_INJ_COUNT,TOTAL_UNITS,UNB_DEATH_COUNT,UNB_SUSP_SERIOUS_INJ_COUNT,UNBELTED_OCC_COUNT,UNK_INJ_DEG_COUNT,UNK_INJ_PER_COUNT,URBAN_AREA,URBAN_RURAL,VAN_COUNT,VEHICLE_COUNT,WEATHER1,WEATHER2,WORK_ZONE_IND,WORK_ZONE_LOC,WORK_ZONE_TYPE,WORKERS_PRES,WZ_CLOSE_DETOUR,WZ_FLAGGER,WZ_LAW_OFFCR_IND,WZ_LN_CLOSURE,WZ_MOVING,WZ_OTHER,WZ_SHLDER_MDN,WZ_WORKERS_INJ_KILLED
2020033543,852.0,1,0,0,0,0,0,0,0,0,7,0,,67,4,2020,7,40.0448,-75.0722,847.0,6,0,0,0,0,0,0,1,0,,0,0,0.0,8,1,0,0,,0,40 02:41.343,,0,75 04:19.858,0,0,0,0,67301,0,0,0,N,0,0,0,1,67301,0,,9,9,,N,N,,0,,0,0,0,0,0,,844,0,1,0,0,0,0,0,3,4,0,1,7,,N,,,,,,,,,,,
2020045265,1740.0,0,0,0,0,0,0,0,0,0,6,0,,67,6,2020,5,40.0163,-75.2102,1734.0,6,0,0,0,0,0,1,0,0,,0,0,0.0,17,1,1,0,,1,40 00:58.509,2.0,0,75 12:36.784,4,0,0,0,67301,0,0,0,N,0,0,0,4,67301,1,,1,1,,N,N,,1,,0,0,1,0,0,N,1732,1,2,0,0,0,0,0,3,4,0,2,3,4.0,N,,,,,,,,,,,
2020029750,1746.0,1,0,0,0,0,0,0,0,0,4,0,,67,3,2020,6,39.9987,-75.0709,1741.0,6,0,0,0,0,1,0,0,0,,0,0,0.0,17,1,2,1,,0,39 59:55.146,,0,75 04:15.080,3,0,0,0,67301,0,0,0,N,0,0,0,2,67301,0,,1,1,,N,N,,0,,1,0,1,3,2,,1740,2,2,0,0,0,1,0,3,4,0,2,3,,N,,,,,,,,,,,
2020041949,726.0,1,0,0,0,0,0,0,0,0,7,0,,67,4,2020,7,39.9582,-75.1412,714.0,6,0,0,0,0,0,0,0,0,,0,0,0.0,7,1,0,0,,0,39 57:29.367,,0,75 08:28.431,0,0,0,0,67301,0,0,0,N,0,0,0,1,68K01,0,,4,9,,N,N,,0,,0,0,0,0,0,,712,0,1,0,0,0,0,0,3,4,0,1,7,,N,,,,,,,,,,,
2020041833,1803.0,0,0,0,0,0,0,0,1,0,2,0,,67,5,2020,4,40.0278,-75.0601,1803.0,6,0,0,0,0,0,1,0,0,,1,0,0.0,18,1,3,1,,2,40 01:40.042,7.0,0,75 03:36.277,1,0,0,0,67301,0,0,0,N,0,0,0,5,67301,0,2.0,1,1,2230.0,N,N,Y,1,0.0,0,0,1,3,2,Y,1803,3,2,0,0,0,3,0,3,4,0,2,4,3.0,N,,,,,,,,,,,
2020045217,18.0,4,0,0,0,0,0,0,0,0,1,0,,67,6,2020,7,39.9671,-75.1331,10.0,6,0,0,0,1,1,0,0,0,,0,0,0.0,0,3,3,0,,2,39 58:01.680,1.0,0,75 07:58.603,8,0,0,0,67301,0,0,0,N,0,0,0,6,68K01,0,,1,9,,N,N,,0,,0,0,0,0,0,N,8,3,4,0,0,0,3,0,3,4,0,4,7,,N,,,,,,,,,,,
2020045935,1514.0,1,0,0,0,0,0,0,0,0,1,0,,67,5,2020,6,39.8961,-75.1918,1514.0,6,0,0,0,0,0,1,0,0,,0,0,0.0,15,1,0,0,,0,39 53:56.503,,0,75 10:40.877,0,0,0,0,67301,0,0,0,N,0,0,0,2,68K01,0,,1,9,,N,N,,0,,0,0,1,0,0,,1510,0,2,0,0,0,0,0,3,4,0,2,7,,N,,,,,,,,,,,
2020045849,1833.0,2,0,0,0,0,0,0,0,0,4,0,,67,6,2020,5,40.0238,-75.1595,1815.0,6,0,0,0,0,0,0,0,0,,0,0,0.0,18,1,0,2,,0,40 01:25.511,,0,75 09:34.094,9,0,0,0,67301,0,0,0,N,0,0,0,1,67301,0,,1,1,,N,N,,0,,0,0,0,3,3,,1815,0,2,0,0,0,0,1,3,4,0,2,3,3.0,N,,,,,,,,,,,
2020016054,845.0,1,0,0,0,0,0,0,0,0,4,0,,67,2,2020,2,40.0599,-75.1501,839.0,6,0,0,0,0,0,0,0,0,,0,0,0.0,7,1,1,1,,0,40 03:35.463,,0,75 09:00.467,8,0,0,0,67301,0,0,0,N,0,0,0,2,67301,0,,1,9,,N,N,,0,,0,0,1,3,2,,759,1,2,0,0,0,1,1,3,4,0,2,7,,N,,,,,,,,,,,
2020034250,1123.0,1,0,0,0,0,0,0,0,0,7,0,,67,3,2020,3,39.9813,-75.2069,1122.0,6,0,0,0,0,0,0,0,0,,0,0,0.0,11,1,1,0,,2,39 58:52.647,3.0,0,75 12:24.924,2,0,0,0,67301,0,0,0,N,0,0,0,1,68K01,0,,4,9,,N,N,,0,,0,1,0,0,0,N,1122,1,1,0,1,1,0,0,3,4,0,1,7,,N,,,,,,,,,,,
2020034194,1505.0,1,0,0,0,0,0,0,0,0,4,0,,67,4,2020,2,39.8872,-75.2048,1447.0,6,0,0,0,0,0,1,0,0,,0,0,0.0,14,1,0,0,,0,39 53:16.761,,3,75 12:13.051,0,0,0,0,67301,0,0,0,N,0,0,0,3,68K01,0,,1,9,,N,N,,1,,0,0,0,0,0,,1445,0,2,0,0,0,0,0,3,4,0,2,7,,N,,,,,,,,,,,
2020034207,1047.0,1,0,0,0,0,0,0,0,0,7,0,,67,4,2020,7,39.981,-75.2066,1046.0,6,0,0,0,0,0,0,0,0,,0,0,0.0,10,1,1,0,,1,39 58:51.605,3.0,0,75 12:23.673,3,0,0,0,67301,0,0,0,N,0,0,0,1,68K01,0,,5,9,,N,N,,0,,1,0,0,0,0,N,1046,1,1,0,0,1,0,0,3,4,0,1,3,3.0,N,,,,,,,,,,,
2020028990,953.0,2,0,0,0,0,0,0,0,0,4,0,,67,3,2020,1,39.9146,-75.1537,953.0,6,0,0,0,0,0,0,0,1,,0,0,0.0,9,1,1,0,N,0,39 54:52.554,,0,75 09:13.275,8,0,0,0,67301,0,0,0,N,0,0,0,1,67301,0,,5,1,,N,N,N,0,,0,0,0,3,2,,944,1,2,0,0,0,1,0,3,4,0,2,3,3.0,N,,,,,,,,,,,
2020041391,1035.0,0,0,0,0,0,0,0,0,0,1,0,,67,5,2020,7,40.0047,-75.1959,1033.0,6,0,0,0,0,0,0,0,0,,0,0,0.0,10,1,1,0,,0,40 00:16.756,,2,75 11:45.164,3,0,0,0,67301,0,0,0,N,0,0,0,3,68K01,0,,1,1,,N,N,,0,,1,0,2,3,3,,1031,1,2,0,0,1,0,0,3,4,0,2,3,,N,,,,,,,,,,,
2020041549,307.0,1,0,0,0,0,0,0,0,0,7,0,,67,5,2020,3,39.984,-75.1751,305.0,6,0,0,0,0,0,0,0,0,,0,0,0.0,2,3,0,0,,0,39 59:02.440,,0,75 10:30.510,9,0,0,0,67301,0,0,0,N,0,0,0,1,67301,0,,5,1,,N,N,,0,,0,0,0,3,2,,245,0,1,0,0,0,0,1,3,4,0,1,3,3.0,N,,,,,,,,,,,
2020045204,117.0,0,0,0,0,0,0,0,0,0,7,0,,67,5,2020,7,39.9825,-75.0838,116.0,6,0,0,0,0,0,0,0,0,,0,0,0.0,1,3,0,0,,1,39 58:56.803,3.0,0,75 05:01.642,0,0,0,0,67301,0,0,0,N,0,0,0,1,68K01,0,,3,9,,N,N,,0,,0,0,1,0,0,N,115,0,1,0,0,0,0,0,3,4,0,1,3,,N,,,,,,,,,,,
2020034186,1203.0,2,0,0,0,0,0,0,0,0,5,0,,67,4,2020,2,39.9594,-75.1742,1157.0,6,0,0,0,0,0,0,0,0,,0,0,0.0,11,1,1,0,,1,39 57:33.936,4.0,0,75 10:27.258,8,0,0,0,67301,0,0,0,N,0,0,0,3,68K01,0,,1,1,,N,N,,0,,0,0,0,0,0,N,1155,1,2,0,0,0,1,0,3,4,0,2,3,3.0,N,,,,,,,,,,,
2020028896,610.0,0,0,0,0,0,0,1,0,0,8,1,,67,3,2020,3,39.9644,-75.1343,607.0,6,0,0,0,0,0,1,0,0,,1,0,0.0,5,5,0,3,N,2,39 57:51.984,1.0,0,75 08:03.331,1,0,0,0,67301,1,1,0,N,1,1,0,2,67301,0,2.0,1,9,850.0,N,N,N,0,0.0,0,0,0,3,2,Y,540,0,2,0,0,0,0,0,3,4,0,1,7,3.0,N,,,,,,,,,,,
2020029671,1438.0,1,0,0,0,0,0,0,0,0,4,0,,67,3,2020,2,39.9856,-75.2131,1438.0,6,0,0,0,0,0,1,0,0,,0,0,0.0,14,1,2,0,,2,39 59:08.080,3.0,0,75 12:47.030,8,0,0,0,67301,0,0,0,N,0,0,0,2,68K01,0,,1,9,,N,N,,1,,0,0,0,0,0,Y,1438,2,2,0,0,0,2,0,3,4,0,2,7,,N,,,,,,,,,,,
2020029158,1249.0,2,0,0,0,0,0,0,0,0,2,0,,67,3,2020,3,40.0152,-75.093,1231.0,6,0,0,0,0,0,0,0,0,,0,0,0.0,12,1,1,0,,0,40 00:54.560,,0,75 05:34.620,3,0,0,0,67301,0,0,0,N,0,0,0,1,67301,0,,5,1,,N,N,,0,,1,0,0,0,0,,1230,1,2,0,0,0,0,0,3,4,0,2,3,,N,,,,,,,,,,,
2020044551,1745.0,1,0,0,0,0,0,0,0,0,7,0,,67,6,2020,6,40.0196,-75.1605,1742.0,6,0,0,1,0,0,0,0,0,,0,0,0.0,17,1,0,0,,0,40 01:10.473,,0,75 09:37.866,9,0,0,0,67301,0,0,0,N,0,0,0,1,67301,0,,4,1,,N,N,,0,,0,0,0,0,0,,1742,0,1,0,0,1,0,1,3,4,0,1,3,3.0,N,,,,,,,,,,,
2020045955,932.0,1,0,0,0,0,0,0,0,0,5,0,,67,5,2020,1,40.0113,-75.0612,926.0,6,0,0,0,0,0,1,0,0,,0,0,0.0,9,1,0,0,,1,40 00:40.536,1.0,0,75 03:40.162,0,0,0,0,67301,0,0,0,N,0,0,0,4,68K01,0,,1,1,,N,N,,0,,0,0,0,0,0,N,922,0,2,0,0,0,0,0,3,4,1,2,3,3.0,N,,,,,,,,,,,
2020029399,415.0,0,0,0,0,0,0,0,0,0,4,0,,67,3,2020,4,40.0086,-75.0688,414.0,6,0,0,0,0,0,1,0,0,,0,0,0.0,4,3,2,1,,2,40 00:31.249,4.0,0,75 04:07.877,4,0,0,0,67301,0,0,0,N,0,0,0,3,67301,2,,1,1,,N,N,,0,,0,0,2,3,2,N,408,2,2,0,0,0,0,0,3,4,0,2,3,3.0,N,,,,,,,,,,,
2020029663,1100.0,1,0,0,0,0,0,0,0,0,7,0,,67,3,2020,3,39.9811,-75.2067,1100.0,6,0,0,0,0,0,0,0,0,,0,0,0.0,10,1,1,0,,0,39 58:52.021,,0,75 12:24.202,8,0,0,0,67301,0,0,0,N,0,0,0,1,68K01,0,,4,9,,N,N,,0,,0,0,0,0,0,,1057,1,1,0,0,0,1,0,3,4,0,1,7,7.0,N,,,,,,,,,,,
2020029307,825.0,0,0,0,0,0,0,0,0,0,1,1,,67,2,2020,6,40.0118,-75.0606,817.0,6,0,0,0,0,0,0,0,1,,0,0,0.0,8,1,0,0,,1,40 00:42.484,2.0,0,75 03:38.173,0,0,0,0,67301,0,0,0,N,0,0,0,2,68K01,0,,1,1,,N,N,,1,,0,0,1,0,0,N,809,0,2,0,0,0,0,0,3,4,0,2,3,3.0,N,,,,,,,,,,,
2020028339,1658.0,0,0,0,0,0,0,0,0,0,1,0,,67,2,2020,6,39.8999,-75.1605,1646.0,6,0,0,0,0,0,0,1,0,,0,0,0.0,16,1,0,0,,0,39 54:02.377,,0,75 09:15.751,0,0,0,0,67301,0,0,0,N,0,0,0,2,68K01,0,,1,1,,N,N,,0,,0,0,2,0,0,,1642,0,2,0,0,0,0,0,3,4,0,2,3,,N,,,,,,,,,,,
2020028993,1850.0,1,0,0,0,0,0,0,0,0,7,0,,67,3,2020,2,40.0464,-75.0318,1844.0,6,0,0,0,0,0,0,0,0,,0,0,0.0,18,1,0,0,,0,40 02:46.915,,0,75 01:54.565,0,0,0,0,67301,0,0,0,N,0,0,0,1,67301,0,,4,9,,N,N,,0,,0,0,0,0,0,,1817,0,1,0,0,0,0,0,3,4,0,1,7,,N,,,,,,,,,,,
2020032816,945.0,0,0,0,0,0,0,0,0,0,7,0,,67,4,2020,2,39.9468,-75.1423,936.0,6,0,0,0,0,0,0,0,0,,0,0,0.0,9,8,0,0,,0,39 56:48.619,,4,75 08:32.394,0,0,0,0,67301,0,0,0,N,0,0,0,1,68K01,0,,4,8,,N,N,,0,,0,0,1,0,0,,929,0,1,0,0,0,0,0,3,4,0,1,7,4.0,N,,,,,,,,,,,
2020032307,1659.0,0,0,0,0,0,0,0,0,0,5,0,,67,3,2020,3,39.9276,-75.1958,1643.0,6,0,0,0,0,0,0,1,0,,0,0,0.0,16,1,0,0,,2,39 55:39.490,3.0,0,75 11:44.761,0,0,0,0,67301,0,0,0,N,0,0,0,2,68K01,0,,1,1,,N,N,,0,,0,0,1,0,0,N,1640,0,2,0,0,0,0,0,3,4,1,2,3,3.0,N,,,,,,,,,,,
2020032330,625.0,1,0,0,0,0,0,0,0,0,1,1,,67,4,2020,7,40.0064,-75.0744,615.0,6,0,0,0,0,0,0,0,0,,0,1,0.0,6,1,0,0,,0,40 00:22.940,,0,75 04:27.810,0,0,0,0,67301,0,0,0,N,0,0,0,4,68K01,0,,1,1,,N,N,,0,,0,0,1,0,0,,615,0,4,0,0,0,0,0,3,4,1,4,3,3.0,N,,,,,,,,,,,
2020044513,1526.0,1,0,0,0,0,0,0,0,0,7,0,,67,6,2020,1,40.0328,-75.17,1526.0,6,0,0,0,0,0,1,0,0,,0,0,0.0,14,1,1,0,,0,40 01:58.071,,0,75 10:12.071,3,0,0,0,67301,0,0,0,N,0,0,0,1,67301,0,,4,1,,N,N,,0,,1,0,0,0,0,,1448,1,1,0,0,0,0,0,3,4,0,1,3,3.0,N,,,,,,,,,,,
2020038549,2258.0,2,0,0,0,0,0,0,0,0,4,0,,67,5,2020,4,39.9549,-75.2088,2258.0,6,0,0,0,0,0,0,0,0,,0,0,0.0,22,3,1,1,,0,39 57:17.614,,0,75 12:31.573,4,0,0,0,67301,0,0,0,Y,0,0,0,2,67504,1,,1,1,,N,N,,0,,0,0,0,3,2,,2258,1,2,0,0,0,0,0,3,4,0,2,3,,N,,,,,,,,,,,
2020029643,1403.0,1,0,0,0,0,0,0,0,0,8,0,,67,3,2020,6,40.0364,-75.109,1359.0,6,0,0,0,0,0,0,0,0,,0,0,0.0,13,1,1,0,,0,40 02:11.030,,0,75 06:32.480,4,0,0,0,67301,1,0,0,N,1,0,0,2,67301,1,,1,1,,N,N,,0,,0,0,0,0,0,,1354,1,2,0,0,0,0,0,3,4,0,1,3,,N,,,,,,,,,,,
2020029309,1844.0,1,0,0,0,0,0,0,0,0,1,0,,67,2,2020,6,39.9614,-75.1825,1838.0,6,0,0,0,0,0,1,0,0,,0,0,0.0,18,3,0,0,,0,39 57:41.098,,0,75 10:57.080,0,0,0,0,67301,0,0,0,N,0,0,0,2,68K01,0,,1,1,,N,N,,0,,0,0,1,0,0,,1819,0,2,0,0,0,0,0,3,4,0,2,3,,N,,,,,,,,,,,
2020028825,1108.0,2,0,0,0,0,0,0,0,0,2,0,,67,3,2020,6,39.9962,-75.1723,1102.0,6,0,0,0,0,0,1,0,0,,0,0,0.0,11,1,1,1,,0,39 59:46.447,,0,75 10:20.414,3,0,0,0,67301,0,0,0,N,0,0,0,2,67301,0,,1,1,,N,N,,0,,1,0,0,3,2,,1100,1,2,0,0,0,0,0,3,4,0,2,3,3.0,N,,,,,,,,,,,
2020028486,520.0,0,0,0,0,0,0,0,0,0,4,0,,67,3,2020,7,39.9834,-75.1191,520.0,6,0,0,0,0,0,1,1,0,,0,0,0.0,5,1,1,1,,0,39 59:00.370,,0,75 07:08.921,8,0,0,0,67301,0,0,0,N,0,0,0,3,67301,0,,1,1,,N,N,,0,,0,0,2,2,2,,520,1,2,0,0,0,1,0,3,4,0,2,3,3.0,N,,,,,,,,,,,
2020028442,904.0,0,0,0,0,0,0,0,0,0,4,0,,67,3,2020,6,39.9808,-75.2061,904.0,6,0,0,0,0,0,0,0,0,,0,0,0.0,9,1,0,0,,2,39 58:50.869,4.0,0,75 12:21.817,9,0,0,0,67301,0,0,0,N,0,0,0,2,68K01,0,,1,9,,N,N,,0,,0,0,1,0,0,N,904,0,2,0,0,0,0,1,3,4,0,2,4,,N,,,,,,,,,,,
2020029642,1842.0,1,0,0,0,0,0,0,0,0,4,0,,67,3,2020,1,40.0282,-75.11,1824.0,6,0,0,0,0,0,0,0,0,,0,0,0.0,17,4,0,1,,0,40 01:41.536,,0,75 06:35.902,0,0,0,0,67301,0,0,0,N,0,0,0,3,67301,0,,1,1,,N,N,,1,,0,0,0,3,2,,1757,0,3,0,0,0,0,0,3,4,1,3,3,3.0,N,,,,,,,,,,,
2020032308,2005.0,2,0,0,0,0,0,0,0,0,1,0,,67,3,2020,3,39.9301,-75.1984,1951.0,6,0,0,0,0,0,0,0,0,,0,0,0.0,19,3,0,0,,0,39 55:48.514,,0,75 11:54.106,0,0,0,0,67301,0,0,0,N,0,0,0,2,68K01,0,,1,1,,N,N,,0,,0,0,0,0,0,,1949,0,2,0,0,0,0,0,3,4,0,2,3,3.0,N,,,,,,,,,,,
2020032857,400.0,0,0,0,0,0,0,0,0,0,7,0,,67,4,2020,2,40.0155,-75.113,357.0,6,0,0,0,0,0,0,0,0,,0,0,0.0,3,3,0,0,,0,40 00:55.970,,0,75 06:46.840,9,0,0,0,67301,0,0,0,N,0,0,0,1,67301,0,,4,9,,N,N,,1,,0,0,0,0,0,,349,0,1,0,0,1,0,1,3,4,0,1,7,7.0,N,,,,,,,,,,,
2020045209,1312.0,0,0,0,0,0,0,0,0,0,1,0,,67,6,2020,4,39.9007,-75.1554,1312.0,6,0,0,0,0,0,1,0,0,,0,0,0.0,13,1,1,0,,0,39 54:03.182,,3,75 09:14.087,8,0,0,0,67301,0,0,0,N,0,0,0,2,68K01,0,,3,9,,N,N,,0,,0,0,2,0,0,,1310,1,2,0,0,0,1,0,3,4,0,2,7,4.0,N,,,,,,,,,,,
2020044432,1422.0,1,0,0,0,0,0,0,0,0,1,1,50.0,67,5,2020,3,39.9446,-75.1913,1411.0,6,0,0,0,0,0,1,0,0,,0,0,0.0,14,1,1,6,,1,39 56:40.625,3.0,8,75 11:28.773,3,0,0,0,67301,0,0,0,N,0,0,0,3,68K01,0,,1,1,,N,N,,1,,1,0,1,0,0,N,1408,1,3,0,0,0,0,0,3,4,0,3,3,,Y,4.0,2.0,Y,N,N,U,Y,Y,N,Y,
2020028425,1638.0,1,0,0,0,0,0,0,0,0,1,0,,67,3,2020,4,39.9581,-75.1645,1626.0,6,0,0,0,0,0,0,1,0,,0,0,0.0,16,1,1,0,,0,39 57:29.188,,0,75 09:52.227,8,0,0,0,67301,0,0,0,N,0,0,0,2,68K01,0,,1,1,,N,N,,0,,0,0,1,0,0,,1621,1,2,0,0,0,1,0,3,4,0,2,3,,N,,,,,,,,,,,
2020029306,1549.0,1,0,0,0,0,0,0,0,0,1,0,,67,2,2020,4,39.9585,-75.168,1516.0,6,0,0,0,0,0,1,0,0,,0,0,0.0,15,1,0,0,,0,39 57:30.688,,0,75 10:04.796,0,0,0,0,67301,0,0,0,N,0,0,0,3,68K01,0,,1,1,,N,N,,0,,0,0,1,0,0,,1511,0,2,0,0,1,0,0,3,4,0,2,3,,N,,,,,,,,,,,
2020032053,917.0,0,0,0,0,0,0,0,0,0,1,1,,67,4,2020,4,39.8915,-75.2372,907.0,6,0,0,0,0,0,0,0,0,,0,1,0.0,8,1,0,0,,0,39 53:29.905,,0,75 14:13.270,0,0,0,0,67301,0,0,0,N,0,0,0,2,68K01,0,,1,1,,N,N,,1,,0,0,0,0,0,,854,0,2,0,0,0,0,0,3,4,0,2,3,,N,,,,,,,,,,,
2020032623,1711.0,2,0,0,0,0,0,0,0,0,2,0,,67,4,2020,2,40.0616,-75.2,1710.0,6,0,0,0,0,0,0,0,0,,0,0,0.0,17,1,2,0,,2,40 03:41.770,6.0,0,75 12:00.070,3,0,0,0,67301,0,0,0,N,0,0,0,2,67301,0,,1,9,,N,N,,0,,2,0,0,0,0,Y,1705,2,2,0,0,0,0,0,3,4,0,2,3,3.0,N,,,,,,,,,,,
2020045954,223.0,1,0,0,0,0,0,0,0,0,7,0,,67,5,2020,1,40.0074,-75.0781,223.0,6,0,0,0,0,0,0,0,0,,0,0,0.0,2,3,0,2,,0,40 00:26.675,,0,75 04:41.014,9,0,0,0,67301,0,0,0,N,0,0,0,1,68K01,0,,4,1,,N,N,,0,,0,0,0,0,0,,222,0,1,0,0,0,0,1,3,4,0,1,3,3.0,N,,,,,,,,,,,
2020044986,1726.0,1,0,0,0,0,0,0,0,0,4,0,,67,5,2020,4,39.9423,-75.1433,1722.0,6,0,0,0,1,0,0,0,0,,0,0,0.0,17,1,0,0,,0,39 56:32.381,,0,75 08:35.726,9,0,0,0,67301,0,0,0,N,0,0,0,2,68K01,0,,1,1,,N,N,,0,,0,0,0,0,0,,1718,0,2,0,0,0,0,1,3,4,0,2,3,,N,,,,,,,,,,,
2020043956,350.0,0,0,0,0,0,0,0,0,0,4,2,,67,6,2020,6,40.0298,-75.1046,340.0,6,0,0,0,0,0,0,0,0,,0,2,0.0,3,3,0,0,,1,40 01:47.207,5.0,6,75 06:16.570,0,0,0,0,67301,0,0,0,Y,0,0,0,2,67301,0,,1,9,,N,N,,0,,0,0,0,0,0,N,337,0,2,0,0,0,0,0,3,4,0,2,7,,N,,,,,,,,,,,
2020017327,1415.0,0,0,0,0,0,0,0,0,0,2,0,,67,2,2020,6,39.9438,-75.2328,830.0,6,0,0,0,0,0,1,0,0,,0,0,0.0,8,1,1,1,,0,39 56:37.701,,0,75 13:58.191,8,0,0,0,67301,1,0,0,N,0,0,0,2,67301,0,,1,1,,N,N,,1,,0,0,1,0,0,,830,1,2,0,0,1,1,1,3,4,0,2,3,,N,,,,,,,,,,,
2020044535,1253.0,0,0,0,0,0,0,0,0,0,0,0,,67,6,2020,1,39.9903,-75.1745,1252.0,6,0,0,0,0,0,1,0,0,,0,0,0.0,12,1,1,0,,0,39 59:24.989,,0,75 10:28.167,8,0,0,1,67301,0,0,0,N,0,0,0,1,67301,0,,1,1,,N,N,,0,,0,0,0,0,0,,1251,1,1,0,0,0,1,0,3,4,0,1,3,3.0,N,,,,,,,,,,,
2020029603,48.0,1,0,0,0,0,0,0,0,0,7,0,,67,3,2020,6,40.0556,-75.073,42.0,6,0,0,0,0,0,0,0,0,,0,0,0.0,0,3,2,0,,0,40 03:20.250,,0,75 04:22.660,3,0,0,0,67301,0,0,0,N,0,0,0,2,67301,0,,2,9,,N,N,,0,,1,0,0,0,0,,40,2,1,0,0,0,1,0,3,4,0,1,7,3.0,N,,,,,,,,,,,
2020028314,1025.0,0,0,0,0,0,0,0,0,0,8,0,,67,3,2020,5,40.0079,-75.1723,1025.0,6,0,0,0,0,0,1,0,0,,0,0,0.0,19,4,1,1,,0,40 00:28.314,,0,75 10:20.141,8,0,0,0,67301,1,0,0,N,1,0,0,2,67301,0,,1,99,,N,N,,0,,0,0,1,9,2,,1930,1,2,0,0,0,1,0,3,4,0,1,99,,N,,,,,,,,,,,
2020028891,618.0,0,0,0,0,0,0,0,0,0,8,0,,67,2,2020,5,40.0387,-75.0782,615.0,6,0,0,0,0,0,0,0,0,,1,0,0.0,6,3,0,0,N,2,40 02:19.287,5.0,0,75 04:41.426,1,0,0,0,67301,1,1,0,N,1,1,0,2,67301,0,2.0,1,9,930.0,N,N,N,0,0.0,0,0,1,0,0,Y,610,0,2,0,0,0,0,0,3,4,0,1,7,7.0,N,,,,,,,,,,,
2020029516,1430.0,1,0,0,0,0,0,0,0,0,7,0,,67,3,2020,4,40.0843,-75.2266,1411.0,6,0,0,0,0,0,0,0,0,,0,0,0.0,13,1,0,0,,0,40 05:03.400,,0,75 13:35.770,0,0,0,0,67301,0,0,0,N,0,0,0,1,67301,0,,4,9,,N,N,,0,,0,0,0,0,0,,1300,0,1,0,0,0,0,0,3,4,0,1,7,3.0,N,,,,,,,,,,,
2020021488,747.0,1,0,0,0,0,0,0,0,0,8,0,,67,2,2020,3,39.922,-75.171,739.0,6,0,0,0,0,0,0,0,0,,1,0,0.0,7,1,0,1,,0,39 55:19.102,,0,75 10:15.499,1,0,0,0,67301,1,1,0,N,1,1,0,2,67301,0,2.0,1,1,,N,N,N,0,0.0,0,0,0,3,3,,734,0,2,0,0,0,0,0,3,4,0,1,4,4.0,N,,,,,,,,,,,
2020028312,1452.0,1,0,0,0,0,0,0,0,0,3,0,,67,3,2020,4,39.9057,-75.1757,1450.0,6,0,0,0,0,1,0,0,0,,0,0,0.0,14,1,1,0,N,0,39 54:20.424,,7,75 10:32.438,4,0,0,0,67301,0,0,0,N,0,0,0,2,67301,1,,1,1,,N,N,N,0,,0,0,1,0,0,,1445,1,2,0,0,0,0,0,3,4,0,2,3,3.0,N,,,,,,,,,,,
2020028995,2042.0,0,0,0,0,0,0,0,0,0,4,0,,67,3,2020,5,39.9659,-75.2068,2042.0,6,0,0,0,0,0,0,0,0,,0,0,0.0,20,3,0,1,,0,39 57:57.368,,0,75 12:24.551,0,0,0,0,67301,0,0,0,N,0,0,0,2,67301,0,,1,1,,N,N,,1,,0,0,3,3,3,,2035,0,4,0,0,0,0,0,3,4,0,4,3,3.0,N,,,,,,,,,,,