CRN,ARRIVAL_TM,AUTOMOBILE_COUNT,BELTED_DEATH_COUNT,BELTED_SUSP_SERIOUS_INJ_COUNT,BICYCLE_COUNT,BICYCLE_DEATH_COUNT,BICYCLE_SUSP_SERIOUS_INJ_COUNT,BUS_COUNT,CHLDPAS_DEATH_COUNT,CHLDPAS_SUSP_SERIOUS_INJ_COUNT,COLLISION_TYPE,COMM_VEH_COUNT,CONS_ZONE_SPD_LIM,COUNTY,CRASH_MONTH,CRASH_YEAR,DAY_OF_WEEK,DEC_LAT,DEC_LONG,DISPATCH_TM,DISTRICT,DRIVER_COUNT_16YR,DRIVER_COUNT_17YR,DRIVER_COUNT_18YR,DRIVER_COUNT_19YR,DRIVER_COUNT_20YR,DRIVER_COUNT_50_64YR,DRIVER_COUNT_65_74YR,DRIVER_COUNT_75PLUS,EST_HRS_CLOSED,FATAL_COUNT,HEAVY_TRUCK_COUNT,HORSE_BUGGY_COUNT,HOUR_OF_DAY,ILLUMINATION,INJURY_COUNT,INTERSECT_TYPE,INTERSECTION_RELATED,LANE_CLOSED,LATITUDE,LN_CLOSE_DIR,LOCATION_TYPE,LONGITUDE,MAX_SEVERITY_LEVEL,MCYCLE_DEATH_COUNT,MCYCLE_SUSP_SERIOUS_INJ_COUNT,MOTORCYCLE_COUNT,MUNICIPALITY,NONMOTR_COUNT,NONMOTR_DEATH_COUNT,NONMOTR_SUSP_SERIOUS_INJ_COUNT,NTFY_HIWY_MAINT,PED_COUNT,PED_DEATH_COUNT,PED_SUSP_SERIOUS_INJ_COUNT,PERSON_COUNT,POLICE_AGCY,POSSIBLE_INJ_COUNT,RDWY_SURF_TYPE_CD,RELATION_TO_ROAD,ROAD_CONDITION,ROADWAY_CLEARED,SCH_BUS_IND,SCH_ZONE_IND,SECONDARY_CRASH,SMALL_TRUCK_COUNT,SPEC_JURIS_CD,SUSP_MINOR_INJ_COUNT,SUSP_SERIOUS_INJ_COUNT,SUV_COUNT,TCD_FUNC_CD,TCD_TYPE,TFC_DETOUR_IND,TIME_OF_DAY,TOT_INJ_COUNT,TOTAL_UNITS,UNB_DEATH_COUNT,UNB_SUSP_SERIOUS_INJ_COUNT,UNBELTED_OCC_COUNT,UNK_INJ_DEG_COUNT,UNK_INJ_PER_COUNT,URBAN_AREA,URBAN_RURAL,VAN_COUNT,VEHICLE_COUNT,WEATHER1,WEATHER2,WORK_ZONE_IND,WORK_ZONE_LOC,WORK_ZONE_TYPE,WORKERS_PRES,WZ_CLOSE_DETOUR,WZ_FLAGGER,WZ_LAW_OFFCR_IND,WZ_LN_CLOSURE,WZ_MOVING,WZ_OTHER,WZ_SHLDER_MDN,WZ_WORKERS_INJ_KILLED
2020107346,43.0,1,0,0,0,0,0,0,0,0,1,0,,67,12,2020,7,40.0076,-75.1274,41.0,6,0,0,0,0,0,1,0,0,,0,0,0.0,0,3,0,0,N,0,40 00:27.463,,0,75 07:38.780,0,0,0,0,67301,0,0,0,N,0,0,0,2,67301,0,,1,1,,N,N,N,0,,0,0,1,3,1,,41,0,2,0,0,0,0,0,3,4,0,2,3,3.0,N,,,,,,,,,,,
2020108708,956.0,2,0,0,0,0,0,0,0,0,1,0,,67,12,2020,6,40.0211,-75.1399,951.0,6,0,0,0,0,0,1,0,1,,0,0,0.0,9,1,1,1,,1,40 01:16.051,1.0,0,75 08:23.731,8,0,0,0,67301,0,0,0,N,0,0,0,4,67301,0,,1,1,20.0,N,N,N,1,,0,0,0,3,2,N,945,1,3,0,0,0,1,0,3,4,0,3,3,3.0,N,,,,,,,,,,,
2020114060,1713.0,1,0,0,0,0,0,0,0,0,1,0,,67,12,2020,5,39.9201,-75.1556,1711.0,6,0,0,0,0,0,0,0,0,,0,0,0.0,17,3,0,0,N,0,39 55:12.410,,0,75 09:20.070,0,0,0,0,67301,0,0,0,N,0,0,0,1,67301,0,,2,9,,N,N,Y,0,,0,0,1,3,3,,1703,0,2,0,0,1,0,0,3,4,0,2,7,7.0,N,,,,,,,,,,,
2020110391,1425.0,3,0,0,0,0,0,0,0,0,4,0,,67,12,2020,5,40.049,-75.1424,1420.0,6,0,0,0,0,0,0,0,0,,0,0,0.0,11,1,1,1,,0,40 02:56.568,,0,75 08:32.803,4,0,0,0,67301,0,0,0,N,0,0,0,2,67301,1,,9,7,,N,N,N,0,,0,0,1,3,2,,1103,1,4,0,0,0,0,1,3,4,0,4,10,,N,,,,,,,,,,,
2020110371,37.0,1,0,0,0,0,0,0,0,0,7,0,,67,12,2020,6,40.058,-75.1628,35.0,6,0,0,0,0,0,0,0,0,,0,0,0.0,0,3,0,0,N,0,40 03:28.899,,7,75 09:46.149,0,0,0,0,67301,0,0,0,N,0,0,0,1,67301,0,,4,2,,N,N,N,0,,0,0,0,0,0,,30,0,1,0,0,1,0,0,3,4,0,1,98,3.0,N,,,,,,,,,,,
2020107110,43.0,2,0,0,0,0,0,0,0,0,1,0,,67,12,2020,7,40.0069,-75.1931,38.0,6,0,0,0,0,0,0,0,0,,0,0,0.0,0,3,2,0,N,2,40 00:25.194,2.0,0,75 11:35.011,3,0,0,0,67301,0,0,0,N,0,0,0,4,67301,0,,1,1,135.0,N,N,N,0,,2,0,0,0,0,N,35,2,2,0,0,2,0,0,3,4,0,2,3,3.0,N,,,,,,,,,,,
2020001154,830.0,1,0,0,0,0,0,0,0,0,2,0,,67,1,2020,7,39.9566,-75.1524,817.0,6,0,0,0,0,0,1,0,0,,0,0,0.0,8,1,1,5,,1,39 57:23.708,2.0,1,75 09:08.740,3,0,0,0,67301,0,0,0,N,0,0,0,2,67301,0,,1,9,,N,N,,0,,1,0,1,3,2,Y,817,1,2,0,0,2,0,0,3,4,0,2,5,7.0,N,,,,,,,,,,,
2020006088,1042.0,1,0,0,0,0,0,0,0,0,5,0,,67,1,2020,7,39.9806,-75.1724,1042.0,6,0,0,0,0,0,0,0,0,,0,0,0.0,10,1,0,2,,0,39 58:50.135,,0,75 10:20.821,0,0,0,0,67301,0,0,0,N,0,0,0,1,67301,0,,1,1,,N,N,,0,,0,0,1,3,2,,1042,0,2,0,0,0,0,0,3,4,0,2,3,3.0,N,,,,,,,,,,,
2020001155,1500.0,1,0,0,0,0,0,0,0,0,4,0,,67,1,2020,6,40.0523,-75.008,1447.0,6,0,0,0,0,1,1,0,0,,0,0,0.0,14,1,1,1,,0,40 03:08.339,,0,75 00:28.750,8,0,0,0,67301,0,0,0,N,0,0,0,3,67301,0,,1,1,,N,N,,1,,0,0,0,3,2,,1447,1,2,0,0,0,1,0,3,4,0,2,4,4.0,N,,,,,,,,,,,
2020004346,1851.0,1,0,0,0,0,0,0,0,0,4,0,,67,1,2020,5,40.0326,-75.0326,1841.0,6,0,0,0,0,1,0,0,0,,0,0,0.0,18,3,1,1,,0,40 01:57.188,,0,75 01:57.314,4,0,0,0,67301,0,0,0,N,0,0,0,3,67301,1,,1,1,,N,N,,0,,0,0,1,3,3,,1838,1,2,0,0,1,0,0,3,4,0,2,3,,N,,,,,,,,,,,
2020004730,2008.0,2,0,0,0,0,0,0,0,0,1,0,,67,1,2020,2,40.0875,-74.9711,1955.0,6,0,0,0,1,0,0,0,0,,0,0,0.0,19,3,1,1,,0,40 05:15.133,,0,74 58:16.083,3,0,0,0,67301,0,0,0,N,0,0,0,2,67301,0,,1,1,,N,N,,0,,1,0,0,3,2,,1954,1,2,0,0,0,0,0,3,4,0,2,3,3.0,N,,,,,,,,,,,
2020004341,1530.0,1,0,0,0,0,0,0,0,0,8,0,,67,1,2020,6,40.0201,-75.0562,1522.0,6,0,0,0,0,0,0,0,0,,0,0,0.0,15,1,1,1,,9,40 01:12.216,,0,75 03:22.222,3,0,0,0,67301,1,0,0,N,1,0,0,2,67301,0,,1,1,,N,N,,0,,1,0,0,3,3,U,1519,1,2,0,0,0,0,0,3,4,0,1,3,3.0,N,,,,,,,,,,,
2020005518,824.0,1,0,0,0,0,0,0,0,0,1,0,,67,1,2020,2,39.9574,-75.1586,812.0,6,0,0,0,0,0,0,0,0,,0,0,0.0,8,1,1,0,,0,39 57:26.805,,0,75 09:31.138,4,0,0,0,67301,0,0,0,N,0,0,0,2,68K01,1,,1,1,,N,N,,0,,0,0,0,0,0,,811,1,2,0,0,0,0,0,3,4,1,2,3,,N,,,,,,,,,,,
2020002460,636.0,1,0,0,0,0,0,0,0,0,5,1,,67,1,2020,7,39.9864,-75.2084,630.0,6,0,0,0,0,0,0,0,1,,0,2,0.0,6,3,0,0,,0,39 59:11.100,,2,75 12:30.300,0,0,0,0,67301,0,0,0,N,0,0,0,3,67301,0,,2,1,,N,N,,0,,0,0,0,0,0,,629,0,3,0,0,0,0,0,3,4,0,3,3,3.0,N,,,,,,,,,,,
2020002912,1502.0,1,0,0,0,0,0,0,0,0,4,0,,67,1,2020,4,40.0747,-74.9893,1452.0,6,0,0,0,0,0,0,0,0,,0,0,0.0,14,1,0,1,,1,40 04:28.912,2.0,0,74 59:21.393,0,0,0,0,67301,0,0,0,N,0,0,0,2,67301,0,,1,1,,N,N,,1,,0,0,0,3,3,N,1451,0,2,0,0,0,0,0,3,4,0,2,3,3.0,N,,,,,,,,,,,
2020003370,2340.0,0,0,0,0,0,0,0,0,0,1,1,40.0,67,1,2020,5,40.0183,-75.1688,2330.0,6,0,0,0,0,0,0,0,0,,0,1,0.0,23,3,1,7,,2,40 01:05.725,1.0,0,75 10:07.630,3,0,0,0,67301,0,0,0,N,0,0,0,3,67301,0,,1,1,,N,N,,0,,1,0,1,2,8,Y,2324,1,3,0,0,0,0,1,3,4,0,3,3,3.0,Y,4.0,1.0,Y,N,N,N,Y,Y,N,N,
2020001428,1855.0,2,0,0,0,0,0,0,0,0,1,0,,67,1,2020,6,40.0228,-75.1947,1855.0,6,0,0,0,0,0,1,0,0,,0,0,0.0,17,3,0,0,,0,40 01:22.014,,0,75 11:40.940,0,0,0,0,67301,0,0,0,N,0,0,0,2,67301,0,,1,9,,N,N,,0,,0,0,0,0,0,,1739,0,2,0,0,0,0,0,3,4,0,2,5,7.0,N,,,,,,,,,,,
2020001156,1710.0,0,0,0,0,0,0,0,0,0,4,0,,67,1,2020,6,40.0605,-75.0194,1656.0,6,0,0,0,0,0,0,0,0,,0,0,0.0,16,3,0,0,,0,40 03:37.976,,0,75 01:09.917,0,0,0,0,67301,0,0,0,N,0,0,0,1,67301,0,,3,9,,N,N,,0,,0,0,2,0,0,,1652,0,2,0,0,0,0,0,3,4,0,2,7,7.0,N,,,,,,,,,,,
2020002078,1917.0,0,0,0,0,0,0,0,0,0,8,0,,67,1,2020,7,39.9312,-75.2264,1915.0,6,0,0,0,0,0,0,0,0,,0,0,0.0,19,3,1,0,,1,39 55:52.150,4.0,0,75 13:35.050,3,0,0,0,67301,1,0,0,N,1,0,0,1,67301,0,,1,9,,N,N,,0,,1,0,1,0,0,N,1909,1,2,0,0,0,0,0,3,4,0,1,7,4.0,N,,,,,,,,,,,
2020010999,1806.0,0,0,0,0,0,0,0,0,0,8,0,,67,1,2020,3,39.9539,-75.1589,1802.0,6,0,0,0,0,0,0,0,0,,0,0,0.0,17,3,1,0,,0,39 57:13.965,,0,75 09:32.074,3,0,0,0,67301,1,0,0,N,1,0,0,2,67301,0,,4,1,,N,N,,0,,1,0,1,0,0,,1755,1,2,0,0,0,0,0,3,4,0,1,3,,N,,,,,,,,,,,
2020010063,1106.0,0,0,0,0,0,0,0,0,0,4,0,,67,1,2020,2,40.0239,-75.1433,1103.0,6,0,0,0,0,0,1,0,0,,0,0,0.0,10,1,2,1,,0,40 01:26.205,,0,75 08:36.052,3,0,0,0,67301,0,0,0,N,0,0,0,4,67301,1,,1,1,,N,N,,0,,1,0,1,3,3,,1031,2,2,0,0,0,0,2,3,4,1,2,3,,N,,,,,,,,,,,
2020003987,1919.0,1,0,0,0,0,0,0,0,0,7,0,,67,1,2020,6,39.9097,-75.1544,1919.0,6,0,0,0,1,0,0,0,0,,0,0,0.0,19,3,1,0,,0,39 54:35.000,,5,75 09:15.700,3,0,0,0,67301,0,0,0,N,0,0,0,1,67501,0,,4,1,,N,N,,0,,1,0,0,0,0,,1918,1,1,0,0,0,0,0,3,4,0,1,3,,N,,,,,,,,,,,
2020052841,2228.0,1,0,0,0,0,0,0,0,0,98,0,,67,6,2020,3,39.9614,-75.1821,2221.0,6,0,0,0,0,0,1,0,0,,0,0,0.0,22,3,0,0,,0,39 57:41.206,,0,75 10:55.420,0,0,0,0,67301,0,0,0,N,0,0,0,1,68K01,0,,1,1,,N,N,,0,,0,0,0,0,0,,2212,0,1,0,0,0,0,0,3,4,0,1,3,,N,,,,,,,,,,,
2020006448,1429.0,1,0,0,0,0,0,0,0,0,4,0,,67,1,2020,1,40.0915,-74.9656,1421.0,6,1,0,0,0,0,0,0,0,,0,0,0.0,14,1,4,2,,1,40 05:29.578,1.0,0,74 57:56.181,3,0,0,0,67301,0,0,0,N,0,0,0,4,67301,2,,1,1,,N,N,,0,,2,0,1,3,2,N,1416,4,2,0,0,0,0,0,3,4,0,2,3,3.0,N,,,,,,,,,,,
2020011102,1422.0,1,0,0,0,0,0,0,0,0,1,0,,67,1,2020,2,40.0154,-75.1551,1420.0,6,0,0,0,0,0,0,0,0,,0,0,0.0,14,1,1,0,,0,40 00:55.321,,0,75 09:18.295,3,0,0,0,67301,0,0,0,N,0,0,0,2,67301,0,,1,1,,N,N,,0,,1,0,0,3,2,,1405,1,2,0,0,1,0,0,3,4,1,2,4,,N,,,,,,,,,,,
2020009177,350.0,2,0,0,0,0,0,0,0,0,5,0,,67,1,2020,4,39.9515,-75.245,341.0,6,0,0,0,0,0,0,0,0,,0,0,0.0,3,3,0,0,,0,39 57:05.500,,0,75 14:41.880,0,0,0,0,67301,0,0,0,N,0,0,0,1,67301,0,,6,1,,N,N,,0,,0,0,0,0,0,,307,0,2,0,0,0,0,0,3,4,0,2,3,3.0,N,,,,,,,,,,,
2020007506,2000.0,1,0,0,0,0,0,0,0,0,6,0,,67,1,2020,7,40.0285,-75.1522,2000.0,6,0,0,0,0,0,0,0,0,,0,0,0.0,15,8,1,0,,0,40 01:42.620,,0,75 09:07.990,3,0,0,0,67301,0,0,0,N,0,0,0,2,67301,0,,1,7,,N,N,,0,,1,0,0,9,9,,1530,1,2,0,0,0,0,0,3,4,0,2,10,10.0,N,,,,,,,,,,,
2020050785,800.0,1,0,0,0,0,0,0,0,0,1,0,,67,6,2020,2,40.034,-75.0743,746.0,6,0,0,0,0,0,1,0,0,,0,0,0.0,7,1,0,0,,0,40 02:02.429,,0,75 04:27.568,0,0,0,0,67301,0,0,0,N,0,0,0,3,67301,0,,1,1,,N,N,,0,,0,0,1,9,2,,739,0,2,0,0,0,0,0,3,4,0,2,3,3.0,N,,,,,,,,,,,
2020012351,1948.0,1,0,0,0,0,0,0,0,0,8,0,,67,1,2020,6,39.9461,-75.2165,1947.0,6,0,0,0,1,0,0,0,0,,0,0,0.0,19,3,2,1,,0,39 56:45.794,,0,75 12:59.385,3,0,0,0,67301,2,0,0,N,2,0,0,3,67301,0,,1,9,,N,N,,0,,2,0,0,3,3,,1935,2,3,0,0,0,0,0,3,4,0,1,7,7.0,N,,,,,,,,,,,
2020003777,2017.0,2,0,0,0,0,0,0,0,0,5,0,,67,1,2020,6,40.0107,-75.1628,2016.0,6,0,0,0,0,0,0,0,0,,0,0,0.0,20,3,0,0,,0,40 00:38.682,,0,75 09:46.053,0,0,0,0,67301,0,0,0,N,0,0,0,3,67301,0,,1,1,,N,N,,0,,0,0,0,0,0,,2014,0,2,0,0,0,0,0,3,4,0,2,3,3.0,N,,,,,,,,,,,
2020012667,1902.0,0,0,0,1,0,0,0,0,0,4,0,,67,1,2020,6,39.9396,-75.1443,1900.0,6,0,0,0,0,0,1,0,0,,0,0,0.0,18,4,1,1,N,0,39 56:22.600,,0,75 08:39.653,3,0,0,0,67301,1,0,0,N,0,0,0,2,67301,0,,1,1,,N,N,N,0,,1,0,1,3,3,,1815,1,2,0,0,0,0,0,3,4,0,1,3,4.0,N,,,,,,,,,,,
2020012138,1133.0,1,0,0,0,0,0,0,0,0,6,0,,67,1,2020,4,39.9795,-75.2196,1125.0,6,0,0,0,0,0,0,1,0,,0,0,0.0,10,1,1,0,,0,39 58:46.310,,0,75 13:10.440,3,0,0,0,67301,0,0,0,N,0,0,0,2,67301,0,,1,1,,N,N,,0,,1,0,1,0,0,,1036,1,2,0,0,0,0,0,3,4,0,2,3,,N,,,,,,,,,,,
2020008754,945.0,4,0,0,0,0,0,0,0,0,5,0,,67,1,2020,4,39.9891,-75.1657,939.0,6,0,0,0,0,0,0,0,0,,0,0,0.0,9,1,1,0,,2,39 59:20.916,3.0,0,75 09:56.618,3,0,0,0,67301,0,0,0,N,0,0,0,2,67301,0,,1,1,,N,N,,0,,1,0,1,0,0,N,934,1,5,0,0,0,0,0,3,4,0,5,3,3.0,N,,,,,,,,,,,
2020013646,2155.0,3,0,0,0,0,0,0,0,0,4,0,,67,1,2020,6,39.9997,-75.1749,2154.0,6,0,0,0,0,0,0,0,0,,0,0,0.0,21,3,2,1,,0,39 59:59.038,,0,75 10:29.614,3,0,0,0,67301,0,0,0,N,0,0,0,3,67301,1,,1,9,,N,N,,0,,1,0,3,9,3,,2150,2,6,0,0,1,0,0,3,4,0,6,7,,N,,,,,,,,,,,
2020023907,349.0,0,0,0,0,0,0,0,0,0,7,0,,67,1,2020,6,39.9241,-75.1924,340.0,6,0,0,0,0,0,0,0,0,,0,0,0.0,3,3,0,0,,2,39 55:26.762,4.0,0,75 11:32.704,0,0,0,0,67301,0,0,0,N,0,0,0,1,68K01,0,,3,1,,N,N,,0,,0,0,0,0,0,N,340,0,1,0,0,0,0,0,3,4,1,1,3,,N,,,,,,,,,,,
2020005982,2100.0,1,0,0,0,0,0,0,0,0,4,0,,67,1,2020,3,39.904,-75.2401,2100.0,6,0,0,0,0,0,0,0,0,,0,0,0.0,17,3,1,1,,0,39 54:14.619,,0,75 14:25.049,3,0,0,0,67301,0,0,0,N,0,0,0,3,67301,0,,1,1,,N,N,,0,,1,0,1,3,2,,1720,1,2,0,0,0,0,0,3,4,0,2,3,,N,,,,,,,,,,,
2020011979,833.0,1,0,0,0,0,0,0,0,0,4,0,,67,1,2020,2,40.0473,-75.1417,830.0,6,0,0,0,0,0,1,0,0,,0,0,0.0,7,1,0,2,,0,40 02:50.401,,0,75 08:29.952,0,0,0,0,67301,0,0,0,N,0,0,0,2,67301,0,,1,1,,N,N,,0,,0,0,1,3,2,,753,0,2,0,0,0,0,0,3,4,0,2,3,4.0,N,,,,,,,,,,,
2020015761,1814.0,2,0,0,0,0,0,0,0,0,4,0,,67,1,2020,6,40.006,-75.0919,1810.0,6,0,0,0,0,0,1,0,0,,0,0,0.0,18,3,1,5,,0,40 00:21.613,,0,75 05:30.664,3,0,0,0,67301,0,0,0,N,0,0,0,2,67301,0,,1,1,,N,N,,0,,1,0,0,3,2,,1804,1,2,0,0,1,0,0,3,4,0,2,3,,N,,,,,,,,,,,
2020008848,1305.0,2,0,0,0,0,0,0,0,0,4,0,,67,1,2020,4,39.9871,-75.1223,1257.0,6,0,0,0,0,0,0,0,0,,0,0,0.0,12,1,0,5,,0,39 59:13.221,,0,75 07:20.575,0,0,0,0,67301,0,0,0,N,0,0,0,2,67301,0,,1,1,,N,N,,0,,0,0,0,3,2,,1230,0,2,0,0,2,0,0,3,4,0,2,3,3.0,N,,,,,,,,,,,
2020012350,2057.0,1,0,0,0,0,0,0,0,0,4,0,,67,1,2020,6,39.9626,-75.213,2053.0,6,0,0,0,0,0,0,0,0,,0,0,0.0,20,3,2,1,,0,39 57:45.290,,0,75 12:46.959,3,0,0,0,67301,0,0,0,N,0,0,0,3,67301,0,,1,9,,N,N,,0,,2,0,1,9,2,,2051,2,2,0,0,0,0,0,3,4,0,2,7,,N,,,,,,,,,,,
2020052254,1105.0,1,0,0,0,0,0,0,0,0,8,0,,67,7,2020,5,39.9437,-75.1654,1100.0,6,0,0,0,0,0,0,0,0,,0,0,0.0,10,1,1,1,,0,39 56:37.148,,0,75 09:55.602,4,0,0,0,67301,1,0,0,N,1,0,0,2,67301,1,,1,1,,N,N,N,0,,0,0,0,3,2,,1045,1,2,0,0,0,0,0,3,4,0,1,3,3.0,N,,,,,,,,,,,
2020007027,319.0,0,0,0,0,0,0,0,0,0,7,0,,67,1,2020,5,39.96,-75.1805,309.0,6,0,0,0,0,0,0,0,0,1.0,0,0,0.0,2,3,0,0,N,1,39 57:35.825,3.0,8,75 10:49.674,0,0,0,0,67301,0,0,0,N,0,0,0,1,68K01,0,,4,9,9999.0,N,N,N,0,,0,0,1,0,0,N,257,0,1,0,0,0,0,0,3,4,0,1,7,,N,,,,,,,,,,,
2020012781,901.0,0,0,0,0,0,0,0,0,0,4,0,,67,2,2020,1,40.02,-75.1522,851.0,6,0,0,0,0,0,0,1,0,,0,0,0.0,8,1,1,1,,1,40 01:12.005,7.0,2,75 09:07.947,3,0,0,0,67301,0,0,0,N,0,0,0,5,67301,0,,1,1,,N,N,,0,,1,0,2,3,3,Y,838,1,2,0,0,0,0,0,3,4,0,2,4,,N,,,,,,,,,,,
2020052895,1420.0,1,0,0,0,0,0,0,0,0,2,0,,67,7,2020,2,39.9461,-75.1985,1414.0,6,0,0,0,0,0,2,0,0,,0,0,0.0,14,1,3,2,N,2,39 56:45.821,2.0,0,75 11:54.688,3,0,0,0,67301,0,0,0,N,0,0,0,3,67504,0,,1,9,1445.0,N,N,N,1,,3,0,1,0,0,N,1410,3,3,0,0,0,0,0,3,4,0,3,4,7.0,N,,,,,,,,,,,
2020010111,215.0,2,0,0,0,0,0,0,0,0,5,0,,67,1,2020,1,39.9687,-75.2309,209.0,6,0,0,0,0,0,0,0,0,,0,0,0.0,2,3,0,0,,0,39 58:07.290,,0,75 13:51.300,0,0,0,0,67301,0,0,0,N,0,0,0,1,67301,0,,6,1,,N,N,,0,,0,0,1,0,0,,207,0,3,0,0,0,0,0,3,4,0,3,3,3.0,N,,,,,,,,,,,
2020030516,548.0,0,0,0,0,0,0,0,0,0,4,0,,67,1,2020,4,40.0272,-75.1512,536.0,6,0,0,0,0,0,1,0,0,,0,0,0.0,5,3,0,1,,0,40 01:37.898,,0,75 09:04.471,0,0,0,0,67301,0,0,0,N,0,0,0,2,67301,0,,1,1,,N,N,,0,,0,0,2,3,2,,534,0,2,0,0,0,0,0,3,4,0,2,3,3.0,N,,,,,,,,,,,
2020003977,427.0,2,0,0,0,0,0,0,0,0,6,0,,67,1,2020,7,40.1315,-75.0133,421.0,6,0,0,0,0,0,1,0,0,,0,0,0.0,4,3,0,0,,0,40 07:53.461,,0,75 00:47.847,0,0,0,0,67301,0,0,0,N,0,0,0,1,67301,0,,6,1,,N,N,,0,,0,0,1,0,0,,410,0,3,0,0,0,0,0,3,4,0,3,3,,N,,,,,,,,,,,
2020009208,249.0,1,0,0,0,0,0,0,0,0,5,0,,67,1,2020,5,40.026,-75.1464,249.0,6,0,0,0,0,0,0,0,0,,0,0,0.0,22,3,2,0,,0,40 01:33.600,,0,75 08:47.100,3,0,0,0,67301,2,0,0,N,0,0,0,3,67301,0,,6,1,,N,N,,0,,2,0,0,9,9,,2230,2,2,0,0,0,0,0,3,4,1,2,3,3.0,N,,,,,,,,,,,
2020006450,1430.0,1,0,0,0,0,0,0,0,0,7,0,,67,1,2020,6,39.971,-75.1901,1420.0,6,0,0,0,0,0,0,0,0,,0,0,0.0,14,1,1,0,,2,39 58:15.695,6.0,0,75 11:24.429,4,0,0,0,67301,0,0,0,N,0,0,0,2,67301,1,,4,1,,N,N,,0,,0,0,0,0,0,Y,1420,1,1,0,0,0,0,1,3,4,0,1,3,3.0,N,,,,,,,,,,,
2020008298,305.0,1,0,0,0,0,0,0,0,0,5,0,,67,1,2020,2,40.0441,-75.0514,303.0,6,0,0,0,0,1,0,0,0,,0,0,0.0,3,3,1,0,,0,40 02:38.750,,0,75 03:04.920,8,0,0,0,67301,0,0,0,N,0,0,0,1,67301,0,,6,1,,N,N,,0,,0,0,0,0,0,,300,1,2,0,0,0,1,0,3,4,1,2,3,3.0,N,,,,,,,,,,,
2020006960,1054.0,1,0,0,0,0,0,0,0,0,4,0,,67,1,2020,4,40.0343,-75.1919,1052.0,6,0,0,0,0,0,1,0,0,,0,0,0.0,9,1,0,2,,0,40 02:03.546,,0,75 11:30.847,9,0,0,0,67301,0,0,0,N,0,0,0,2,67301,0,,1,1,,N,N,,1,,0,0,0,0,0,,945,0,2,0,0,0,0,1,3,4,0,2,3,,N,,,,,,,,,,,
2020012139,1159.0,1,0,0,0,0,0,0,0,0,4,0,,67,1,2020,5,39.9802,-75.2465,1157.0,6,0,0,0,0,0,0,1,0,,0,0,0.0,11,1,3,0,,2,39 58:48.860,5.0,0,75 14:47.293,4,0,0,0,67301,0,0,0,N,0,0,0,3,67301,3,,1,1,,N,N,,0,,0,0,1,0,0,Y,1132,3,2,0,0,0,0,0,3,4,0,2,3,3.0,N,,,,,,,,,,,
2020053200,1854.0,1,0,0,0,0,0,0,0,0,1,0,,67,6,2020,1,39.9528,-75.141,1820.0,6,0,0,0,0,0,0,0,0,,0,0,0.0,17,1,1,0,,0,39 57:09.929,,0,75 08:27.548,3,0,0,0,67301,0,0,0,N,0,0,0,3,68K01,0,,1,1,,N,N,,0,,1,0,1,0,0,,1758,1,2,0,0,0,0,0,3,4,0,2,3,,N,,,,,,,,,,,
2020006286,1130.0,2,0,0,0,0,0,0,0,0,4,0,,67,1,2020,5,39.9709,-75.1392,1130.0,6,0,0,0,0,0,0,1,0,,0,0,0.0,11,1,0,1,,0,39 58:15.340,,0,75 08:21.271,0,0,0,0,67301,0,0,0,N,0,0,0,2,67301,0,,1,1,,N,N,,0,,0,0,0,9,2,,1120,0,2,0,0,0,0,0,3,4,0,2,3,3.0,N,,,,,,,,,,,
2020012436,2005.0,2,0,0,0,0,0,0,0,0,4,0,,67,2,2020,7,40.0473,-75.1677,2002.0,6,0,0,1,0,0,0,0,0,,0,0,0.0,19,3,0,1,,1,40 02:50.173,5.0,0,75 10:03.884,0,0,0,0,67301,0,0,0,N,0,0,0,2,67301,0,,1,9,,N,N,,0,,0,0,0,3,2,N,1956,0,2,0,0,0,0,0,3,4,0,2,7,,N,,,,,,,,,,,
2020008753,1917.0,2,0,0,0,0,0,0,0,0,5,0,,67,1,2020,4,40.0459,-75.1586,1917.0,6,0,0,0,1,0,0,0,0,,0,0,0.0,19,3,0,0,,2,40 02:45.340,2.0,0,75 09:30.920,0,0,0,0,67301,0,0,0,N,0,0,0,1,67301,0,,1,1,,N,N,,0,,0,0,0,0,0,Y,1917,0,2,0,0,0,0,0,3,4,0,2,3,3.0,N,,,,,,,,,,,
2020006288,821.0,1,0,0,0,0,0,0,0,0,4,0,,67,1,2020,4,40.0229,-75.1632,820.0,6,0,0,0,0,0,0,0,1,,0,0,0.0,8,1,1,1,,0,40 01:22.525,,0,75 09:47.379,4,0,0,0,67301,0,0,0,N,0,0,0,3,67301,1,,1,1,,N,N,,0,,0,0,1,3,3,,817,1,2,0,0,0,0,0,3,4,0,2,3,3.0,N,,,,,,,,,,,
2020020438,2305.0,1,0,0,0,0,0,0,0,0,7,0,,67,1,2020,1,39.9903,-75.2053,2255.0,6,0,0,0,0,0,0,0,0,,0,0,0.0,22,3,1,0,,0,39 59:25.173,,0,75 12:19.097,4,0,0,0,67301,0,0,0,N,0,0,0,1,68K01,1,,4,1,,N,N,,0,,0,0,0,0,0,,2249,1,1,0,0,0,0,0,3,4,0,1,3,3.0,N,,,,,,,,,,,