CRN,ARRIVAL_TM,AUTOMOBILE_COUNT,BELTED_DEATH_COUNT,BELTED_SUSP_SERIOUS_INJ_COUNT,BICYCLE_COUNT,BICYCLE_DEATH_COUNT,BICYCLE_SUSP_SERIOUS_INJ_COUNT,BUS_COUNT,CHLDPAS_DEATH_COUNT,CHLDPAS_SUSP_SERIOUS_INJ_COUNT,COLLISION_TYPE,COMM_VEH_COUNT,CONS_ZONE_SPD_LIM,COUNTY,CRASH_MONTH,CRASH_YEAR,DAY_OF_WEEK,DEC_LAT,DEC_LONG,DISPATCH_TM,DISTRICT,DRIVER_COUNT_16YR,DRIVER_COUNT_17YR,DRIVER_COUNT_18YR,DRIVER_COUNT_19YR,DRIVER_COUNT_20YR,DRIVER_COUNT_50_64YR,DRIVER_COUNT_65_74YR,DRIVER_COUNT_75PLUS,EST_HRS_CLOSED,FATAL_COUNT,HEAVY_TRUCK_COUNT,HORSE_BUGGY_COUNT,HOUR_OF_DAY,ILLUMINATION,INJURY_COUNT,INTERSECT_TYPE,INTERSECTION_RELATED,LANE_CLOSED,LATITUDE,LN_CLOSE_DIR,LOCATION_TYPE,LONGITUDE,MAX_SEVERITY_LEVEL,MCYCLE_DEATH_COUNT,MCYCLE_SUSP_SERIOUS_INJ_COUNT,MOTORCYCLE_COUNT,MUNICIPALITY,NONMOTR_COUNT,NONMOTR_DEATH_COUNT,NONMOTR_SUSP_SERIOUS_INJ_COUNT,NTFY_HIWY_MAINT,PED_COUNT,PED_DEATH_COUNT,PED_SUSP_SERIOUS_INJ_COUNT,PERSON_COUNT,POLICE_AGCY,POSSIBLE_INJ_COUNT,RDWY_SURF_TYPE_CD,RELATION_TO_ROAD,ROAD_CONDITION,ROADWAY_CLEARED,SCH_BUS_IND,SCH_ZONE_IND,SECONDARY_CRASH,SMALL_TRUCK_COUNT,SPEC_JURIS_CD,SUSP_MINOR_INJ_COUNT,SUSP_SERIOUS_INJ_COUNT,SUV_COUNT,TCD_FUNC_CD,TCD_TYPE,TFC_DETOUR_IND,TIME_OF_DAY,TOT_INJ_COUNT,TOTAL_UNITS,UNB_DEATH_COUNT,UNB_SUSP_SERIOUS_INJ_COUNT,UNBELTED_OCC_COUNT,UNK_INJ_DEG_COUNT,UNK_INJ_PER_COUNT,URBAN_AREA,URBAN_RURAL,VAN_COUNT,VEHICLE_COUNT,WEATHER1,WEATHER2,WORK_ZONE_IND,WORK_ZONE_LOC,WORK_ZONE_TYPE,WORKERS_PRES,WZ_CLOSE_DETOUR,WZ_FLAGGER,WZ_LAW_OFFCR_IND,WZ_LN_CLOSURE,WZ_MOVING,WZ_OTHER,WZ_SHLDER_MDN,WZ_WORKERS_INJ_KILLED
2020051690,1315.0,1,0,0,0,0,0,1,0,0,4,1,,67,6,2020,6,40.0111,-75.1533,1300.0,6,0,0,0,0,0,1,0,0,,0,0,0.0,99,1,3,1,,0,40 00:40.096,,0,75 09:11.959,8,0,0,0,67301,0,0,0,N,0,0,0,3,67508,0,,1,1,,N,N,,0,,0,0,0,3,3,,9999,3,2,0,0,0,3,0,3,4,0,2,3,,N,,,,,,,,,,,
2020009953,1743.0,1,0,0,0,0,0,0,0,0,4,0,,67,1,2020,7,39.9226,-75.2413,1742.0,6,0,0,0,0,0,0,0,0,,0,0,0.0,17,3,1,5,,0,39 55:21.439,,0,75 14:28.708,3,0,0,0,67301,0,0,0,N,0,0,0,2,67301,0,,1,9,,N,N,,0,,1,0,1,3,3,,1722,1,2,0,0,0,0,0,3,4,0,2,3,3.0,N,,,,,,,,,,,
2020051474,1650.0,1,0,0,0,0,0,0,0,0,4,0,,67,6,2020,7,40.0393,-75.1848,1644.0,6,0,0,0,0,0,1,0,0,,1,0,0.0,14,1,0,1,,0,40 02:21.627,,0,75 11:05.396,1,0,0,0,67301,0,0,0,N,0,0,0,2,67301,0,2.0,1,1,,N,N,N,0,0.0,0,0,1,9,2,,1434,0,2,0,0,0,0,0,3,4,0,2,3,3.0,N,,,,,,,,,,,
2020004732,2258.0,1,0,0,0,0,0,0,0,0,5,0,,67,1,2020,2,40.0196,-75.1342,2258.0,6,0,0,0,0,0,0,0,0,,0,0,0.0,20,3,0,0,,0,40 01:10.510,,0,75 08:03.050,0,0,0,0,67301,0,0,0,N,0,0,0,1,67301,0,,6,1,,N,N,,1,,0,0,1,0,0,,2000,0,3,0,0,0,0,0,3,4,0,3,3,,N,,,,,,,,,,,
2020010027,646.0,1,0,0,0,0,0,0,0,0,1,0,,67,1,2020,6,39.9775,-75.201,646.0,6,0,0,0,0,0,1,0,0,,0,0,0.0,6,3,0,0,,1,39 58:39.160,3.0,0,75 12:03.529,0,0,0,0,67301,0,0,0,N,0,0,0,2,68K01,0,,1,1,,N,N,,1,,0,0,0,0,0,N,637,0,2,0,0,0,0,0,3,4,0,2,3,,N,,,,,,,,,,,
2020004929,2125.0,0,0,0,0,0,0,0,0,0,8,0,,67,1,2020,7,40.0388,-75.1716,2125.0,6,0,0,0,0,0,1,0,0,,0,0,0.0,21,3,1,1,,0,40 02:19.838,,0,75 10:17.850,3,0,0,0,67301,1,0,0,N,1,0,0,2,67301,0,,1,1,,N,N,,0,,1,0,1,3,2,,2120,1,2,0,0,1,0,0,3,4,0,1,3,,N,,,,,,,,,,,
2020009861,2110.0,1,0,0,0,0,0,0,0,0,8,0,,67,1,2020,2,40.0218,-75.1261,2102.0,6,0,0,0,0,0,0,0,0,,0,0,0.0,14,1,1,1,,0,40 01:18.346,,0,75 07:33.790,3,0,0,0,67301,1,0,0,N,1,0,0,2,67301,0,,1,1,,N,N,,0,,1,0,0,9,2,,1455,1,2,0,0,0,0,1,3,4,0,1,3,3.0,N,,,,,,,,,,,
2020009851,1622.0,2,0,0,0,0,0,0,0,0,4,0,,67,1,2020,4,40.048,-75.0928,1622.0,6,0,0,0,0,0,0,0,0,,0,0,0.0,15,1,0,1,,0,40 02:52.866,,0,75 05:34.153,0,0,0,0,67301,0,0,0,N,0,0,0,2,67301,0,,1,1,,N,N,,0,,0,0,0,0,0,,1553,0,2,0,0,2,0,0,3,4,0,2,3,3.0,N,,,,,,,,,,,
2020012895,1901.0,1,0,0,0,0,0,0,0,0,5,0,,67,1,2020,6,39.9211,-75.242,1901.0,6,0,0,0,0,0,0,0,0,,0,0,0.0,19,3,0,0,,1,39 55:15.970,1.0,0,75 14:31.360,0,0,0,0,67301,0,0,0,N,0,0,0,1,67301,0,,1,9,,N,N,,0,,0,0,2,0,0,N,1900,0,3,0,0,0,0,0,3,4,0,3,7,7.0,N,,,,,,,,,,,
2020003957,2051.0,1,0,0,0,0,0,0,0,0,4,0,,67,1,2020,7,40.0062,-75.1518,2050.0,6,0,0,0,0,0,2,0,0,,0,0,0.0,20,3,0,1,,0,40 00:22.203,,0,75 09:06.487,0,0,0,0,67301,0,0,0,N,0,0,0,2,67505,0,,1,1,,N,N,,0,,0,0,1,3,2,,2047,0,2,0,0,0,0,0,3,4,0,2,3,3.0,N,,,,,,,,,,,
2020003721,336.0,2,0,0,0,0,0,0,0,0,5,0,,67,1,2020,6,40.0215,-75.1153,327.0,6,0,0,0,0,0,0,0,0,,0,0,0.0,3,3,0,0,,0,40 01:17.510,,0,75 06:55.170,0,0,0,0,67301,0,0,0,N,0,0,0,1,67301,0,,6,1,,N,N,,0,,0,0,1,0,0,,307,0,3,0,0,0,0,0,3,4,0,3,3,3.0,N,,,,,,,,,,,
2020004926,1256.0,1,0,0,0,0,0,0,0,0,4,0,,67,1,2020,6,40.0316,-75.2076,1253.0,6,0,0,0,0,0,1,0,0,,0,0,0.0,12,1,2,1,,0,40 01:53.814,,0,75 12:27.475,3,0,0,0,67301,0,0,0,N,0,0,0,3,67301,0,,1,1,,N,N,,0,,1,0,1,3,2,,1250,2,2,0,0,0,1,0,3,4,0,2,3,3.0,N,,,,,,,,,,,
2020015759,926.0,1,0,0,0,0,0,0,0,0,5,0,,67,1,2020,7,40.0313,-75.0845,925.0,6,0,0,0,0,0,1,0,0,,0,0,0.0,22,3,1,0,N,0,40 01:52.686,,0,75 05:04.080,3,0,0,0,67301,0,0,0,N,0,0,0,6,67301,0,,1,6,,N,N,N,0,,1,0,0,0,0,,2235,1,2,0,0,0,0,0,3,4,0,2,10,,N,,,,,,,,,,,
2020006085,1450.0,0,0,0,0,0,0,0,0,0,4,0,,67,1,2020,5,40.0444,-75.0726,1436.0,6,0,0,0,0,0,0,0,0,,0,0,0.0,14,1,1,1,,0,40 02:39.682,,0,75 04:21.458,3,0,0,0,67301,0,0,0,N,0,0,0,2,67301,0,,1,1,,N,N,,1,,1,0,0,3,2,,1435,1,2,0,0,0,0,0,3,4,1,2,3,3.0,N,,,,,,,,,,,
2020012674,2010.0,1,0,0,0,0,0,0,0,0,5,0,,67,1,2020,4,40.0212,-75.1162,2005.0,6,0,0,0,0,0,0,0,0,,0,0,0.0,20,3,0,0,,0,40 01:16.350,,0,75 06:58.310,0,0,0,0,67301,0,0,0,N,0,0,0,1,67301,0,,6,1,,N,N,,0,,0,0,5,0,0,,2002,0,6,0,0,0,0,0,3,4,0,6,3,,N,,,,,,,,,,,
2020007380,109.0,2,0,0,0,0,0,0,0,0,4,0,,67,1,2020,2,39.9673,-75.1367,104.0,6,0,0,0,0,1,1,0,0,,0,0,0.0,1,3,0,1,,0,39 58:02.240,,0,75 08:12.065,0,0,0,0,67301,0,0,0,N,0,0,0,2,67301,0,,1,1,,N,N,,0,,0,0,0,3,3,,100,0,2,0,0,0,0,0,3,4,0,2,3,3.0,N,,,,,,,,,,,
2020052049,909.0,1,0,0,0,0,0,0,0,0,4,0,,67,6,2020,5,40.0086,-75.0696,906.0,6,0,0,0,0,0,0,0,0,,0,0,0.0,9,1,0,0,,1,40 00:30.925,1.0,0,75 04:10.657,0,0,0,0,67301,0,0,0,N,0,0,0,2,68K01,0,,1,9,,N,N,,0,,0,0,1,0,0,N,905,0,2,0,0,1,0,0,3,4,0,2,98,,N,,,,,,,,,,,
2020010059,1610.0,0,0,0,0,0,0,0,0,0,7,0,,67,1,2020,1,39.9893,-75.1673,1610.0,6,0,0,0,0,0,0,0,0,,0,0,0.0,16,1,1,1,,0,39 59:21.653,,0,75 10:02.305,3,0,0,0,67301,0,0,0,N,0,0,0,1,67301,0,,4,1,,N,N,,0,,1,0,1,3,2,,1610,1,1,0,0,0,0,0,3,4,0,1,3,4.0,N,,,,,,,,,,,
2020012264,18.0,2,0,0,0,0,0,0,0,0,2,0,,67,2,2020,7,39.9712,-75.1629,17.0,6,0,0,0,0,0,0,0,0,,0,0,0.0,0,3,0,1,,0,39 58:16.355,,0,75 09:46.267,0,0,0,0,67301,0,0,0,N,0,0,0,2,67301,0,,1,1,,N,N,,0,,0,0,0,3,3,,12,0,2,0,0,0,0,0,3,4,0,2,3,3.0,N,,,,,,,,,,,
2020012381,1900.0,3,0,0,0,0,0,0,0,0,1,0,,67,1,2020,4,39.9666,-75.2398,1900.0,6,0,0,0,0,0,0,0,0,,0,0,0.0,19,3,0,1,,0,39 57:59.670,,0,75 14:23.337,0,0,0,0,67301,0,0,0,N,0,0,0,3,67301,0,,1,1,,N,N,,0,,0,0,0,3,2,,1900,0,3,0,0,2,0,0,3,4,0,3,3,3.0,N,,,,,,,,,,,
2020013952,2043.0,1,0,0,0,0,0,0,0,0,4,0,,67,2,2020,7,40.013,-75.1192,2043.0,6,0,0,0,0,0,0,0,0,,0,0,0.0,21,3,2,0,,0,40 00:46.700,,7,75 07:09.090,3,0,0,0,67301,0,0,0,N,0,0,0,5,67301,0,,1,9,,N,N,,0,,2,0,0,3,2,,2130,2,2,0,0,1,0,1,3,4,1,2,7,7.0,N,,,,,,,,,,,
2020006958,1408.0,1,0,0,0,0,0,0,0,0,4,0,,67,1,2020,6,40.0668,-75.2348,1358.0,6,0,0,0,0,0,0,1,1,,0,0,0.0,13,1,1,1,,0,40 04:00.368,,0,75 14:05.337,3,0,0,0,67301,0,0,0,N,0,0,0,2,67301,0,,1,1,,N,N,,0,,1,0,1,3,3,,1357,1,2,0,0,0,0,0,3,4,0,2,3,3.0,N,,,,,,,,,,,
2020051997,1015.0,1,0,0,0,0,0,0,0,0,4,0,,67,7,2020,4,39.9915,-75.1005,1015.0,6,0,0,0,0,0,0,0,0,,0,0,0.0,19,1,0,0,,9,39 59:29.499,,0,75 06:01.661,0,0,0,0,67301,0,0,0,N,0,0,0,1,67301,0,,1,1,,N,N,,0,,0,0,0,3,2,U,1950,0,2,0,0,0,0,0,3,4,0,1,3,3.0,N,,,,,,,,,,,
2020005263,1545.0,1,0,0,0,0,0,0,0,0,4,0,,67,1,2020,2,39.9884,-75.1174,1545.0,6,0,0,0,0,0,0,0,0,,0,0,0.0,14,1,0,1,,0,39 59:18.121,,0,75 07:02.495,0,0,0,0,67301,0,0,0,N,0,0,0,2,67301,0,,1,1,,N,N,,0,,0,0,1,9,3,,1430,0,2,0,0,0,0,0,3,4,0,2,4,,N,,,,,,,,,,,
2020010032,1435.0,0,0,0,0,0,0,0,0,0,7,0,,67,1,2020,7,39.8969,-75.1894,1435.0,6,0,0,0,0,0,1,0,0,3.0,0,0,0.0,14,1,0,0,N,1,39 53:56.993,1.0,0,75 10:34.385,0,0,0,0,67301,0,0,0,N,0,0,0,1,68K01,0,,3,7,9999.0,N,N,N,0,,0,0,1,0,0,N,1435,0,1,0,0,0,0,0,3,4,0,1,10,,N,,,,,,,,,,,
2020014376,921.0,1,0,0,0,0,0,0,0,0,5,0,,67,1,2020,1,40.0333,-75.077,912.0,6,0,0,0,0,0,1,0,1,,0,0,0.0,9,1,0,0,,0,40 01:59.803,,6,75 04:37.207,0,0,0,0,67301,0,0,0,N,0,0,0,2,67301,0,,1,9,,N,N,,0,,0,0,1,0,0,,903,0,2,0,0,0,0,0,3,4,0,2,3,3.0,N,,,,,,,,,,,
2020033504,612.0,1,0,0,0,0,0,0,0,0,5,0,,67,1,2020,6,40.0683,-75.0298,604.0,6,0,0,0,0,0,0,0,0,,0,0,0.0,6,3,0,0,,1,40 04:05.818,4.0,0,75 01:47.233,0,0,0,0,67301,0,0,0,N,0,0,0,1,67301,0,,6,1,,N,N,,1,,0,0,1,0,0,N,600,0,3,0,0,0,0,0,3,4,0,3,3,3.0,N,,,,,,,,,,,
2020006089,1118.0,1,0,0,0,0,0,0,0,0,7,0,,67,1,2020,4,40.0071,-75.0941,1115.0,6,0,0,0,0,0,0,0,0,,0,0,0.0,11,1,1,1,,0,40 00:25.667,,0,75 05:38.650,3,0,0,0,67301,0,0,0,N,0,0,0,1,67301,0,,4,1,,N,N,,0,,1,0,0,3,2,,1110,1,1,0,0,0,0,0,3,4,0,1,3,3.0,N,,,,,,,,,,,
2020003530,1420.0,1,0,0,0,0,0,0,0,0,4,0,,67,1,2020,5,39.9556,-75.234,1332.0,6,0,0,0,0,0,1,1,0,,0,0,0.0,13,1,1,1,,0,39 57:20.080,,0,75 14:02.342,3,0,0,0,67301,0,0,0,N,0,0,0,2,67301,0,,1,1,,N,N,,0,,1,0,1,3,2,,1330,1,2,0,0,0,0,0,3,4,0,2,3,3.0,N,,,,,,,,,,,
2020052685,2331.0,1,0,0,0,0,0,0,0,0,1,0,,67,7,2020,1,39.9741,-75.2045,2329.0,6,0,0,0,0,0,0,0,0,,0,0,0.0,23,3,1,0,,0,39 58:26.585,,0,75 12:16.227,4,0,0,0,67301,0,0,0,N,0,0,0,1,67301,1,,1,1,,N,N,,1,,0,0,0,3,2,,2327,1,2,0,0,0,0,0,3,4,0,2,3,,N,,,,,,,,,,,
2020050505,1313.0,1,0,0,0,0,0,0,0,0,1,0,,67,6,2020,1,40.0312,-75.0214,1313.0,6,0,0,0,0,0,0,0,0,,0,0,0.0,13,1,1,0,,2,40 01:52.302,1.0,0,75 01:17.120,3,0,0,0,67301,0,0,0,N,0,0,0,7,68K01,0,,1,1,,N,N,,2,,1,0,0,3,8,N,1310,1,3,0,0,0,0,0,3,4,0,3,3,3.0,N,,,,,,,,,,,
2020007315,2200.0,2,0,0,0,0,0,0,0,0,1,0,,67,1,2020,1,40.0074,-75.1252,2200.0,6,0,0,0,0,0,1,0,0,,0,0,0.0,21,3,2,2,,0,40 00:26.789,,0,75 07:30.615,4,0,0,0,67301,0,0,0,N,0,0,0,4,67301,2,,1,1,,N,N,,0,,0,0,0,9,2,,2130,2,2,0,0,0,0,2,3,4,0,2,3,3.0,N,,,,,,,,,,,
2020005260,338.0,1,0,0,1,0,0,0,0,0,4,0,,67,1,2020,1,39.9229,-75.1581,336.0,6,0,0,0,0,0,0,0,0,,0,0,0.0,3,3,1,1,,0,39 55:22.430,,0,75 09:29.537,3,0,0,0,67301,1,0,0,N,0,0,0,2,67301,0,,1,9,,N,N,,0,,1,0,0,3,2,,334,1,2,0,0,0,0,0,3,4,0,1,7,,N,,,,,,,,,,,
2020011000,1218.0,0,0,0,0,0,0,0,0,0,4,0,,67,1,2020,2,39.9919,-75.1749,1216.0,6,0,0,0,0,0,0,0,0,,0,0,0.0,12,1,1,1,,2,39 59:30.742,4.0,0,75 10:29.679,2,0,0,0,67301,0,0,0,N,0,0,0,2,67301,0,,1,1,,N,N,,1,,0,1,0,3,2,Y,1210,1,2,0,0,0,0,0,3,4,0,2,3,3.0,N,,,,,,,,,,,
2020012629,828.0,1,0,0,0,0,0,0,0,0,7,0,,67,1,2020,1,40.0395,-75.0075,821.0,6,0,0,0,0,0,0,0,1,,0,0,0.0,8,1,0,0,,0,40 02:22.083,,0,75 00:27.129,0,0,0,0,67301,0,0,0,N,0,0,0,1,68K01,0,,2,9,,N,N,,0,,0,0,0,0,0,,820,0,1,0,0,0,0,0,3,4,0,1,3,3.0,N,,,,,,,,,,,
2020006407,857.0,1,0,0,0,0,0,0,0,0,4,0,,67,1,2020,4,39.9629,-75.1646,852.0,6,0,0,0,0,0,1,0,0,,0,0,0.0,8,1,2,1,,2,39 57:46.450,4.0,0,75 09:52.765,8,0,0,0,67301,0,0,0,N,0,0,0,2,67301,0,,1,1,,N,N,,0,,0,0,1,3,2,Y,850,2,2,0,0,0,2,0,3,4,0,2,3,3.0,N,,,,,,,,,,,
2020009176,2005.0,0,0,0,1,0,0,0,0,0,4,0,,67,1,2020,3,39.953,-75.2345,2002.0,6,0,0,0,0,0,0,0,0,,0,0,0.0,19,3,1,1,,0,39 57:10.760,,0,75 14:04.290,3,0,0,0,67301,1,0,0,N,0,0,0,2,67301,0,,1,1,,N,N,,0,,1,0,1,3,3,,1957,1,2,0,0,0,0,0,3,4,0,1,3,,N,,,,,,,,,,,
2020005544,614.0,1,0,0,0,0,0,0,0,0,4,0,,67,1,2020,3,40.0614,-75.0839,610.0,6,0,0,0,0,0,0,0,0,,0,0,0.0,6,1,0,1,,0,40 03:41.363,,0,75 05:01.699,0,0,0,0,67301,0,0,0,N,0,0,0,2,67301,0,,1,1,,N,N,,0,,0,0,1,3,2,,610,0,2,0,0,0,0,0,3,4,0,2,3,,N,,,,,,,,,,,
2020050699,712.0,0,0,0,0,0,0,0,0,0,1,1,,67,6,2020,4,40.0034,-75.1525,650.0,6,0,0,0,0,0,1,0,0,,0,1,0.0,6,1,0,0,,0,40 00:12.317,,0,75 09:09.086,0,0,0,0,67301,0,0,0,N,0,0,0,2,67301,0,,1,1,,N,N,,0,,0,0,1,3,2,,644,0,2,0,0,0,0,0,3,4,0,2,3,4.0,N,,,,,,,,,,,
2020006452,2336.0,1,0,0,0,0,0,0,0,0,4,0,,67,1,2020,6,40.0357,-75.057,2336.0,6,0,1,0,0,0,1,0,0,,0,0,0.0,22,3,1,1,,0,40 02:08.368,,0,75 03:25.030,4,0,0,0,67301,0,0,0,N,0,0,0,4,67301,1,,1,1,,N,N,,0,,0,0,1,3,3,,2246,1,2,0,0,0,0,0,3,4,0,2,3,3.0,N,,,,,,,,,,,
2020011524,1853.0,2,0,0,0,0,0,0,0,0,1,0,,67,1,2020,2,39.9635,-75.1694,1848.0,6,0,0,0,0,0,1,0,0,,0,0,0.0,18,3,1,1,,0,39 57:48.569,,0,75 10:09.796,3,0,0,0,67301,0,0,0,N,0,0,0,5,67301,0,,1,1,,N,N,,0,,1,0,0,3,1,,1845,1,2,0,0,0,0,0,3,4,0,2,3,3.0,N,,,,,,,,,,,
2020020343,38.0,2,0,0,0,0,0,0,0,0,5,0,,67,1,2020,2,39.9709,-75.1241,29.0,6,0,0,0,0,0,0,1,0,2.0,0,0,0.0,0,2,0,0,N,2,39 58:17.711,1.0,0,75 07:22.828,9,0,0,0,67301,0,0,0,N,0,0,0,3,68K01,0,,1,1,9999.0,N,N,N,0,,0,0,0,0,0,N,28,0,3,0,0,0,0,1,3,4,0,3,3,,N,,,,,,,,,,,
2020007289,1645.0,1,0,0,0,0,0,0,0,0,5,0,,67,1,2020,7,39.9968,-75.1405,1645.0,6,0,0,0,0,0,1,0,0,,0,0,0.0,16,4,2,2,,0,39 59:48.642,,0,75 08:25.771,3,0,0,0,67301,0,0,0,N,0,0,0,2,67301,0,,1,9,,N,N,,0,,2,0,1,0,0,,1623,2,2,0,0,1,0,0,3,4,0,2,7,9.0,N,,,,,,,,,,,
2020003528,11.0,2,0,0,0,0,0,0,0,0,6,0,,67,1,2020,4,40.1217,-75.0122,4.0,6,0,0,0,0,0,1,0,0,,0,0,0.0,23,3,2,0,,0,40 07:18.060,,0,75 00:43.880,3,0,0,0,67301,0,0,0,N,0,0,0,2,67301,0,,1,1,,N,N,,0,,1,0,0,0,0,,2355,2,2,0,0,1,1,0,3,4,0,2,3,,N,,,,,,,,,,,
2020003979,1956.0,1,0,0,0,0,0,0,0,0,4,0,,67,1,2020,6,40.0314,-75.1548,1955.0,6,0,0,0,0,0,0,0,0,,0,0,0.0,17,3,2,1,,0,40 01:53.219,,0,75 09:17.182,8,0,0,0,67301,0,0,0,N,0,0,0,4,67301,0,,1,99,,N,N,,0,,0,0,0,3,2,,1730,2,2,0,0,0,2,2,3,4,1,2,3,3.0,N,,,,,,,,,,,
2020004494,825.0,0,0,0,0,0,0,0,0,0,1,1,,67,1,2020,2,39.9602,-75.1372,808.0,6,0,0,0,0,0,0,1,0,,0,1,0.0,8,1,1,2,,0,39 57:36.624,,0,75 08:13.909,8,0,0,0,67301,0,0,0,N,0,0,0,3,67301,0,,1,1,,N,N,,0,,0,0,0,3,2,,805,1,2,0,0,0,1,0,3,4,1,2,3,3.0,N,,,,,,,,,,,
2020011412,1951.0,1,0,0,0,0,0,0,0,0,4,0,,67,1,2020,2,40.0523,-75.008,1950.0,6,0,0,0,0,0,0,0,1,,0,0,0.0,19,3,2,1,,0,40 03:08.339,,0,75 00:28.750,2,0,0,0,67301,0,0,0,N,0,0,0,7,67301,0,,1,1,,N,N,,0,,1,1,1,3,2,,1945,2,3,0,1,1,0,0,3,4,1,3,3,3.0,N,,,,,,,,,,,
2020012583,1452.0,0,0,0,0,0,0,0,0,0,1,0,,67,1,2020,4,39.9679,-75.1303,1443.0,6,0,0,0,0,0,1,0,0,,0,0,0.0,14,1,0,0,,2,39 58:05.033,1.0,0,75 07:46.761,0,0,0,0,67301,0,0,0,N,0,0,0,2,68K01,0,,1,1,,N,N,,1,,0,0,1,0,0,N,1438,0,2,0,0,0,0,0,3,4,0,2,3,,N,,,,,,,,,,,
2020013371,1510.0,0,0,0,0,0,0,0,0,0,5,0,,67,2,2020,7,40.0172,-75.1887,1457.0,6,0,0,0,0,0,0,0,0,,0,0,0.0,13,1,0,0,,0,40 01:01.967,,0,75 11:19.275,0,0,0,0,67301,0,0,0,N,0,0,0,2,67301,0,,1,1,,N,N,,0,,0,0,2,0,0,,1355,0,2,0,0,0,0,0,3,4,0,2,4,4.0,N,,,,,,,,,,,
2020048728,1555.0,0,0,0,0,0,0,0,0,0,8,1,,67,5,2020,3,39.9629,-75.1646,1548.0,6,0,0,0,0,0,0,0,0,,0,1,0.0,15,1,1,1,,0,39 57:46.450,,0,75 09:52.765,3,0,0,0,67301,1,0,0,N,1,0,0,2,67301,0,,1,1,,N,N,,0,,1,0,0,3,2,,1540,1,2,0,0,1,0,0,3,4,0,1,3,3.0,N,,,,,,,,,,,
2020013136,2220.0,1,0,0,0,0,0,0,0,0,4,0,,67,1,2020,5,40.019,-75.0934,2220.0,6,0,0,0,0,0,1,0,0,,0,0,0.0,18,3,0,1,,0,40 01:08.356,,0,75 05:36.092,0,0,0,0,67301,0,0,0,N,0,0,0,2,67301,0,,1,1,,N,N,,0,,0,0,1,3,3,,1840,0,2,0,0,0,0,0,3,4,0,2,3,3.0,N,,,,,,,,,,,
2020003863,1032.0,2,0,0,0,0,0,0,0,0,4,0,,67,1,2020,7,39.9441,-75.1535,1023.0,6,0,0,0,0,0,2,0,0,,0,0,0.0,10,1,1,1,,0,39 56:38.805,,0,75 09:12.654,3,0,0,0,67301,0,0,0,N,0,0,0,3,67301,0,,1,1,,N,N,,0,,1,0,0,3,2,,1022,1,2,0,0,0,0,0,3,4,0,2,3,3.0,N,,,,,,,,,,,
2020009860,1959.0,0,0,0,0,0,0,0,0,0,1,0,,67,1,2020,7,40.0717,-75.1541,1959.0,6,0,0,0,0,0,0,0,0,,0,0,0.0,18,3,1,1,,0,40 04:18.214,,0,75 09:14.704,3,0,0,0,67301,0,0,0,N,0,0,0,2,67301,0,,1,1,,N,N,,0,,1,0,2,3,2,,1805,1,2,0,0,0,0,1,3,4,0,2,3,3.0,N,,,,,,,,,,,
2020009570,1745.0,1,0,0,0,0,0,0,0,0,8,0,,67,1,2020,3,39.9651,-75.1608,1740.0,6,0,0,0,0,0,0,0,0,,0,0,0.0,17,3,1,1,,0,39 57:54.312,,0,75 09:38.700,3,0,0,0,67301,1,0,0,N,1,0,0,2,67301,0,,1,9,,N,N,,0,,1,0,0,9,2,,1700,1,2,0,0,1,0,0,3,4,0,1,7,7.0,N,,,,,,,,,,,
2020005519,812.0,1,0,0,0,0,0,0,0,0,1,0,,67,1,2020,2,40.0455,-75.0017,812.0,6,0,0,0,0,0,0,0,0,,0,0,0.0,8,1,0,0,,0,40 02:43.979,,0,75 00:06.228,0,0,0,0,67301,0,0,0,N,0,0,0,2,68K01,0,,1,1,,N,N,,0,,0,0,1,0,0,,812,0,2,0,0,0,0,0,3,4,0,2,3,,N,,,,,,,,,,,
2020003773,1054.0,2,0,0,0,0,0,0,0,0,4,0,,67,1,2020,6,39.9952,-75.1883,1054.0,6,0,0,0,0,0,0,0,0,,0,0,0.0,10,1,2,2,,0,39 59:42.800,,0,75 11:18.000,3,0,0,0,67301,0,0,0,N,0,0,0,3,67301,0,,1,1,,N,N,,0,,1,0,0,3,3,,1054,2,3,0,0,0,1,1,3,4,0,3,3,3.0,N,,,,,,,,,,,
2020013642,1145.0,0,0,0,0,0,0,0,0,0,8,0,,67,1,2020,7,40.025,-75.167,1145.0,6,0,0,0,0,0,0,0,0,,0,0,0.0,11,1,1,0,,0,40 01:30.100,,0,75 10:01.224,8,0,0,0,67301,1,0,0,N,1,0,0,2,67301,0,,1,9,,N,N,,0,,0,0,1,0,0,,1144,1,2,0,0,1,1,0,3,4,0,1,7,4.0,N,,,,,,,,,,,
2020006279,821.0,0,0,0,0,0,0,0,0,0,6,0,,67,1,2020,2,39.9359,-75.2196,800.0,6,0,0,0,0,0,0,0,0,,0,0,0.0,7,1,1,0,,0,39 56:09.380,,0,75 13:10.650,3,0,0,0,67301,0,0,0,N,0,0,0,2,67301,0,,1,1,,N,N,,0,,1,0,1,0,0,,739,1,2,0,0,0,0,0,3,4,1,2,3,,N,,,,,,,,,,,
2020051371,1200.0,0,0,0,0,0,0,0,0,0,4,1,,67,6,2020,3,39.9959,-75.2344,1200.0,6,0,0,0,0,0,2,0,0,,0,1,0.0,11,1,0,0,,0,39 59:45.320,,7,75 14:03.810,0,0,0,0,67301,0,0,0,N,0,0,0,5,67301,0,,1,1,,N,N,,0,,0,0,1,0,0,,1110,0,2,0,0,0,0,0,3,4,0,2,3,3.0,N,,,,,,,,,,,