CRN,ARRIVAL_TM,AUTOMOBILE_COUNT,BELTED_DEATH_COUNT,BELTED_SUSP_SERIOUS_INJ_COUNT,BICYCLE_COUNT,BICYCLE_DEATH_COUNT,BICYCLE_SUSP_SERIOUS_INJ_COUNT,BUS_COUNT,CHLDPAS_DEATH_COUNT,CHLDPAS_SUSP_SERIOUS_INJ_COUNT,COLLISION_TYPE,COMM_VEH_COUNT,CONS_ZONE_SPD_LIM,COUNTY,CRASH_MONTH,CRASH_YEAR,DAY_OF_WEEK,DEC_LAT,DEC_LONG,DISPATCH_TM,DISTRICT,DRIVER_COUNT_16YR,DRIVER_COUNT_17YR,DRIVER_COUNT_18YR,DRIVER_COUNT_19YR,DRIVER_COUNT_20YR,DRIVER_COUNT_50_64YR,DRIVER_COUNT_65_74YR,DRIVER_COUNT_75PLUS,EST_HRS_CLOSED,FATAL_COUNT,HEAVY_TRUCK_COUNT,HORSE_BUGGY_COUNT,HOUR_OF_DAY,ILLUMINATION,INJURY_COUNT,INTERSECT_TYPE,INTERSECTION_RELATED,LANE_CLOSED,LATITUDE,LN_CLOSE_DIR,LOCATION_TYPE,LONGITUDE,MAX_SEVERITY_LEVEL,MCYCLE_DEATH_COUNT,MCYCLE_SUSP_SERIOUS_INJ_COUNT,MOTORCYCLE_COUNT,MUNICIPALITY,NONMOTR_COUNT,NONMOTR_DEATH_COUNT,NONMOTR_SUSP_SERIOUS_INJ_COUNT,NTFY_HIWY_MAINT,PED_COUNT,PED_DEATH_COUNT,PED_SUSP_SERIOUS_INJ_COUNT,PERSON_COUNT,POLICE_AGCY,POSSIBLE_INJ_COUNT,RDWY_SURF_TYPE_CD,RELATION_TO_ROAD,ROAD_CONDITION,ROADWAY_CLEARED,SCH_BUS_IND,SCH_ZONE_IND,SECONDARY_CRASH,SMALL_TRUCK_COUNT,SPEC_JURIS_CD,SUSP_MINOR_INJ_COUNT,SUSP_SERIOUS_INJ_COUNT,SUV_COUNT,TCD_FUNC_CD,TCD_TYPE,TFC_DETOUR_IND,TIME_OF_DAY,TOT_INJ_COUNT,TOTAL_UNITS,UNB_DEATH_COUNT,UNB_SUSP_SERIOUS_INJ_COUNT,UNBELTED_OCC_COUNT,UNK_INJ_DEG_COUNT,UNK_INJ_PER_COUNT,URBAN_AREA,URBAN_RURAL,VAN_COUNT,VEHICLE_COUNT,WEATHER1,WEATHER2,WORK_ZONE_IND,WORK_ZONE_LOC,WORK_ZONE_TYPE,WORKERS_PRES,WZ_CLOSE_DETOUR,WZ_FLAGGER,WZ_LAW_OFFCR_IND,WZ_LN_CLOSURE,WZ_MOVING,WZ_OTHER,WZ_SHLDER_MDN,WZ_WORKERS_INJ_KILLED
2020011636,435.0,2,0,0,0,0,0,0,0,0,5,0,,67,1,2020,7,39.9504,-75.1482,432.0,6,0,0,0,0,0,0,0,0,,0,0,0.0,4,3,0,0,,1,39 57:01.556,3.0,0,75 08:53.390,0,0,0,0,67301,0,0,0,N,0,0,0,1,67301,0,,6,1,,N,N,,0,,0,0,0,0,0,Y,431,0,2,0,0,0,0,0,3,4,0,2,3,,N,,,,,,,,,,,
2020013107,300.0,1,0,0,0,0,0,0,0,0,4,0,,67,2,2020,1,39.9479,-75.2139,259.0,6,0,0,0,0,0,0,0,0,,0,0,0.0,2,3,0,1,,0,39 56:52.353,,99,75 12:50.018,0,0,0,0,67301,0,0,0,N,0,0,0,2,67301,0,,1,9,,N,N,,0,,0,0,1,9,3,,215,0,2,0,0,2,0,0,3,4,0,2,3,,N,,,,,,,,,,,
2020050079,440.0,1,0,0,0,0,0,0,0,0,1,1,,67,6,2020,1,39.9696,-75.1925,428.0,6,0,0,0,0,0,1,0,0,,0,1,0.0,4,3,1,0,,0,39 58:10.685,,0,75 11:32.900,3,0,0,0,67301,0,0,0,Y,0,0,0,1,68K01,0,,4,1,,N,N,,0,,1,0,0,0,0,,427,1,2,0,0,0,0,0,3,4,0,2,3,,N,,,,,,,,,,,
2020013023,401.0,1,0,0,0,0,0,0,0,0,7,0,,67,2,2020,7,39.9824,-75.2076,354.0,6,0,0,0,0,0,0,0,0,,0,0,0.0,3,3,1,0,N,2,39 58:56.604,4.0,0,75 12:27.506,3,0,0,0,67301,0,0,0,N,0,0,0,1,68K01,0,,2,1,430.0,N,N,Y,0,,1,0,0,0,0,N,354,1,1,0,0,0,0,0,3,4,0,1,5,,N,,,,,,,,,,,
2020009010,1853.0,0,0,0,0,0,0,0,0,0,8,0,,67,1,2020,7,40.0408,-75.157,1853.0,6,0,0,0,0,0,0,0,0,,0,0,0.0,18,3,1,3,,0,40 02:26.806,,0,75 09:25.238,3,0,0,0,67301,1,0,0,N,1,0,0,2,67301,0,,1,2,,N,N,,0,,1,0,1,9,2,,1850,1,2,0,0,0,0,0,3,4,0,1,6,6.0,N,,,,,,,,,,,
2020009956,130.0,1,0,0,0,0,0,0,0,0,8,0,,67,1,2020,1,39.993,-75.1795,127.0,6,0,0,0,0,0,0,0,0,,0,0,0.0,1,3,1,0,,0,39 59:34.652,,0,75 10:46.069,2,0,0,0,67301,1,0,1,N,1,0,1,2,67301,0,,1,1,,N,N,,0,,0,1,0,0,0,,120,1,2,0,0,1,0,0,3,4,0,1,3,3.0,N,,,,,,,,,,,
2020048220,1410.0,1,0,0,0,0,0,0,0,0,8,0,,67,6,2020,7,39.9864,-75.1696,1404.0,6,0,0,0,0,0,0,0,0,,0,0,0.0,14,1,1,1,,0,39 59:11.041,,0,75 10:10.472,3,0,0,0,67301,1,0,0,N,1,0,0,2,67301,0,,1,1,,N,N,N,0,,1,0,0,3,2,,1403,1,2,0,0,0,0,0,3,4,0,1,3,3.0,N,,,,,,,,,,,
2020013977,1241.0,1,0,0,0,0,0,0,0,0,4,0,,67,2,2020,7,39.9987,-75.1093,1240.0,6,0,0,0,0,0,0,0,0,,0,0,0.0,11,8,2,2,,0,39 59:55.485,,0,75 06:33.609,3,0,0,0,67301,0,0,0,N,0,0,0,3,67301,0,,1,9,,N,N,,0,,2,0,1,9,3,,1146,2,2,0,0,0,0,0,3,4,0,2,7,,N,,,,,,,,,,,
2020011774,1940.0,1,0,0,0,0,0,0,0,0,1,0,,67,1,2020,3,39.9074,-75.1936,1933.0,6,0,0,0,0,0,1,0,0,,0,0,0.0,19,2,1,0,,0,39 54:26.658,,0,75 11:37.122,3,0,0,0,67301,0,0,0,N,0,0,0,4,67301,0,,1,1,,N,N,,0,,1,0,1,0,0,,1920,1,2,0,0,0,0,0,3,4,0,2,3,3.0,N,,,,,,,,,,,
2020004356,1651.0,1,0,0,0,0,0,0,0,0,1,0,,67,1,2020,6,39.9945,-75.0789,1649.0,6,0,0,0,0,0,0,0,0,,0,0,0.0,16,1,0,2,,2,39 59:39.778,4.0,2,75 04:44.579,0,0,0,0,67301,0,0,0,N,0,0,0,3,67501,0,,1,1,,N,N,,0,,0,0,1,3,2,Y,1649,0,2,0,0,0,0,0,3,4,0,2,3,4.0,N,,,,,,,,,,,
2020004458,35.0,1,0,0,0,0,0,0,0,0,1,0,,67,1,2020,7,40.0398,-75.0069,35.0,6,0,0,0,0,0,0,0,0,,0,0,0.0,0,3,5,0,,0,40 02:23.360,,0,75 00:24.704,8,0,0,0,67301,0,0,0,N,0,0,0,5,68K01,0,,1,1,,N,N,,0,,0,0,0,0,0,,3,5,2,0,0,0,5,0,3,4,1,2,3,3.0,N,,,,,,,,,,,
2020005656,250.0,1,0,0,0,0,0,0,0,0,4,0,,67,1,2020,1,40.0238,-75.1239,242.0,6,0,0,0,0,0,0,1,0,,0,0,0.0,2,3,1,5,,1,40 01:25.766,1.0,0,75 07:25.892,3,0,0,0,67301,0,0,0,N,0,0,0,2,67301,0,,1,9,,N,N,,0,,1,0,1,3,2,N,240,1,2,0,0,0,0,0,3,4,0,2,7,,N,,,,,,,,,,,
2020013106,2100.0,0,0,0,1,0,0,0,0,0,4,0,,67,1,2020,6,39.9616,-75.2386,2100.0,6,0,0,0,0,1,0,0,0,,0,0,0.0,20,3,1,0,,0,39 57:41.916,,0,75 14:18.900,3,0,0,0,67301,1,0,0,N,0,0,0,2,67301,0,,1,9,,N,N,,0,,1,0,1,3,1,,2052,1,2,0,0,0,0,0,3,4,0,1,7,98.0,N,,,,,,,,,,,
2020006281,1140.0,1,0,0,0,0,0,0,0,0,4,0,,67,1,2020,2,39.9239,-75.2221,1129.0,6,0,0,0,0,0,1,0,0,,0,0,0.0,11,1,1,1,,0,39 55:26.137,,0,75 13:19.522,3,0,0,0,67301,0,0,0,N,0,0,0,2,67301,0,,1,1,,N,N,N,1,,1,0,0,3,2,,1124,1,2,0,0,0,0,0,3,4,0,2,4,,N,,,,,,,,,,,
2020048141,235.0,1,0,0,0,0,0,0,0,0,8,0,,67,6,2020,5,40.0497,-75.1716,235.0,6,0,0,0,0,0,0,0,0,,0,0,0.0,21,3,1,0,,9,40 02:58.786,,0,75 10:17.899,3,0,0,0,67301,1,0,0,N,1,0,0,1,67301,0,,1,1,,N,N,,0,,1,0,0,0,0,U,2110,1,2,0,0,0,0,0,3,4,0,1,3,3.0,N,,,,,,,,,,,
2020004693,142.0,2,0,0,0,0,0,0,0,0,5,0,,67,1,2020,7,40.0121,-75.1818,133.0,6,0,0,0,0,0,0,0,1,,0,0,0.0,1,3,0,0,,0,40 00:43.507,,0,75 10:54.575,0,0,0,0,67301,0,0,0,N,0,0,0,1,67301,0,,1,1,,N,N,,0,,0,0,0,2,8,,132,0,2,0,0,0,0,0,3,4,0,2,3,3.0,N,,,,,,,,,,,
2020003182,1500.0,1,0,0,0,0,0,0,0,0,7,0,,67,1,2020,5,39.9577,-75.1895,1457.0,6,0,0,0,0,0,0,0,0,,0,0,0.0,14,1,0,0,,0,39 57:27.600,,0,75 11:22.100,0,0,0,0,67301,0,0,0,N,0,0,0,1,67507,0,,4,1,,N,N,,0,,0,0,0,0,0,,1456,0,1,0,0,0,0,0,3,4,0,1,3,3.0,Y,,,,,,,,,,,
2020014565,429.0,1,0,0,0,0,0,0,0,0,7,0,45.0,67,2,2020,1,39.9844,-75.0957,420.0,6,0,0,0,0,0,0,0,0,,0,0,0.0,4,3,0,0,,1,39 59:03.763,2.0,0,75 05:44.413,0,0,0,0,67301,0,0,0,N,0,0,0,3,68K01,0,,3,9,,N,N,,0,,0,0,0,0,0,N,420,0,1,0,0,0,0,0,3,4,0,1,3,3.0,Y,4.0,1.0,N,,,N,,,,Y,
2020014482,416.0,3,0,0,0,0,0,0,0,0,6,0,,67,1,2020,1,39.9642,-75.2183,414.0,6,0,0,0,0,0,0,0,0,,0,0,0.0,4,3,0,0,,0,39 57:51.260,,0,75 13:05.710,0,0,0,0,67301,0,0,0,N,0,0,0,1,67301,0,,6,1,,N,N,,0,,0,0,1,0,0,,400,0,4,0,0,1,0,0,3,4,0,4,3,3.0,N,,,,,,,,,,,
2020012049,606.0,3,0,0,0,0,0,0,0,0,1,0,,67,1,2020,7,39.9605,-75.1813,552.0,6,0,0,0,0,0,0,0,0,,0,0,0.0,5,3,1,0,,2,39 57:37.735,4.0,1,75 10:52.658,3,0,0,0,67301,0,0,0,N,0,0,0,1,68K01,0,,1,9,,N,N,,1,,1,0,0,0,0,Y,552,1,4,0,0,0,0,0,3,4,0,4,7,,N,,,,,,,,,,,
2020016256,1755.0,1,0,0,0,0,0,0,0,0,7,0,,67,1,2020,3,39.8747,-75.254,1740.0,6,0,0,0,0,0,0,0,0,,0,0,0.0,17,3,0,0,,0,39 52:28.900,,0,75 15:14.500,0,0,0,0,67301,0,0,0,N,0,0,0,1,67301,0,,4,9,,N,N,,0,,0,0,0,0,0,,1720,0,1,0,0,0,0,0,3,4,0,1,7,,N,,,,,,,,,,,
2020009857,1236.0,0,0,0,0,0,0,0,0,0,4,0,,67,1,2020,7,40.1111,-75.0243,1233.0,6,0,0,0,0,0,0,0,0,,0,0,0.0,12,1,1,1,,1,40 06:40.311,2.0,0,75 01:27.652,8,0,0,0,67301,0,0,0,N,0,0,0,3,67301,0,,1,9,,N,N,,0,,0,0,2,3,2,N,1230,1,2,0,0,0,1,0,3,4,0,2,7,,N,,,,,,,,,,,
2020004117,1356.0,0,0,0,0,0,0,0,0,0,8,0,,67,1,2020,6,39.9568,-75.2114,1356.0,6,0,0,0,0,0,0,0,0,,0,0,0.0,2,3,1,1,,0,39 57:24.369,,0,75 12:40.953,4,0,0,0,67301,1,0,0,N,1,0,0,2,67301,1,,1,1,,N,N,,0,,0,0,0,9,2,,219,1,2,0,0,0,0,0,3,4,1,1,3,3.0,N,,,,,,,,,,,
2020006827,2019.0,2,0,0,0,0,0,0,0,0,4,0,,67,1,2020,6,40.034,-75.0744,2014.0,6,0,0,0,0,0,1,0,0,,0,0,0.0,20,3,2,1,,1,40 02:02.392,2.0,0,75 04:27.730,4,0,0,0,67301,0,0,0,N,0,0,0,4,67301,2,,1,1,,N,N,,0,,0,0,0,3,2,N,2000,2,2,0,0,0,0,0,3,4,0,2,3,3.0,N,,,,,,,,,,,
2020004118,1920.0,1,0,0,0,0,0,0,0,0,4,0,,67,1,2020,7,40.0314,-75.1548,1912.0,6,0,0,0,0,0,0,0,0,,0,0,0.0,18,3,3,1,,0,40 01:53.219,,0,75 09:17.182,3,0,0,0,67301,0,0,0,N,0,0,0,6,67301,0,,1,1,,N,N,,0,,3,0,1,3,2,,1850,3,2,0,0,0,0,0,3,4,0,2,4,,N,,,,,,,,,,,
2020009381,1732.0,2,0,0,0,0,0,0,0,0,4,0,,67,1,2020,3,39.931,-75.2324,1730.0,6,0,0,2,0,0,0,0,0,,0,0,0.0,17,3,1,1,,0,39 55:51.993,,0,75 13:56.255,3,0,0,0,67301,0,0,0,N,0,0,0,2,67301,0,,1,1,,N,N,,0,,1,0,0,3,2,,1730,1,2,0,0,0,0,0,3,4,0,2,3,,N,,,,,,,,,,,
2020007832,1130.0,1,0,0,0,0,0,0,0,0,6,0,,67,1,2020,7,40.0166,-75.0489,1130.0,6,0,0,0,0,0,1,0,0,,0,0,0.0,11,1,1,0,,0,40 00:59.620,,0,75 02:56.130,4,0,0,0,67301,0,0,0,N,0,0,0,3,67301,1,,1,7,,N,N,,0,,0,0,0,0,0,,1100,1,2,0,0,1,0,0,3,4,1,2,10,,N,,,,,,,,,,,
2020010523,1737.0,1,0,0,0,0,0,0,0,0,1,0,,67,1,2020,2,40.1002,-75.0432,1734.0,6,0,0,0,0,0,1,0,0,,0,0,0.0,17,3,2,0,,0,40 06:00.738,,0,75 02:35.652,8,0,0,0,67301,0,0,0,N,0,0,0,3,67301,0,,1,1,,N,N,,0,,0,0,1,0,0,,1732,2,3,0,0,0,2,0,3,4,1,3,4,,N,,,,,,,,,,,
2020009854,2030.0,1,0,0,0,0,0,0,0,0,8,0,,67,1,2020,7,39.9231,-75.1596,2024.0,6,0,0,0,0,0,1,0,0,,0,0,0.0,20,3,2,1,,0,39 55:23.141,,0,75 09:35.045,3,0,0,0,67301,2,0,0,N,2,0,0,3,67301,0,,1,1,,N,N,,0,,2,0,0,3,2,,2017,2,3,0,0,0,0,0,3,4,0,1,3,3.0,N,,,,,,,,,,,
2020052830,1718.0,0,0,0,0,0,0,0,0,0,1,0,,67,6,2020,7,39.9591,-75.1716,1707.0,6,0,0,0,0,0,0,1,0,,0,0,0.0,17,1,0,0,,1,39 57:32.730,4.0,0,75 10:17.874,0,0,0,0,67301,0,0,0,N,0,0,0,6,68K01,0,,1,1,,N,N,,0,,0,0,3,0,0,N,1706,0,3,0,0,0,0,0,3,4,0,3,3,,N,,,,,,,,,,,
2020053573,1220.0,0,0,0,0,0,0,0,0,0,1,1,45.0,67,7,2020,3,40.0182,-75.0481,1204.0,6,0,0,0,0,0,0,0,0,,0,1,0.0,12,1,1,0,,0,40 01:05.659,,0,75 02:53.047,3,0,0,0,67301,0,0,0,N,0,0,0,2,68K01,0,,1,1,,N,N,,0,,1,0,1,0,0,,1202,1,2,0,0,0,0,0,3,4,0,2,3,,Y,4.0,1.0,N,,,N,Y,,Y,,
2020005408,1020.0,1,0,0,0,0,0,0,0,0,5,0,,67,1,2020,4,39.9473,-75.1577,1015.0,6,0,0,0,0,0,0,0,0,,0,0,0.0,10,1,0,0,,2,39 56:50.240,2.0,0,75 09:27.560,0,0,0,0,67301,0,0,0,N,0,0,0,1,67301,0,,6,1,,N,N,,0,,0,0,0,0,0,Y,1000,0,2,0,0,0,0,0,3,4,1,2,3,3.0,N,,,,,,,,,,,
2020051472,1744.0,1,0,0,1,1,0,0,0,0,4,0,,67,6,2020,1,40.0256,-75.2024,1741.0,6,0,0,0,0,0,0,0,0,,1,0,0.0,17,1,0,2,N,0,40 01:32.143,,0,75 12:08.758,1,0,0,0,67301,1,1,0,N,0,0,0,3,67301,0,2.0,1,1,,N,N,N,0,0.0,0,0,0,0,0,,1740,0,2,0,0,0,0,0,3,4,0,1,3,,N,,,,,,,,,,,
2020004729,1215.0,0,0,0,0,0,0,0,0,0,7,0,,67,1,2020,3,40.0797,-75.0299,1205.0,6,0,0,0,0,0,0,0,0,,0,0,0.0,0,3,0,0,,0,40 04:46.842,,0,75 01:47.728,0,0,0,0,67301,0,0,0,N,0,0,0,1,67301,0,,3,1,,N,N,,0,,0,0,1,0,0,,1,0,1,0,0,0,0,0,3,4,0,1,3,3.0,N,,,,,,,,,,,
2020014383,2020.0,2,0,0,0,0,0,0,0,0,8,0,,67,1,2020,4,40.0388,-75.1436,2020.0,6,0,0,0,0,0,0,0,0,,0,0,0.0,19,3,1,1,,0,40 02:19.772,,0,75 08:37.091,3,0,0,0,67301,1,0,0,N,1,0,0,4,67301,0,,1,1,,N,N,,0,,1,0,1,3,2,,1955,1,4,0,0,0,0,2,3,4,0,3,3,3.0,N,,,,,,,,,,,
2020007316,40.0,1,0,0,0,0,0,0,0,0,8,0,,67,1,2020,7,39.9648,-75.1325,35.0,6,0,0,0,0,0,1,0,0,,0,0,0.0,22,3,1,0,,0,39 57:53.200,,7,75 07:56.920,3,0,0,0,67301,1,0,0,N,1,0,0,2,67301,0,,1,9,,N,N,,0,,1,0,0,3,3,,2230,1,2,0,0,0,0,0,3,4,0,1,3,3.0,N,,,,,,,,,,,
2020051850,1700.0,1,0,0,0,0,0,0,0,0,4,0,,67,7,2020,4,40.0176,-75.1723,1657.0,6,0,0,0,0,0,0,0,0,,0,0,0.0,16,1,1,7,,0,40 01:03.429,,2,75 10:20.334,3,0,0,0,67301,0,0,0,N,0,0,0,2,67301,0,,1,1,,N,N,,0,,1,0,1,0,0,,1644,1,2,0,0,0,0,0,3,4,0,2,3,3.0,N,,,,,,,,,,,
2020005545,1735.0,1,0,0,0,0,0,0,0,0,1,0,,67,1,2020,4,40.0955,-74.9776,1730.0,6,0,0,0,0,0,0,0,1,,0,0,0.0,17,3,1,0,,1,40 05:43.797,2.0,0,74 58:39.336,8,0,0,0,67301,0,0,0,N,0,0,0,2,67301,0,,1,1,,N,N,,0,,0,0,1,0,0,N,1720,1,2,0,0,0,1,0,3,4,0,2,3,3.0,N,,,,,,,,,,,
2020007099,2045.0,0,0,0,0,0,0,0,0,0,1,0,,67,1,2020,6,39.9396,-75.2203,2045.0,6,0,0,0,0,0,1,0,0,,0,0,0.0,10,1,1,1,,0,39 56:22.435,,0,75 13:13.013,8,0,0,0,67301,0,0,0,N,0,0,0,2,67301,0,,1,1,,N,N,,0,,0,0,2,9,2,,1012,1,2,0,0,0,1,0,3,4,0,2,3,,N,,,,,,,,,,,
2020049753,1341.0,1,0,0,0,0,0,0,0,0,5,0,,67,6,2020,5,40.008,-75.1917,1341.0,6,0,0,0,0,0,0,0,0,,0,0,0.0,20,3,0,0,N,0,40 00:28.879,,0,75 11:30.205,9,0,0,0,67301,0,0,0,N,0,0,0,2,67301,0,,1,1,,N,N,N,0,,0,0,0,0,0,,2045,0,2,0,0,0,0,1,3,4,0,2,3,,N,,,,,,,,,,,
2020054275,1930.0,1,0,0,0,0,0,0,0,0,2,0,,67,7,2020,5,39.9837,-75.225,1930.0,6,0,0,0,0,0,0,0,0,,0,0,0.0,15,1,1,0,,0,39 59:01.440,,0,75 13:29.900,3,0,0,0,67301,0,0,0,N,0,0,0,2,67301,0,,1,1,,N,N,,0,,1,0,1,0,0,,1515,1,2,0,0,0,0,1,3,4,0,2,3,3.0,N,,,,,,,,,,,
2020051270,1012.0,1,0,0,0,0,0,0,0,0,2,0,,67,6,2020,3,40.0369,-75.0798,1011.0,6,0,0,0,0,0,0,1,0,,0,0,0.0,10,1,1,1,,0,40 02:12.854,,0,75 04:47.301,3,0,0,0,67301,0,0,0,N,0,0,0,2,67301,0,,1,1,,N,N,,0,,1,0,1,3,2,,1010,1,2,0,0,0,0,0,3,4,0,2,3,3.0,N,,,,,,,,,,,
2020048222,2319.0,2,0,0,0,0,0,0,0,0,4,0,,67,6,2020,6,40.0259,-75.1234,2319.0,6,0,0,0,0,0,1,0,0,,0,0,0.0,22,3,0,2,,1,40 01:33.254,4.0,0,75 07:24.238,0,0,0,0,67301,0,0,0,N,0,0,0,2,67301,0,,1,1,,N,N,,0,,0,0,0,3,2,N,2241,0,2,0,0,0,0,0,3,4,0,2,3,3.0,N,,,,,,,,,,,
2020012352,1120.0,0,0,0,0,0,0,0,0,0,8,0,,67,1,2020,3,39.9996,-75.1126,2255.0,6,0,0,0,0,0,0,0,0,,0,0,0.0,22,6,1,1,,0,39 59:58.387,,99,75 06:45.475,2,0,0,0,67301,1,0,1,N,1,0,1,2,67301,0,,1,99,,N,N,,0,,0,1,0,3,3,,2250,1,2,0,0,0,0,0,3,4,0,1,99,98.0,N,,,,,,,,,,,
2020007824,30.0,1,0,0,0,0,0,0,0,0,4,0,,67,1,2020,1,39.9413,-75.1614,23.0,6,0,0,0,0,0,0,0,0,,0,0,0.0,22,3,0,1,,2,39 56:28.524,4.0,0,75 09:41.142,0,0,0,0,67301,0,0,0,N,0,0,0,3,67301,0,,1,1,,N,N,,0,,0,0,1,3,3,Y,2246,0,2,0,0,0,0,0,3,4,0,2,3,3.0,N,,,,,,,,,,,
2020008276,1900.0,0,0,0,0,0,0,0,0,0,2,0,,67,1,2020,7,40.0243,-75.1953,1900.0,6,0,0,0,0,0,0,0,0,,0,0,0.0,15,8,1,0,,0,40 01:27.447,,0,75 11:43.144,3,0,0,0,67301,0,0,0,N,0,0,0,2,67301,0,,1,7,,N,N,,0,,1,0,1,0,0,,1510,1,2,0,0,0,0,0,3,4,0,2,10,9.0,N,,,,,,,,,,,
2020052817,1917.0,2,0,0,0,0,0,0,0,0,4,0,,67,7,2020,1,40.0207,-75.1488,1917.0,6,0,0,0,0,0,0,0,0,,0,0,0.0,14,1,0,0,,0,40 01:14.443,,0,75 08:55.506,0,0,0,0,67301,0,0,0,N,0,0,0,1,67301,0,,1,99,,N,N,,0,,0,0,0,0,0,,1400,0,2,0,0,0,0,0,3,4,0,2,99,,N,,,,,,,,,,,
2020009776,804.0,2,0,0,0,0,0,0,0,0,1,0,,67,1,2020,7,40.0835,-74.9677,756.0,6,0,0,0,0,0,0,0,0,,0,0,0.0,7,3,1,0,,0,40 05:00.702,,0,74 58:03.703,8,0,0,0,67301,0,0,0,N,0,0,0,1,67301,0,,1,9,,N,N,,1,,0,0,0,0,0,,754,1,3,0,0,0,1,0,3,4,0,3,7,7.0,N,,,,,,,,,,,
2020013950,2000.0,0,0,0,0,0,0,0,0,0,8,0,,67,1,2020,5,40.0101,-75.1214,1917.0,6,0,0,0,0,0,0,0,0,,0,0,0.0,18,3,1,1,,0,40 00:36.450,,0,75 07:17.168,2,0,0,0,67301,1,0,1,N,1,0,1,2,67301,0,,1,1,,N,N,,0,,0,1,0,3,2,,1830,1,2,0,0,0,0,0,3,4,0,1,3,3.0,N,,,,,,,,,,,
2020050518,959.0,2,0,0,0,0,0,0,0,0,1,0,,67,6,2020,7,39.9177,-75.1478,950.0,6,0,0,0,1,0,0,0,0,,0,0,0.0,9,1,3,0,,2,39 55:03.815,2.0,0,75 08:52.225,8,0,0,0,67301,0,0,0,N,0,0,0,7,68K01,0,,1,1,,N,N,,0,,0,0,1,0,0,N,948,3,4,0,0,0,3,0,3,4,1,4,3,3.0,N,,,,,,,,,,,
2020012349,1300.0,0,0,0,0,0,0,0,0,0,8,0,,67,1,2020,4,39.952,-75.167,1255.0,6,0,0,0,0,0,0,0,0,,0,0,0.0,12,1,1,0,,0,39 57:07.180,,7,75 10:01.320,3,0,0,0,67301,1,0,0,N,1,0,0,2,67301,0,,1,1,,N,N,,0,,1,0,1,0,0,,1250,1,2,0,0,0,0,0,3,4,0,1,3,3.0,N,,,,,,,,,,,
2020009951,1200.0,0,0,0,0,0,0,0,0,0,4,0,,67,1,2020,1,39.9577,-75.1624,1148.0,6,0,0,0,0,0,0,0,0,,0,0,0.0,11,1,0,5,,0,39 57:27.649,,2,75 09:44.521,0,0,0,0,67301,0,0,0,N,0,0,0,2,67301,0,,1,1,,N,N,,1,,0,0,1,3,2,,1140,0,2,0,0,0,0,0,3,4,0,2,4,,N,,,,,,,,,,,
2020007314,303.0,1,0,0,0,0,0,0,0,0,1,0,,67,1,2020,7,40.034,-75.0744,300.0,6,0,0,0,0,0,1,0,0,,0,0,0.0,2,3,0,1,,1,40 02:02.392,1.0,0,75 04:27.730,0,0,0,0,67301,0,0,0,N,0,0,0,3,67301,0,,1,1,415.0,N,N,N,0,,0,0,1,3,2,N,258,0,2,0,0,0,0,0,3,4,0,2,3,3.0,N,,,,,,,,,,,
2020011920,106.0,1,0,0,0,0,0,0,0,0,7,0,,67,1,2020,5,40.0446,-75.0022,103.0,6,0,0,0,0,0,0,0,0,,0,0,0.0,0,3,0,0,,0,40 02:40.524,,0,75 00:08.045,0,0,0,0,67301,0,0,0,N,0,0,0,1,68K01,0,,4,1,,N,N,,0,,0,0,0,0,0,,44,0,1,0,0,0,0,0,3,4,0,1,3,,N,,,,,,,,,,,
2020005841,1245.0,0,0,0,0,0,0,0,0,0,8,0,,67,1,2020,5,39.9814,-75.1276,1242.0,6,0,0,0,0,0,0,0,0,,0,0,0.0,12,1,2,5,,0,39 58:53.180,,0,75 07:39.465,3,0,0,0,67301,2,0,0,N,2,0,0,3,67301,0,,1,1,,N,N,,1,,2,0,0,3,2,,1235,2,3,0,0,1,0,0,3,4,0,1,3,3.0,N,,,,,,,,,,,
2020006866,2331.0,1,0,0,0,0,0,0,0,0,6,0,,67,1,2020,2,40.046,-75.0997,2331.0,6,0,0,0,0,0,1,0,0,,0,0,0.0,23,3,2,0,,0,40 02:45.470,,0,75 05:58.883,4,0,0,0,67301,1,0,0,N,0,0,0,2,67301,2,,6,1,,N,N,,0,,0,0,1,0,0,,2315,2,2,0,0,0,0,0,3,4,0,2,3,3.0,N,,,,,,,,,,,
2020012259,724.0,2,0,0,0,0,0,0,0,0,1,0,,67,1,2020,4,39.9029,-75.2,650.0,6,0,0,0,0,0,1,0,0,,0,0,0.0,6,1,0,0,,0,39 54:10.470,,3,75 12:00.163,9,0,0,0,67301,0,0,0,N,0,0,0,3,67301,0,,1,1,,N,N,,0,,0,0,0,0,0,,640,0,3,0,0,0,0,1,3,4,1,3,3,3.0,N,,,,,,,,,,,
2020011921,852.0,2,0,0,0,0,0,0,0,0,1,0,,67,1,2020,5,39.9251,-75.1933,834.0,6,0,0,0,0,0,0,0,0,,0,0,0.0,8,1,1,0,,0,39 55:30.241,,0,75 11:35.766,4,0,0,0,67301,0,0,0,N,0,0,0,2,68K01,1,,1,1,,N,N,,0,,0,0,0,0,0,,834,1,2,0,0,0,0,0,3,4,0,2,3,,N,,,,,,,,,,,
2020010110,2200.0,1,0,0,0,0,0,0,0,0,5,0,,67,1,2020,4,40.0606,-75.1776,1900.0,6,0,0,0,0,0,1,0,0,,0,0,0.0,19,3,0,1,,0,40 03:38.128,,0,75 10:39.282,9,0,0,0,67301,0,0,0,N,0,0,0,2,67301,0,,1,1,,N,N,,0,,0,0,1,2,3,,1900,0,2,0,0,0,0,1,3,4,0,2,3,3.0,N,,,,,,,,,,,