CRN,ARRIVAL_TM,AUTOMOBILE_COUNT,BELTED_DEATH_COUNT,BELTED_SUSP_SERIOUS_INJ_COUNT,BICYCLE_COUNT,BICYCLE_DEATH_COUNT,BICYCLE_SUSP_SERIOUS_INJ_COUNT,BUS_COUNT,CHLDPAS_DEATH_COUNT,CHLDPAS_SUSP_SERIOUS_INJ_COUNT,COLLISION_TYPE,COMM_VEH_COUNT,CONS_ZONE_SPD_LIM,COUNTY,CRASH_MONTH,CRASH_YEAR,DAY_OF_WEEK,DEC_LAT,DEC_LONG,DISPATCH_TM,DISTRICT,DRIVER_COUNT_16YR,DRIVER_COUNT_17YR,DRIVER_COUNT_18YR,DRIVER_COUNT_19YR,DRIVER_COUNT_20YR,DRIVER_COUNT_50_64YR,DRIVER_COUNT_65_74YR,DRIVER_COUNT_75PLUS,EST_HRS_CLOSED,FATAL_COUNT,HEAVY_TRUCK_COUNT,HORSE_BUGGY_COUNT,HOUR_OF_DAY,ILLUMINATION,INJURY_COUNT,INTERSECT_TYPE,INTERSECTION_RELATED,LANE_CLOSED,LATITUDE,LN_CLOSE_DIR,LOCATION_TYPE,LONGITUDE,MAX_SEVERITY_LEVEL,MCYCLE_DEATH_COUNT,MCYCLE_SUSP_SERIOUS_INJ_COUNT,MOTORCYCLE_COUNT,MUNICIPALITY,NONMOTR_COUNT,NONMOTR_DEATH_COUNT,NONMOTR_SUSP_SERIOUS_INJ_COUNT,NTFY_HIWY_MAINT,PED_COUNT,PED_DEATH_COUNT,PED_SUSP_SERIOUS_INJ_COUNT,PERSON_COUNT,POLICE_AGCY,POSSIBLE_INJ_COUNT,RDWY_SURF_TYPE_CD,RELATION_TO_ROAD,ROAD_CONDITION,ROADWAY_CLEARED,SCH_BUS_IND,SCH_ZONE_IND,SECONDARY_CRASH,SMALL_TRUCK_COUNT,SPEC_JURIS_CD,SUSP_MINOR_INJ_COUNT,SUSP_SERIOUS_INJ_COUNT,SUV_COUNT,TCD_FUNC_CD,TCD_TYPE,TFC_DETOUR_IND,TIME_OF_DAY,TOT_INJ_COUNT,TOTAL_UNITS,UNB_DEATH_COUNT,UNB_SUSP_SERIOUS_INJ_COUNT,UNBELTED_OCC_COUNT,UNK_INJ_DEG_COUNT,UNK_INJ_PER_COUNT,URBAN_AREA,URBAN_RURAL,VAN_COUNT,VEHICLE_COUNT,WEATHER1,WEATHER2,WORK_ZONE_IND,WORK_ZONE_LOC,WORK_ZONE_TYPE,WORKERS_PRES,WZ_CLOSE_DETOUR,WZ_FLAGGER,WZ_LAW_OFFCR_IND,WZ_LN_CLOSURE,WZ_MOVING,WZ_OTHER,WZ_SHLDER_MDN,WZ_WORKERS_INJ_KILLED
2020012262,2100.0,0,0,0,0,0,0,0,0,0,5,0,,67,1,2020,6,39.9612,-75.1499,2053.0,6,0,0,0,0,0,0,0,0,,0,0,0.0,20,3,1,0,,0,39 57:40.150,,0,75 08:59.550,3,0,0,0,67301,0,0,0,N,0,0,0,1,67301,0,,6,9,,N,N,,2,,1,0,0,0,0,,2025,1,2,0,0,1,0,0,3,4,0,2,7,,N,,,,,,,,,,,
2020004005,2000.0,0,0,0,0,0,0,0,0,0,1,0,,67,1,2020,6,40.0172,-75.0487,2000.0,6,0,0,0,0,0,0,0,0,,0,0,0.0,20,3,2,0,,0,40 01:02.038,,0,75 02:55.439,3,0,0,0,67301,0,0,0,N,0,0,0,3,67301,0,,1,99,,N,N,,0,,2,0,1,3,2,,2000,2,2,0,0,0,0,0,3,4,0,2,3,,N,,,,,,,,,,,
2020011528,1301.0,0,0,0,0,0,0,0,0,0,8,0,,67,1,2020,3,39.9528,-75.1669,1300.0,6,0,0,0,0,0,0,0,0,,0,0,0.0,12,1,1,1,,0,39 57:10.026,,0,75 10:00.660,4,0,0,0,67301,1,0,0,N,1,0,0,2,67301,1,,1,1,,N,N,,0,,0,0,0,3,2,,1255,1,2,0,0,0,0,0,3,4,1,1,3,3.0,N,,,,,,,,,,,
2020013639,1655.0,2,0,0,0,0,0,0,0,0,5,0,,67,1,2020,6,39.957,-75.2255,1650.0,6,0,0,0,0,0,0,0,0,,0,0,0.0,20,3,1,1,,0,39 57:25.028,,0,75 13:31.815,3,0,0,0,67301,0,0,0,N,0,0,0,3,67301,0,,1,1,,N,N,,0,,1,0,0,3,2,,2030,1,2,0,0,0,0,0,3,4,0,2,3,,N,,,,,,,,,,,
2020006446,2226.0,2,0,0,0,0,0,0,0,0,4,0,,67,1,2020,6,40.0422,-75.0585,2220.0,6,0,0,0,0,0,0,0,0,,0,0,0.0,22,3,1,2,,2,40 02:32.020,6.0,0,75 03:30.679,3,0,0,0,67301,0,0,0,N,0,0,0,2,67301,0,,1,1,,N,N,,0,,1,0,0,3,3,N,2218,1,2,0,0,0,0,0,3,4,0,2,3,,N,,,,,,,,,,,
2020051677,1505.0,1,0,0,0,0,0,1,0,0,4,1,,67,7,2020,4,40.0872,-75.0221,1505.0,6,0,0,0,0,0,1,0,0,,0,0,0.0,15,1,1,2,,0,40 05:13.956,,0,75 01:19.634,3,0,0,0,67301,0,0,0,N,0,0,0,10,67301,0,,1,1,,N,N,,0,,1,0,0,3,3,,1505,1,2,0,0,0,0,0,3,4,0,2,3,3.0,N,,,,,,,,,,,
2020006824,1941.0,1,0,0,0,0,0,0,0,0,1,0,,67,1,2020,7,40.0574,-75.0713,1931.0,6,0,0,1,0,0,1,0,0,,0,0,0.0,19,3,1,0,,0,40 03:26.810,,0,75 04:16.530,8,0,0,0,67301,0,0,0,N,0,0,0,3,67301,0,,1,1,,N,N,,0,,0,0,1,0,0,,1920,1,2,0,0,1,1,0,3,4,0,2,3,,N,,,,,,,,,,,
2020006830,2126.0,1,0,0,0,0,0,0,0,0,5,0,,67,1,2020,2,39.9579,-75.2356,2125.0,6,0,0,0,0,0,1,0,0,,0,0,0.0,21,3,0,0,,0,39 57:28.410,,0,75 14:08.040,0,0,0,0,67301,0,0,0,N,0,0,0,1,67301,0,,6,1,,N,N,,0,,0,0,0,0,0,,2115,0,2,0,0,0,0,0,3,4,1,2,3,3.0,N,,,,,,,,,,,
2020006283,1100.0,0,0,0,0,0,0,0,0,0,7,0,,67,1,2020,5,39.8823,-75.2265,1056.0,6,0,0,0,0,0,0,0,0,,0,0,0.0,8,1,1,0,,0,39 52:56.220,,0,75 13:35.450,2,0,0,0,67301,0,0,0,N,0,0,0,1,67301,0,,4,1,,N,N,,0,,0,1,1,0,0,,858,1,1,0,0,0,0,0,3,4,0,1,3,3.0,N,,,,,,,,,,,
2020012915,2352.0,0,0,0,0,0,0,0,0,0,8,0,,67,2,2020,1,39.9768,-75.1657,2347.0,6,0,0,0,0,0,0,0,0,,0,0,0.0,22,3,1,1,,0,39 58:36.426,,0,75 09:56.466,3,0,0,0,67301,1,0,0,N,1,0,0,2,67301,0,,1,1,,N,N,,0,,1,0,1,0,0,,2230,1,2,0,0,0,0,0,3,4,0,1,3,3.0,N,,,,,,,,,,,
2020051678,1625.0,0,0,0,0,0,0,0,0,0,1,0,,67,7,2020,4,40.0723,-75.1625,1621.0,6,0,0,0,1,0,0,0,0,,0,0,0.0,15,1,0,0,,0,40 04:20.170,,0,75 09:45.040,0,0,0,0,67301,0,0,0,N,0,0,0,1,67301,0,,6,1,,N,N,,0,,0,0,2,3,3,,1530,0,2,0,0,0,0,0,3,4,0,2,3,3.0,N,,,,,,,,,,,
2020014831,557.0,0,0,0,0,0,0,0,0,0,5,0,,67,2,2020,1,40.0217,-75.1484,555.0,6,0,0,0,0,0,0,0,0,,0,0,0.0,4,3,0,0,,1,40 01:18.052,1.0,0,75 08:54.331,0,0,0,0,67301,0,0,0,N,0,0,0,1,67301,0,,6,1,,N,N,,0,,0,0,2,0,0,N,455,0,2,0,0,1,0,0,3,4,0,2,3,,N,,,,,,,,,,,
2020053551,2221.0,2,0,0,0,0,0,0,0,0,1,0,,67,7,2020,6,40.0067,-75.0736,2221.0,6,0,0,0,0,0,0,0,0,,0,0,0.0,22,3,0,0,,0,40 00:24.260,,0,75 04:24.872,0,0,0,0,67301,0,0,0,N,0,0,0,4,68K01,0,,1,1,,N,N,,0,,0,0,0,0,0,,2207,0,2,0,0,1,0,0,3,4,0,2,3,,N,,,,,,,,,,,
2020007509,657.0,1,0,0,0,0,0,0,0,0,4,0,,67,1,2020,7,40.0176,-75.1723,655.0,6,0,0,0,0,0,1,0,0,,0,0,0.0,6,5,1,2,,0,40 01:02.671,,0,75 10:19.675,3,0,0,0,67301,0,0,0,N,0,0,0,2,67301,0,,1,1,,N,N,,1,,1,0,0,3,3,,640,1,2,0,0,0,0,0,3,4,0,2,3,3.0,N,,,,,,,,,,,
2020012263,1938.0,1,0,0,0,0,0,0,0,0,4,0,,67,1,2020,5,39.9679,-75.2178,1930.0,6,0,0,0,0,0,0,0,0,,0,0,0.0,19,3,2,2,,0,39 58:04.368,,0,75 13:04.141,4,0,0,0,67301,3,0,0,N,0,0,0,4,67301,1,,1,1,,N,N,,0,,0,0,0,9,9,,1909,2,2,0,0,0,1,0,3,4,1,2,3,3.0,N,,,,,,,,,,,
2020009957,805.0,1,0,0,0,0,0,0,0,0,4,0,,67,1,2020,1,40.0032,-75.1294,800.0,6,0,0,0,0,0,1,0,0,,0,0,0.0,7,1,2,1,,0,40 00:11.674,,0,75 07:45.670,3,0,0,0,67301,0,0,0,N,0,0,0,3,67301,0,,1,1,,N,N,,0,,2,0,1,9,3,,750,2,2,0,0,0,0,0,3,4,0,2,3,4.0,N,,,,,,,,,,,
2020048597,2318.0,3,0,0,0,0,0,0,0,0,1,0,,67,6,2020,1,40.0205,-75.1594,2318.0,6,0,0,0,0,0,0,0,0,,0,0,0.0,23,3,0,0,,2,40 01:13.777,2.0,0,75 09:33.937,0,0,0,0,67301,0,0,0,N,0,0,0,5,67301,0,,1,1,,N,N,,0,,0,0,0,0,0,Y,2308,0,3,0,0,0,0,0,3,4,0,3,3,3.0,N,,,,,,,,,,,
2020012529,727.0,1,0,0,0,0,0,0,0,0,8,0,,67,2,2020,7,39.9597,-75.2352,727.0,6,0,0,0,0,0,0,0,0,,0,0,0.0,7,3,1,1,,0,39 57:35.009,,0,75 14:06.680,3,0,0,0,67301,1,0,0,N,1,0,0,2,67301,0,,1,9,,N,N,,0,,1,0,0,3,2,,725,1,2,0,0,1,0,0,3,4,0,1,7,,N,,,,,,,,,,,
2020054132,1413.0,0,0,0,0,0,0,0,0,0,5,0,,67,7,2020,5,39.8862,-75.218,1413.0,6,0,0,0,0,0,0,0,0,,0,0,0.0,12,1,1,6,,0,39 53:10.412,,0,75 13:04.950,8,0,0,1,67301,0,0,0,N,0,0,0,1,67301,0,,9,1,,N,N,,0,,0,0,0,9,2,,1230,1,2,0,0,0,1,0,3,4,0,2,3,3.0,N,,,,,,,,,,,
2020012914,1958.0,1,0,0,0,0,0,0,0,0,4,0,,67,2,2020,1,39.9906,-75.1849,1958.0,6,0,0,0,0,0,0,0,0,,0,0,0.0,19,3,1,1,,0,39 59:26.091,,0,75 11:05.676,8,0,0,0,67301,0,0,0,N,0,0,0,2,67301,0,,1,1,,N,N,,0,,0,0,0,3,2,,1930,1,2,0,0,0,1,0,3,4,0,2,3,3.0,N,,,,,,,,,,,
2020008383,230.0,1,0,0,0,0,0,0,0,0,4,0,,67,1,2020,1,40.0242,-75.0955,230.0,6,0,0,0,0,0,0,0,0,,0,0,0.0,1,3,0,1,,0,40 01:26.990,,0,75 05:43.929,9,0,0,0,67301,0,0,0,N,0,0,0,2,67301,0,,1,2,,N,N,,0,,0,0,0,9,9,,100,0,2,0,0,0,0,1,3,4,1,2,6,7.0,N,,,,,,,,,,,
2020052090,901.0,3,0,0,0,0,0,0,0,0,1,0,,67,6,2020,7,39.9585,-75.1668,901.0,6,0,0,0,0,0,1,0,0,,0,0,0.0,9,1,0,0,,0,39 57:30.592,,0,75 10:00.339,0,0,0,0,67301,0,0,0,N,0,0,0,3,68K01,0,,1,9,,N,N,,0,,0,0,0,0,0,,901,0,3,0,0,0,0,0,3,4,0,3,4,,N,,,,,,,,,,,
2020006959,1245.0,0,0,0,0,0,0,0,0,0,7,0,,67,1,2020,7,40.1163,-74.983,1240.0,6,0,0,0,0,0,0,0,0,,0,0,0.0,12,1,1,0,N,0,40 06:58.694,,0,74 58:58.795,3,0,0,0,67301,0,0,0,N,0,0,0,1,67301,0,,4,7,,N,N,N,1,,1,0,0,0,0,,1239,1,1,0,0,0,0,0,3,4,0,1,10,4.0,N,,,,,,,,,,,
2020009264,935.0,1,0,0,0,0,0,0,0,0,5,0,,67,1,2020,4,39.9412,-75.2348,933.0,6,0,0,0,0,0,0,0,0,,0,0,0.0,6,5,0,0,,0,39 56:28.440,,0,75 14:05.130,9,0,0,0,67301,0,0,0,N,0,0,0,1,67301,0,,6,1,,N,N,,0,,0,0,2,0,0,,600,0,3,0,0,1,0,1,3,4,0,3,3,3.0,N,,,,,,,,,,,
2020004050,2001.0,1,0,0,0,0,0,0,0,0,8,0,,67,1,2020,6,40.0544,-75.194,2001.0,6,0,0,0,0,0,0,1,0,,0,0,0.0,19,4,1,1,,0,40 03:15.666,,0,75 11:38.176,8,0,0,0,67301,1,0,0,N,1,0,0,2,67301,0,,1,99,,N,N,,0,,0,0,0,3,2,,1906,1,2,0,0,0,1,0,3,4,0,1,3,,N,,,,,,,,,,,
2020006410,1540.0,0,0,0,0,0,0,0,0,0,1,0,,67,1,2020,6,39.9395,-75.2204,1533.0,6,0,0,0,0,0,0,0,0,,0,0,0.0,10,8,1,0,,0,39 56:22.168,,99,75 13:13.392,8,0,0,0,67301,0,0,0,N,0,0,0,3,67301,0,,1,99,,N,N,,0,,0,0,2,9,9,,1015,1,2,0,0,0,1,0,3,4,0,2,99,98.0,N,,,,,,,,,,,
2020006825,1907.0,1,0,0,0,0,0,0,0,0,4,0,,67,1,2020,1,40.048,-75.0928,1839.0,6,0,0,0,0,1,0,0,0,,0,0,0.0,18,3,2,1,,0,40 02:52.901,,0,75 05:34.215,4,0,0,0,67301,0,0,0,N,0,0,0,3,67301,1,,1,1,,N,N,,0,,0,0,1,3,3,,1824,2,2,0,0,0,1,0,3,4,0,2,3,,N,,,,,,,,,,,
2020022540,1121.0,0,0,0,0,0,0,0,0,0,0,0,,67,2,2020,1,39.8947,-75.1944,1114.0,6,0,0,0,0,0,0,0,0,,0,0,0.0,11,1,0,0,,0,39 53:55.204,,0,75 10:48.339,0,0,0,0,67301,0,0,0,N,0,0,0,2,68K01,0,,1,1,,N,N,,0,,0,0,1,0,0,,1112,0,2,0,0,0,0,0,3,4,1,2,3,4.0,N,,,,,,,,,,,
2020004349,1600.0,0,0,0,0,0,0,0,0,0,8,0,,67,1,2020,6,39.9672,-75.129,1558.0,6,0,0,0,0,0,1,0,0,,0,0,0.0,15,1,1,0,,0,39 58:02.074,,0,75 07:44.473,2,0,0,0,67301,1,0,1,N,1,0,1,2,67301,0,,1,1,,N,N,,0,,0,1,1,3,1,,1554,1,2,0,0,0,0,0,3,4,0,1,3,,N,,,,,,,,,,,
2020014604,1541.0,0,0,0,0,0,0,0,0,0,7,0,,67,1,2020,7,40.031,-75.0217,1531.0,6,0,0,0,0,1,0,0,0,,0,0,0.0,15,1,3,0,,1,40 01:51.761,2.0,3,75 01:18.249,3,0,0,0,67301,0,0,0,N,0,0,0,4,68K01,0,,4,6,,N,N,,1,,3,0,2,0,0,N,1530,3,3,0,0,0,0,0,3,4,0,3,10,7.0,N,,,,,,,,,,,
2020005264,2218.0,1,0,0,0,0,0,0,0,0,4,0,,67,1,2020,3,40.0012,-75.0972,2155.0,6,0,0,1,0,0,1,0,0,,0,0,0.0,21,3,0,2,,0,40 00:04.157,,0,75 05:49.913,0,0,0,0,67301,0,0,0,N,0,0,0,2,67301,0,,1,9,,N,N,,0,,0,0,1,3,3,,2154,0,2,0,0,0,0,0,3,4,0,2,7,,N,,,,,,,,,,,
2020010996,135.0,1,0,0,0,0,0,0,0,0,7,0,,67,1,2020,2,40.0368,-75.0692,130.0,6,0,1,0,0,0,0,0,0,,0,0,0.0,23,3,1,0,,0,40 02:12.533,,0,75 04:09.142,3,0,0,0,67301,0,0,0,N,0,0,0,1,67301,0,,5,1,,N,N,,0,,1,0,0,0,0,,2340,1,1,0,0,0,0,0,3,4,0,1,3,3.0,N,,,,,,,,,,,
2020009175,2050.0,1,0,0,0,0,0,0,0,0,8,0,,67,1,2020,2,39.9556,-75.234,2046.0,6,0,0,0,0,0,0,0,0,,0,0,0.0,20,3,1,1,,2,39 57:20.080,6.0,0,75 14:02.342,8,0,0,0,67301,1,0,0,N,1,0,0,2,67301,0,,1,1,,N,N,,0,,0,0,0,3,2,Y,2042,1,2,0,0,1,1,0,3,4,0,1,3,3.0,N,,,,,,,,,,,
2020007505,830.0,2,0,0,0,0,0,0,0,0,4,0,,67,1,2020,2,39.9079,-75.1543,821.0,6,0,0,0,0,0,0,0,0,,0,0,0.0,7,1,1,0,,0,39 54:28.367,,0,75 09:15.392,3,0,0,0,67301,0,0,0,N,0,0,0,2,67301,0,,1,1,,N,N,,0,,1,0,0,9,9,,745,1,2,0,0,2,0,0,3,4,0,2,3,3.0,N,,,,,,,,,,,
2020010311,1815.0,1,0,0,0,0,0,0,0,0,4,0,,67,1,2020,5,40.0294,-75.1247,1815.0,6,0,0,0,0,0,0,0,0,,0,0,0.0,7,5,1,1,,0,40 01:45.919,,0,75 07:28.901,8,0,0,0,67301,0,0,0,N,0,0,0,2,67301,0,,1,99,,N,N,,0,,0,0,1,3,2,,739,1,2,0,0,0,1,0,3,4,0,2,99,,N,,,,,,,,,,,
2020011435,52.0,1,0,0,0,0,0,0,0,0,4,0,,67,1,2020,2,40.0272,-75.1512,52.0,6,0,0,0,0,0,1,0,0,,0,0,0.0,0,3,2,1,,0,40 01:37.898,,0,75 09:04.471,8,0,0,0,67301,0,0,0,N,0,0,0,3,67301,0,,1,1,,N,N,,0,,0,0,1,3,2,,50,2,2,0,0,0,2,0,3,4,0,2,3,3.0,N,,,,,,,,,,,
2020003716,1538.0,0,0,0,0,0,0,0,0,0,5,0,,67,1,2020,4,40.0596,-75.238,1533.0,6,0,0,0,0,0,0,1,0,,0,0,0.0,15,1,1,0,,2,40 03:34.400,5.0,0,75 14:16.857,8,0,0,0,67301,0,0,0,N,0,0,0,1,67301,0,,6,1,,N,N,,0,,0,0,2,0,0,Y,1525,1,2,0,0,0,1,0,3,4,0,2,3,3.0,N,,,,,,,,,,,
2020053201,1825.0,1,0,0,0,0,0,0,0,0,1,0,,67,6,2020,1,39.9601,-75.1797,1815.0,6,0,0,0,0,0,0,1,0,,0,0,0.0,18,1,1,0,,1,39 57:36.368,4.0,0,75 10:46.912,8,0,0,0,67301,0,0,0,N,0,0,0,3,68K01,0,,1,1,,N,N,,1,,0,0,1,0,0,N,1814,1,3,0,0,0,1,0,3,4,0,3,3,,N,,,,,,,,,,,
2020005984,1358.0,1,0,0,0,0,0,0,0,0,4,0,,67,1,2020,3,40.0207,-75.1486,1353.0,6,0,0,0,0,0,1,1,0,,0,0,0.0,13,1,3,1,,0,40 01:14.374,,0,75 08:55.521,8,0,0,0,67301,0,0,0,N,0,0,0,4,67301,0,,1,9,,N,N,,0,,0,0,1,0,0,,1340,3,2,0,0,0,3,0,3,4,0,2,7,4.0,N,,,,,,,,,,,
2020017306,1556.0,0,0,0,0,0,0,0,0,0,7,0,,67,1,2020,7,39.987,-75.0905,1556.0,6,0,0,0,0,0,0,0,0,,0,0,0.0,15,1,0,0,,1,39 59:13.352,1.0,0,75 05:25.888,9,0,0,0,67301,0,0,0,N,0,0,0,1,68K01,0,,4,9,,N,N,,0,,0,0,1,0,0,Y,1549,0,1,0,0,0,0,1,3,4,0,1,9,,N,,,,,,,,,,,
2020011849,945.0,1,0,0,0,0,0,0,0,0,4,0,,67,1,2020,4,39.9669,-75.2085,945.0,6,0,0,0,0,0,1,0,0,,0,0,0.0,9,1,2,5,,0,39 58:01.017,,0,75 12:30.442,4,0,0,0,67301,0,0,0,N,0,0,0,2,67301,2,,1,1,,N,N,,0,,0,0,1,3,3,,940,2,2,0,0,0,0,0,3,4,0,2,3,3.0,N,,,,,,,,,,,
2020009577,1000.0,1,0,0,1,0,0,0,0,0,4,0,,67,1,2020,5,39.997,-75.1296,1000.0,6,0,0,0,0,0,0,0,1,,0,0,0.0,9,1,1,1,,0,39 59:49.055,,0,75 07:46.603,8,0,0,0,67301,1,0,0,N,0,0,0,2,67301,0,,1,1,,N,N,,0,,0,0,0,3,3,,955,1,2,0,0,0,1,0,3,4,0,1,3,3.0,N,,,,,,,,,,,
2020009572,729.0,1,0,0,0,0,0,0,0,0,8,0,,67,1,2020,7,39.9452,-75.1418,729.0,6,0,0,0,0,0,1,0,0,,0,0,0.0,7,3,1,2,,0,39 56:42.548,,0,75 08:31.305,3,0,0,0,67301,1,0,0,N,1,0,0,2,67301,0,,1,9,,N,N,,0,,1,0,0,3,2,,712,1,2,0,0,0,0,0,3,4,0,1,7,,N,,,,,,,,,,,
2020009779,1306.0,0,0,0,0,0,0,0,0,0,4,0,,67,1,2020,7,40.0468,-75.1375,1306.0,6,0,0,0,0,1,1,0,0,,0,0,0.0,13,1,0,1,,0,40 02:48.506,,0,75 08:15.137,9,0,0,0,67301,0,0,0,N,0,0,0,3,67301,0,,1,9,,N,N,,0,,0,0,1,3,2,,1300,0,2,0,0,0,0,2,3,4,1,2,7,,N,,,,,,,,,,,
2020050529,2136.0,1,0,0,0,0,0,0,0,0,7,0,,67,6,2020,2,39.9483,-75.1864,2134.0,6,0,0,0,0,0,0,0,0,,0,0,0.0,21,3,1,1,,1,39 56:54.059,3.0,0,75 11:11.048,8,0,0,0,67301,0,0,0,N,0,0,0,1,68K01,0,,4,1,,N,N,,0,,0,0,0,0,0,N,2133,1,1,0,0,0,1,0,3,4,0,1,3,3.0,N,,,,,,,,,,,
2020053208,1531.0,1,0,0,0,0,0,0,0,0,0,0,,67,6,2020,3,39.888,-75.2171,1524.0,6,0,0,0,0,0,0,0,0,,0,0,0.0,15,1,0,0,,2,39 53:10.452,1.0,0,75 12:50.227,0,0,0,0,67301,0,0,0,N,0,0,0,2,68K01,0,,2,1,,N,N,,1,,0,0,0,0,0,N,1524,0,2,0,0,0,0,0,3,4,0,2,3,,N,,,,,,,,,,,
2020004344,1631.0,1,0,0,0,0,0,0,0,0,5,0,,67,1,2020,5,40.0262,-75.0969,1621.0,6,0,0,0,0,0,1,0,0,,0,0,0.0,16,1,1,1,N,0,40 01:34.149,,0,75 05:48.734,4,0,0,0,67301,0,0,0,N,0,0,0,2,67301,1,,1,1,,N,N,N,0,,0,0,1,0,0,,1615,1,2,0,0,0,0,0,3,4,0,2,3,3.0,N,,,,,,,,,,,
2020012894,212.0,1,0,0,0,0,0,0,0,0,1,0,,67,1,2020,6,39.9199,-75.2228,212.0,6,0,0,0,0,0,1,0,0,,0,0,0.0,1,3,1,1,,0,39 55:11.759,,0,75 13:21.960,3,0,0,0,67301,0,0,0,N,0,0,0,3,67301,0,,1,1,,N,N,,0,,1,0,0,3,2,,138,1,2,0,0,0,0,0,3,4,0,2,3,3.0,N,,,,,,,,,,,
2020008775,2022.0,0,0,0,0,0,0,0,0,0,8,0,,67,1,2020,1,40.0392,-75.11,2019.0,6,0,0,0,0,0,0,0,0,,0,0,0.0,20,3,1,1,,1,40 02:20.942,1.0,0,75 06:36.006,3,0,0,0,67301,1,0,0,N,1,0,0,2,67301,0,,1,1,,N,N,,0,,1,0,1,3,1,N,2015,1,2,0,0,0,0,0,3,4,0,1,3,3.0,N,,,,,,,,,,,
2020009011,1945.0,1,0,0,0,0,0,0,0,0,1,0,,67,1,2020,3,40.0201,-75.151,1921.0,6,0,0,0,0,1,0,0,0,,0,0,0.0,19,3,0,0,,1,40 01:12.311,2.0,0,75 09:03.522,0,0,0,0,67301,0,0,0,N,0,0,0,5,67301,0,,1,1,,N,N,,0,,0,0,1,0,0,N,1921,0,2,0,0,0,0,0,3,4,0,2,3,3.0,N,,,,,,,,,,,
2020053206,1956.0,1,0,0,0,0,0,0,0,0,5,0,,67,6,2020,2,39.9703,-75.1929,1952.0,6,0,0,0,0,0,0,0,0,,0,0,0.0,19,1,0,0,,2,39 58:12.928,3.0,0,75 11:34.412,9,0,0,0,67301,0,0,0,N,0,0,0,2,68K01,0,,1,1,,N,N,,1,,0,0,0,0,0,N,1951,0,2,0,0,0,0,1,3,4,0,2,3,,N,,,,,,,,,,,
2020052813,1710.0,0,0,0,0,0,0,0,0,0,5,0,,67,7,2020,7,39.9895,-75.181,1705.0,6,0,0,0,0,1,0,0,0,,0,0,0.0,17,1,0,0,,0,39 59:22.160,,0,75 10:51.630,9,0,0,0,67301,0,0,0,N,0,0,0,2,67301,0,,1,1,,N,N,,0,,0,0,2,0,0,,1700,0,2,0,0,0,0,1,3,4,0,2,3,3.0,N,,,,,,,,,,,
2020006511,2315.0,0,0,0,0,0,0,0,0,0,8,0,,67,1,2020,5,40.0475,-75.0919,2310.0,6,0,0,0,0,0,0,0,0,,0,0,0.0,22,3,1,1,,0,40 02:50.956,,0,75 05:30.725,3,0,0,0,67301,1,0,0,N,1,0,0,2,67301,0,,1,1,,N,N,,0,,1,0,1,3,2,,2240,1,2,0,0,0,0,0,3,4,0,1,3,3.0,N,,,,,,,,,,,
2020009778,1918.0,1,0,0,0,0,0,0,0,0,8,0,,67,1,2020,7,40.0115,-75.108,1918.0,6,0,0,0,0,0,0,0,0,,0,0,0.0,15,1,1,1,,0,40 00:41.562,,0,75 06:28.950,4,0,0,0,67301,1,0,0,N,1,0,0,2,67301,1,,1,99,,N,N,,0,,0,0,0,3,2,,1505,1,2,0,0,0,0,1,3,4,0,1,4,,N,,,,,,,,,,,
2020011980,1215.0,2,0,0,0,0,0,0,0,0,4,0,,67,1,2020,4,40.0319,-75.1315,1213.0,6,0,1,0,0,0,1,0,0,,0,0,0.0,12,1,1,1,,0,40 01:54.746,,0,75 07:53.410,3,0,0,0,67301,0,0,0,N,0,0,0,3,67301,0,,1,1,,N,N,,0,,1,0,1,3,2,,1210,1,3,0,0,0,0,1,3,4,0,3,3,3.0,N,,,,,,,,,,,
2020014382,1335.0,2,0,0,0,0,0,0,0,0,1,0,,67,1,2020,3,40.0369,-75.1451,1330.0,6,0,0,0,0,0,1,0,0,,0,0,0.0,13,1,1,2,,0,40 02:12.984,,0,75 08:42.301,3,0,0,0,67301,0,0,0,N,0,0,0,2,67301,0,,1,1,,N,N,,0,,1,0,0,3,2,,1325,1,2,0,0,0,0,0,3,4,0,2,3,,N,,,,,,,,,,,
2020005258,748.0,1,0,0,1,0,0,0,0,0,4,0,,67,1,2020,3,39.9616,-75.1518,732.0,6,0,0,0,0,0,0,0,0,,0,0,0.0,6,1,1,1,,0,39 57:41.635,,0,75 09:06.445,3,0,0,0,67301,1,0,0,N,0,0,0,2,67301,0,,1,1,,N,N,,0,,1,0,0,3,2,,657,1,2,0,0,0,0,0,3,4,0,1,3,3.0,N,,,,,,,,,,,
2020012348,1430.0,0,0,0,0,0,0,0,0,0,4,0,,67,1,2020,5,40.0661,-75.063,1430.0,6,0,0,0,0,0,0,1,0,,0,0,0.0,14,1,1,1,,1,40 03:58.061,2.0,0,75 03:46.964,4,0,0,0,67301,0,0,0,N,0,0,0,2,67301,1,,1,1,,N,N,,0,,0,0,2,3,2,Y,1429,1,2,0,0,0,0,0,3,4,0,2,3,3.0,N,,,,,,,,,,,