CRN,ARRIVAL_TM,AUTOMOBILE_COUNT,BELTED_DEATH_COUNT,BELTED_SUSP_SERIOUS_INJ_COUNT,BICYCLE_COUNT,BICYCLE_DEATH_COUNT,BICYCLE_SUSP_SERIOUS_INJ_COUNT,BUS_COUNT,CHLDPAS_DEATH_COUNT,CHLDPAS_SUSP_SERIOUS_INJ_COUNT,COLLISION_TYPE,COMM_VEH_COUNT,CONS_ZONE_SPD_LIM,COUNTY,CRASH_MONTH,CRASH_YEAR,DAY_OF_WEEK,DEC_LAT,DEC_LONG,DISPATCH_TM,DISTRICT,DRIVER_COUNT_16YR,DRIVER_COUNT_17YR,DRIVER_COUNT_18YR,DRIVER_COUNT_19YR,DRIVER_COUNT_20YR,DRIVER_COUNT_50_64YR,DRIVER_COUNT_65_74YR,DRIVER_COUNT_75PLUS,EST_HRS_CLOSED,FATAL_COUNT,HEAVY_TRUCK_COUNT,HORSE_BUGGY_COUNT,HOUR_OF_DAY,ILLUMINATION,INJURY_COUNT,INTERSECT_TYPE,INTERSECTION_RELATED,LANE_CLOSED,LATITUDE,LN_CLOSE_DIR,LOCATION_TYPE,LONGITUDE,MAX_SEVERITY_LEVEL,MCYCLE_DEATH_COUNT,MCYCLE_SUSP_SERIOUS_INJ_COUNT,MOTORCYCLE_COUNT,MUNICIPALITY,NONMOTR_COUNT,NONMOTR_DEATH_COUNT,NONMOTR_SUSP_SERIOUS_INJ_COUNT,NTFY_HIWY_MAINT,PED_COUNT,PED_DEATH_COUNT,PED_SUSP_SERIOUS_INJ_COUNT,PERSON_COUNT,POLICE_AGCY,POSSIBLE_INJ_COUNT,RDWY_SURF_TYPE_CD,RELATION_TO_ROAD,ROAD_CONDITION,ROADWAY_CLEARED,SCH_BUS_IND,SCH_ZONE_IND,SECONDARY_CRASH,SMALL_TRUCK_COUNT,SPEC_JURIS_CD,SUSP_MINOR_INJ_COUNT,SUSP_SERIOUS_INJ_COUNT,SUV_COUNT,TCD_FUNC_CD,TCD_TYPE,TFC_DETOUR_IND,TIME_OF_DAY,TOT_INJ_COUNT,TOTAL_UNITS,UNB_DEATH_COUNT,UNB_SUSP_SERIOUS_INJ_COUNT,UNBELTED_OCC_COUNT,UNK_INJ_DEG_COUNT,UNK_INJ_PER_COUNT,URBAN_AREA,URBAN_RURAL,VAN_COUNT,VEHICLE_COUNT,WEATHER1,WEATHER2,WORK_ZONE_IND,WORK_ZONE_LOC,WORK_ZONE_TYPE,WORKERS_PRES,WZ_CLOSE_DETOUR,WZ_FLAGGER,WZ_LAW_OFFCR_IND,WZ_LN_CLOSURE,WZ_MOVING,WZ_OTHER,WZ_SHLDER_MDN,WZ_WORKERS_INJ_KILLED
2020066273,1837.0,1,0,0,0,0,0,0,0,0,2,0,,67,7,2020,5,40.0328,-75.0209,1824.0,6,0,0,0,1,0,0,0,0,,0,0,0.0,18,1,1,0,N,1,40 01:58.174,2.0,0,75 01:15.339,3,0,0,0,67301,0,0,0,N,0,0,0,2,68K01,0,,4,1,1916.0,N,N,N,0,,1,0,0,0,0,N,1823,1,1,0,0,0,0,0,3,4,0,1,3,,N,,,,,,,,,,,
2020017656,36.0,1,0,0,0,0,0,0,0,0,7,0,,67,2,2020,7,40.0016,-75.1528,36.0,6,0,0,0,0,0,0,0,0,,0,0,0.0,0,3,0,1,,0,40 00:05.705,,0,75 09:10.074,0,0,0,0,67301,0,0,0,N,0,0,0,1,67301,0,,3,1,,N,N,,0,,0,0,0,3,2,,33,0,1,0,0,1,0,0,3,4,0,1,3,3.0,N,,,,,,,,,,,
2020019744,1748.0,0,0,0,0,0,0,0,0,0,4,0,,67,2,2020,4,40.0056,-75.104,1747.0,6,0,0,0,0,0,0,0,0,,0,0,0.0,17,4,0,0,,0,40 00:20.036,,7,75 06:14.381,0,0,0,0,67301,0,0,0,N,0,0,0,2,67301,0,,1,1,,N,N,,1,,0,0,1,0,0,,1744,0,2,0,0,0,0,0,3,4,0,2,3,3.0,N,,,,,,,,,,,
2020059484,1313.0,1,0,0,0,0,0,0,0,0,5,0,,67,7,2020,6,39.9459,-75.1895,1252.0,6,0,0,0,0,1,0,0,0,,0,0,0.0,12,1,0,0,,2,39 56:45.408,4.0,0,75 11:22.350,9,0,0,0,67301,0,0,0,N,0,0,0,11,68K01,0,,1,1,1318.0,N,N,,0,,0,0,3,0,0,N,1251,0,5,0,0,0,0,1,3,4,0,5,3,,N,,,,,,,,,,,
2020018204,300.0,1,0,0,0,0,0,0,0,0,7,0,,67,2,2020,2,40.0336,-75.0763,251.0,6,0,0,0,0,0,0,0,0,,0,0,0.0,2,3,1,0,,2,40 02:00.785,1.0,0,75 04:34.661,2,0,0,0,67301,0,0,0,N,0,0,0,1,67301,0,,3,1,445.0,N,N,,0,,0,1,0,0,0,N,245,1,1,0,0,0,0,0,3,4,0,1,3,3.0,N,,,,,,,,,,,
2020060196,247.0,1,0,0,0,0,0,0,0,0,0,0,,67,7,2020,6,39.9829,-75.2081,237.0,6,0,0,0,0,1,0,0,0,,0,0,0.0,2,3,0,0,,1,39 58:58.567,3.0,0,75 12:29.043,0,0,0,0,67301,0,0,0,N,0,0,0,1,68K01,0,,4,9,45.0,N,N,,0,,0,0,0,0,0,Y,236,0,1,0,0,0,0,0,3,4,0,1,7,,N,,,,,,,,,,,
2020060978,1314.0,0,0,0,0,0,0,0,0,0,8,0,,67,7,2020,6,40.0643,-75.1527,1313.0,6,0,0,0,0,0,0,0,0,,0,0,0.0,13,1,1,0,,0,40 03:51.370,,0,75 09:09.580,3,0,0,0,67301,1,0,0,N,1,0,0,2,67301,0,,1,9,,N,N,,0,,1,0,1,0,0,,1311,1,2,0,0,0,0,0,3,4,0,1,4,7.0,N,,,,,,,,,,,
2020019869,336.0,0,0,0,0,0,0,0,0,0,7,0,,67,2,2020,1,40.0323,-75.051,335.0,6,0,0,0,0,0,0,0,0,,0,0,0.0,3,3,1,1,,0,40 01:56.185,,0,75 03:03.545,4,0,0,0,67301,0,0,0,N,0,0,0,1,67301,1,,4,1,,N,N,,0,,0,0,0,3,2,,334,1,1,0,0,0,0,0,3,4,1,1,3,3.0,N,,,,,,,,,,,
2020026088,1720.0,1,0,0,0,0,0,0,0,0,4,0,,67,3,2020,6,39.979,-75.1602,1717.0,6,0,0,0,0,0,1,0,0,,0,0,0.0,17,1,1,1,N,0,39 58:44.355,,0,75 09:36.809,4,0,0,0,67301,0,0,0,N,0,0,0,2,67505,1,,1,1,,N,N,N,0,,0,0,1,0,0,,1710,1,2,0,0,0,0,0,3,4,0,2,3,3.0,N,,,,,,,,,,,
2020026731,1845.0,1,0,0,0,0,0,0,0,0,5,0,,67,3,2020,5,40.0324,-75.0715,1836.0,6,0,0,0,0,0,0,0,0,,0,0,0.0,18,1,1,0,N,1,40 01:56.710,4.0,0,75 04:17.560,3,0,0,0,67301,0,0,0,N,0,0,0,2,67301,0,,6,1,2005.0,N,N,N,0,,1,0,3,3,2,N,1835,1,4,0,0,1,0,0,3,4,0,4,3,98.0,N,,,,,,,,,,,
2020067333,415.0,2,0,0,0,0,0,0,0,0,1,0,,67,8,2020,4,40.0725,-75.1579,402.0,6,0,0,0,0,0,0,0,0,,0,0,0.0,3,3,1,0,N,0,40 04:21.100,,0,75 09:28.510,8,0,0,0,67301,0,0,0,N,0,0,0,1,67301,0,,6,1,,N,N,N,0,,0,0,0,0,0,,345,1,2,0,0,0,1,0,3,4,0,2,3,3.0,N,,,,,,,,,,,
2020025894,156.0,2,0,0,0,0,0,0,0,0,5,0,,67,3,2020,5,39.9718,-75.2094,154.0,6,0,0,0,0,0,0,0,0,,0,0,0.0,1,3,0,0,N,0,39 58:18.530,,0,75 12:33.790,0,0,0,0,67301,0,0,0,N,0,0,0,1,67301,0,,6,1,,N,N,N,1,,0,0,0,0,0,,103,0,3,0,0,0,0,0,3,4,0,3,3,3.0,N,,,,,,,,,,,
2020029662,316.0,1,0,0,0,0,0,0,0,0,7,0,,67,3,2020,1,40.0354,-75.0173,312.0,6,0,0,0,0,1,0,0,0,,0,0,0.0,3,3,0,0,N,0,40 02:07.599,,0,75 01:02.156,0,0,0,0,67301,0,0,0,N,0,0,0,1,68K01,0,,4,9,,N,N,N,0,,0,0,0,0,0,,310,0,1,0,0,0,0,0,3,4,0,1,7,7.0,N,,,,,,,,,,,
2020028399,1200.0,3,0,0,0,0,0,0,0,0,4,0,,67,3,2020,7,39.9161,-75.239,1145.0,6,0,0,0,0,0,0,0,0,,0,0,0.0,11,1,2,1,,0,39 54:58.016,,0,75 14:20.319,4,0,0,0,67301,0,0,0,N,0,0,0,3,67301,2,,1,1,,N,N,N,0,,0,0,1,3,2,,1137,2,4,0,0,3,0,0,3,4,0,4,3,3.0,N,,,,,,,,,,,
2020067336,1812.0,0,0,0,0,0,0,0,0,0,8,0,,67,8,2020,5,39.9689,-75.2506,1808.0,6,0,0,0,0,0,0,0,0,,0,0,0.0,18,1,1,0,N,1,39 58:08.140,2.0,0,75 15:02.090,2,0,0,0,67301,1,0,1,N,1,0,1,2,67301,0,,1,1,2003.0,N,N,N,0,,0,1,1,0,0,Y,1800,1,2,0,0,0,0,0,3,4,0,1,3,,N,,,,,,,,,,,
2020026989,633.0,0,0,0,0,0,0,0,0,0,7,0,,67,3,2020,7,40.1062,-74.9861,623.0,6,0,0,0,0,0,0,0,0,,0,0,0.0,6,5,1,0,N,2,40 06:22.140,4.0,0,74 59:09.930,4,0,0,0,67301,0,0,0,N,0,0,0,1,67301,1,,4,1,633.0,N,N,N,1,,0,0,0,0,0,Y,615,1,1,0,0,0,0,0,3,4,0,1,3,98.0,N,,,,,,,,,,,
2020066771,1405.0,0,0,0,0,0,0,0,0,0,1,1,,67,8,2020,6,40.0311,-75.0359,1345.0,6,0,0,0,0,0,1,0,0,,0,1,0.0,13,1,0,0,N,1,40 01:51.858,6.0,0,75 02:09.152,0,0,0,0,67301,0,0,0,N,0,0,0,2,67301,0,,1,1,1455.0,N,N,N,0,,0,0,1,0,0,N,1344,0,2,0,0,0,0,0,3,4,0,2,4,4.0,N,,,,,,,,,,,
2020067400,2245.0,1,0,0,0,0,0,0,0,0,4,0,,67,8,2020,5,40.0344,-75.0822,2241.0,6,0,0,0,0,0,0,0,0,,1,0,0.0,22,3,0,1,N,2,40 02:04.167,7.0,0,75 04:55.991,1,1,0,1,67301,0,0,0,N,0,0,0,4,67301,0,2.0,1,1,200.0,N,N,N,0,0.0,0,0,0,3,2,N,2226,0,2,0,0,0,0,0,3,4,0,2,3,3.0,N,,,,,,,,,,,
2020025865,1321.0,3,0,0,0,0,0,0,0,0,2,0,,67,3,2020,3,39.9996,-75.1251,1321.0,6,0,0,0,0,0,0,1,0,,0,0,0.0,13,1,1,1,,0,39 59:58.819,,0,75 07:30.180,3,0,0,0,67301,0,0,0,N,0,0,0,1,67301,0,,1,1,,N,N,N,0,,1,0,0,3,2,,1321,1,3,0,0,0,0,0,3,4,0,3,4,4.0,N,,,,,,,,,,,
2020026674,22.0,1,0,0,0,0,0,0,0,0,7,0,,67,3,2020,1,40.0888,-75.0452,20.0,6,0,0,0,0,0,0,0,0,,0,0,0.0,0,3,0,0,N,0,40 05:19.690,,0,75 02:42.670,0,0,0,0,67301,0,0,0,N,0,0,0,1,67301,0,,4,9,,N,N,N,0,,0,0,0,0,0,,15,0,1,0,0,0,0,0,3,4,0,1,7,,N,,,,,,,,,,,
2020026220,12.0,0,0,0,0,0,0,0,0,0,4,0,,67,3,2020,6,40.0211,-75.1399,12.0,6,0,0,0,0,0,0,0,0,,0,0,0.0,0,3,0,1,,0,40 01:16.062,,0,75 08:23.710,0,0,0,0,67301,0,0,0,N,0,0,0,4,67301,0,,1,1,,N,N,N,0,,0,0,2,3,2,,6,0,2,0,0,0,0,0,3,4,0,2,3,3.0,N,,,,,,,,,,,
2020028444,549.0,1,0,0,0,0,0,0,0,0,7,0,,67,3,2020,7,39.9771,-75.1986,543.0,6,0,0,0,0,0,0,0,0,,0,0,0.0,5,3,1,0,N,0,39 58:37.445,,0,75 11:54.837,3,0,0,0,67301,0,0,0,N,0,0,0,1,68K01,0,,3,1,,N,N,N,0,,1,0,0,0,0,,525,1,1,0,0,1,0,0,3,4,0,1,3,3.0,N,,,,,,,,,,,
2020026558,932.0,1,0,0,0,0,0,0,0,0,4,0,,67,3,2020,6,40.0016,-75.1286,932.0,6,0,0,0,0,0,0,0,0,,0,0,0.0,8,1,0,1,,1,40 00:05.796,3.0,0,75 07:42.898,0,0,0,0,67301,0,0,0,N,0,0,0,2,67301,0,,1,9,20.0,N,N,N,0,,0,0,1,3,2,Y,815,0,2,0,0,0,0,0,3,4,0,2,7,7.0,N,,,,,,,,,,,
2020066280,1233.0,1,0,0,0,0,0,0,0,0,5,2,,67,8,2020,2,40.0354,-75.0174,1223.0,6,0,0,0,0,0,0,1,0,,0,2,0.0,12,1,1,0,N,1,40 02:07.422,1.0,0,75 01:02.530,8,0,0,0,67301,0,0,0,N,0,0,0,3,68K01,0,,1,1,1304.0,N,N,N,0,,0,0,0,3,8,N,1222,1,3,0,0,1,1,0,3,4,0,3,3,,N,,,,,,,,,,,
2020026491,2215.0,2,0,0,0,0,0,0,0,0,5,0,,67,3,2020,7,40.0124,-75.074,2213.0,6,0,0,0,0,0,1,0,0,,0,0,0.0,22,3,1,0,N,0,40 00:44.582,,0,75 04:26.312,3,0,0,0,67301,0,0,0,N,0,0,0,1,67301,0,,6,1,,N,N,N,0,,1,0,0,0,0,,2213,1,3,0,0,0,0,0,3,4,1,3,3,,N,,,,,,,,,,,
2020059374,1840.0,0,0,0,0,0,0,0,0,0,4,0,,67,7,2020,4,40.0388,-75.0085,1830.0,6,0,0,0,0,0,0,1,0,,0,0,0.0,18,1,0,0,,0,40 02:19.757,,0,75 00:30.440,0,0,0,0,67301,0,0,0,N,0,0,0,3,68K01,0,,1,9,,N,N,,2,,0,0,1,0,0,,1827,0,3,0,0,0,0,0,3,4,0,3,7,7.0,N,,,,,,,,,,,
2020018809,815.0,0,0,0,0,0,0,0,0,0,8,0,,67,2,2020,4,39.9208,-75.1516,804.0,6,0,0,0,0,0,0,0,0,,0,0,0.0,7,1,1,1,,0,39 55:14.779,,0,75 09:05.749,8,0,0,0,67301,1,0,0,N,1,0,0,2,67301,0,,1,1,,N,N,,0,,0,0,0,0,0,,725,1,2,0,0,0,1,0,3,4,1,1,3,3.0,N,,,,,,,,,,,
2020021603,35.0,1,0,0,0,0,0,0,0,0,4,0,,67,2,2020,7,40.1114,-75.0009,27.0,6,0,0,0,1,0,0,0,0,,0,0,0.0,0,3,2,3,,0,40 06:40.904,,0,75 00:03.263,3,0,0,0,67301,0,0,0,N,0,0,0,4,67301,0,,1,1,,N,N,,0,,2,0,1,3,3,,20,2,2,0,0,1,0,0,3,4,0,2,3,3.0,N,,,,,,,,,,,
2020019830,829.0,2,0,0,0,0,0,0,0,0,1,0,,67,2,2020,7,39.9571,-75.2316,828.0,6,0,0,0,0,0,0,0,0,,0,0,0.0,8,1,1,1,,0,39 57:25.603,,0,75 13:53.587,3,0,0,0,67301,0,0,0,N,0,0,0,2,67301,0,,1,1,,N,N,,0,,1,0,1,3,3,,825,1,4,0,0,0,0,0,3,4,0,4,3,3.0,N,,,,,,,,,,,
2020059449,1503.0,0,0,0,0,0,0,0,0,0,1,0,,67,7,2020,7,39.946,-75.1894,1442.0,6,0,0,0,0,0,0,0,0,,0,0,0.0,13,1,1,0,,0,39 56:45.637,,0,75 11:22.007,4,0,0,0,67301,0,0,0,N,0,0,0,2,68K01,1,,1,9,,N,N,,1,,0,0,1,0,0,,1357,1,2,0,0,0,0,0,3,4,0,2,7,,N,,,,,,,,,,,
2020027871,1400.0,1,0,0,0,0,0,0,0,0,7,0,,67,3,2020,1,40.0272,-75.0864,1355.0,6,0,0,0,0,0,1,0,0,,0,0,0.0,13,1,0,0,N,0,40 01:37.900,,0,75 05:11.020,0,0,0,0,67301,0,0,0,N,0,0,0,1,67301,0,,4,1,,N,N,N,0,,0,0,0,0,0,,1350,0,1,0,0,0,0,0,3,4,0,1,3,3.0,N,,,,,,,,,,,
2020065855,1400.0,1,0,0,0,0,0,0,0,0,8,0,,67,8,2020,7,39.9573,-75.2479,1357.0,6,0,0,0,0,0,0,0,0,,0,0,0.0,13,1,1,1,,0,39 57:26.251,,0,75 14:52.347,3,0,0,0,67301,1,0,0,N,1,0,0,2,67301,0,,1,1,,N,N,N,0,,1,0,0,9,1,,1357,1,2,0,0,1,0,0,3,4,0,1,3,3.0,N,,,,,,,,,,,
2020026259,918.0,4,0,0,0,0,0,0,0,0,1,0,,67,3,2020,6,40.0359,-75.0809,915.0,6,0,0,0,0,0,1,0,0,,0,0,0.0,9,8,0,0,Y,1,40 02:09.122,2.0,0,75 04:51.220,0,0,0,0,67301,0,0,0,N,0,0,0,4,67301,0,,1,9,1030.0,N,N,Y,0,,0,0,0,3,2,Y,913,0,4,0,0,1,0,0,3,4,0,4,7,7.0,N,,,,,,,,,,,
2020026352,2122.0,0,0,0,0,0,0,0,0,0,4,0,,67,3,2020,6,39.9939,-75.1545,2118.0,6,0,0,0,0,0,0,0,0,,0,0,0.0,21,3,0,1,,0,39 59:38.216,,0,75 09:16.512,0,0,0,1,67301,0,0,0,N,0,0,0,2,67301,0,,1,1,,N,N,N,0,,0,0,1,3,2,,2118,0,2,0,0,0,0,0,3,4,0,2,3,3.0,N,,,,,,,,,,,
2020066271,1901.0,3,0,0,0,0,0,0,0,0,5,0,,67,7,2020,1,39.96,-75.1786,1901.0,6,0,0,0,0,0,0,0,0,,0,0,0.0,18,1,0,0,N,2,39 57:35.928,4.0,0,75 10:43.061,9,0,0,0,67301,0,0,0,N,0,0,0,5,68K01,0,,1,1,2025.0,N,N,N,0,,0,0,0,0,0,N,1843,0,3,0,0,0,0,2,3,4,0,3,3,,N,,,,,,,,,,,
2020066781,1315.0,0,0,0,0,0,0,0,0,0,8,2,,67,8,2020,5,39.9917,-75.1271,1300.0,6,0,0,0,0,0,0,0,0,,0,2,0.0,13,1,1,0,N,0,39 59:30.073,,0,75 07:37.531,2,0,0,0,67301,1,0,1,N,1,0,1,2,67301,0,,1,1,,N,N,N,0,,0,1,0,0,0,,1300,1,3,0,0,0,0,0,3,4,0,2,3,3.0,N,,,,,,,,,,,
2020026856,1053.0,1,0,0,0,0,0,0,0,0,4,0,,67,3,2020,7,39.9872,-75.0983,1052.0,6,0,0,0,0,0,0,0,0,,0,0,0.0,10,1,0,1,,0,39 59:13.966,,0,75 05:53.703,0,0,0,0,67301,0,0,0,N,0,0,0,2,67301,0,,1,1,,N,N,N,0,,0,0,1,3,3,,1030,0,2,0,0,0,0,0,3,4,0,2,3,,N,,,,,,,,,,,
2020025892,1735.0,2,0,0,0,0,0,0,0,0,5,0,,67,3,2020,5,40.0804,-75.0276,1733.0,6,0,0,0,0,1,1,0,0,,0,0,0.0,17,1,1,0,N,0,40 04:49.365,,0,75 01:39.533,3,0,0,0,67301,0,0,0,N,0,0,0,4,67301,0,,1,1,,N,N,N,1,,1,0,0,0,0,,1732,1,3,0,0,4,0,0,3,4,0,3,3,3.0,N,,,,,,,,,,,
2020059467,1713.0,0,0,0,0,0,0,0,0,0,7,1,,67,7,2020,2,40.0302,-75.0218,1701.0,6,0,0,0,0,0,0,0,0,,0,1,0.0,17,1,1,0,N,2,40 01:48.609,1.0,0,75 01:18.609,3,0,0,0,67301,0,0,0,N,0,0,0,2,68K01,0,,2,1,100.0,N,N,N,0,,1,0,1,0,0,N,1701,1,2,0,0,0,0,0,3,4,0,2,3,,N,,,,,,,,,,,
2020059206,905.0,1,0,0,0,0,0,0,0,0,1,1,,67,7,2020,6,39.9053,-75.1946,856.0,6,0,0,0,0,0,1,0,0,,0,1,0.0,7,1,1,0,,0,39 54:19.238,,0,75 11:40.584,3,0,0,0,67301,0,0,0,N,0,0,0,4,67301,0,,1,9,,N,N,,0,,1,0,0,0,0,,745,1,2,0,0,1,0,0,3,4,0,2,7,4.0,N,,,,,,,,,,,
2020018672,1533.0,2,0,1,0,0,0,0,0,0,4,0,,67,2,2020,3,40.0599,-75.1734,1523.0,6,0,0,0,0,0,0,0,0,,0,0,0.0,15,1,3,1,,2,40 03:35.475,7.0,0,75 10:24.377,2,0,0,0,67301,0,0,0,N,0,0,0,4,67301,0,,1,1,1928.0,N,N,,0,,1,1,0,3,2,Y,1520,3,2,0,0,0,1,0,3,4,0,2,3,3.0,N,,,,,,,,,,,
2020036338,1903.0,2,0,0,0,0,0,0,0,0,4,0,,67,2,2020,1,40.0345,-75.0719,1859.0,6,0,0,0,0,0,0,0,0,,0,0,0.0,18,3,1,3,,2,40 02:04.095,1.0,0,75 04:18.588,3,0,0,0,67301,0,0,0,N,0,0,0,4,67301,0,,1,1,2011.0,N,N,,0,,1,0,0,0,0,Y,1857,1,2,0,0,0,0,0,3,4,0,2,3,,N,,,,,,,,,,,
2020026041,550.0,1,0,0,0,0,0,0,0,0,7,0,,67,3,2020,6,40.0057,-75.1773,550.0,6,0,0,0,0,0,1,0,0,,0,0,0.0,5,3,1,0,N,0,40 00:20.486,,0,75 10:38.254,8,0,0,0,67301,0,0,0,N,0,0,0,1,67301,0,,5,9,,N,N,N,0,,0,0,0,0,0,,550,1,1,0,0,0,1,0,3,4,0,1,7,7.0,N,,,,,,,,,,,
2020026725,542.0,0,0,0,0,0,0,0,0,0,5,1,,67,3,2020,4,39.9175,-75.2167,541.0,6,0,0,0,0,0,0,0,0,,0,1,0.0,5,3,1,0,N,0,39 55:02.827,,7,75 13:00.096,8,0,0,0,67301,0,0,0,N,0,0,0,3,67301,0,,1,1,,N,N,N,0,,0,0,0,0,0,,540,1,2,0,0,0,1,0,3,4,1,2,3,,N,,,,,,,,,,,
2020026180,39.0,0,0,0,0,0,0,0,0,0,8,0,,67,3,2020,6,39.9863,-75.1561,39.0,6,0,0,0,0,0,0,0,0,,0,0,0.0,0,3,1,1,,1,39 59:10.572,5.0,0,75 09:22.129,3,0,0,0,67301,1,0,0,N,1,0,0,2,67301,0,,1,9,115.0,N,N,N,0,,1,0,1,3,2,N,37,1,2,0,0,0,0,0,3,4,0,1,4,4.0,N,,,,,,,,,,,
2020059455,1943.0,1,0,0,0,0,0,0,0,0,1,0,,67,7,2020,7,40.0079,-75.0714,1940.0,6,0,0,0,0,0,0,0,0,,0,0,0.0,19,1,3,0,,1,40 00:28.468,1.0,0,75 04:17.121,8,0,0,0,67301,0,0,0,N,0,0,0,3,68K01,0,,5,1,100.0,N,N,,0,,0,0,1,0,0,N,1937,3,2,0,0,3,3,0,3,4,0,2,3,3.0,N,,,,,,,,,,,
2020023311,2215.0,2,0,0,0,0,0,0,0,0,6,0,,67,2,2020,6,39.9487,-75.1788,2215.0,6,0,0,0,0,0,1,0,0,,0,0,0.0,22,3,1,0,,0,39 56:55.440,,0,75 10:43.790,3,0,0,0,67301,0,0,0,N,0,0,0,1,67301,0,,6,1,,N,N,,0,,1,0,0,0,0,,2215,1,2,0,0,0,0,0,3,4,0,2,3,3.0,N,,,,,,,,,,,
2020018264,820.0,1,0,0,0,0,0,0,0,0,4,0,,67,2,2020,2,39.9819,-75.239,814.0,6,0,0,0,0,0,0,0,0,,0,0,0.0,8,1,6,1,,0,39 58:55.028,,0,75 14:20.537,4,0,0,0,67301,0,0,0,N,0,0,0,6,67301,6,,1,1,,N,N,N,0,,0,0,1,3,2,,805,6,2,0,0,2,0,0,3,4,0,2,3,3.0,N,,,,,,,,,,,
2020019667,2010.0,0,0,0,0,0,0,0,0,0,8,0,,67,2,2020,6,39.9706,-75.163,2010.0,6,0,0,0,0,0,0,1,0,,0,0,0.0,20,3,1,1,,0,39 58:14.246,,0,75 09:46.727,3,0,0,0,67301,1,0,0,N,1,0,0,2,67301,0,,1,1,,N,N,,0,,1,0,1,3,2,,2008,1,2,0,0,0,0,0,3,4,0,1,3,,N,,,,,,,,,,,
2020062827,1448.0,1,0,0,0,0,0,0,0,0,8,0,,67,7,2020,6,39.9888,-75.1202,1437.0,6,0,0,0,0,0,0,0,0,,0,0,0.0,14,1,1,0,N,0,39 59:26.480,,0,75 07:18.860,3,0,0,0,67301,1,0,0,N,1,0,0,2,67301,0,,1,1,,N,N,N,0,,1,0,0,0,0,,1430,1,2,0,0,0,0,1,3,4,0,1,3,,N,,,,,,,,,,,
2020021259,853.0,0,0,0,0,0,0,0,0,0,8,0,,67,2,2020,4,40.058,-75.2336,851.0,6,0,0,0,0,0,0,1,0,,0,0,0.0,8,1,1,1,,0,40 03:28.953,,0,75 14:01.113,8,0,0,0,67301,1,0,0,N,1,0,0,2,67301,0,,1,9,,N,N,,0,,0,0,1,3,2,,850,1,2,0,0,1,1,0,3,4,0,1,4,5.0,N,,,,,,,,,,,
2020022307,2345.0,1,0,0,0,0,0,0,0,0,5,0,,67,2,2020,7,40.0106,-75.149,2345.0,6,0,0,0,0,0,0,0,0,,0,0,0.0,22,3,0,0,,0,40 00:38.080,,0,75 08:56.340,0,0,0,0,67301,0,0,0,N,0,0,0,1,67301,0,,6,1,,N,N,,0,,0,0,1,0,0,,2200,0,2,0,0,0,0,0,3,4,0,2,3,3.0,N,,,,,,,,,,,
2020025748,1735.0,1,0,0,0,0,0,0,0,0,1,0,,67,3,2020,3,40.0043,-75.128,1730.0,6,0,0,0,0,0,0,0,0,,0,0,0.0,16,1,1,1,,0,40 00:15.530,,0,75 07:40.814,3,0,0,0,67301,0,0,0,N,0,0,0,2,67301,0,,1,1,,N,N,N,1,,1,0,0,3,2,,1604,1,2,0,0,0,0,0,3,4,0,2,3,3.0,N,,,,,,,,,,,
2020026179,24.0,2,0,0,0,0,0,0,0,0,4,0,,67,3,2020,4,39.9575,-75.2173,15.0,6,0,0,1,0,0,0,0,0,,0,0,0.0,23,3,0,1,,1,39 57:27.041,3.0,0,75 13:02.421,0,0,0,0,67301,0,0,0,N,0,0,0,3,67301,0,,1,1,120.0,N,N,N,0,,0,0,0,3,2,N,2330,0,2,0,0,1,0,0,3,4,0,2,3,,N,,,,,,,,,,,
2020026221,1315.0,0,0,0,0,0,0,0,0,0,8,0,,67,3,2020,6,39.9772,-75.1239,1312.0,6,0,0,0,0,0,1,0,0,,0,0,0.0,13,1,1,1,,0,39 58:37.963,,0,75 07:26.140,3,0,0,0,67301,1,0,0,N,1,0,0,2,67301,0,,1,1,,N,N,N,0,,1,0,1,3,3,,1305,1,2,0,0,0,0,0,3,4,0,1,3,,N,,,,,,,,,,,
2020066365,1850.0,2,0,0,0,0,0,0,0,0,5,0,,67,8,2020,7,39.9265,-75.186,1843.0,6,0,0,0,0,0,0,0,0,,0,0,0.0,18,4,1,1,N,0,39 55:35.367,,0,75 11:09.679,4,0,0,0,67301,0,0,0,N,0,0,0,2,67301,1,,1,1,,N,N,N,0,,0,0,0,0,0,,1830,1,2,0,0,2,0,0,3,4,0,2,3,3.0,N,,,,,,,,,,,
2020026726,200.0,2,0,0,0,0,0,0,0,0,2,0,,67,3,2020,5,39.9295,-75.2434,200.0,6,0,0,0,0,0,0,0,0,,0,0,0.0,2,3,3,0,N,2,39 55:46.205,5.0,0,75 14:36.181,3,0,0,0,67301,0,0,0,N,0,0,0,3,67301,0,,1,1,500.0,N,N,N,0,,3,0,0,0,0,Y,200,3,2,0,0,0,0,0,3,4,0,2,3,3.0,N,,,,,,,,,,,
2020036584,1516.0,0,0,0,0,0,0,0,0,0,1,0,,67,2,2020,4,40.0453,-75.0023,1437.0,6,0,0,0,0,0,0,0,0,,0,0,0.0,14,1,0,3,,0,40 02:45.698,,2,75 00:07.121,0,0,0,0,67301,0,0,0,N,0,0,0,2,68K01,0,,1,1,,N,N,,0,,0,0,2,3,4,,1410,0,2,0,0,0,0,0,3,4,0,2,3,,N,,,,,,,,,,,