CRN,ARRIVAL_TM,AUTOMOBILE_COUNT,BELTED_DEATH_COUNT,BELTED_SUSP_SERIOUS_INJ_COUNT,BICYCLE_COUNT,BICYCLE_DEATH_COUNT,BICYCLE_SUSP_SERIOUS_INJ_COUNT,BUS_COUNT,CHLDPAS_DEATH_COUNT,CHLDPAS_SUSP_SERIOUS_INJ_COUNT,COLLISION_TYPE,COMM_VEH_COUNT,CONS_ZONE_SPD_LIM,COUNTY,CRASH_MONTH,CRASH_YEAR,DAY_OF_WEEK,DEC_LAT,DEC_LONG,DISPATCH_TM,DISTRICT,DRIVER_COUNT_16YR,DRIVER_COUNT_17YR,DRIVER_COUNT_18YR,DRIVER_COUNT_19YR,DRIVER_COUNT_20YR,DRIVER_COUNT_50_64YR,DRIVER_COUNT_65_74YR,DRIVER_COUNT_75PLUS,EST_HRS_CLOSED,FATAL_COUNT,HEAVY_TRUCK_COUNT,HORSE_BUGGY_COUNT,HOUR_OF_DAY,ILLUMINATION,INJURY_COUNT,INTERSECT_TYPE,INTERSECTION_RELATED,LANE_CLOSED,LATITUDE,LN_CLOSE_DIR,LOCATION_TYPE,LONGITUDE,MAX_SEVERITY_LEVEL,MCYCLE_DEATH_COUNT,MCYCLE_SUSP_SERIOUS_INJ_COUNT,MOTORCYCLE_COUNT,MUNICIPALITY,NONMOTR_COUNT,NONMOTR_DEATH_COUNT,NONMOTR_SUSP_SERIOUS_INJ_COUNT,NTFY_HIWY_MAINT,PED_COUNT,PED_DEATH_COUNT,PED_SUSP_SERIOUS_INJ_COUNT,PERSON_COUNT,POLICE_AGCY,POSSIBLE_INJ_COUNT,RDWY_SURF_TYPE_CD,RELATION_TO_ROAD,ROAD_CONDITION,ROADWAY_CLEARED,SCH_BUS_IND,SCH_ZONE_IND,SECONDARY_CRASH,SMALL_TRUCK_COUNT,SPEC_JURIS_CD,SUSP_MINOR_INJ_COUNT,SUSP_SERIOUS_INJ_COUNT,SUV_COUNT,TCD_FUNC_CD,TCD_TYPE,TFC_DETOUR_IND,TIME_OF_DAY,TOT_INJ_COUNT,TOTAL_UNITS,UNB_DEATH_COUNT,UNB_SUSP_SERIOUS_INJ_COUNT,UNBELTED_OCC_COUNT,UNK_INJ_DEG_COUNT,UNK_INJ_PER_COUNT,URBAN_AREA,URBAN_RURAL,VAN_COUNT,VEHICLE_COUNT,WEATHER1,WEATHER2,WORK_ZONE_IND,WORK_ZONE_LOC,WORK_ZONE_TYPE,WORKERS_PRES,WZ_CLOSE_DETOUR,WZ_FLAGGER,WZ_LAW_OFFCR_IND,WZ_LN_CLOSURE,WZ_MOVING,WZ_OTHER,WZ_SHLDER_MDN,WZ_WORKERS_INJ_KILLED
2020067022,1653.0,1,0,0,0,0,0,0,0,0,8,0,,67,8,2020,1,39.9854,-75.1493,1646.0,6,0,0,0,0,0,0,0,0,,0,0,0.0,13,1,1,0,N,0,39 59:07.550,,0,75 08:57.600,3,0,0,0,67301,1,0,0,N,1,0,0,2,67301,0,,6,1,,N,N,N,0,,1,0,0,0,0,,1329,1,2,0,0,0,0,1,3,4,0,1,3,3.0,N,,,,,,,,,,,
2020028050,1439.0,0,0,0,0,0,0,0,0,0,7,0,,67,3,2020,5,39.9493,-75.1417,1425.0,6,0,0,0,0,0,0,0,0,,0,0,0.0,14,1,0,0,N,0,39 56:57.338,,2,75 08:30.274,0,0,0,0,67301,0,0,0,N,0,0,0,1,68K01,0,,2,1,,N,N,N,0,,0,0,1,0,0,,1409,0,1,0,0,0,0,0,3,4,0,1,3,3.0,N,,,,,,,,,,,
2020031132,1944.0,0,0,0,0,0,0,0,0,0,7,0,,67,3,2020,7,40.0044,-75.1948,1935.0,6,0,0,0,0,0,0,0,0,,0,0,0.0,19,3,1,0,N,1,40 00:15.697,4.0,0,75 11:41.304,8,0,0,0,67301,0,0,0,N,0,0,0,1,68K01,0,,2,1,2017.0,N,N,N,0,,0,0,1,0,0,N,1934,1,1,0,0,0,1,0,3,4,0,1,3,3.0,N,,,,,,,,,,,
2020026493,1610.0,0,0,0,0,0,0,0,0,0,4,0,,67,3,2020,7,39.9702,-75.1451,1557.0,6,0,0,0,0,0,0,0,0,,0,0,0.0,15,1,0,1,,0,39 58:12.552,,0,75 08:42.076,0,0,0,0,67301,0,0,0,N,0,0,0,2,67301,0,,1,1,,N,N,N,0,,0,0,1,3,2,,1546,0,2,0,0,0,0,0,3,4,1,2,3,3.0,N,,,,,,,,,,,
2020028376,1012.0,2,0,0,0,0,0,0,0,0,5,0,,67,3,2020,1,40.0164,-75.1393,1009.0,6,0,0,0,0,0,0,0,0,,0,0,0.0,10,1,0,0,N,0,40 00:59.040,,0,75 08:21.430,0,0,0,0,67301,0,0,0,N,0,0,0,3,67301,0,,6,1,,N,N,N,0,,0,0,1,0,0,,1008,0,3,0,0,1,0,0,3,4,0,3,3,3.0,N,,,,,,,,,,,
2020025057,940.0,2,0,0,0,0,0,0,0,0,4,0,,67,3,2020,3,39.9756,-75.1919,917.0,6,0,0,0,0,0,0,0,0,,0,0,0.0,8,1,0,2,,0,39 58:32.079,,0,75 11:30.679,0,0,0,0,67301,0,0,0,N,0,0,0,2,67301,0,,1,1,,N,N,N,0,,0,0,0,0,0,,845,0,2,0,0,0,0,0,3,4,0,2,4,4.0,N,,,,,,,,,,,
2020067405,2040.0,0,0,0,0,0,0,0,0,0,4,0,,67,8,2020,5,39.9901,-75.1613,2036.0,6,0,0,0,0,0,1,0,0,,0,0,0.0,20,4,1,0,N,0,39 59:24.460,,99,75 09:40.830,3,0,0,1,67301,0,0,0,N,0,0,0,2,67301,0,,1,1,,N,N,N,0,,1,0,1,0,0,,2016,1,2,0,0,0,0,0,3,4,0,2,3,3.0,N,,,,,,,,,,,
2020025867,1725.0,2,0,0,0,0,0,0,0,0,4,0,,67,3,2020,4,39.9973,-75.1738,1722.0,6,0,0,0,0,0,0,0,0,,0,0,0.0,17,1,2,1,,2,39 59:50.179,2.0,0,75 10:25.553,3,0,0,0,67301,0,0,0,N,0,0,0,3,67301,0,,1,1,1845.0,N,N,N,0,,2,0,0,3,3,Y,1702,2,2,0,0,0,0,0,3,4,0,2,4,7.0,N,,,,,,,,,,,
2020027987,2115.0,0,0,0,0,0,0,0,0,0,8,0,,67,3,2020,5,40.016,-75.135,2107.0,6,0,0,0,0,0,0,0,0,,0,0,0.0,19,3,1,0,N,0,40 00:57.659,,0,75 08:05.890,8,0,0,0,67301,1,0,0,N,1,0,0,2,67301,0,,1,9,,N,N,N,0,,0,0,1,3,2,,1915,1,2,0,0,0,1,0,3,4,0,1,7,,N,,,,,,,,,,,
2020058914,38.0,0,0,0,0,0,0,0,0,0,6,0,,67,7,2020,7,39.9721,-75.19,6.0,6,0,0,0,0,0,1,0,0,,0,0,0.0,23,3,1,0,,9,39 58:19.682,,0,75 11:23.846,2,0,1,1,67301,0,0,0,N,0,0,0,2,67301,0,,1,1,,N,N,,0,,0,1,1,0,0,U,2349,1,2,0,0,0,0,0,3,4,0,2,3,3.0,N,,,,,,,,,,,
2020019870,1417.0,1,0,0,0,0,0,0,0,0,4,0,,67,2,2020,7,39.9792,-75.1618,1416.0,6,0,0,0,0,0,1,0,0,,0,0,0.0,14,1,0,1,,0,39 58:45.093,,0,75 09:42.531,9,0,0,0,67301,0,0,0,N,0,0,0,2,67301,0,,1,1,,N,N,,0,,0,0,2,3,3,,1415,0,3,0,0,0,0,1,3,4,0,3,3,3.0,N,,,,,,,,,,,
2020063180,1605.0,2,0,0,0,0,0,0,0,0,1,0,,67,7,2020,6,39.9436,-75.1427,1548.0,6,0,0,0,0,0,1,0,0,,0,0,0.0,15,1,0,0,,0,39 56:36.919,,0,75 08:33.779,0,0,0,0,67301,0,0,0,N,0,0,0,3,68K01,0,,1,9,,N,N,,0,,0,0,1,0,0,,1539,0,3,0,0,0,0,0,3,4,0,3,7,,N,,,,,,,,,,,
2020061258,725.0,0,0,0,0,0,0,0,0,0,7,0,,67,7,2020,5,40.0722,-74.9814,716.0,6,0,0,0,0,0,0,0,0,,0,0,0.0,7,3,1,0,,1,40 04:19.780,6.0,0,74 58:53.160,3,0,0,0,67301,0,0,0,N,0,0,0,1,67301,0,,4,1,930.0,N,N,,0,,1,0,1,0,0,Y,710,1,1,0,0,0,0,0,3,4,0,1,3,3.0,N,,,,,,,,,,,
2020021887,2125.0,1,0,0,0,0,0,0,0,0,7,0,,67,2,2020,5,39.9743,-75.1222,2122.0,6,0,0,0,0,0,0,0,0,,0,0,0.0,21,1,0,0,,0,39 58:27.566,,0,75 07:19.796,0,0,0,0,67301,0,0,0,N,0,0,0,1,67301,0,,4,1,,N,N,,0,,0,0,0,0,0,,2120,0,1,0,0,0,0,0,3,4,0,1,3,,N,,,,,,,,,,,
2020062314,1700.0,1,0,0,0,0,0,0,0,0,8,0,,67,8,2020,3,39.9379,-75.1667,1650.0,6,0,0,0,0,0,0,0,0,,0,0,0.0,16,1,1,1,,0,39 56:16.309,,0,75 10:00.119,3,0,0,0,67301,1,0,0,N,1,0,0,2,67301,0,,5,1,,N,N,,0,,1,0,0,3,2,,1640,1,2,0,0,0,0,0,3,4,0,1,4,3.0,N,,,,,,,,,,,
2020028439,521.0,1,0,0,0,0,0,0,0,0,7,0,,67,3,2020,6,39.9843,-75.2082,516.0,6,0,0,0,0,0,0,0,0,,0,0,0.0,5,3,0,0,N,0,39 59:03.331,,0,75 12:29.481,0,0,0,0,67301,0,0,0,N,0,0,0,1,68K01,0,,3,9,,N,N,N,0,,0,0,0,0,0,,509,0,1,0,0,0,0,0,3,4,0,1,7,3.0,N,,,,,,,,,,,
2020029446,710.0,1,0,0,1,0,0,0,0,0,5,0,,67,3,2020,6,39.9571,-75.1697,710.0,6,0,0,0,0,0,0,0,0,,0,0,0.0,7,3,1,0,N,0,39 57:25.684,,0,75 10:11.076,8,0,0,0,67301,1,0,0,N,0,0,0,2,67301,0,,1,9,,N,N,N,0,,0,0,0,3,2,,700,1,2,0,0,0,1,0,3,4,0,1,7,,N,,,,,,,,,,,
2020065770,1808.0,1,0,0,0,0,0,1,0,0,4,1,,67,8,2020,5,39.9878,-75.1676,1806.0,6,0,0,0,0,0,0,0,0,,0,0,0.0,18,1,1,1,,0,39 59:16.004,,0,75 10:03.532,3,0,0,0,67301,0,0,0,N,0,0,0,3,67301,0,,1,9,,N,N,N,0,,1,0,0,3,2,,1800,1,2,0,0,0,0,0,3,4,0,2,7,4.0,N,,,,,,,,,,,
2020067610,2300.0,1,0,0,0,0,0,0,0,0,1,0,,67,8,2020,2,39.9563,-75.1415,2300.0,6,0,0,0,0,1,1,0,0,,0,0,0.0,23,3,1,0,N,1,39 57:22.697,2.0,0,75 08:29.462,3,0,0,0,67301,0,0,0,N,0,0,0,3,68K01,0,,1,1,30.0,N,N,Y,0,,1,0,1,3,1,N,2300,1,2,0,0,0,0,0,3,4,0,2,3,3.0,N,,,,,,,,,,,
2020027394,1432.0,0,0,0,0,0,0,0,0,0,4,0,,67,3,2020,7,39.9883,-75.254,1432.0,6,0,1,0,0,0,0,0,0,,0,0,0.0,14,1,0,1,,0,39 59:17.890,,0,75 15:14.288,9,0,0,0,67301,0,0,0,N,0,0,0,3,67301,0,,1,1,,N,N,N,0,,0,0,1,3,2,,1400,0,2,0,0,1,0,1,3,4,1,2,3,,N,,,,,,,,,,,
2020019668,210.0,1,0,0,0,0,0,0,0,0,7,0,,67,2,2020,7,39.9729,-75.1592,208.0,6,0,0,0,0,0,0,0,0,,0,0,0.0,2,3,2,0,,0,39 58:22.425,,0,75 09:33.106,3,0,0,0,67301,0,0,0,N,0,0,0,2,67301,0,,2,1,,N,N,,0,,2,0,0,0,0,,205,2,1,0,0,0,0,0,3,4,0,1,3,,N,,,,,,,,,,,
2020053103,412.0,0,0,0,0,0,0,0,0,0,4,0,,67,7,2020,7,39.9612,-75.1466,409.0,6,0,0,0,0,0,0,0,0,,2,0,0.0,4,3,2,1,N,2,39 57:40.044,3.0,0,75 08:47.803,1,0,0,0,67301,0,0,0,N,0,0,0,4,67301,0,2.0,1,1,300.0,N,N,N,0,0.0,1,0,2,3,2,Y,408,2,2,0,0,0,1,0,3,4,0,2,3,3.0,N,,,,,,,,,,,
2020019123,1050.0,0,0,0,1,0,0,0,0,0,4,0,,67,2,2020,3,39.9477,-75.1511,1050.0,6,0,0,0,0,0,0,0,0,,0,0,0.0,9,1,1,1,,0,39 56:51.765,,0,75 09:03.961,3,0,0,0,67301,1,0,0,N,0,0,0,2,67301,0,,1,1,,N,N,,0,,1,0,1,0,0,,930,1,2,0,0,0,0,0,3,4,0,1,3,,N,,,,,,,,,,,
2020032525,1015.0,1,0,0,0,0,0,0,0,0,5,1,,67,4,2020,2,39.979,-75.1186,1014.0,6,0,0,0,0,0,0,0,0,,0,1,0.0,10,1,0,0,,0,39 58:44.512,,0,75 07:06.907,0,0,0,0,67301,0,0,0,N,0,0,0,2,67301,0,,1,9,,N,N,,0,,0,0,0,3,2,,1013,0,2,0,0,0,0,0,3,4,0,2,7,8.0,N,,,,,,,,,,,
2020022802,529.0,3,0,0,0,0,0,1,0,0,4,1,,67,2,2020,7,40.051,-75.142,527.0,6,0,0,0,0,0,1,0,0,,0,0,0.0,5,5,5,0,,2,40 03:03.600,5.0,0,75 08:31.256,3,0,0,0,67301,0,0,0,N,0,0,0,5,67301,0,,1,1,800.0,N,N,,0,,5,0,0,0,0,Y,527,5,4,0,0,0,0,0,3,4,0,4,3,,N,,,,,,,,,,,
2020017821,2332.0,1,0,0,0,0,0,0,0,0,1,0,,67,2,2020,7,39.9457,-75.2083,2332.0,6,0,0,0,0,0,1,0,0,,0,0,0.0,23,3,1,1,,0,39 56:44.678,,0,75 12:29.771,3,0,0,0,67301,0,0,0,N,0,0,0,3,67301,0,,1,1,,N,N,,0,,1,0,0,2,2,,2330,1,2,0,0,0,0,0,3,4,1,2,3,3.0,N,,,,,,,,,,,
2020021490,2018.0,1,0,0,0,0,0,0,0,0,4,0,,67,2,2020,1,40.0407,-75.1584,2015.0,6,0,0,0,0,0,1,0,0,,0,0,0.0,20,3,1,2,,0,40 02:26.559,,0,75 09:30.261,8,0,0,0,67301,0,0,0,N,0,0,0,2,67301,0,,1,1,,N,N,,0,,0,0,1,3,3,,2005,1,2,0,0,0,1,0,3,4,0,2,3,3.0,N,,,,,,,,,,,
2020058961,818.0,0,0,0,0,0,0,0,0,0,7,1,,67,7,2020,6,39.8902,-75.2201,804.0,6,0,0,0,0,0,1,0,0,,0,1,0.0,8,1,1,0,,2,39 53:22.979,2.0,0,75 13:09.697,8,0,0,0,67301,0,0,0,N,0,0,0,1,68K01,0,,4,9,100.0,N,N,,0,,0,0,0,0,0,Y,803,1,1,0,0,0,1,0,3,4,0,1,7,7.0,N,,,,,,,,,,,
2020017861,1712.0,0,0,0,0,0,0,0,0,0,5,0,,67,2,2020,1,39.972,-75.125,1708.0,6,0,0,0,0,0,0,0,0,,0,0,0.0,17,1,0,0,,0,39 58:19.348,,0,75 07:29.894,0,0,0,0,67301,0,0,0,N,0,0,0,2,67301,0,,1,1,,N,N,,0,,0,0,2,0,0,,1706,0,2,0,0,2,0,0,3,4,0,2,3,3.0,N,,,,,,,,,,,
2020025628,1843.0,2,0,0,0,0,0,0,0,0,4,0,,67,3,2020,4,40.0247,-75.2145,1836.0,6,0,0,0,0,0,0,0,0,,0,0,0.0,18,4,0,2,,0,40 01:29.035,,0,75 12:52.034,0,0,0,0,67301,0,0,0,N,0,0,0,2,67301,0,,1,1,,N,N,N,0,,0,0,0,0,0,,1817,0,2,0,0,0,0,0,3,4,0,2,3,3.0,N,,,,,,,,,,,
2020067401,212.0,1,0,0,0,0,0,0,0,0,4,0,,67,8,2020,7,40.0757,-75.1685,209.0,6,0,0,0,0,0,0,0,0,,0,0,0.0,1,3,0,0,N,0,40 04:32.550,,0,75 10:06.510,0,0,0,0,67301,0,0,0,N,0,0,0,1,67301,0,,4,1,,N,N,N,0,,0,0,0,0,0,,130,0,2,0,0,0,0,0,3,4,0,2,3,,N,,,,,,,,,,,
2020066880,950.0,0,0,0,0,0,0,0,0,0,8,1,,67,8,2020,3,39.953,-75.1685,940.0,6,0,0,0,0,0,1,0,0,,0,1,0.0,9,1,1,1,,0,39 57:10.730,,0,75 10:06.313,3,0,0,0,67301,1,0,0,N,1,0,0,2,67301,0,,1,1,,N,N,N,0,,1,0,0,3,2,,930,1,2,0,0,0,0,0,3,4,0,1,3,3.0,N,,,,,,,,,,,
2020026424,1130.0,1,0,0,0,0,0,0,0,0,1,0,,67,3,2020,6,39.9714,-75.1594,1130.0,6,0,0,0,0,0,0,0,0,,0,0,0.0,13,1,1,1,,0,39 58:17.270,,0,75 09:34.235,3,0,0,0,67301,0,0,0,N,0,0,0,2,67301,0,,1,1,,N,N,N,0,,1,0,1,3,2,,1307,1,2,0,0,1,0,1,3,4,0,2,3,3.0,N,,,,,,,,,,,
2020025627,500.0,1,0,0,0,0,0,0,0,0,5,0,,67,3,2020,4,40.0455,-75.2232,501.0,6,0,0,0,0,0,0,0,0,,0,0,0.0,5,1,1,0,N,0,40 02:43.860,,0,75 13:23.560,8,0,0,0,67301,0,0,0,N,0,0,0,1,67301,0,,6,1,,N,N,N,0,,0,0,1,0,0,,500,1,2,0,0,1,1,0,3,4,0,2,3,,N,,,,,,,,,,,
2020026495,1930.0,2,0,0,0,0,0,0,0,0,4,0,,67,3,2020,7,39.9692,-75.1383,1926.0,6,0,0,0,0,0,0,0,0,,0,0,0.0,19,3,0,0,N,0,39 58:09.263,,0,75 08:18.005,9,0,0,0,67301,0,0,0,N,0,0,0,2,67301,0,,1,1,,N,N,N,0,,0,0,0,0,0,,1924,0,2,0,0,0,0,2,3,4,0,2,3,3.0,N,,,,,,,,,,,
2020026036,2030.0,1,0,0,1,0,0,0,0,0,5,0,,67,3,2020,4,40.001,-75.1052,2025.0,6,0,0,0,0,0,0,0,0,,0,0,0.0,20,3,1,0,N,0,40 00:03.740,,0,75 06:18.570,3,0,0,0,67301,1,0,0,N,0,0,0,2,67301,0,,1,1,,N,N,N,0,,1,0,0,0,0,,2020,1,2,0,0,0,0,0,3,4,0,1,3,3.0,N,,,,,,,,,,,
2020067309,1240.0,2,0,0,0,0,0,0,0,0,1,1,,67,8,2020,5,40.0743,-75.0348,1232.0,6,0,0,0,0,0,0,0,0,,0,1,0.0,12,1,0,1,,1,40 04:27.539,7.0,0,75 02:05.367,0,0,0,0,67301,0,0,0,N,0,0,0,3,67301,0,,1,1,1325.0,N,N,N,0,,0,0,0,3,2,Y,1225,0,3,0,0,0,0,0,3,4,0,3,3,3.0,N,,,,,,,,,,,
2020049018,1100.0,0,0,0,0,0,0,0,0,0,8,0,,67,6,2020,3,40.0047,-75.1521,1055.0,6,0,0,0,0,0,1,0,0,,0,0,0.0,10,1,1,1,,0,40 00:16.847,,0,75 09:07.652,8,0,0,0,67301,1,0,0,N,1,0,0,4,67505,0,,1,1,,N,N,,1,,0,0,0,3,2,,1053,1,2,0,0,0,1,0,3,4,0,1,3,3.0,N,,,,,,,,,,,
2020021256,758.0,1,0,0,0,0,0,0,0,0,6,0,,67,2,2020,3,40.0273,-75.2164,757.0,6,0,0,0,0,0,1,1,0,,0,0,0.0,7,1,2,0,,2,40 01:38.400,2.0,0,75 12:59.140,3,0,0,0,67301,0,0,0,N,0,0,0,2,67301,1,,1,1,820.0,N,N,,0,,1,0,0,0,0,Y,755,2,2,0,0,0,0,0,3,4,1,2,4,4.0,N,,,,,,,,,,,
2020017911,2246.0,0,0,0,0,0,0,0,0,0,4,0,,67,2,2020,1,40.0549,-75.0539,2243.0,6,0,0,0,0,0,1,0,0,,0,0,0.0,22,3,3,1,,0,40 03:17.783,,0,75 03:14.193,3,0,0,0,67301,0,0,0,N,0,0,0,3,67301,0,,1,1,,N,N,,0,,3,0,1,3,2,,2230,3,2,0,0,2,0,0,3,4,1,2,3,3.0,N,,,,,,,,,,,
2020019861,505.0,1,0,0,0,0,0,0,0,0,5,0,,67,2,2020,7,39.9251,-75.1813,55.0,6,0,0,0,0,0,0,0,0,,0,0,0.0,0,3,1,0,,2,39 55:30.500,2.0,0,75 10:52.760,3,0,0,0,67301,0,0,0,N,0,0,0,1,67301,0,,6,1,100.0,N,N,,0,,1,0,3,0,0,Y,55,1,4,0,0,0,0,0,3,4,0,4,3,3.0,N,,,,,,,,,,,
2020051330,1630.0,0,0,0,0,0,0,1,0,0,1,1,,67,6,2020,5,39.9666,-75.1604,1617.0,6,0,0,0,0,0,0,0,0,,0,0,0.0,16,1,3,1,,0,39 58:00.185,,0,75 09:37.919,8,0,0,0,67301,0,0,0,N,0,0,0,5,67508,0,,1,1,,N,N,,0,,0,0,1,0,0,,1617,3,2,0,0,1,3,0,3,4,0,2,3,,N,,,,,,,,,,,
2020019865,2135.0,1,0,0,0,0,0,0,0,0,1,0,,67,2,2020,7,40.0562,-75.1555,2129.0,6,0,0,0,0,0,0,0,0,,0,0,0.0,20,3,1,1,,0,40 03:22.316,,0,75 09:19.951,3,0,0,0,67301,0,0,0,N,0,0,0,4,67301,0,,1,1,,N,N,,0,,1,0,0,0,0,,2047,1,2,0,0,0,0,0,3,4,0,2,3,3.0,N,,,,,,,,,,,
2020019740,1537.0,1,0,0,0,0,0,0,0,0,4,0,,67,2,2020,5,39.9656,-75.1758,1532.0,6,0,0,0,0,0,1,0,0,,0,0,0.0,14,1,1,1,,0,39 57:56.214,,0,75 10:32.764,3,0,0,0,67301,0,0,0,N,0,0,0,2,67301,0,,1,1,,N,N,,0,,1,0,0,3,3,,1458,1,2,0,0,0,0,0,3,4,1,2,3,3.0,N,,,,,,,,,,,
2020018260,1816.0,2,0,0,0,0,0,0,0,0,4,0,,67,2,2020,1,40.1111,-75.0243,1815.0,6,0,0,0,0,0,1,0,0,,0,0,0.0,18,3,4,1,,0,40 06:40.311,,0,75 01:27.652,3,0,0,0,67301,2,0,0,N,2,0,0,4,67301,0,,1,1,,N,N,,0,,4,0,0,3,2,,1813,4,4,0,0,0,0,0,3,4,0,2,3,3.0,N,,,,,,,,,,,
2020058075,1556.0,0,0,0,0,0,0,1,0,0,8,1,,67,6,2020,6,39.9536,-75.1732,1546.0,6,0,0,0,0,0,0,0,0,,0,0,0.0,15,1,1,1,,0,39 57:12.798,,0,75 10:23.433,8,0,0,0,67301,1,0,0,N,1,0,0,2,67508,0,,1,1,,N,N,,0,,0,0,0,3,2,N,1546,1,2,0,0,0,1,0,3,4,0,1,3,3.0,N,,,,,,,,,,,
2020058963,1034.0,1,0,0,0,0,0,0,0,0,1,0,,67,7,2020,6,39.9582,-75.1654,1029.0,6,0,0,0,0,0,1,0,0,,0,0,0.0,10,1,0,0,,1,39 57:29.562,4.0,0,75 09:55.352,0,0,0,0,67301,0,0,0,N,0,0,0,2,68K01,0,,1,9,1120.0,N,N,,1,,0,0,0,0,0,N,1027,0,2,0,0,0,0,0,3,4,0,2,7,4.0,N,,,,,,,,,,,
2020020310,910.0,1,0,0,0,0,0,0,0,0,5,0,,67,2,2020,5,40.0169,-75.1748,907.0,6,0,0,0,0,0,0,0,0,,0,0,0.0,9,1,2,0,,0,40 01:00.670,,0,75 10:29.380,8,0,0,0,67301,1,0,0,N,0,0,0,3,67301,0,,6,1,,N,N,,0,,0,0,1,0,0,,900,2,2,0,0,0,2,0,3,4,0,2,3,3.0,N,,,,,,,,,,,
2020031131,1803.0,1,0,0,0,0,0,0,0,0,1,0,,67,3,2020,7,39.9422,-75.1938,1759.0,6,0,0,0,0,0,1,0,0,,0,0,0.0,17,1,1,0,N,1,39 56:31.797,4.0,0,75 11:37.697,8,0,0,0,67301,0,0,0,N,0,0,0,9,68K01,0,,1,1,1710.0,N,N,N,0,,0,0,2,0,0,N,1758,1,3,0,0,0,1,0,3,4,0,3,3,3.0,N,,,,,,,,,,,
2020066459,1348.0,0,0,0,0,0,0,0,0,0,8,0,,67,8,2020,2,40.026,-75.122,1345.0,6,0,0,0,0,0,0,0,0,,0,0,0.0,13,1,1,5,,0,40 01:34.076,,0,75 07:18.694,2,0,0,0,67301,1,0,1,N,1,0,1,1,67301,0,,1,1,,N,N,N,0,,0,1,0,3,2,,1332,1,2,0,0,0,0,0,3,4,0,1,3,,N,,,,,,,,,,,
2020026677,20.0,2,0,0,0,0,0,0,0,0,1,0,,67,3,2020,7,40.0444,-75.1435,2307.0,6,0,0,0,0,0,0,0,0,,0,0,0.0,23,3,0,1,,0,40 02:39.888,,0,75 08:36.428,9,0,0,0,67301,0,0,0,N,0,0,0,3,67301,0,,1,9,,N,N,N,0,,0,0,0,3,2,,2300,0,2,0,0,0,0,1,3,4,0,2,7,,N,,,,,,,,,,,
2020025307,1948.0,0,0,0,0,0,0,0,0,0,8,0,,67,3,2020,3,39.9536,-75.1429,1948.0,6,0,0,0,0,0,0,0,0,,0,0,0.0,8,1,1,0,N,0,39 57:13.040,,0,75 08:34.590,4,0,0,0,67301,1,0,0,N,1,0,0,2,67301,1,,1,1,,N,N,N,0,,0,0,1,3,2,,830,1,2,0,0,0,0,0,3,4,0,1,4,,N,,,,,,,,,,,
2020067195,1558.0,0,0,0,0,0,0,0,0,0,7,0,,67,8,2020,3,40.0462,-75.0604,1555.0,6,0,0,0,0,0,0,0,0,,1,0,0.0,15,1,0,0,N,0,40 02:46.414,,0,75 03:37.269,1,1,0,1,67301,0,0,0,N,0,0,0,1,67301,0,2.0,5,1,,N,N,N,0,0.0,0,0,0,0,0,,1533,0,1,0,0,0,0,0,3,4,0,1,8,4.0,N,,,,,,,,,,,
2020066210,1510.0,1,0,0,0,0,0,0,0,0,1,0,,67,8,2020,1,40.0185,-75.1671,1500.0,6,0,0,0,0,0,0,0,0,,0,0,0.0,14,1,2,0,N,1,40 01:06.752,2.0,0,75 10:01.543,3,0,0,0,67301,0,0,0,N,0,0,0,4,67301,0,,1,1,1525.0,N,N,N,0,,2,0,1,0,0,N,1450,2,3,0,0,3,0,1,3,4,0,3,4,3.0,N,,,,,,,,,,,
2020025866,1617.0,2,0,0,0,0,0,0,0,0,2,0,,67,3,2020,3,40.0072,-75.1567,1612.0,6,0,0,0,0,0,0,0,0,,0,0,0.0,12,1,0,0,N,0,40 00:25.790,,0,75 09:24.160,0,0,0,0,67301,0,0,0,N,0,0,0,1,67301,0,,6,1,,N,N,N,0,,0,0,0,0,0,,1247,0,3,0,0,0,0,0,3,4,1,3,3,3.0,N,,,,,,,,,,,
2020067601,245.0,0,0,0,0,0,0,0,0,0,4,0,,67,8,2020,7,39.974,-75.194,234.0,6,0,0,0,0,0,0,0,0,,0,0,0.0,2,3,3,0,N,1,39 58:26.462,4.0,0,75 11:38.445,3,0,0,0,67301,0,0,0,N,0,0,0,3,68K01,0,,1,1,340.0,N,N,N,0,,3,0,2,0,0,N,233,3,2,0,0,0,0,0,3,4,0,2,3,,N,,,,,,,,,,,
2020026679,157.0,1,0,0,0,0,0,0,0,0,4,0,,67,3,2020,1,40.0275,-75.1464,154.0,6,0,0,0,0,0,0,0,0,,0,0,0.0,1,3,0,1,,0,40 01:39.158,,0,75 08:47.122,9,0,0,0,67301,0,0,0,N,0,0,0,3,67301,0,,1,9,,N,N,N,1,,0,0,1,3,2,,153,0,3,0,0,0,0,1,3,4,0,3,7,7.0,N,,,,,,,,,,,
2020025896,1030.0,0,0,0,0,0,0,0,0,0,4,0,,67,3,2020,5,39.9795,-75.2409,1030.0,6,0,0,0,0,0,0,0,0,,0,0,0.0,9,1,0,1,,0,39 58:46.304,,0,75 14:27.265,9,0,0,0,67301,0,0,0,N,0,0,0,3,67301,0,,1,1,,N,N,N,0,,0,0,3,3,3,,900,0,3,0,0,0,0,1,3,4,0,3,3,3.0,N,,,,,,,,,,,