CRN,ARRIVAL_TM,AUTOMOBILE_COUNT,BELTED_DEATH_COUNT,BELTED_SUSP_SERIOUS_INJ_COUNT,BICYCLE_COUNT,BICYCLE_DEATH_COUNT,BICYCLE_SUSP_SERIOUS_INJ_COUNT,BUS_COUNT,CHLDPAS_DEATH_COUNT,CHLDPAS_SUSP_SERIOUS_INJ_COUNT,COLLISION_TYPE,COMM_VEH_COUNT,CONS_ZONE_SPD_LIM,COUNTY,CRASH_MONTH,CRASH_YEAR,DAY_OF_WEEK,DEC_LAT,DEC_LONG,DISPATCH_TM,DISTRICT,DRIVER_COUNT_16YR,DRIVER_COUNT_17YR,DRIVER_COUNT_18YR,DRIVER_COUNT_19YR,DRIVER_COUNT_20YR,DRIVER_COUNT_50_64YR,DRIVER_COUNT_65_74YR,DRIVER_COUNT_75PLUS,EST_HRS_CLOSED,FATAL_COUNT,HEAVY_TRUCK_COUNT,HORSE_BUGGY_COUNT,HOUR_OF_DAY,ILLUMINATION,INJURY_COUNT,INTERSECT_TYPE,INTERSECTION_RELATED,LANE_CLOSED,LATITUDE,LN_CLOSE_DIR,LOCATION_TYPE,LONGITUDE,MAX_SEVERITY_LEVEL,MCYCLE_DEATH_COUNT,MCYCLE_SUSP_SERIOUS_INJ_COUNT,MOTORCYCLE_COUNT,MUNICIPALITY,NONMOTR_COUNT,NONMOTR_DEATH_COUNT,NONMOTR_SUSP_SERIOUS_INJ_COUNT,NTFY_HIWY_MAINT,PED_COUNT,PED_DEATH_COUNT,PED_SUSP_SERIOUS_INJ_COUNT,PERSON_COUNT,POLICE_AGCY,POSSIBLE_INJ_COUNT,RDWY_SURF_TYPE_CD,RELATION_TO_ROAD,ROAD_CONDITION,ROADWAY_CLEARED,SCH_BUS_IND,SCH_ZONE_IND,SECONDARY_CRASH,SMALL_TRUCK_COUNT,SPEC_JURIS_CD,SUSP_MINOR_INJ_COUNT,SUSP_SERIOUS_INJ_COUNT,SUV_COUNT,TCD_FUNC_CD,TCD_TYPE,TFC_DETOUR_IND,TIME_OF_DAY,TOT_INJ_COUNT,TOTAL_UNITS,UNB_DEATH_COUNT,UNB_SUSP_SERIOUS_INJ_COUNT,UNBELTED_OCC_COUNT,UNK_INJ_DEG_COUNT,UNK_INJ_PER_COUNT,URBAN_AREA,URBAN_RURAL,VAN_COUNT,VEHICLE_COUNT,WEATHER1,WEATHER2,WORK_ZONE_IND,WORK_ZONE_LOC,WORK_ZONE_TYPE,WORKERS_PRES,WZ_CLOSE_DETOUR,WZ_FLAGGER,WZ_LAW_OFFCR_IND,WZ_LN_CLOSURE,WZ_MOVING,WZ_OTHER,WZ_SHLDER_MDN,WZ_WORKERS_INJ_KILLED
2020021695,1242.0,1,0,0,0,0,0,0,0,0,1,0,,67,2,2020,5,40.0299,-75.035,1242.0,6,0,0,0,0,0,0,1,0,,0,0,0.0,12,1,1,0,,1,40 01:47.645,4.0,0,75 02:05.937,3,0,0,0,67301,0,0,0,N,0,0,0,3,67301,0,,1,1,1323.0,N,Y,,0,,1,0,1,3,2,Y,1242,1,2,0,0,1,0,0,3,4,0,2,3,3.0,N,,,,,,,,,,,
2020022358,1655.0,1,0,0,0,0,0,0,0,0,7,0,,67,2,2020,1,39.9539,-75.1814,1631.0,6,0,0,0,1,0,0,0,0,,0,0,0.0,16,1,1,0,,0,39 57:13.951,,0,75 10:52.890,4,0,0,0,67301,0,0,0,N,0,0,0,1,68K01,1,,2,1,,N,N,,0,,0,0,0,0,0,,1613,1,1,0,0,0,0,0,3,4,0,1,3,3.0,N,,,,,,,,,,,
2020022149,1705.0,1,0,0,0,0,0,0,0,0,4,0,,67,2,2020,5,40.0304,-75.1531,1704.0,6,0,0,0,0,0,0,0,0,,0,0,0.0,17,1,0,0,,0,40 01:49.550,,0,75 09:11.170,0,0,0,0,67301,0,0,0,N,0,0,0,3,67301,0,,1,1,,N,N,,0,,0,0,1,0,0,,1700,0,2,0,0,0,0,0,3,4,0,2,3,10.0,N,,,,,,,,,,,
2020021960,357.0,0,0,0,0,0,0,0,0,0,2,0,,67,2,2020,5,40.03,-75.1032,357.0,6,0,0,0,0,0,0,0,0,,0,0,0.0,3,3,2,0,,0,40 01:48.147,,0,75 06:11.584,3,0,0,0,67301,0,0,0,N,0,0,0,3,67301,0,,1,9,,N,N,,0,,1,0,1,0,0,,357,2,2,0,0,0,1,0,3,4,1,2,7,7.0,N,,,,,,,,,,,
2020021297,1820.0,0,0,0,0,0,0,0,0,0,0,0,,67,2,2020,2,40.0351,-75.0716,1817.0,6,0,0,1,0,0,0,1,0,,0,0,0.0,18,3,1,0,,0,40 02:06.370,,0,75 04:17.830,4,0,0,0,67301,0,0,0,N,0,0,0,3,67301,1,,5,1,,N,N,,0,,0,0,2,0,0,,1817,1,2,0,0,0,0,0,3,4,0,2,3,3.0,N,,,,,,,,,,,
2020005769,801.0,0,0,0,0,0,0,0,0,0,7,0,,67,1,2020,1,39.96,-75.1798,754.0,6,0,0,0,0,0,1,0,0,,0,0,0.0,7,1,0,0,,1,39 57:36.023,3.0,3,75 10:47.262,0,0,0,0,67301,0,0,0,N,0,0,0,1,68K01,0,,2,9,,N,N,,1,,0,0,0,0,0,N,753,0,1,0,0,0,0,0,3,4,0,1,7,,N,,,,,,,,,,,
2020052080,1057.0,0,0,0,0,0,0,0,0,0,1,2,,67,6,2020,4,39.9446,-75.1913,1039.0,6,0,0,0,0,0,1,0,0,,0,2,0.0,10,1,0,6,,0,39 56:43.369,,2,75 11:25.410,0,0,0,0,67301,0,0,0,N,0,0,0,2,68K01,0,,1,1,,N,N,,0,,0,0,0,3,4,,1035,0,2,0,0,0,0,0,3,4,0,2,3,3.0,N,,,,,,,,,,,
2020022958,209.0,1,0,0,0,0,0,0,0,0,7,0,,67,3,2020,1,39.9331,-75.2,202.0,6,0,0,0,0,0,0,0,0,,0,0,0.0,1,3,2,0,,2,39 55:59.332,4.0,0,75 12:00.037,3,0,0,0,67301,0,0,0,N,0,0,0,2,68K01,0,,4,1,30.0,N,N,,0,,2,0,0,0,0,N,156,2,1,0,0,0,0,0,3,4,0,1,3,,N,,,,,,,,,,,
2020056665,303.0,0,0,0,0,0,0,0,0,0,2,0,,67,7,2020,7,39.9931,-75.1479,258.0,6,0,0,0,0,0,1,0,0,,0,0,0.0,2,3,1,1,,0,39 59:35.083,,0,75 08:52.393,8,0,0,0,67301,0,0,0,N,0,0,0,3,67301,0,,1,1,,N,N,,0,,0,0,1,3,2,,230,1,2,0,0,1,1,0,3,4,0,2,3,3.0,N,,,,,,,,,,,
2020021636,624.0,0,0,0,0,0,0,0,0,0,4,0,,67,2,2020,4,39.9027,-75.1522,602.0,6,0,0,0,0,0,0,0,0,,0,0,0.0,6,3,0,2,,1,39 54:09.725,2.0,0,75 09:08.064,0,0,0,0,67301,0,0,0,N,0,0,0,2,67301,0,,1,1,708.0,N,N,,0,,0,0,2,3,2,N,600,0,2,0,0,2,0,0,3,4,0,2,3,3.0,N,,,,,,,,,,,
2020020185,358.0,1,0,0,0,0,0,0,0,0,6,0,,67,2,2020,2,40.0387,-75.1916,353.0,6,0,0,0,0,0,1,0,0,,0,0,0.0,3,3,0,0,,0,40 02:19.315,,0,75 11:29.850,9,0,0,0,67301,0,0,0,N,0,0,0,3,67301,0,,1,1,,N,N,,0,,0,0,1,9,9,,350,0,2,0,0,0,0,3,3,4,0,2,3,3.0,N,,,,,,,,,,,
2020020930,220.0,0,0,0,0,0,0,0,0,0,4,0,,67,2,2020,4,40.0333,-75.077,115.0,6,0,0,0,0,0,0,0,0,,0,0,0.0,1,3,0,0,,0,40 01:59.840,,6,75 04:37.067,0,0,0,0,67301,0,0,0,N,0,0,0,2,67301,0,,1,1,,N,N,,1,,0,0,1,0,0,,115,0,2,0,0,2,0,0,3,4,0,2,3,3.0,N,,,,,,,,,,,
2020023924,237.0,1,0,0,0,0,0,0,0,0,7,0,,67,2,2020,2,39.9673,-75.1886,236.0,6,0,0,0,0,0,0,0,0,,0,0,0.0,2,2,1,0,,2,39 58:02.326,4.0,0,75 11:18.867,4,0,0,0,67301,0,0,0,N,0,0,0,2,68K01,1,,4,1,30.0,N,N,,0,,0,0,1,0,0,N,234,1,2,0,0,0,0,0,3,4,0,2,3,3.0,N,,,,,,,,,,,
2020023219,2125.0,1,0,0,0,0,0,0,0,0,4,0,,67,2,2020,5,40.0356,-75.1239,2121.0,6,0,0,0,0,0,0,0,0,,0,0,0.0,21,3,0,1,,0,40 02:08.091,,0,75 07:25.976,0,0,0,0,67301,0,0,0,N,0,0,0,3,67301,0,,1,1,,N,N,,0,,0,0,2,9,9,,2109,0,3,0,0,0,0,0,3,4,0,3,3,,N,,,,,,,,,,,
2020021692,1130.0,1,0,0,0,0,0,0,0,0,8,0,,67,2,2020,3,39.939,-75.1578,1115.0,6,0,0,0,0,0,0,0,0,,0,0,0.0,8,1,1,1,,0,39 56:20.348,,0,75 09:28.229,3,0,0,0,67301,1,0,0,N,1,0,0,2,67301,0,,1,9,,N,N,,0,,1,0,0,9,9,,800,1,2,0,0,0,0,0,3,4,0,1,7,4.0,N,,,,,,,,,,,
2020063168,833.0,0,0,0,0,0,0,0,0,0,5,0,,67,7,2020,5,39.9321,-75.1999,824.0,6,0,0,0,0,0,0,0,0,,0,0,0.0,8,1,0,0,,1,39 55:55.490,4.0,0,75 11:59.673,0,0,0,0,67301,0,0,0,N,0,0,0,2,68K01,0,,1,1,846.0,N,N,,0,,0,0,2,0,0,N,822,0,2,0,0,0,0,0,3,4,0,2,3,,N,,,,,,,,,,,
2020061414,225.0,3,0,0,0,0,0,0,0,0,5,0,,67,7,2020,5,39.9456,-75.2171,215.0,6,0,0,0,0,0,0,0,0,,0,0,0.0,2,3,1,0,,0,39 56:44.230,,0,75 13:01.610,3,0,0,0,67301,0,0,0,N,0,0,0,1,67301,0,,1,1,,N,N,,0,,1,0,1,0,0,,215,1,4,0,0,0,0,0,3,4,0,4,3,3.0,N,,,,,,,,,,,
2020021300,1951.0,2,0,0,0,0,0,0,0,0,4,0,,67,2,2020,3,40.0613,-75.1511,1951.0,6,0,0,0,0,0,0,0,0,,0,0,0.0,19,3,1,1,,0,40 03:40.770,,0,75 09:04.111,3,0,0,0,67301,0,0,0,N,0,0,0,2,67301,0,,1,9,,N,N,,0,,1,0,0,3,2,,1949,1,2,0,0,0,0,0,3,4,0,2,4,7.0,N,,,,,,,,,,,
2020021298,115.0,2,0,0,0,0,0,0,0,0,4,0,,67,2,2020,3,39.9465,-75.161,110.0,6,0,0,0,0,1,0,0,0,,0,0,0.0,1,3,0,1,,0,39 56:47.500,,0,75 09:39.776,0,0,0,0,67301,0,0,0,N,0,0,0,1,67301,0,,1,1,,N,N,,1,,0,0,0,9,9,,107,0,3,0,0,0,0,0,3,4,0,3,3,3.0,N,,,,,,,,,,,
2020020110,1947.0,1,0,0,0,0,0,0,0,0,4,0,,67,2,2020,1,40.0339,-75.0383,1936.0,6,0,0,0,0,0,0,0,0,,0,0,0.0,19,3,1,0,,1,40 02:02.200,4.0,0,75 02:17.974,3,0,0,0,67301,0,0,0,N,0,0,0,4,67301,0,,1,1,2100.0,N,N,,1,,1,0,0,0,0,N,1934,1,4,0,0,0,0,3,3,4,2,4,3,,N,,,,,,,,,,,
2020003772,1100.0,2,0,0,0,0,0,0,0,0,4,0,,67,1,2020,4,39.9509,-75.152,1055.0,6,0,0,0,0,0,1,0,0,,0,0,0.0,10,8,1,1,,0,39 57:03.489,,0,75 09:07.210,3,0,0,0,67301,0,0,0,N,0,0,0,2,67301,0,,1,1,,N,N,,0,,1,0,0,3,2,,1035,1,2,0,0,0,0,0,3,4,0,2,3,3.0,N,,,,,,,,,,,
2020012347,1734.0,0,0,0,0,0,0,0,0,0,8,0,,67,1,2020,6,39.9521,-75.1615,1730.0,6,0,0,0,0,0,0,0,0,,0,0,0.0,17,3,1,1,,0,39 57:07.661,,0,75 09:41.216,3,0,0,0,67301,1,0,0,N,1,0,0,2,67301,0,,1,1,,N,N,,0,,1,0,1,3,2,,1730,1,2,0,0,1,0,0,3,4,0,1,3,3.0,N,,,,,,,,,,,
2020009492,1650.0,3,0,0,0,0,0,0,0,0,4,0,,67,1,2020,4,39.9556,-75.1728,1645.0,6,0,0,0,0,0,1,0,0,,0,0,0.0,16,1,0,1,,0,39 57:20.163,,0,75 10:21.961,0,0,0,0,67301,0,0,0,N,0,0,0,2,67301,0,,1,1,,N,N,,0,,0,0,2,3,2,,1640,0,5,0,0,0,0,0,3,4,0,5,3,3.0,N,,,,,,,,,,,
2020015767,1250.0,2,0,0,0,0,0,0,0,0,4,0,,67,1,2020,6,40.0081,-75.0725,1241.0,6,0,0,0,0,0,0,1,0,,0,0,0.0,12,1,3,1,,0,40 00:29.331,,0,75 04:20.880,3,0,0,0,67301,0,0,0,N,0,0,0,5,67301,0,,1,1,,N,N,,0,,3,0,1,3,2,,1240,3,3,0,0,0,0,0,3,4,0,3,3,3.0,N,,,,,,,,,,,
2020012439,1152.0,0,0,1,0,0,0,0,0,0,1,0,,67,2,2020,7,39.9595,-75.2462,1151.0,6,0,0,0,0,0,0,1,0,,0,0,0.0,11,1,1,0,,0,39 57:34.283,,0,75 14:46.341,2,0,0,0,67301,0,0,0,N,0,0,0,2,67301,0,,1,9,,N,N,,0,,0,1,2,0,0,,1147,1,2,0,0,0,0,0,3,4,0,2,4,,N,,,,,,,,,,,
2020005987,700.0,2,0,0,0,0,0,0,0,0,4,0,,67,1,2020,5,40.0228,-75.159,652.0,6,0,0,0,0,0,1,0,0,,0,0,0.0,6,5,1,5,,0,40 01:22.042,,0,75 09:32.483,8,0,0,0,67301,0,0,0,N,0,0,0,2,67301,0,,1,9,,N,N,,0,,0,0,0,3,2,,650,1,2,0,0,2,1,0,3,4,0,2,3,3.0,N,,,,,,,,,,,
2020020839,1045.0,1,0,0,0,0,0,0,0,0,1,0,,67,2,2020,1,40.0071,-75.193,1032.0,6,0,0,0,0,0,1,0,0,,0,0,0.0,10,1,0,0,,0,40 00:25.570,,3,75 11:34.900,0,0,0,0,67301,0,0,0,N,0,0,0,3,67301,0,,1,1,,N,N,,0,,0,0,1,0,0,,1000,0,2,0,0,0,0,0,3,4,0,2,3,3.0,N,,,,,,,,,,,
2020022147,2028.0,3,0,0,0,0,0,0,0,0,4,0,,67,2,2020,4,40.0402,-75.214,2022.0,6,0,0,0,0,0,0,0,0,,0,0,0.0,20,3,2,2,,1,40 02:24.561,2.0,0,75 12:50.924,3,0,0,0,67301,0,0,0,N,0,0,0,4,67301,0,,1,9,2100.0,N,N,,0,,2,0,0,3,2,N,2015,2,3,0,0,0,0,0,3,4,0,3,7,7.0,N,,,,,,,,,,,
2020020933,42.0,0,0,0,0,0,0,0,0,0,7,0,,67,2,2020,3,40.0274,-75.1926,42.0,6,0,0,0,0,0,0,0,0,,0,0,0.0,21,3,0,0,,0,40 01:38.560,,0,75 11:33.530,0,0,0,0,67301,0,0,0,N,0,0,0,1,67301,0,,5,9,,N,N,,0,,0,0,0,0,0,,2125,0,1,0,0,0,0,0,3,4,1,1,7,,N,,,,,,,,,,,
2020020870,355.0,2,0,0,0,0,0,0,0,0,4,0,,67,2,2020,2,40.02,-75.1116,346.0,6,0,0,0,0,0,0,0,0,,0,0,0.0,2,3,2,3,,0,40 01:11.877,,0,75 06:41.893,3,0,0,0,67301,0,0,0,N,0,0,0,3,67301,0,,1,1,,N,N,,0,,2,0,0,3,2,,224,2,2,0,0,0,0,0,3,4,0,2,3,3.0,N,,,,,,,,,,,
2020062290,1748.0,2,0,0,0,0,0,0,0,0,4,1,,67,8,2020,2,39.9231,-75.1596,1842.0,6,0,0,0,0,0,2,0,0,,0,1,0.0,17,1,1,1,,0,39 55:23.141,,0,75 09:35.045,3,0,0,0,67301,0,0,0,N,0,0,0,2,67301,0,,1,1,,N,N,,0,,1,0,0,3,2,,1740,1,3,0,0,0,0,0,3,4,0,3,4,4.0,N,,,,,,,,,,,
2020020932,825.0,1,0,0,0,0,0,0,0,0,4,0,,67,2,2020,1,39.9716,-75.1602,822.0,6,0,0,0,0,0,2,0,0,,0,0,0.0,8,1,1,1,,0,39 58:17.607,,0,75 09:36.821,3,0,0,0,67301,0,0,0,N,0,0,0,2,67301,0,,1,1,,N,N,,0,,1,0,0,3,3,,820,1,2,0,0,0,0,0,3,4,1,2,3,3.0,N,,,,,,,,,,,
2020020490,1845.0,1,0,0,0,0,0,0,0,0,8,0,,67,2,2020,2,40.0947,-74.9687,1837.0,6,0,0,0,0,0,0,0,0,,0,0,0.0,18,3,1,1,,0,40 05:41.399,,0,74 58:07.319,3,0,0,0,67301,1,0,0,N,1,0,0,2,67301,0,,1,1,,N,N,,0,,1,0,0,3,2,,1830,1,2,0,0,0,0,0,3,4,0,1,3,3.0,N,,,,,,,,,,,
2020029305,1836.0,0,0,0,0,0,0,0,0,0,7,0,,67,2,2020,3,40.0308,-75.0219,1809.0,6,0,0,0,0,0,0,0,0,,0,0,0.0,18,3,0,0,,2,40 01:50.756,2.0,0,75 01:18.669,0,0,0,0,67301,0,0,0,N,0,0,0,1,68K01,0,,4,1,1844.0,N,N,,1,,0,0,0,0,0,N,1802,0,1,0,0,0,0,0,3,4,0,1,7,,N,,,,,,,,,,,
2020063199,1612.0,2,0,0,0,0,0,0,0,0,1,0,,67,7,2020,3,39.9779,-75.1112,1559.0,6,0,0,0,0,0,3,0,0,,0,0,0.0,15,1,0,0,,1,39 58:41.323,1.0,0,75 06:38.524,0,0,0,0,67301,0,0,0,N,0,0,0,4,68K01,0,,1,1,1620.0,N,N,,0,,0,0,2,3,8,N,1556,0,4,0,0,0,0,0,3,4,0,4,3,3.0,N,,,,,,,,,,,
2020021962,848.0,0,0,0,0,0,0,0,0,0,6,0,,67,2,2020,2,40.0319,-75.1242,834.0,6,0,0,0,0,0,1,0,0,,0,0,0.0,7,1,0,0,,0,40 01:54.800,,0,75 07:27.280,0,0,0,0,67301,0,0,0,N,0,0,0,1,67301,0,,6,1,,N,N,,0,,0,0,2,0,0,,730,0,2,0,0,0,0,0,3,4,0,2,3,3.0,N,,,,,,,,,,,
2020020832,1605.0,0,0,0,0,0,0,0,0,0,8,0,,67,2,2020,3,40.0388,-75.1716,1559.0,6,0,0,0,0,0,0,0,0,,0,0,0.0,14,1,1,1,,0,40 02:19.838,,0,75 10:17.850,4,0,0,0,67301,1,0,0,N,1,0,0,2,67301,1,,1,9,,N,N,,0,,0,0,0,3,2,,1440,1,2,0,0,0,0,1,3,4,0,1,7,4.0,N,,,,,,,,,,,
2020062943,2159.0,2,0,0,0,0,0,0,0,0,5,0,,67,8,2020,3,39.9546,-75.226,2156.0,6,0,0,1,0,0,0,0,0,,0,0,0.0,21,3,3,2,,0,39 57:16.533,,0,75 13:33.583,3,0,0,0,67301,0,0,0,N,0,0,0,4,67301,0,,1,1,,N,N,,0,,3,0,0,2,2,,2153,3,2,0,0,0,0,0,3,4,0,2,3,3.0,N,,,,,,,,,,,
2020013134,1254.0,1,0,0,0,0,0,0,0,0,4,0,,67,1,2020,6,40.0613,-75.0567,1251.0,6,0,0,0,0,0,0,0,1,,0,0,0.0,12,1,1,0,,1,40 03:40.535,1.0,0,75 03:23.991,3,0,0,0,67301,0,0,0,N,0,0,0,2,67301,0,,1,1,,N,N,,0,,1,0,0,0,0,Y,1245,1,2,0,0,2,0,0,3,4,1,2,3,,N,,,,,,,,,,,
2020052691,951.0,1,0,0,0,0,0,0,0,0,5,0,,67,7,2020,2,40.0392,-75.1446,951.0,6,0,0,0,0,0,0,0,0,,0,0,0.0,9,1,1,0,,0,40 02:21.009,,0,75 08:40.503,8,0,0,0,67301,0,0,0,N,0,0,0,2,67301,0,,4,1,,N,N,,1,,0,0,0,3,3,,951,1,2,0,0,0,1,0,3,4,0,2,3,,N,,,,,,,,,,,
2020005986,555.0,1,0,0,0,0,0,0,0,0,5,0,,67,1,2020,4,40.0074,-75.1925,553.0,6,0,0,0,0,0,0,0,0,,0,0,0.0,5,3,0,0,,0,40 00:26.770,,0,75 11:32.982,0,0,0,0,67301,0,0,0,N,0,0,0,2,67301,0,,1,9,,N,N,,0,,0,0,1,0,0,,530,0,2,0,0,0,0,0,3,4,0,2,5,4.0,N,,,,,,,,,,,
2020021914,1900.0,2,0,0,0,0,0,0,0,0,4,0,,67,2,2020,5,39.9711,-75.2287,1900.0,6,0,0,0,0,0,0,0,0,,0,0,0.0,14,1,2,1,,0,39 58:15.920,,0,75 13:43.424,3,0,0,0,67301,0,0,0,N,0,0,0,3,67301,0,,1,1,,N,N,,0,,2,0,0,3,2,,1448,2,2,0,0,1,0,1,3,4,0,2,3,,N,,,,,,,,,,,
2020061343,2216.0,1,0,0,0,0,0,0,0,0,5,1,,67,8,2020,7,40.0372,-75.1788,2215.0,6,0,0,0,0,0,0,0,0,,0,1,0.0,22,3,1,0,,2,40 02:13.740,5.0,0,75 10:43.660,3,0,0,0,67301,0,0,0,N,0,0,0,2,67301,0,,1,1,2330.0,N,N,,0,,1,0,1,0,0,Y,2214,1,3,0,0,1,0,0,3,4,0,3,3,3.0,N,,,,,,,,,,,
2020022934,354.0,1,0,0,0,0,0,0,0,0,7,0,,67,2,2020,5,39.9462,-75.1422,347.0,6,0,0,0,0,0,0,0,0,,0,0,0.0,3,3,0,0,,0,39 56:46.225,,0,75 08:31.928,0,0,0,0,67301,0,0,0,N,0,0,0,1,68K01,0,,4,9,,N,N,,0,,0,0,0,0,0,,346,0,1,0,0,0,0,0,3,4,0,1,7,,N,,,,,,,,,,,
2020020494,1317.0,0,0,0,0,0,0,0,0,0,8,0,,67,2,2020,2,40.0368,-75.0407,1311.0,6,0,0,0,0,0,1,0,0,,0,0,0.0,12,1,1,1,,0,40 02:12.142,,0,75 02:27.052,3,0,0,0,67301,1,0,0,N,1,0,0,2,67301,0,,1,1,,N,N,,0,,1,0,1,3,2,,1210,1,2,0,0,0,0,0,3,4,0,1,3,,N,,,,,,,,,,,
2020049953,854.0,1,0,0,0,0,0,0,0,0,5,1,,67,6,2020,6,39.9808,-75.1503,854.0,6,0,0,0,0,0,0,0,0,,0,1,0.0,8,1,0,1,,0,39 58:50.948,,0,75 09:01.223,0,0,0,0,67301,0,0,0,N,0,0,0,2,67505,0,,1,1,,N,N,,0,,0,0,0,3,2,,840,0,2,0,0,0,0,0,3,4,0,2,3,3.0,N,,,,,,,,,,,
2020023213,1308.0,1,0,0,0,0,0,0,0,0,4,0,,67,2,2020,6,39.9559,-75.1982,1153.0,6,0,0,0,0,0,0,0,0,,0,0,0.0,11,1,1,1,,0,39 57:21.201,,0,75 11:53.417,8,0,0,0,67301,0,0,0,N,0,0,0,2,67301,0,,1,1,,N,N,,0,,0,0,1,0,0,,1143,1,2,0,0,0,1,0,3,4,0,2,4,4.0,N,,,,,,,,,,,
2020022797,1132.0,2,0,0,0,0,0,0,0,0,4,0,,67,2,2020,7,40.0394,-75.0559,1122.0,6,0,0,0,0,0,0,1,0,,0,0,0.0,11,1,0,2,,0,40 02:21.790,,0,75 03:21.230,0,0,0,0,67301,0,0,0,N,0,0,0,3,67301,0,,1,1,,N,N,,0,,0,0,1,0,0,,1115,0,3,0,0,0,0,0,3,4,0,3,3,3.0,N,,,,,,,,,,,
2020015763,1320.0,2,0,0,0,0,0,0,0,0,4,0,,67,1,2020,3,40.0192,-75.0449,1300.0,6,0,0,0,0,0,0,0,0,,0,0,0.0,12,1,1,1,,0,40 01:09.219,,0,75 02:41.715,3,0,0,0,67301,0,0,0,N,0,0,0,2,67301,0,,1,1,,N,N,,0,,1,0,0,3,2,,1253,1,2,0,0,0,0,0,3,4,0,2,3,,N,,,,,,,,,,,
2020013638,1325.0,1,0,0,0,0,0,0,0,0,6,0,,67,2,2020,1,40.0065,-75.1914,1315.0,6,0,0,0,0,0,1,1,0,,0,0,0.0,12,8,3,0,,0,40 00:23.246,,1,75 11:29.201,8,0,0,0,67301,0,0,0,N,0,0,0,3,67301,0,,1,9,,N,N,,0,,0,0,2,0,0,,1252,3,3,0,0,0,3,0,3,4,0,3,7,4.0,N,,,,,,,,,,,
2020004052,1250.0,1,0,0,0,0,0,0,0,0,4,0,,67,1,2020,7,40.0092,-75.1967,1245.0,6,0,0,0,0,0,0,0,0,,0,0,0.0,12,1,0,1,,0,40 00:33.046,,0,75 11:48.208,0,0,0,0,67301,0,0,0,N,0,0,0,3,67301,0,,1,1,,N,N,,0,,0,0,1,3,2,,1243,0,2,0,0,0,0,0,3,4,0,2,3,3.0,N,,,,,,,,,,,
2020016584,130.0,1,0,0,0,0,0,0,0,0,7,0,,67,1,2020,3,39.9113,-75.1529,126.0,6,0,0,0,1,0,0,0,0,,0,0,0.0,1,3,0,0,,1,39 54:41.125,2.0,8,75 08:57.747,0,0,0,0,67301,0,0,0,N,0,0,0,2,68K01,0,,2,1,,N,N,,0,,0,0,0,0,0,N,125,0,1,0,0,0,0,0,3,4,0,1,3,3.0,N,,,,,,,,,,,
2020023174,2340.0,1,0,0,0,0,0,0,0,0,4,0,,67,2,2020,7,39.9891,-75.0896,2335.0,6,0,0,0,0,0,0,1,0,,0,0,0.0,22,3,0,1,,0,39 59:20.627,,0,75 05:22.626,0,0,0,0,67301,0,0,0,N,0,0,0,3,67301,0,,1,1,,N,N,,0,,0,0,1,3,2,,2250,0,2,0,0,0,0,0,3,4,0,2,3,3.0,N,,,,,,,,,,,
2020021782,1727.0,1,0,0,0,0,0,0,0,0,6,0,,67,2,2020,5,39.9993,-75.0858,1721.0,6,0,0,0,0,0,0,0,0,,0,0,0.0,16,1,0,0,,1,39 59:57.467,1.0,0,75 05:08.886,0,0,0,0,67301,0,0,0,N,0,0,0,3,67301,0,,1,1,1820.0,N,N,,0,,0,0,1,0,0,N,1645,0,3,0,0,0,0,0,3,4,1,3,3,3.0,N,,,,,,,,,,,
2020020188,151.0,0,0,0,0,0,0,0,0,0,4,0,,67,2,2020,1,39.9546,-75.226,149.0,6,0,0,1,0,0,0,0,0,,0,0,0.0,1,3,2,1,,0,39 57:16.485,,0,75 13:33.593,8,0,0,0,67301,0,0,0,N,0,0,0,3,67301,0,,1,1,,N,N,,0,,0,0,1,3,2,,149,2,2,0,0,0,2,0,3,4,0,2,3,3.0,N,,,,,,,,,,,
2020063205,1542.0,0,0,0,0,0,0,0,0,0,1,0,,67,7,2020,4,39.9393,-75.1433,1528.0,6,0,0,0,0,0,1,0,0,,0,0,0.0,15,1,1,0,,0,39 56:21.518,,0,75 08:35.761,3,0,0,0,67301,0,0,0,N,0,0,0,3,68K01,0,,1,1,,N,N,,1,,1,0,1,3,8,,1511,1,2,0,0,0,0,0,3,4,0,2,3,,N,,,,,,,,,,,
2020061877,2029.0,1,0,0,0,0,0,0,0,0,4,0,,67,7,2020,6,39.9895,-75.1261,2027.0,6,0,0,0,0,0,0,0,0,,0,0,0.0,20,1,1,0,,2,39 59:22.060,5.0,0,75 07:33.990,8,0,0,0,67301,1,0,0,N,0,0,0,2,67301,0,,6,1,2030.0,N,N,,0,,0,0,1,0,0,U,2026,1,2,0,0,0,1,0,3,4,0,2,3,,N,,,,,,,,,,,
2020021607,900.0,1,0,0,0,0,0,0,0,0,6,0,,67,2,2020,5,39.9782,-75.1944,850.0,6,0,0,0,0,0,1,0,0,,0,0,0.0,8,1,1,0,,1,39 58:41.421,1.0,0,75 11:39.991,3,0,0,0,67301,0,0,0,N,0,0,0,2,67301,0,,1,1,930.0,N,N,,0,,1,0,1,0,0,N,844,1,2,0,0,0,0,0,3,4,0,2,3,3.0,N,,,,,,,,,,,