CRN,ARRIVAL_TM,AUTOMOBILE_COUNT,BELTED_DEATH_COUNT,BELTED_SUSP_SERIOUS_INJ_COUNT,BICYCLE_COUNT,BICYCLE_DEATH_COUNT,BICYCLE_SUSP_SERIOUS_INJ_COUNT,BUS_COUNT,CHLDPAS_DEATH_COUNT,CHLDPAS_SUSP_SERIOUS_INJ_COUNT,COLLISION_TYPE,COMM_VEH_COUNT,CONS_ZONE_SPD_LIM,COUNTY,CRASH_MONTH,CRASH_YEAR,DAY_OF_WEEK,DEC_LAT,DEC_LONG,DISPATCH_TM,DISTRICT,DRIVER_COUNT_16YR,DRIVER_COUNT_17YR,DRIVER_COUNT_18YR,DRIVER_COUNT_19YR,DRIVER_COUNT_20YR,DRIVER_COUNT_50_64YR,DRIVER_COUNT_65_74YR,DRIVER_COUNT_75PLUS,EST_HRS_CLOSED,FATAL_COUNT,HEAVY_TRUCK_COUNT,HORSE_BUGGY_COUNT,HOUR_OF_DAY,ILLUMINATION,INJURY_COUNT,INTERSECT_TYPE,INTERSECTION_RELATED,LANE_CLOSED,LATITUDE,LN_CLOSE_DIR,LOCATION_TYPE,LONGITUDE,MAX_SEVERITY_LEVEL,MCYCLE_DEATH_COUNT,MCYCLE_SUSP_SERIOUS_INJ_COUNT,MOTORCYCLE_COUNT,MUNICIPALITY,NONMOTR_COUNT,NONMOTR_DEATH_COUNT,NONMOTR_SUSP_SERIOUS_INJ_COUNT,NTFY_HIWY_MAINT,PED_COUNT,PED_DEATH_COUNT,PED_SUSP_SERIOUS_INJ_COUNT,PERSON_COUNT,POLICE_AGCY,POSSIBLE_INJ_COUNT,RDWY_SURF_TYPE_CD,RELATION_TO_ROAD,ROAD_CONDITION,ROADWAY_CLEARED,SCH_BUS_IND,SCH_ZONE_IND,SECONDARY_CRASH,SMALL_TRUCK_COUNT,SPEC_JURIS_CD,SUSP_MINOR_INJ_COUNT,SUSP_SERIOUS_INJ_COUNT,SUV_COUNT,TCD_FUNC_CD,TCD_TYPE,TFC_DETOUR_IND,TIME_OF_DAY,TOT_INJ_COUNT,TOTAL_UNITS,UNB_DEATH_COUNT,UNB_SUSP_SERIOUS_INJ_COUNT,UNBELTED_OCC_COUNT,UNK_INJ_DEG_COUNT,UNK_INJ_PER_COUNT,URBAN_AREA,URBAN_RURAL,VAN_COUNT,VEHICLE_COUNT,WEATHER1,WEATHER2,WORK_ZONE_IND,WORK_ZONE_LOC,WORK_ZONE_TYPE,WORKERS_PRES,WZ_CLOSE_DETOUR,WZ_FLAGGER,WZ_LAW_OFFCR_IND,WZ_LN_CLOSURE,WZ_MOVING,WZ_OTHER,WZ_SHLDER_MDN,WZ_WORKERS_INJ_KILLED
2020003196,737.0,1,0,0,0,0,0,0,0,0,8,0,,67,1,2020,4,39.9395,-75.1798,730.0,6,0,0,0,0,0,0,0,0,,0,0,0.0,7,1,1,1,,0,39 56:22.133,,0,75 10:47.378,8,0,0,0,67301,1,0,0,N,1,0,0,2,67301,0,,1,1,,N,N,,0,,0,0,0,3,2,,730,1,2,0,0,0,1,0,3,4,0,1,3,,N,,,,,,,,,,,
2020009667,244.0,2,0,0,0,0,0,0,0,0,6,0,,67,1,2020,7,40.022,-75.1764,237.0,6,0,0,0,0,0,0,0,0,,0,0,0.0,2,3,0,0,,2,40 01:19.070,6.0,0,75 10:34.960,0,0,0,0,67301,0,0,0,N,0,0,0,1,67301,0,,6,1,,N,N,,0,,0,0,2,0,0,Y,211,0,4,0,0,0,0,0,3,4,0,4,3,3.0,N,,,,,,,,,,,
2020013132,1215.0,3,0,0,0,0,0,0,0,0,4,0,,67,1,2020,6,40.0402,-75.0993,1208.0,6,0,0,1,0,0,1,0,0,,0,0,0.0,12,1,3,2,,1,40 02:24.705,3.0,0,75 05:57.645,3,0,0,0,67301,0,0,0,N,0,0,0,5,67301,0,,1,1,,N,N,,0,,3,0,0,0,0,N,1205,3,3,0,0,3,0,0,3,4,0,3,3,,N,,,,,,,,,,,
2020012671,1540.0,1,0,0,0,0,0,0,0,0,4,0,,67,1,2020,6,39.9556,-75.2146,1536.0,6,0,0,0,0,0,1,0,0,,0,0,0.0,15,1,2,1,,2,39 57:20.206,4.0,0,75 12:52.512,3,0,0,0,67301,0,0,0,N,0,0,0,3,67301,1,,1,1,,N,N,,0,,1,0,1,3,2,Y,1536,2,2,0,0,0,0,0,3,4,0,2,3,3.0,N,,,,,,,,,,,
2020020837,1530.0,1,0,0,0,0,0,0,0,0,4,0,,67,2,2020,3,40.0006,-75.0965,1530.0,6,0,0,0,0,0,0,0,0,,0,0,0.0,8,1,1,3,,0,40 00:02.041,,0,75 05:47.529,8,0,0,0,67301,0,0,0,N,0,0,0,2,67301,0,,1,1,,N,N,,0,,0,0,1,3,3,,800,1,2,0,0,0,1,1,3,4,0,2,3,3.0,N,,,,,,,,,,,
2020061100,532.0,0,0,0,0,0,0,0,0,0,7,0,,67,8,2020,7,39.9906,-75.1635,531.0,6,0,0,0,0,0,0,0,0,,0,0,0.0,5,5,1,0,,0,39 59:26.090,,0,75 09:48.560,4,0,0,0,67301,0,0,0,N,0,0,0,1,67301,1,,5,1,,N,N,,1,,0,0,0,3,2,,524,1,1,0,0,1,0,0,3,4,0,1,3,3.0,N,,,,,,,,,,,
2020028994,1902.0,1,0,0,0,0,0,0,0,0,4,0,,67,3,2020,4,39.9746,-75.1995,1853.0,6,0,0,0,0,0,0,0,0,,0,0,0.0,18,1,1,1,,0,39 58:28.552,,2,75 11:58.141,8,0,0,0,67301,0,0,0,N,0,0,0,3,67301,0,,1,1,,N,N,,0,,0,0,1,3,2,,1820,1,2,0,0,0,1,1,3,4,0,2,3,3.0,N,,,,,,,,,,,
2020023314,2046.0,1,0,0,0,0,0,0,0,0,5,0,,67,3,2020,1,39.9988,-75.1292,2045.0,6,0,0,0,0,0,0,0,0,,0,0,0.0,20,3,1,0,,0,39 59:55.710,,0,75 07:45.140,4,0,0,0,67301,0,0,0,N,0,0,0,4,67301,1,,6,1,,N,N,,0,,0,0,2,0,0,,2045,1,3,0,0,4,0,0,3,4,0,3,3,,N,,,,,,,,,,,
2020022632,1355.0,2,0,0,0,0,0,0,0,0,6,0,,67,2,2020,3,39.9765,-75.1894,1350.0,6,0,0,0,0,0,1,0,0,,0,0,0.0,13,1,1,3,,1,39 58:35.233,2.0,0,75 11:21.692,3,0,0,0,67301,0,0,0,N,0,0,0,2,67301,0,,1,9,1422.0,N,N,,0,,1,0,0,0,0,N,1350,1,2,0,0,0,0,0,3,4,0,2,7,4.0,N,,,,,,,,,,,
2020063040,1045.0,2,0,0,0,0,0,0,0,0,5,0,,67,8,2020,5,39.9986,-75.1779,1045.0,6,0,0,0,0,0,0,0,0,,0,0,0.0,5,3,0,0,,0,39 59:54.950,,0,75 10:40.420,9,0,0,0,67301,0,0,0,N,0,0,0,1,67301,0,,1,99,,N,N,,0,,0,0,1,0,0,,530,0,3,0,0,0,0,1,3,4,0,3,99,98.0,N,,,,,,,,,,,
2020022412,2101.0,0,0,0,0,0,0,0,0,0,7,0,,67,2,2020,7,40.0431,-75.0449,2101.0,6,0,0,0,0,0,0,0,0,,0,0,0.0,21,3,1,2,,0,40 02:35.134,,0,75 02:41.478,4,0,0,1,67301,0,0,0,N,0,0,0,1,67301,1,,1,1,,N,N,,0,,0,0,0,3,2,,2101,1,1,0,0,0,0,0,3,4,0,1,3,,N,,,,,,,,,,,
2020020466,1045.0,1,0,0,0,0,0,0,0,0,4,0,,67,2,2020,1,39.9431,-75.2153,1045.0,6,0,0,0,0,0,1,0,0,,0,0,0.0,10,1,3,1,,0,39 56:35.185,,0,75 12:55.029,3,0,0,0,67301,0,0,0,N,0,0,0,5,67301,1,,1,1,,N,N,,0,,2,0,1,3,2,,1009,3,2,0,0,1,0,0,3,4,0,2,3,3.0,N,,,,,,,,,,,
2020030820,1301.0,4,0,0,0,0,0,0,0,0,4,0,,67,2,2020,7,39.9267,-75.1784,1301.0,6,0,0,0,0,0,0,0,0,,0,0,0.0,12,1,0,2,,0,39 55:36.282,,0,75 10:42.254,0,0,0,0,67301,0,0,0,N,0,0,0,5,67301,0,,1,1,,N,N,,0,,0,0,0,3,3,,1228,0,4,0,0,0,0,0,3,4,0,4,3,3.0,N,,,,,,,,,,,
2020020166,953.0,2,0,0,0,0,0,0,0,0,4,0,,67,2,2020,2,39.9622,-75.1913,951.0,6,0,0,0,0,0,0,0,0,,0,0,0.0,9,1,0,1,,0,39 57:43.801,,0,75 11:28.582,0,0,0,0,67301,0,0,0,N,0,0,0,2,67507,0,,1,1,,N,N,,0,,0,0,0,3,2,N,949,0,2,0,0,0,0,0,3,4,0,2,3,3.0,N,,,,,,,,,,,
2020023139,1235.0,0,0,0,0,0,0,0,0,0,8,0,,67,2,2020,5,39.9565,-75.1644,1230.0,6,0,0,0,0,0,0,0,0,,0,0,0.0,12,1,1,2,,0,39 57:23.209,,6,75 09:51.995,2,0,0,0,67301,1,0,1,N,1,0,1,2,67301,0,,1,1,,N,N,,0,,0,1,1,3,5,,1224,1,2,0,0,1,0,0,3,4,0,1,3,3.0,N,,,,,,,,,,,
2020011850,1905.0,0,0,0,0,0,0,0,0,0,4,0,,67,1,2020,5,39.96,-75.1953,1856.0,6,0,0,0,0,0,0,0,0,,0,0,0.0,18,3,1,0,,0,39 57:36.070,,0,75 11:42.960,4,0,0,0,67301,0,0,0,N,0,0,0,1,67301,1,,1,1,,N,N,,0,,0,0,1,3,3,,1854,1,2,0,0,0,0,0,3,4,1,2,3,3.0,N,,,,,,,,,,,
2020013647,250.0,1,0,0,0,0,0,0,0,0,5,0,,67,2,2020,1,40.0106,-75.1844,248.0,6,0,0,0,0,0,0,0,0,,0,0,0.0,2,3,0,0,,1,40 00:38.156,1.0,0,75 11:03.738,0,0,0,0,67301,0,0,0,N,0,0,0,2,67301,0,,1,1,,N,N,,0,,0,0,0,0,0,N,244,0,2,0,0,0,0,0,3,4,0,2,3,3.0,N,,,,,,,,,,,
2020044891,715.0,1,0,0,0,0,0,0,0,0,5,0,,67,5,2020,6,39.9435,-75.2467,705.0,6,0,0,0,0,0,1,0,0,,0,0,0.0,7,1,1,0,,0,39 56:36.689,,0,75 14:48.050,3,0,0,0,67301,0,0,0,N,0,0,0,2,67508,0,,1,1,,N,N,,0,,1,0,0,0,0,,705,1,2,0,0,0,0,0,3,4,0,2,3,,N,,,,,,,,,,,
2020020423,212.0,1,0,0,0,0,0,0,0,0,7,0,,67,2,2020,1,39.9184,-75.148,209.0,6,0,0,0,0,0,0,0,0,,0,0,0.0,2,3,1,0,,0,39 55:06.334,,0,75 08:52.649,8,0,0,0,67301,0,0,0,N,0,0,0,1,68K01,0,,4,1,,N,N,,0,,0,0,0,0,0,,204,1,1,0,0,0,1,0,3,4,0,1,3,3.0,N,,,,,,,,,,,
2020023315,2144.0,2,0,0,0,0,0,0,0,0,4,0,,67,3,2020,1,39.9952,-75.1395,2144.0,6,0,0,0,0,0,0,0,0,,0,0,0.0,20,3,2,1,,0,39 59:42.777,,0,75 08:22.243,3,0,0,0,67301,0,0,0,N,0,0,0,2,67301,0,,1,1,,N,N,,0,,2,0,0,3,2,,2011,2,2,0,0,0,0,0,3,4,0,2,3,,N,,,,,,,,,,,
2020061668,2318.0,1,0,0,0,0,0,0,0,0,7,0,,67,7,2020,2,39.9821,-75.2076,2318.0,6,0,0,0,0,1,0,0,0,,0,0,0.0,23,3,1,0,,2,39 58:55.624,3.0,0,75 12:27.482,8,0,0,0,67301,0,0,0,N,0,0,0,1,68K01,0,,4,9,20.0,N,N,,0,,0,0,0,0,0,N,2307,1,1,0,0,1,1,0,3,4,0,1,3,3.0,N,,,,,,,,,,,
2020022799,1002.0,0,0,0,0,0,0,0,0,0,4,0,,67,3,2020,1,40.0286,-75.0339,1002.0,6,0,0,0,0,0,1,0,0,,0,0,0.0,9,1,1,1,,2,40 01:42.885,7.0,0,75 02:02.202,8,0,0,1,67301,0,0,0,N,0,0,0,3,67301,0,,1,1,1055.0,N,N,,0,,0,0,1,3,2,Y,955,1,2,0,0,0,1,0,3,4,0,2,3,,N,,,,,,,,,,,
2020021604,1300.0,0,0,0,0,0,0,0,0,0,8,0,,67,2,2020,3,39.9484,-75.1658,1230.0,6,0,0,0,0,0,0,0,0,,0,0,0.0,12,1,1,0,,0,39 56:54.160,,0,75 09:56.700,3,0,0,0,67301,1,0,0,N,1,0,0,2,67301,0,,1,1,,N,N,,0,,1,0,1,0,0,,1230,1,2,0,0,0,0,0,3,4,0,1,3,3.0,N,,,,,,,,,,,
2020020187,2101.0,0,0,0,0,0,0,0,0,0,8,0,,67,2,2020,1,39.9404,-75.2018,2051.0,6,0,0,0,0,0,0,0,0,,0,0,0.0,20,6,1,0,,0,39 56:25.320,,3,75 12:06.387,8,0,0,0,67301,1,0,0,N,1,0,0,2,67301,0,,4,98,,N,N,,0,,0,0,0,0,0,,2017,1,2,0,0,0,1,0,3,4,0,1,3,3.0,N,,,,,,,,,,,
2020056350,935.0,2,0,0,0,0,0,0,0,0,4,0,,67,7,2020,6,40.1082,-74.9971,935.0,6,0,0,0,0,0,1,0,0,,0,0,0.0,9,1,1,1,,1,40 06:29.396,1.0,0,74 59:49.616,8,0,0,0,67301,0,0,0,N,0,0,0,2,67301,0,,1,1,1000.0,N,N,,0,,0,0,0,9,2,Y,930,1,2,0,0,0,1,1,3,4,0,2,3,3.0,N,,,,,,,,,,,
2020027715,1013.0,1,0,0,0,0,0,0,0,0,7,0,,67,2,2020,3,40.024,-75.1513,1013.0,6,0,0,0,0,0,1,0,0,,0,0,0.0,10,1,0,0,,0,40 01:26.440,,0,75 09:04.810,0,0,0,0,67301,0,0,0,N,0,0,0,1,67301,0,,4,9,,N,N,,0,,0,0,0,0,0,,1005,0,1,0,0,0,0,0,3,4,0,1,7,4.0,N,,,,,,,,,,,
2020020931,930.0,1,0,0,0,0,0,0,0,0,8,0,,67,2,2020,2,39.9484,-75.2477,905.0,6,0,0,0,0,0,0,0,0,,0,0,0.0,7,1,1,1,,0,39 56:54.168,,0,75 14:51.547,3,0,0,0,67301,1,0,0,N,1,0,0,2,67301,0,,1,1,,N,N,,0,,1,0,0,3,3,,742,1,2,0,0,0,0,0,3,4,0,1,3,3.0,N,,,,,,,,,,,
2020063190,528.0,0,0,0,0,0,0,0,0,0,5,1,,67,7,2020,2,39.9672,-75.1327,521.0,6,0,0,0,0,0,2,0,0,,0,1,0.0,5,3,0,0,,0,39 58:02.120,,0,75 07:56.949,0,0,0,0,67301,0,0,0,N,0,0,0,2,68K01,0,,1,1,,N,N,,0,,0,0,1,0,0,,519,0,2,0,0,0,0,0,3,4,0,2,3,,N,,,,,,,,,,,
2020015766,811.0,1,0,0,0,0,0,0,0,0,4,0,,67,1,2020,6,40.0299,-75.0878,730.0,6,0,0,0,0,0,0,0,0,,0,0,0.0,7,1,1,1,,0,40 01:47.633,,0,75 05:16.085,3,0,0,0,67301,0,0,0,N,0,0,0,2,67301,0,,1,1,,N,N,,0,,1,0,1,3,1,,725,1,2,0,0,0,0,0,3,4,0,2,4,,N,,,,,,,,,,,
2020013285,1051.0,1,0,0,0,0,0,0,0,0,1,0,45.0,67,1,2020,5,39.983,-75.0991,1035.0,6,0,0,0,0,0,0,0,0,,0,0,0.0,10,1,1,0,,2,39 58:58.752,2.0,0,75 05:56.798,3,0,0,0,67301,0,0,0,N,0,0,0,3,68K01,0,,1,1,,N,N,,0,,1,0,2,0,0,N,1033,1,3,0,0,0,0,0,3,4,0,3,3,3.0,Y,4.0,1.0,N,,,N,,,,Y,
2020005412,47.0,2,0,0,0,0,0,0,0,0,4,0,,67,1,2020,3,40.0223,-75.162,43.0,6,0,0,0,0,0,0,0,0,,0,0,0.0,0,3,0,1,,0,40 01:20.289,,0,75 09:43.290,0,0,0,0,67301,0,0,0,N,0,0,0,2,67301,0,,1,1,,N,N,,0,,0,0,0,3,2,,40,0,2,0,0,0,0,0,3,4,0,2,3,3.0,N,,,,,,,,,,,
2020012443,936.0,1,0,0,0,0,0,0,0,0,4,0,,67,2,2020,7,40.0373,-75.1251,936.0,6,0,0,0,0,0,0,0,0,,0,0,0.0,9,1,1,1,,0,40 02:14.391,,0,75 07:30.237,3,0,0,0,67301,0,0,0,N,0,0,0,2,67301,0,,1,9,,N,N,,0,,1,0,1,3,3,,930,1,2,0,0,0,0,0,3,4,0,2,4,,N,,,,,,,,,,,
2020036919,1944.0,0,0,0,0,0,0,0,0,0,1,0,,67,2,2020,3,40.0318,-75.053,1936.0,6,0,0,0,0,0,0,0,0,,0,0,0.0,19,3,3,0,,1,40 01:54.538,2.0,0,75 03:10.697,3,0,0,0,67301,0,0,0,N,0,0,0,5,67301,0,,1,9,2000.0,N,N,,0,,3,0,0,3,2,N,1907,3,2,0,0,0,0,0,3,4,2,2,7,7.0,N,,,,,,,,,,,
2020020073,1928.0,0,0,0,0,0,0,0,0,0,4,0,,67,2,2020,1,39.9706,-75.1509,1922.0,6,0,0,0,0,0,0,0,0,,0,0,0.0,19,3,1,1,,0,39 58:14.108,,0,75 09:03.120,3,0,0,0,67301,0,0,0,N,0,0,0,4,67301,0,,1,1,,N,N,,1,,1,0,1,3,3,,1921,1,2,0,0,0,0,2,3,4,0,2,3,4.0,N,,,,,,,,,,,
2020023136,255.0,2,0,0,0,0,0,0,0,0,4,0,,67,3,2020,1,40.0845,-75.0384,252.0,6,0,0,0,0,0,0,0,0,,0,0,0.0,2,3,0,1,,0,40 05:04.029,,0,75 02:18.148,0,0,0,0,67301,0,0,0,N,0,0,0,2,67301,0,,1,1,,N,N,,0,,0,0,0,3,2,,250,0,2,0,0,0,0,0,3,4,0,2,3,,N,,,,,,,,,,,
2020021493,1632.0,1,0,0,0,0,0,0,0,0,4,0,,67,2,2020,5,40.0047,-75.1521,1631.0,6,0,0,1,0,0,0,0,0,,0,0,0.0,16,1,1,1,,1,40 00:16.847,1.0,0,75 09:07.652,8,0,0,0,67301,0,0,0,N,0,0,0,3,67505,0,,1,1,1640.0,N,N,,0,,0,0,1,3,2,N,1631,1,2,0,0,0,1,0,3,4,0,2,3,3.0,N,,,,,,,,,,,
2020023148,45.0,1,0,0,0,0,0,0,0,0,4,0,,67,2,2020,5,39.9746,-75.1992,31.0,6,0,0,0,0,0,0,0,0,,0,0,0.0,21,3,1,1,,0,39 58:28.663,,2,75 11:57.118,3,0,0,0,67301,0,0,0,N,0,0,0,2,67301,0,,1,1,,N,N,,0,,1,0,1,3,2,,2100,1,2,0,0,1,0,0,3,4,0,2,3,3.0,N,,,,,,,,,,,
2020020864,801.0,1,0,0,0,0,0,0,0,0,4,0,,67,2,2020,3,40.0966,-74.9753,800.0,6,0,0,0,0,0,0,0,0,,0,0,0.0,7,1,1,0,,0,40 05:47.680,,7,74 58:31.065,3,0,0,0,67301,0,0,0,N,0,0,0,2,67301,0,,1,1,,N,N,,0,,1,0,1,0,0,,758,1,2,0,0,0,0,0,3,4,0,2,4,4.0,N,,,,,,,,,,,
2020062359,324.0,1,0,0,0,0,0,0,0,0,4,0,,67,8,2020,3,39.9626,-75.2467,318.0,6,0,0,0,0,0,0,0,0,,0,0,0.0,2,3,0,1,,0,39 57:45.805,,0,75 14:48.154,0,0,0,0,67301,0,0,0,N,0,0,0,1,67301,0,,1,9,,N,N,,0,,0,0,1,3,2,,240,0,2,0,0,0,0,0,3,4,0,2,7,,N,,,,,,,,,,,
2020022056,1840.0,1,0,0,0,0,0,0,0,0,1,0,,67,2,2020,6,40.0117,-75.0761,1835.0,6,0,1,0,0,0,0,0,0,,0,0,0.0,18,3,1,2,,0,40 00:42.286,,0,75 04:33.927,4,0,0,0,67301,0,0,0,N,0,0,0,4,67301,1,,1,1,,N,N,,1,,0,0,0,0,0,,1826,1,3,0,0,0,0,0,3,4,1,3,3,,N,,,,,,,,,,,
2020021299,1224.0,1,0,0,0,0,0,0,0,0,4,0,,67,2,2020,5,39.9528,-75.1581,1223.0,6,0,0,0,0,0,0,0,0,,0,0,0.0,12,8,0,1,,0,39 57:09.926,,0,75 09:29.183,0,0,0,0,67301,0,0,0,N,0,0,0,2,67301,0,,1,9,,N,N,,0,,0,0,1,9,2,,1200,0,2,0,0,0,0,0,3,4,0,2,7,,N,,,,,,,,,,,
2020020109,245.0,0,0,0,0,0,0,0,0,0,1,0,,67,2,2020,1,39.9572,-75.1422,237.0,6,0,0,0,0,0,1,0,0,,0,0,0.0,2,3,1,5,,0,39 57:25.948,,2,75 08:31.833,3,0,0,0,67301,0,0,0,N,0,0,0,2,67301,0,,1,1,,N,N,,0,,1,0,2,3,2,,220,1,2,0,0,1,0,0,3,4,0,2,3,3.0,N,,,,,,,,,,,
2020023927,35.0,1,0,0,0,0,0,0,0,0,0,0,,67,2,2020,4,40.0371,-75.0132,21.0,6,0,0,1,0,0,0,0,0,,0,0,0.0,0,3,0,0,,2,40 02:13.506,1.0,0,75 00:47.429,0,0,0,0,67301,0,0,0,N,0,0,0,2,68K01,0,,4,9,40.0,N,N,,0,,0,0,0,0,0,N,18,0,1,0,0,0,0,0,3,4,0,1,7,,N,,,,,,,,,,,
2020011431,19.0,1,0,0,0,0,0,0,0,0,1,0,,67,1,2020,7,40.0248,-75.1495,17.0,6,0,0,0,0,0,0,0,0,,0,0,0.0,0,3,2,5,,0,40 01:29.128,,0,75 08:58.361,4,0,0,0,67301,0,0,0,N,0,0,0,3,67301,2,,1,1,,N,N,,0,,0,0,0,3,2,,6,2,2,0,0,0,0,0,3,4,1,2,3,3.0,N,,,,,,,,,,,
2020011775,1215.0,0,0,0,0,0,0,0,0,0,4,0,,67,1,2020,3,39.9227,-75.1565,1210.0,6,0,0,0,0,0,1,0,0,,0,0,0.0,12,1,1,1,,0,39 55:21.702,,0,75 09:23.890,3,0,0,0,67301,0,0,0,N,0,0,0,3,67301,0,,1,1,,N,N,,0,,1,0,2,3,2,,1200,1,2,0,0,0,0,1,3,4,0,2,3,3.0,N,,,,,,,,,,,
2020007826,858.0,1,0,0,0,0,0,0,0,0,4,0,,67,1,2020,4,40.0115,-75.0698,848.0,6,0,0,0,0,0,1,0,0,,0,0,0.0,8,1,1,1,,0,40 00:41.506,,0,75 04:11.278,3,0,0,0,67301,0,0,0,N,0,0,0,2,67301,0,,1,1,,N,N,,0,,1,0,0,3,2,,843,1,2,0,0,0,0,0,3,4,1,2,3,3.0,N,,,,,,,,,,,
2020010035,1517.0,1,0,0,0,0,0,0,0,0,5,0,,67,1,2020,7,39.8969,-75.1894,1517.0,6,0,0,0,0,0,0,0,0,3.0,0,0,0.0,15,1,1,0,N,1,39 53:56.993,1.0,0,75 10:34.385,8,0,0,0,67301,0,0,0,N,0,0,0,2,68K01,0,,1,7,9999.0,N,N,N,0,,0,0,1,0,0,N,1517,1,2,0,0,0,1,1,3,4,0,2,10,,N,,,,,,,,,,,
2020022957,11.0,0,0,0,0,0,0,0,0,0,7,0,,67,2,2020,7,39.9834,-75.0977,1.0,6,0,0,0,0,0,0,0,0,,0,0,0.0,23,3,1,0,,0,39 59:00.413,,0,75 05:51.618,3,0,0,0,67301,0,0,0,N,0,0,0,1,68K01,0,,3,1,,N,N,,0,,1,0,1,0,0,,2359,1,1,0,0,1,0,0,3,4,0,1,3,3.0,N,,,,,,,,,,,
2020023840,1657.0,0,0,0,0,0,0,0,0,0,8,0,,67,2,2020,4,39.9528,-75.1669,1654.0,6,0,0,0,0,0,1,0,0,,0,0,0.0,16,1,1,1,,0,39 57:10.026,,0,75 10:00.660,3,0,0,0,67301,1,0,0,N,1,0,0,2,67301,0,,1,1,,N,N,,0,,1,0,0,3,2,,1630,1,2,0,0,0,0,0,3,4,1,1,3,4.0,N,,,,,,,,,,,
2020023134,1016.0,0,0,0,0,0,0,0,0,0,7,0,,67,2,2020,6,39.904,-75.1934,1015.0,6,0,0,0,0,0,0,0,0,,0,0,0.0,10,1,1,0,,0,39 54:14.220,,0,75 11:36.300,8,0,0,0,67301,0,0,0,N,0,0,0,1,67301,0,,4,1,,N,N,,0,,0,0,1,0,0,,1011,1,1,0,0,0,1,0,3,4,0,1,3,,N,,,,,,,,,,,
2020022207,452.0,2,0,0,0,0,0,0,0,0,1,0,,67,2,2020,7,40.0001,-75.1416,434.0,6,0,0,0,0,0,0,0,0,,0,0,0.0,4,3,0,0,,0,40 00:00.511,,0,75 08:29.652,0,0,0,0,67301,0,0,0,N,0,0,0,1,67301,0,,6,1,,N,N,,0,,0,0,1,0,0,,432,0,3,0,0,0,0,0,3,4,0,3,3,,N,,,,,,,,,,,
2020020496,417.0,1,0,0,0,0,0,0,0,0,0,0,,67,2,2020,1,40.0441,-75.1288,415.0,6,0,0,0,0,0,1,0,0,,0,0,0.0,4,3,0,1,,0,40 02:38.709,,0,75 07:43.784,0,0,0,0,67301,0,0,0,N,0,0,0,2,67301,0,,9,1,,N,N,,0,,0,0,0,3,2,,408,0,1,0,0,0,0,0,3,4,0,1,3,3.0,N,,,,,,,,,,,
2020022583,2313.0,1,0,0,0,0,0,0,0,0,7,0,,67,2,2020,6,39.9328,-75.2,2305.0,6,0,0,0,0,0,0,0,0,,0,0,0.0,22,3,1,0,,0,39 55:58.018,,0,75 12:00.145,3,0,0,0,67301,0,0,0,N,0,0,0,1,68K01,0,,4,1,,N,N,,0,,1,0,0,0,0,,2250,1,1,0,0,0,0,0,3,4,0,1,3,,N,,,,,,,,,,,
2020020841,1045.0,1,0,0,0,0,0,0,0,0,8,0,,67,2,2020,2,39.995,-75.1625,1036.0,6,0,0,0,0,0,0,0,0,,0,0,0.0,7,1,1,2,,0,39 59:41.862,,0,75 09:45.013,3,0,0,0,67301,1,0,0,N,1,0,0,2,67301,0,,1,1,,N,N,,0,,1,0,0,0,0,,712,1,2,0,0,0,0,0,3,4,0,1,3,3.0,N,,,,,,,,,,,
2020022409,109.0,0,0,0,0,0,0,0,0,0,7,0,,67,3,2020,1,39.9577,-75.1622,1258.0,6,0,0,0,0,0,1,0,0,,0,0,0.0,0,3,1,0,,0,39 57:27.540,,0,75 09:43.944,3,0,0,0,67301,0,0,0,N,0,0,0,1,67301,0,,1,1,,N,N,,0,,1,0,0,3,2,,57,1,1,0,0,0,0,0,3,4,1,1,3,3.0,N,,,,,,,,,,,
2020061970,1228.0,0,0,0,0,0,0,0,0,0,8,0,,67,8,2020,7,39.9404,-75.2187,1228.0,6,0,0,0,0,0,0,0,0,,0,0,0.0,12,1,1,0,,2,39 56:25.350,5.0,0,75 13:07.370,3,0,0,0,67301,1,0,0,N,1,0,0,2,67301,0,,1,1,1340.0,N,N,,0,,1,0,1,0,0,Y,1225,1,2,0,0,0,0,0,3,4,0,1,3,98.0,N,,,,,,,,,,,
2020023221,2015.0,1,0,0,0,0,0,0,0,0,4,0,,67,2,2020,7,40.0268,-75.1171,2013.0,6,0,0,0,0,0,1,0,0,,0,0,0.0,20,3,2,1,,2,40 01:36.594,2.0,0,75 07:01.615,8,0,0,0,67301,0,0,0,N,0,0,0,6,67301,0,,1,1,2109.0,N,N,,0,,0,0,2,3,2,N,2005,2,3,0,0,0,2,3,3,4,0,3,3,,N,,,,,,,,,,,
2020020865,915.0,0,0,0,0,0,0,0,0,0,7,0,,67,2,2020,3,40.0868,-74.9718,903.0,6,0,0,0,0,0,0,0,0,,0,0,0.0,8,1,0,1,,0,40 05:12.438,,0,74 58:18.635,0,0,0,0,67301,0,0,0,N,0,0,0,1,67301,0,,5,9,,N,N,,0,,0,0,1,3,2,,845,0,1,0,0,0,0,0,3,4,0,1,7,4.0,N,,,,,,,,,,,
2020031330,2027.0,2,0,0,0,0,0,0,0,0,4,0,,67,4,2020,4,40.0295,-75.1467,2027.0,6,0,0,0,0,0,1,0,0,,0,0,0.0,20,3,0,1,,0,40 01:46.206,,0,75 08:48.166,0,0,0,0,67301,0,0,0,N,0,0,0,2,67301,0,,1,1,,N,N,,0,,0,0,0,3,2,,2026,0,2,0,0,1,0,0,3,4,0,2,3,3.0,N,,,,,,,,,,,