CRN,ARRIVAL_TM,AUTOMOBILE_COUNT,BELTED_DEATH_COUNT,BELTED_SUSP_SERIOUS_INJ_COUNT,BICYCLE_COUNT,BICYCLE_DEATH_COUNT,BICYCLE_SUSP_SERIOUS_INJ_COUNT,BUS_COUNT,CHLDPAS_DEATH_COUNT,CHLDPAS_SUSP_SERIOUS_INJ_COUNT,COLLISION_TYPE,COMM_VEH_COUNT,CONS_ZONE_SPD_LIM,COUNTY,CRASH_MONTH,CRASH_YEAR,DAY_OF_WEEK,DEC_LAT,DEC_LONG,DISPATCH_TM,DISTRICT,DRIVER_COUNT_16YR,DRIVER_COUNT_17YR,DRIVER_COUNT_18YR,DRIVER_COUNT_19YR,DRIVER_COUNT_20YR,DRIVER_COUNT_50_64YR,DRIVER_COUNT_65_74YR,DRIVER_COUNT_75PLUS,EST_HRS_CLOSED,FATAL_COUNT,HEAVY_TRUCK_COUNT,HORSE_BUGGY_COUNT,HOUR_OF_DAY,ILLUMINATION,INJURY_COUNT,INTERSECT_TYPE,INTERSECTION_RELATED,LANE_CLOSED,LATITUDE,LN_CLOSE_DIR,LOCATION_TYPE,LONGITUDE,MAX_SEVERITY_LEVEL,MCYCLE_DEATH_COUNT,MCYCLE_SUSP_SERIOUS_INJ_COUNT,MOTORCYCLE_COUNT,MUNICIPALITY,NONMOTR_COUNT,NONMOTR_DEATH_COUNT,NONMOTR_SUSP_SERIOUS_INJ_COUNT,NTFY_HIWY_MAINT,PED_COUNT,PED_DEATH_COUNT,PED_SUSP_SERIOUS_INJ_COUNT,PERSON_COUNT,POLICE_AGCY,POSSIBLE_INJ_COUNT,RDWY_SURF_TYPE_CD,RELATION_TO_ROAD,ROAD_CONDITION,ROADWAY_CLEARED,SCH_BUS_IND,SCH_ZONE_IND,SECONDARY_CRASH,SMALL_TRUCK_COUNT,SPEC_JURIS_CD,SUSP_MINOR_INJ_COUNT,SUSP_SERIOUS_INJ_COUNT,SUV_COUNT,TCD_FUNC_CD,TCD_TYPE,TFC_DETOUR_IND,TIME_OF_DAY,TOT_INJ_COUNT,TOTAL_UNITS,UNB_DEATH_COUNT,UNB_SUSP_SERIOUS_INJ_COUNT,UNBELTED_OCC_COUNT,UNK_INJ_DEG_COUNT,UNK_INJ_PER_COUNT,URBAN_AREA,URBAN_RURAL,VAN_COUNT,VEHICLE_COUNT,WEATHER1,WEATHER2,WORK_ZONE_IND,WORK_ZONE_LOC,WORK_ZONE_TYPE,WORKERS_PRES,WZ_CLOSE_DETOUR,WZ_FLAGGER,WZ_LAW_OFFCR_IND,WZ_LN_CLOSURE,WZ_MOVING,WZ_OTHER,WZ_SHLDER_MDN,WZ_WORKERS_INJ_KILLED
2020016970,2026.0,1,0,0,0,0,0,0,0,0,4,0,,67,2,2020,4,40.0558,-75.0896,2016.0,6,0,0,0,1,0,1,0,0,,0,0,0.0,20,3,1,1,,0,40 03:20.701,,0,75 05:22.429,3,0,0,0,67301,0,0,0,N,0,0,0,2,67301,0,,1,9,,N,N,,1,,1,0,0,9,2,,2011,1,2,0,0,0,0,0,3,4,0,2,7,4.0,N,,,,,,,,,,,
2020016655,1904.0,1,0,0,0,0,0,0,0,0,1,0,,67,2,2020,4,40.092,-75.0322,1904.0,6,0,0,0,0,0,0,0,0,,0,0,0.0,18,3,1,0,,0,40 05:31.285,,0,75 01:55.915,3,0,0,0,67301,0,0,0,N,0,0,0,2,67301,0,,1,8,,N,N,,0,,1,0,1,3,2,,1856,1,2,0,0,0,0,0,3,4,0,2,7,7.0,N,,,,,,,,,,,
2020015379,1900.0,0,0,0,0,0,0,0,0,0,1,0,,67,2,2020,7,39.9006,-75.2052,1845.0,6,0,0,0,0,0,0,0,0,,0,0,0.0,18,3,0,0,,0,39 54:02.214,,3,75 12:18.569,0,0,0,0,67301,0,0,0,N,0,0,0,3,67301,0,,1,1,,N,N,,1,,0,0,2,0,0,,1833,0,3,0,0,0,0,0,3,4,0,3,3,,N,,,,,,,,,,,
2020015275,1850.0,1,0,0,0,0,0,0,0,0,1,0,,67,2,2020,7,40.0768,-75.033,1831.0,6,0,0,0,0,0,1,0,0,,0,0,0.0,18,3,1,1,,0,40 04:36.380,,0,75 01:58.776,3,0,0,0,67301,0,0,0,N,0,0,0,2,67301,0,,1,1,,N,N,,0,,1,0,1,3,2,,1830,1,2,0,0,0,0,0,3,4,0,2,3,3.0,N,,,,,,,,,,,
2020017712,904.0,1,0,0,0,0,0,0,0,0,6,0,,67,2,2020,6,40.0409,-75.1202,852.0,6,0,0,0,0,0,0,0,0,,0,0,0.0,8,1,0,0,,0,40 02:27.260,,0,75 07:12.870,0,0,0,0,67301,0,0,0,N,0,0,0,1,67301,0,,6,1,,N,N,,0,,0,0,0,0,0,,825,0,2,0,0,0,0,0,3,4,1,2,3,98.0,N,,,,,,,,,,,
2020022546,1655.0,1,0,0,0,0,0,0,0,0,7,0,,67,2,2020,3,39.9577,-75.1501,1651.0,6,0,0,0,0,0,1,0,0,,0,0,0.0,16,1,0,0,,2,39 57:27.750,4.0,0,75 09:00.282,0,0,0,0,67301,0,0,0,N,0,0,0,3,68K01,0,,3,1,1823.0,N,N,,0,,0,0,2,0,0,N,1650,0,3,0,0,0,0,0,3,4,0,3,3,,N,,,,,,,,,,,
2020017710,1052.0,1,0,0,0,0,0,0,0,0,8,0,,67,2,2020,5,39.9509,-75.2307,1051.0,6,0,0,0,0,0,0,1,0,,0,0,0.0,9,1,1,1,,0,39 57:03.330,,0,75 13:50.354,3,0,0,0,67301,1,0,0,N,1,0,0,2,67301,0,,1,9,,N,N,,0,,1,0,0,3,2,,910,1,2,0,0,0,0,0,3,4,0,1,7,,N,,,,,,,,,,,
2020057212,1646.0,0,0,0,0,0,0,0,0,0,1,0,,67,6,2020,2,39.9578,-75.1614,1630.0,6,0,1,0,0,0,1,0,0,,0,0,0.0,16,1,0,0,,1,39 57:28.137,4.0,0,75 09:41.147,0,0,0,0,67301,0,0,0,N,0,0,0,6,68K01,0,,1,1,1650.0,N,N,,1,,0,0,1,0,0,N,1627,0,4,0,0,0,0,0,3,4,2,4,3,,N,,,,,,,,,,,
2020015809,447.0,0,0,0,0,0,0,0,0,0,4,0,,67,2,2020,1,40.0086,-75.0688,434.0,6,0,0,0,0,0,0,0,0,,0,1,0.0,4,3,1,1,,2,40 00:31.034,7.0,0,75 04:07.810,3,0,0,0,67301,0,0,0,N,0,0,0,5,67301,0,,1,1,130.0,N,N,,0,,1,0,2,3,2,Y,434,1,3,0,0,0,0,1,3,4,0,3,3,,N,,,,,,,,,,,
2020017332,1520.0,0,0,0,0,0,0,1,0,0,8,1,,67,2,2020,5,40.0301,-75.0352,1455.0,6,0,0,0,0,0,1,0,0,,0,0,0.0,14,1,1,1,,0,40 01:48.464,,0,75 02:06.579,8,0,0,0,67301,1,0,0,N,1,0,0,2,67301,0,,1,1,,N,N,,0,,0,0,0,3,2,,1440,1,2,0,0,0,1,0,3,4,0,1,3,,N,,,,,,,,,,,
2020058153,2252.0,1,0,0,0,0,0,0,0,0,5,0,,67,7,2020,5,40.002,-75.0784,2240.0,6,0,0,0,0,0,0,0,0,,0,0,0.0,22,3,1,0,,1,40 00:07.141,1.0,0,75 04:42.102,8,0,0,0,67301,0,0,0,N,0,0,0,2,68K01,0,,1,1,100.0,N,N,,0,,0,0,0,0,0,N,2232,1,2,0,0,0,1,1,3,4,0,2,3,,N,,,,,,,,,,,
2020017648,825.0,2,0,0,0,0,0,0,0,0,6,0,,67,2,2020,4,40.0387,-75.0557,819.0,6,0,0,0,0,0,0,0,0,,0,0,0.0,8,1,0,0,,0,40 02:19.320,,0,75 03:20.500,9,0,0,0,67301,0,0,0,N,0,0,0,4,67301,0,,1,1,,N,N,,1,,0,0,0,0,0,,800,0,3,0,0,0,0,3,3,4,0,3,3,4.0,N,,,,,,,,,,,
2020015273,2310.0,1,0,0,0,0,0,0,0,0,8,0,,67,2,2020,7,40.1023,-75.0286,2307.0,6,0,0,0,0,0,0,0,0,,0,0,0.0,23,3,1,0,,0,40 06:08.350,,7,75 01:42.780,4,0,0,0,67301,1,0,0,N,1,0,0,2,67301,1,,1,1,,N,N,,0,,0,0,0,0,0,,2303,1,2,0,0,0,0,0,3,4,0,1,3,3.0,N,,,,,,,,,,,
2020028158,1440.0,1,0,0,0,0,0,0,0,0,1,0,,67,2,2020,2,39.957,-75.1524,1438.0,6,0,0,0,0,0,0,0,0,,0,0,0.0,14,1,0,0,,1,39 57:25.297,3.0,0,75 09:08.682,9,0,0,0,67301,0,0,0,N,0,0,0,5,68K01,0,,1,9,1530.0,N,N,,1,,0,0,0,3,8,N,1431,0,3,0,0,1,0,1,3,4,0,3,7,4.0,N,,,,,,,,,,,
2020017329,1712.0,2,0,0,0,0,0,0,0,0,1,0,,67,2,2020,6,39.9355,-75.226,1711.0,6,0,0,0,0,0,0,0,0,,0,0,0.0,16,4,1,0,,0,39 56:07.913,,0,75 13:33.644,3,0,0,0,67301,0,0,0,N,0,0,0,4,67301,0,,1,1,,N,N,,0,,1,0,0,0,0,,1654,1,2,0,0,0,0,0,3,4,0,2,3,98.0,N,,,,,,,,,,,
2020017009,2155.0,3,0,0,0,0,0,0,0,0,1,0,,67,2,2020,4,40.031,-75.1092,2152.0,6,0,0,0,0,0,1,0,0,,0,0,0.0,21,3,1,0,,1,40 01:51.500,3.0,0,75 06:33.220,8,0,0,0,67301,0,0,0,N,0,0,0,3,67301,0,,1,9,1020.0,N,N,,0,,0,0,0,0,0,N,2133,1,3,0,0,0,1,0,3,4,0,3,7,7.0,N,,,,,,,,,,,
2020017820,1705.0,2,0,0,0,0,0,0,0,0,4,0,,67,2,2020,6,40.0384,-75.0362,1700.0,6,0,0,0,0,0,2,1,0,,0,0,0.0,16,1,2,1,,0,40 02:18.460,,0,75 02:10.757,3,0,0,0,67301,0,0,0,N,0,0,0,4,67301,0,,1,1,,N,N,,0,,2,0,0,3,2,,1655,2,3,0,0,0,0,0,3,4,1,3,3,3.0,N,,,,,,,,,,,
2020019392,2304.0,2,0,0,0,0,0,0,0,0,4,0,,67,2,2020,6,39.9746,-75.1995,2300.0,6,0,0,0,0,0,0,0,0,,0,0,0.0,22,3,5,1,,0,39 58:28.552,,2,75 11:58.141,3,0,0,0,67301,0,0,0,N,0,0,0,7,67301,0,,1,1,,N,N,,0,,2,0,0,3,2,,2256,5,2,0,0,0,3,0,3,4,0,2,3,,N,,,,,,,,,,,
2020016746,1350.0,1,0,0,0,0,0,0,0,0,4,0,,67,2,2020,1,39.9756,-75.1919,1350.0,6,0,1,0,0,0,0,0,0,,0,0,0.0,13,1,2,2,,2,39 58:32.079,4.0,0,75 11:30.679,3,0,0,0,67301,0,0,0,N,0,0,0,2,67301,1,,1,1,1350.0,N,N,,0,,1,0,1,0,0,Y,1348,2,2,0,0,0,0,0,3,4,0,2,3,3.0,N,,,,,,,,,,,
2020057984,1931.0,0,0,0,0,0,0,0,0,0,5,0,,67,7,2020,6,39.9821,-75.1847,1930.0,6,0,0,0,0,0,1,0,0,,0,0,0.0,19,1,1,3,,0,39 58:55.721,,0,75 11:05.006,4,0,0,0,67301,0,0,0,N,0,0,0,1,67301,1,,2,1,,N,N,,0,,0,0,2,9,2,,1920,1,2,0,0,1,0,0,3,4,0,2,3,3.0,N,,,,,,,,,,,
2020056075,1523.0,1,0,0,0,0,0,0,0,0,5,0,,67,7,2020,4,39.9697,-75.1414,1519.0,6,0,0,0,0,0,1,0,0,,0,0,0.0,14,1,1,0,,0,39 58:10.949,,0,75 08:29.175,8,0,0,0,67301,0,0,0,N,0,0,0,3,67301,0,,1,1,,N,N,,0,,0,0,1,0,0,,1431,1,2,0,0,1,1,0,3,4,0,2,3,3.0,N,,,,,,,,,,,
2020062685,24.0,0,0,0,0,0,0,0,0,0,8,0,,67,8,2020,1,39.922,-75.222,22.0,6,0,0,0,0,0,0,0,0,,0,0,0.0,0,3,1,0,,0,39 55:19.090,,0,75 13:19.310,3,0,0,0,67301,1,0,0,N,1,0,0,1,67301,0,,1,1,,N,N,,0,,1,0,0,0,0,,21,1,2,0,0,0,0,0,3,4,0,1,3,98.0,N,,,,,,,,,,,
2020021691,737.0,1,0,0,0,0,0,0,0,0,8,0,,67,2,2020,2,39.9312,-75.1644,728.0,6,0,0,0,0,0,0,0,0,,0,0,0.0,6,1,1,1,,0,39 55:52.409,,0,75 09:51.827,3,0,0,0,67301,1,0,0,N,1,0,0,2,67301,0,,1,1,,N,N,,0,,1,0,0,0,0,,627,1,2,0,0,1,0,0,3,4,0,1,3,3.0,N,,,,,,,,,,,
2020020871,113.0,2,0,0,0,0,0,0,0,0,4,0,,67,2,2020,3,40.0204,-75.1401,110.0,6,0,0,1,0,0,0,0,0,,0,0,0.0,1,3,6,1,,0,40 01:13.432,,0,75 08:24.370,3,0,0,0,67301,0,0,0,N,0,0,0,8,67301,4,,1,1,,N,N,,0,,2,0,0,0,0,,105,6,2,0,0,0,0,0,3,4,0,2,3,3.0,N,,,,,,,,,,,
2020020493,1136.0,0,0,0,0,0,0,0,0,0,4,0,,67,2,2020,2,40.0275,-75.0624,1135.0,6,0,0,0,0,0,1,0,0,,0,0,0.0,11,1,1,1,,2,40 01:38.783,7.0,0,75 03:44.998,3,0,0,0,67301,0,0,0,N,0,0,0,4,67301,0,,1,1,30.0,N,N,,1,,1,0,1,3,2,Y,1130,1,2,0,0,0,0,0,3,4,0,2,3,3.0,N,,,,,,,,,,,
2020016849,1300.0,1,0,0,0,0,0,0,0,0,8,0,,67,2,2020,2,39.9478,-75.1938,1300.0,6,0,0,0,0,0,0,0,0,,0,0,0.0,17,4,1,2,,0,39 56:52.016,,0,75 11:37.876,2,0,0,0,67301,1,0,1,N,1,0,1,2,67301,0,,1,9,,N,N,,0,,0,1,0,9,9,,1715,1,2,0,0,0,0,1,3,4,0,1,7,7.0,N,,,,,,,,,,,
2020020368,2237.0,1,0,0,0,0,0,0,0,0,7,0,,67,2,2020,2,40.0311,-75.0217,2212.0,6,0,0,0,0,0,0,0,0,,0,0,0.0,22,3,0,0,,0,40 01:52.056,,0,75 01:18.121,0,0,0,0,67301,0,0,0,N,0,0,0,1,68K01,0,,4,9,,N,N,,0,,0,0,0,0,0,,2206,0,1,0,0,0,0,0,3,4,0,1,7,7.0,N,,,,,,,,,,,
2020017145,958.0,0,0,0,0,0,0,0,0,0,4,0,,67,2,2020,3,39.9139,-75.1495,955.0,6,0,0,0,0,0,2,0,0,,0,0,0.0,9,1,4,0,,0,39 54:50.205,,0,75 08:58.067,4,0,0,0,67301,0,0,0,N,0,0,0,4,67301,4,,1,1,,N,N,,0,,0,0,1,0,0,,954,4,2,0,0,4,0,0,3,4,1,2,4,4.0,N,,,,,,,,,,,
2020017411,53.0,0,0,0,0,0,0,0,0,0,1,0,,67,2,2020,7,39.9536,-75.165,49.0,6,0,0,0,0,0,0,0,0,,0,0,0.0,0,3,0,2,,1,39 57:12.978,4.0,6,75 09:54.168,0,0,0,0,67301,0,0,0,N,0,0,0,3,67301,0,,1,1,200.0,N,N,,0,,0,0,2,3,2,N,35,0,2,0,0,0,0,0,3,4,0,2,3,,N,,,,,,,,,,,
2020020835,837.0,1,0,0,0,0,0,0,0,0,5,0,,67,2,2020,6,39.9984,-75.1061,832.0,6,0,0,0,0,0,1,0,0,,0,0,0.0,8,1,0,0,,0,39 59:54.170,,0,75 06:21.980,0,0,0,0,67301,0,0,0,N,0,0,0,1,67301,0,,6,1,,N,N,,1,,0,0,1,0,0,,800,0,3,0,0,0,0,0,3,4,0,3,3,3.0,N,,,,,,,,,,,
2020019391,2147.0,0,0,0,0,0,0,0,0,0,1,0,,67,2,2020,7,40.0189,-75.0495,2140.0,6,0,0,0,0,0,1,0,0,,0,0,0.0,21,3,2,1,,0,40 01:08.120,,0,75 02:58.216,3,0,0,0,67301,0,0,0,N,0,0,0,4,67301,0,,1,1,,N,N,,0,,2,0,1,3,2,,2130,2,2,0,0,3,0,0,3,4,0,2,3,3.0,N,,,,,,,,,,,
2020056644,1300.0,1,0,0,0,0,0,0,0,0,4,0,,67,7,2020,5,40.0456,-75.0714,1254.0,6,0,0,0,0,1,1,0,0,,0,0,0.0,12,1,0,1,,1,40 02:44.136,3.0,0,75 04:17.168,9,0,0,0,67301,0,0,0,N,0,0,0,4,67301,0,,1,1,1300.0,N,N,,0,,0,0,1,3,3,N,1245,0,2,0,0,0,0,3,3,4,0,2,3,3.0,N,,,,,,,,,,,
2020057853,1658.0,0,0,0,0,0,0,0,0,0,4,0,,67,7,2020,3,40.0514,-75.1498,1610.0,6,0,0,0,0,0,2,0,0,,0,0,0.0,16,1,9,2,,2,40 03:04.928,5.0,0,75 08:59.211,3,0,0,0,67301,0,0,0,N,0,0,0,9,67301,7,,1,1,1930.0,N,N,,0,,2,0,1,3,3,N,1607,9,2,0,0,7,0,0,3,4,1,2,3,3.0,N,,,,,,,,,,,
2020019394,2145.0,1,0,0,0,0,0,0,0,0,4,0,,67,2,2020,7,39.9773,-75.2517,2129.0,6,0,0,0,0,0,1,0,0,,0,0,0.0,20,3,1,0,,0,39 58:38.180,,0,75 15:05.940,3,0,0,0,67301,0,0,0,N,0,0,0,3,67301,0,,1,1,,N,N,,0,,1,0,1,0,0,,2055,1,2,0,0,0,0,0,3,4,0,2,3,3.0,N,,,,,,,,,,,
2020058618,2000.0,2,0,0,0,0,0,0,0,0,4,0,,67,7,2020,6,39.9578,-75.2253,2000.0,6,0,0,0,0,0,1,0,0,,0,0,0.0,20,1,2,0,,0,39 57:28.032,,0,75 13:31.181,3,0,0,0,67301,0,0,0,N,0,0,0,4,67301,0,,1,1,,N,N,,0,,2,0,0,3,3,,2000,2,2,0,0,4,0,0,3,4,0,2,3,3.0,N,,,,,,,,,,,
2020022055,2000.0,1,0,0,0,0,0,0,0,0,4,0,,67,2,2020,5,39.92,-75.1556,1949.0,6,0,0,0,0,0,0,1,0,,0,0,0.0,18,1,3,1,,0,39 55:12.050,,0,75 09:20.163,3,0,0,0,67301,0,0,0,N,0,0,0,4,67301,0,,1,1,,N,N,,0,,3,0,1,3,3,,1830,3,2,0,0,0,0,0,3,4,0,2,3,3.0,N,,,,,,,,,,,
2020021609,1633.0,1,0,0,0,0,0,0,0,0,8,0,,67,2,2020,5,39.978,-75.1654,1628.0,6,0,0,0,0,0,0,0,0,,0,0,0.0,14,1,2,0,,0,39 58:40.690,,0,75 09:55.560,8,0,0,0,67301,2,0,0,N,2,0,0,3,67301,0,,1,1,,N,N,,0,,0,0,0,0,0,,1455,2,3,0,0,0,2,0,3,4,0,1,3,3.0,N,,,,,,,,,,,
2020030924,1915.0,0,0,0,0,0,0,0,0,0,1,0,,67,2,2020,7,39.9808,-75.1039,1915.0,6,0,0,0,0,0,0,0,0,,0,0,0.0,19,1,1,0,,1,39 58:52.979,2.0,0,75 06:09.599,4,0,0,0,67301,0,0,0,N,0,0,0,9,68K01,1,,1,1,1920.0,N,N,,0,,0,0,1,0,0,Y,1915,1,2,0,0,0,0,0,3,4,1,2,3,,N,,,,,,,,,,,
2020020112,116.0,0,0,0,0,0,0,0,0,0,6,0,,67,2,2020,2,39.9704,-75.2451,115.0,6,0,0,0,0,0,0,0,0,,0,0,0.0,1,3,1,1,,0,39 58:13.333,,0,75 14:42.826,4,0,0,0,67301,0,0,0,N,0,0,0,2,67301,1,,1,1,,N,N,,0,,0,0,2,3,2,,110,1,2,0,0,0,0,0,3,4,0,2,3,3.0,N,,,,,,,,,,,
2020056672,1700.0,2,0,0,0,0,0,0,0,0,1,0,,67,7,2020,6,40.0136,-75.1355,1655.0,6,0,0,0,0,1,1,0,0,,0,0,0.0,16,1,1,0,,0,40 00:48.820,,0,75 08:07.810,3,0,0,0,67301,0,0,0,N,0,0,0,3,67301,0,,1,1,,N,N,,0,,1,0,1,3,2,,1649,1,3,0,0,0,0,1,3,4,0,3,3,3.0,N,,,,,,,,,,,
2020027613,805.0,1,0,0,0,0,0,0,0,0,1,0,55.0,67,2,2020,5,39.9708,-75.1241,800.0,6,0,0,0,0,0,2,0,0,,0,0,0.0,7,1,0,0,,1,39 58:17.560,1.0,0,75 07:23.059,0,0,0,0,67301,0,0,0,N,0,0,0,6,68K01,0,,1,1,920.0,N,N,,0,,0,0,1,0,0,N,759,0,3,0,0,2,0,0,3,4,1,3,4,4.0,Y,4.0,1.0,Y,N,N,N,N,N,N,Y,
2020020669,1635.0,1,0,0,0,0,0,0,0,0,4,0,,67,2,2020,1,39.9653,-75.2015,1630.0,6,0,1,0,0,0,0,0,0,,0,0,0.0,16,1,2,1,,0,39 57:55.040,,0,75 12:05.565,8,0,0,0,67301,0,0,0,N,0,0,0,3,67301,0,,1,1,,N,N,,0,,0,0,1,3,3,,1620,2,2,0,0,0,2,0,3,4,0,2,3,3.0,N,,,,,,,,,,,
2020017018,939.0,1,0,0,0,0,0,0,0,0,8,0,,67,2,2020,2,39.9739,-75.1227,939.0,6,0,0,0,0,0,0,1,0,,0,0,0.0,13,1,1,1,,0,39 58:26.053,,0,75 07:21.780,8,0,0,0,67301,1,0,0,N,1,0,0,2,67301,0,,1,99,,N,N,,0,,0,0,0,3,3,,1330,1,2,0,0,0,1,0,3,4,0,1,99,,N,,,,,,,,,,,
2020017361,315.0,2,0,0,0,0,0,0,0,0,4,0,,67,2,2020,2,39.9491,-75.162,304.0,6,0,0,0,0,0,1,0,0,,0,0,0.0,3,3,2,1,,0,39 56:56.686,,0,75 09:43.648,4,0,0,0,67301,0,0,0,N,0,0,0,4,67301,2,,1,99,,N,N,,0,,0,0,0,3,2,,304,2,2,0,0,2,0,0,3,4,0,2,3,3.0,N,,,,,,,,,,,
2020046465,2055.0,2,1,0,0,0,0,0,0,0,4,0,,67,6,2020,1,40.0643,-75.0537,2052.0,6,0,0,0,1,0,1,0,0,,1,0,0.0,20,3,1,1,N,1,40 03:51.246,2.0,0,75 03:13.903,1,0,0,0,67301,0,0,0,N,0,0,0,2,67301,0,2.0,1,1,2130.0,N,N,N,0,0.0,0,0,0,3,2,N,2047,1,2,0,0,0,1,0,3,4,0,2,3,3.0,N,,,,,,,,,,,
2020016659,49.0,3,0,0,0,0,0,0,0,0,5,0,,67,2,2020,5,40.0421,-75.1768,47.0,6,0,0,0,0,0,0,0,0,,0,0,0.0,0,3,0,0,,0,40 02:31.380,,0,75 10:36.370,0,0,0,0,67301,0,0,0,N,0,0,0,1,67301,0,,6,9,,N,N,,0,,0,0,0,3,3,,24,0,3,0,0,0,0,0,3,4,0,3,7,7.0,N,,,,,,,,,,,
2020028157,1104.0,2,0,0,0,0,0,0,0,0,1,0,,67,2,2020,7,39.9764,-75.1146,1055.0,6,0,0,0,0,0,0,0,0,,0,0,0.0,10,1,0,0,,1,39 58:38.054,2.0,0,75 06:47.036,0,0,0,0,67301,0,0,0,N,0,0,0,3,68K01,0,,1,1,30.0,N,N,,0,,0,0,0,0,0,N,1053,0,2,0,0,0,0,0,3,4,0,2,3,,N,,,,,,,,,,,
2020017012,926.0,1,0,0,0,0,0,0,0,0,4,0,,67,2,2020,5,40.0545,-75.0859,920.0,6,0,0,0,0,0,0,0,0,,0,0,0.0,9,1,1,5,,0,40 03:16.120,,0,75 05:09.150,3,0,0,0,67301,0,0,0,N,0,0,0,2,67301,0,,1,9,,N,N,,0,,1,0,0,3,2,,920,1,2,0,0,0,0,0,3,4,1,2,7,4.0,N,,,,,,,,,,,
2020017951,2231.0,1,0,0,0,0,0,0,0,0,7,0,,67,2,2020,4,40.0301,-75.0222,2213.0,6,0,0,0,0,0,0,0,0,,0,0,0.0,21,3,0,0,,2,40 01:48.247,2.0,0,75 01:19.809,0,0,0,0,67301,0,0,0,N,0,0,0,1,68K01,0,,3,9,2315.0,N,N,,0,,0,0,0,0,0,N,2156,0,1,0,0,0,0,0,3,4,0,1,7,7.0,N,,,,,,,,,,,
2020058275,1407.0,1,1,0,0,0,0,0,0,0,1,0,,67,7,2020,3,39.9582,-75.1412,1351.0,6,0,0,0,0,0,1,0,0,,1,0,0.0,13,1,0,0,N,2,39 57:29.683,2.0,0,75 08:28.372,1,0,0,0,67301,0,0,0,N,0,0,0,5,68K01,0,1.0,1,1,1800.0,N,N,N,0,0.0,0,0,0,0,0,N,1351,0,2,0,0,0,0,0,3,4,1,2,3,3.0,N,,,,,,,,,,,
2020061338,534.0,2,0,0,0,0,0,0,0,0,5,0,,67,8,2020,7,40.0513,-75.0915,531.0,6,0,0,0,0,0,0,0,0,,0,0,0.0,5,5,0,0,,0,40 03:04.500,,0,75 05:29.230,0,0,0,0,67301,0,0,0,N,0,0,0,1,67301,0,,1,1,,N,N,,0,,0,0,0,0,0,,512,0,2,0,0,0,0,0,3,4,0,2,3,,N,,,,,,,,,,,
2020020184,1705.0,1,0,0,0,0,0,0,0,0,1,0,,67,2,2020,1,40.0323,-75.1692,1700.0,6,0,0,0,0,0,0,0,0,,0,0,0.0,15,1,1,2,,0,40 01:56.436,,0,75 10:09.214,3,0,0,1,67301,0,0,0,N,0,0,0,2,67301,0,,1,1,,N,N,,0,,1,0,0,3,3,,1530,1,2,0,0,0,0,0,3,4,0,2,3,3.0,N,,,,,,,,,,,
2020022304,1834.0,1,0,0,0,0,0,0,0,0,4,0,,67,2,2020,4,40.0135,-75.1233,1830.0,6,0,0,0,0,0,0,0,0,,0,0,0.0,18,3,1,0,,0,40 00:48.620,,7,75 07:23.960,3,0,0,0,67301,0,0,0,N,0,0,0,2,67301,0,,1,1,,N,N,,0,,1,0,0,9,2,,1825,1,2,0,0,0,0,0,3,4,1,2,99,3.0,N,,,,,,,,,,,
2020021917,1950.0,1,0,0,0,0,0,0,0,0,4,0,,67,2,2020,4,40.0049,-75.1787,1947.0,6,0,0,0,0,0,0,0,0,,0,0,0.0,19,3,1,5,,0,40 00:17.766,,0,75 10:43.386,8,0,0,0,67301,0,0,0,N,0,0,0,2,67301,0,,1,1,,N,N,,0,,0,0,1,3,2,,1905,1,2,0,0,0,1,1,3,4,0,2,3,,N,,,,,,,,,,,
2020020867,1238.0,0,0,0,0,0,0,0,0,0,7,0,,67,2,2020,3,40.0419,-75.0039,1208.0,6,0,0,0,0,0,1,0,0,,0,0,0.0,12,1,1,0,,1,40 02:30.996,1.0,0,75 00:13.882,8,0,0,0,67301,0,0,0,N,0,0,0,1,67301,0,,5,9,1345.0,N,N,,0,,0,0,0,0,0,N,1208,1,1,0,0,0,1,0,3,4,1,1,7,7.0,N,,,,,,,,,,,
2020061374,350.0,1,0,0,0,0,0,0,0,0,5,1,,67,7,2020,6,39.9605,-75.1812,350.0,6,0,0,0,0,0,0,0,0,,0,1,0.0,3,3,0,7,,1,39 57:37.626,4.0,2,75 10:52.459,0,0,0,0,67301,0,0,0,N,0,0,0,2,68K01,0,,1,9,45.0,N,N,,0,,0,0,0,0,0,N,330,0,2,0,0,0,0,0,3,4,0,2,7,,N,,,,,,,,,,,
2020049902,1044.0,3,1,0,0,0,0,0,0,0,2,0,,67,6,2020,4,39.9057,-75.1323,911.0,6,0,0,0,0,0,1,1,1,,1,0,0.0,9,1,2,0,N,2,39 54:20.360,4.0,3,75 07:56.330,1,0,0,0,67301,0,0,0,N,0,0,0,3,67501,0,2.0,1,1,1025.0,N,N,N,0,8.0,2,0,0,3,8,Y,911,2,3,0,0,0,0,0,3,4,0,3,3,3.0,N,,,,,,,,,,,
2020021611,1830.0,2,0,0,0,0,0,0,0,0,4,0,,67,2,2020,3,40.0055,-75.1466,1828.0,6,0,0,0,0,0,0,0,0,,0,0,0.0,18,3,1,1,,0,40 00:19.727,,0,75 08:47.706,3,0,0,0,67301,0,0,0,N,0,0,0,2,67301,0,,1,9,,N,N,,0,,1,0,0,9,9,,1828,1,2,0,0,0,0,0,3,4,0,2,7,7.0,N,,,,,,,,,,,