CRN,ARRIVAL_TM,AUTOMOBILE_COUNT,BELTED_DEATH_COUNT,BELTED_SUSP_SERIOUS_INJ_COUNT,BICYCLE_COUNT,BICYCLE_DEATH_COUNT,BICYCLE_SUSP_SERIOUS_INJ_COUNT,BUS_COUNT,CHLDPAS_DEATH_COUNT,CHLDPAS_SUSP_SERIOUS_INJ_COUNT,COLLISION_TYPE,COMM_VEH_COUNT,CONS_ZONE_SPD_LIM,COUNTY,CRASH_MONTH,CRASH_YEAR,DAY_OF_WEEK,DEC_LAT,DEC_LONG,DISPATCH_TM,DISTRICT,DRIVER_COUNT_16YR,DRIVER_COUNT_17YR,DRIVER_COUNT_18YR,DRIVER_COUNT_19YR,DRIVER_COUNT_20YR,DRIVER_COUNT_50_64YR,DRIVER_COUNT_65_74YR,DRIVER_COUNT_75PLUS,EST_HRS_CLOSED,FATAL_COUNT,HEAVY_TRUCK_COUNT,HORSE_BUGGY_COUNT,HOUR_OF_DAY,ILLUMINATION,INJURY_COUNT,INTERSECT_TYPE,INTERSECTION_RELATED,LANE_CLOSED,LATITUDE,LN_CLOSE_DIR,LOCATION_TYPE,LONGITUDE,MAX_SEVERITY_LEVEL,MCYCLE_DEATH_COUNT,MCYCLE_SUSP_SERIOUS_INJ_COUNT,MOTORCYCLE_COUNT,MUNICIPALITY,NONMOTR_COUNT,NONMOTR_DEATH_COUNT,NONMOTR_SUSP_SERIOUS_INJ_COUNT,NTFY_HIWY_MAINT,PED_COUNT,PED_DEATH_COUNT,PED_SUSP_SERIOUS_INJ_COUNT,PERSON_COUNT,POLICE_AGCY,POSSIBLE_INJ_COUNT,RDWY_SURF_TYPE_CD,RELATION_TO_ROAD,ROAD_CONDITION,ROADWAY_CLEARED,SCH_BUS_IND,SCH_ZONE_IND,SECONDARY_CRASH,SMALL_TRUCK_COUNT,SPEC_JURIS_CD,SUSP_MINOR_INJ_COUNT,SUSP_SERIOUS_INJ_COUNT,SUV_COUNT,TCD_FUNC_CD,TCD_TYPE,TFC_DETOUR_IND,TIME_OF_DAY,TOT_INJ_COUNT,TOTAL_UNITS,UNB_DEATH_COUNT,UNB_SUSP_SERIOUS_INJ_COUNT,UNBELTED_OCC_COUNT,UNK_INJ_DEG_COUNT,UNK_INJ_PER_COUNT,URBAN_AREA,URBAN_RURAL,VAN_COUNT,VEHICLE_COUNT,WEATHER1,WEATHER2,WORK_ZONE_IND,WORK_ZONE_LOC,WORK_ZONE_TYPE,WORKERS_PRES,WZ_CLOSE_DETOUR,WZ_FLAGGER,WZ_LAW_OFFCR_IND,WZ_LN_CLOSURE,WZ_MOVING,WZ_OTHER,WZ_SHLDER_MDN,WZ_WORKERS_INJ_KILLED
2020016280,1640.0,0,0,0,0,0,0,0,0,0,4,0,,67,2,2020,3,40.0517,-75.0601,1623.0,6,0,0,0,0,0,0,0,0,,0,0,0.0,16,1,1,2,,0,40 03:05.943,,0,75 03:36.313,4,0,0,0,67301,0,0,0,N,0,0,0,3,67301,1,,1,9,,N,N,,0,,0,0,2,3,3,,1615,1,2,0,0,1,0,0,3,4,0,2,3,3.0,N,,,,,,,,,,,
2020016974,1738.0,1,0,0,0,0,0,0,0,0,1,0,,67,2,2020,5,40.1081,-74.9968,1729.0,6,0,0,0,0,0,1,0,0,,0,0,0.0,17,3,3,0,,1,40 06:29.265,4.0,0,74 59:48.601,3,0,0,0,67301,0,0,0,N,0,0,0,4,67301,0,,1,9,1847.0,N,N,,0,,2,0,2,0,0,N,1725,3,3,0,0,0,1,0,3,4,0,3,3,,N,,,,,,,,,,,
2020018666,1334.0,5,0,0,0,0,0,0,0,0,4,0,,67,2,2020,1,39.943,-75.2318,1329.0,6,0,0,0,0,0,1,0,0,,0,0,0.0,12,1,0,1,,1,39 56:34.638,2.0,0,75 13:54.573,0,0,0,0,67301,0,0,0,N,0,0,0,3,67301,0,,1,1,1508.0,N,N,,1,,0,0,1,0,0,N,1251,0,7,0,0,0,0,0,3,4,0,7,3,3.0,N,,,,,,,,,,,
2020019873,1920.0,1,0,0,0,0,0,0,0,0,0,0,,67,2,2020,3,40.0011,-75.1165,1859.0,6,0,0,0,0,0,0,0,0,,0,0,0.0,15,1,2,0,,0,40 00:03.940,,0,75 06:59.470,3,0,0,0,67301,0,0,0,N,0,0,0,2,67301,1,,1,99,,N,N,,0,,1,0,0,0,0,,1530,2,1,0,0,0,0,0,3,4,0,1,7,,N,,,,,,,,,,,
2020017363,513.0,1,0,0,0,0,0,0,0,0,5,0,,67,2,2020,6,40.0819,-75.1736,503.0,6,0,0,0,0,0,0,0,0,,0,0,0.0,4,3,0,2,,0,40 04:54.800,,0,75 10:24.931,0,0,0,0,67301,0,0,0,N,0,0,0,1,67301,0,,1,1,,N,N,,0,,0,0,1,0,0,,450,0,3,0,0,0,0,0,3,4,1,3,3,3.0,N,,,,,,,,,,,
2020015384,1543.0,0,0,0,0,0,0,0,0,0,4,0,,67,2,2020,1,40.0567,-75.0469,1540.0,6,0,0,0,0,0,1,0,0,,0,0,0.0,15,1,4,1,,0,40 03:24.250,,0,75 02:48.711,2,0,0,0,67301,0,0,0,N,0,0,0,4,67301,0,,1,1,,N,N,,0,,3,1,2,3,2,,1536,4,2,0,1,4,0,0,3,4,0,2,3,3.0,N,,,,,,,,,,,
2020016975,1600.0,0,0,0,0,0,0,0,0,0,8,0,,67,2,2020,5,40.0687,-75.1568,1553.0,6,0,0,0,0,0,0,0,0,,0,0,0.0,15,1,1,5,,0,40 04:07.186,,0,75 09:24.430,3,0,0,0,67301,1,0,0,N,1,0,0,2,67301,0,,1,9,,N,N,,0,,1,0,0,3,2,,1553,1,2,0,0,0,0,1,3,4,0,1,7,4.0,N,,,,,,,,,,,
2020017508,1805.0,0,0,0,0,0,0,0,0,0,8,0,,67,2,2020,6,40.0814,-74.9762,1800.0,6,0,0,0,0,0,0,1,0,,0,0,0.0,17,3,1,2,,0,40 04:52.997,,0,74 58:34.259,8,0,0,0,67301,1,0,0,N,1,0,0,2,67301,0,,1,1,,N,N,,0,,0,0,1,9,2,,1755,1,2,0,0,0,1,0,3,4,0,1,3,3.0,N,,,,,,,,,,,
2020017148,1240.0,0,0,0,0,0,0,0,0,0,4,0,,67,2,2020,5,40.078,-75.0237,1229.0,6,0,0,0,0,0,0,0,0,,0,0,0.0,12,1,1,2,,2,40 04:41.204,3.0,0,75 01:25.042,3,0,0,0,67301,0,0,0,N,0,0,0,2,67301,0,,1,9,1400.0,N,N,,0,,1,0,2,3,2,N,1208,1,2,0,0,0,0,1,3,4,0,2,7,7.0,N,,,,,,,,,,,
2020022544,2132.0,3,0,0,0,0,0,0,0,0,1,0,,67,2,2020,2,39.9617,-75.1827,2130.0,6,0,0,0,0,0,3,0,0,,0,0,0.0,21,3,1,0,,2,39 57:42.037,3.0,0,75 10:57.685,8,0,0,0,67301,0,0,0,N,0,0,0,8,68K01,0,,1,1,1030.0,N,N,,0,,0,0,4,0,0,N,2123,1,7,0,0,0,1,0,3,4,0,7,3,,N,,,,,,,,,,,
2020017060,1150.0,2,0,0,0,0,0,0,0,0,5,0,,67,2,2020,5,39.9485,-75.1645,1145.0,6,0,0,0,0,0,1,0,0,,0,0,0.0,11,1,0,0,,0,39 56:54.475,,0,75 09:52.236,0,0,0,0,67301,0,0,0,N,0,0,0,1,67301,0,,6,9,,N,N,,0,,0,0,0,0,0,,1130,0,2,0,0,0,0,0,3,4,0,2,7,7.0,N,,,,,,,,,,,
2020016753,1818.0,1,0,0,0,0,0,0,0,0,4,0,,67,2,2020,3,40.0153,-75.1983,1809.0,6,0,0,0,0,1,1,0,0,,0,0,0.0,18,3,0,2,,0,40 00:54.961,,0,75 11:54.056,0,0,0,0,67301,0,0,0,N,0,0,0,3,67301,0,,1,9,,N,N,,0,,0,0,2,3,3,,1805,0,3,0,0,0,0,0,3,4,0,3,3,3.0,N,,,,,,,,,,,
2020018011,1231.0,0,0,0,0,0,0,0,0,0,8,0,,67,2,2020,4,40.0414,-75.0283,1216.0,6,0,0,0,0,0,0,0,0,,0,0,0.0,11,1,1,1,,0,40 02:28.908,,0,75 01:41.719,3,0,0,0,67301,1,0,0,N,1,0,0,2,67301,0,,1,1,,N,N,,0,,1,0,0,9,2,,1100,1,2,0,0,0,0,0,3,4,0,1,3,3.0,N,,,,,,,,,,,
2020057199,1701.0,1,0,0,0,0,0,0,0,0,4,0,,67,6,2020,1,39.9452,-75.1906,1650.0,6,0,0,0,0,0,1,1,0,,0,0,0.0,16,1,1,0,,2,39 56:42.737,4.0,0,75 11:26.210,3,0,0,0,67301,0,0,0,N,0,0,0,5,68K01,0,,1,1,15.0,N,N,,0,,1,0,2,0,0,N,1648,1,3,0,0,0,0,0,3,4,0,3,3,,N,,,,,,,,,,,
2020017650,1523.0,1,0,0,0,0,0,0,0,0,4,0,,67,2,2020,5,39.9401,-75.1671,1521.0,6,0,0,0,0,0,0,1,0,,0,0,0.0,14,1,0,2,,1,39 56:24.454,2.0,0,75 10:01.391,0,0,0,0,67301,0,0,0,N,0,0,0,2,67301,0,,1,9,1600.0,N,N,,0,,0,0,1,3,3,N,1440,0,2,0,0,0,0,0,3,4,0,2,7,,N,,,,,,,,,,,
2020019227,1400.0,1,0,0,0,0,0,0,0,0,5,1,,67,2,2020,6,39.9901,-75.1169,1358.0,6,0,0,0,0,0,0,0,0,,0,1,0.0,13,1,1,0,Y,2,39 59:23.899,5.0,0,75 07:01.796,8,0,0,0,67301,0,0,0,N,0,0,0,1,67301,0,,1,1,1500.0,N,N,N,0,,0,0,0,0,0,Y,1356,1,2,0,0,0,1,0,3,4,0,2,3,3.0,N,,,,,,,,,,,
2020016971,1811.0,0,0,0,0,0,0,0,0,0,8,0,,67,2,2020,3,40.0825,-75.0405,1811.0,6,0,0,0,0,0,0,0,0,,0,0,0.0,18,3,1,2,,0,40 04:56.979,,0,75 02:25.870,3,0,0,0,67301,1,0,0,N,1,0,0,2,67301,0,,1,1,,N,N,,0,,1,0,1,3,2,,1808,1,2,0,0,0,0,0,3,4,0,1,3,,N,,,,,,,,,,,
2020015151,1035.0,1,0,0,0,0,0,0,0,0,7,0,,67,2,2020,7,40.0125,-75.0875,1031.0,6,0,0,0,0,0,0,0,0,,0,0,0.0,10,1,0,1,,0,40 00:45.016,,0,75 05:15.162,0,0,0,0,67301,0,0,0,N,0,0,0,1,67301,0,,3,1,,N,N,,0,,0,0,0,3,2,,1020,0,1,0,0,0,0,0,3,4,0,1,3,3.0,N,,,,,,,,,,,
2020058202,2318.0,1,0,0,0,0,0,0,0,0,4,0,,67,7,2020,6,40.0432,-75.0523,2311.0,6,0,0,0,0,0,0,0,0,,1,0,0.0,23,3,0,1,,1,40 02:35.664,5.0,0,75 03:08.163,1,1,0,1,67301,0,0,0,N,0,0,0,2,67301,0,2.0,1,1,102.0,N,N,N,0,0.0,0,0,0,3,2,N,2310,0,2,0,0,0,0,0,3,4,0,2,3,3.0,N,,,,,,,,,,,
2020016751,2140.0,0,0,0,0,0,0,0,0,0,8,0,,67,2,2020,4,40.0059,-75.1135,2136.0,6,0,0,0,0,0,0,0,0,,0,0,0.0,21,3,1,1,,0,40 00:21.351,,0,75 06:48.588,8,0,0,0,67301,1,0,0,N,1,0,0,2,67301,0,,1,9,,N,N,,0,,0,0,1,3,2,,2130,1,2,0,0,0,1,0,3,4,0,1,7,7.0,N,,,,,,,,,,,
2020022543,2104.0,1,0,0,0,0,0,0,0,0,7,0,,67,2,2020,2,39.9601,-75.1804,2058.0,6,0,0,0,0,0,0,0,0,,0,0,0.0,20,3,0,0,,2,39 57:36.325,3.0,0,75 10:49.455,0,0,0,0,67301,0,0,0,N,0,0,0,1,68K01,0,,3,9,2124.0,N,N,,0,,0,0,0,0,0,N,2057,0,1,0,0,0,0,0,3,4,0,1,7,,N,,,,,,,,,,,
2020028155,932.0,1,0,0,0,0,0,0,0,0,7,0,,67,2,2020,7,39.9406,-75.1431,918.0,6,0,0,1,0,0,0,0,0,,0,0,0.0,9,1,1,0,,0,39 56:26.003,,0,75 08:35.259,3,0,0,0,67301,0,0,0,N,0,0,0,1,68K01,0,,4,1,,N,N,,0,,1,0,0,0,0,,917,1,1,0,0,0,0,0,3,4,0,1,3,3.0,N,,,,,,,,,,,
2020018180,1810.0,0,0,0,0,0,0,0,0,0,8,0,,67,2,2020,5,40.0076,-75.1273,1809.0,6,0,0,0,0,0,0,0,0,,0,0,0.0,18,3,1,1,,0,40 00:27.502,,0,75 07:38.377,3,0,0,0,67301,1,0,0,N,1,0,0,2,67301,0,,1,9,,N,N,,0,,1,0,0,9,9,,1808,1,2,0,0,0,0,0,3,4,1,1,4,3.0,N,,,,,,,,,,,
2020016051,1830.0,1,0,0,0,0,0,0,0,0,6,0,,67,2,2020,1,39.9246,-75.1521,1828.0,6,0,0,0,0,0,0,0,0,,0,0,0.0,18,3,1,1,,2,39 55:28.498,1.0,0,75 09:07.527,4,0,0,0,67301,0,0,0,N,0,0,0,2,67301,1,,1,1,1900.0,N,N,,0,,0,0,1,3,2,N,1812,1,2,0,0,0,0,0,3,4,0,2,3,98.0,N,,,,,,,,,,,
2020017653,145.0,2,0,1,0,0,0,0,0,0,4,0,,67,2,2020,6,39.9754,-75.19,140.0,6,0,0,0,0,0,1,0,0,,0,0,0.0,1,3,1,3,,0,39 58:31.425,,0,75 11:23.665,2,0,0,0,67301,0,0,0,N,0,0,0,2,67301,0,,1,1,,N,N,,0,,0,1,0,3,2,,130,1,2,0,0,0,0,0,3,4,0,2,3,3.0,N,,,,,,,,,,,
2020058200,1215.0,1,0,0,0,0,0,0,0,0,2,0,,67,7,2020,4,39.9117,-75.1724,1211.0,6,0,0,0,0,1,1,0,0,,0,0,0.0,12,1,1,1,,0,39 54:42.148,,0,75 10:20.534,3,0,0,0,67301,0,0,0,N,0,0,0,3,67301,0,,1,1,,N,N,,1,,1,0,0,3,2,,1205,1,2,0,0,1,0,0,3,4,0,2,3,3.0,N,,,,,,,,,,,
2020017013,1341.0,2,0,0,0,0,0,0,0,0,4,1,,67,2,2020,5,40.0395,-75.0844,1341.0,6,0,0,0,0,0,1,0,0,,0,1,0.0,13,1,2,1,,0,40 02:22.311,,0,75 05:03.904,3,0,0,0,67301,0,0,0,N,0,0,0,3,67301,0,,1,9,,N,Y,,0,,2,0,0,3,2,,1300,2,3,0,0,3,0,0,3,4,0,3,7,7.0,N,,,,,,,,,,,
2020017599,957.0,1,0,0,0,0,0,0,0,0,8,0,,67,2,2020,6,39.9683,-75.1632,943.0,6,0,0,0,0,0,0,0,0,,0,0,0.0,9,1,1,0,,0,39 58:05.840,,0,75 09:47.470,3,0,0,0,67301,1,0,0,N,1,0,0,2,67301,0,,1,1,,N,N,,0,,1,0,0,3,3,,930,1,2,0,0,0,0,0,3,4,0,1,3,3.0,N,,,,,,,,,,,
2020017016,1000.0,0,0,0,0,0,0,0,0,0,5,0,,67,2,2020,1,39.9898,-75.1142,1000.0,6,0,0,0,0,0,0,0,0,,0,0,0.0,14,1,0,0,,0,39 59:23.370,,0,75 06:51.080,0,0,0,0,67301,0,0,0,N,0,0,0,1,67301,0,,6,99,,N,N,,0,,0,0,0,9,9,,1400,0,2,0,0,0,0,0,3,4,1,2,99,3.0,N,,,,,,,,,,,
2020018016,2315.0,1,0,0,0,0,0,0,0,0,1,0,,67,2,2020,7,39.9956,-75.1675,2307.0,6,0,0,0,0,0,2,0,0,,0,0,0.0,22,3,0,1,,0,39 59:44.232,,0,75 10:03.297,9,0,0,0,67301,0,0,0,N,0,0,0,3,67301,0,,1,1,,N,N,,0,,0,0,1,3,2,,2227,0,2,0,0,0,0,1,3,4,0,2,3,3.0,N,,,,,,,,,,,
2020017654,2243.0,2,0,0,0,0,0,0,0,0,5,0,,67,2,2020,6,39.9925,-75.1798,2243.0,6,0,0,0,0,0,0,0,0,,0,0,0.0,22,3,0,0,,2,39 59:33.000,4.0,0,75 10:47.100,0,0,0,0,67301,0,0,0,N,0,0,0,1,67301,0,,6,1,2248.0,N,N,,0,,0,0,2,0,0,N,2243,0,5,0,0,0,0,0,3,4,1,5,3,3.0,N,,,,,,,,,,,
2020017649,1136.0,1,0,0,0,0,0,0,0,0,4,0,,67,2,2020,5,39.9738,-75.2064,1130.0,6,0,0,0,0,0,0,1,0,,0,0,0.0,11,1,1,1,,0,39 58:25.797,,0,75 12:23.198,3,0,0,0,67301,0,0,0,N,0,0,0,3,67301,0,,1,9,,N,N,,0,,1,0,0,3,2,,1115,1,2,0,0,1,0,0,3,4,1,2,4,7.0,N,,,,,,,,,,,
2020016850,1122.0,2,0,0,0,0,0,0,0,0,4,0,,67,2,2020,5,40.0093,-75.1222,1118.0,6,0,0,0,0,0,1,0,0,,0,0,0.0,11,1,0,0,,0,40 00:33.378,,7,75 07:19.871,0,0,0,0,67301,0,0,0,N,0,0,0,1,67301,0,,1,9,,N,N,,0,,0,0,0,0,0,,1118,0,2,0,0,1,0,0,3,4,0,2,7,4.0,N,,,,,,,,,,,
2020015772,1840.0,2,0,0,0,0,0,0,0,0,4,0,,67,2,2020,2,39.9903,-75.2407,1830.0,6,0,0,0,0,1,0,0,0,,0,0,0.0,18,3,0,1,,0,39 59:25.180,,0,75 14:26.444,0,0,0,0,67301,0,0,0,N,0,0,0,2,67301,0,,1,9,,N,N,,0,,0,0,0,0,0,,1825,0,2,0,0,0,0,0,3,4,0,2,7,7.0,N,,,,,,,,,,,
2020022547,2209.0,1,0,0,0,0,0,0,0,0,7,0,,67,2,2020,4,39.9571,-75.156,2201.0,6,0,0,0,0,0,0,0,0,,0,0,0.0,21,3,1,0,,2,39 57:25.529,6.0,0,75 09:21.543,8,0,0,0,67301,0,0,0,N,0,0,0,2,68K01,0,,4,9,2254.0,N,N,,0,,0,0,0,0,0,N,2158,1,1,0,0,0,1,0,3,4,0,1,7,,N,,,,,,,,,,,
2020057293,1655.0,2,0,0,0,0,0,0,0,0,4,0,,67,7,2020,2,40.0993,-75.0301,1650.0,6,0,0,0,0,0,1,0,1,,0,0,0.0,16,1,0,0,N,0,40 05:57.478,,7,75 01:48.538,0,0,0,0,67301,0,0,0,N,0,0,0,2,67301,0,,2,1,,N,N,N,0,,0,0,0,0,0,,1645,0,2,0,0,0,0,0,3,4,0,2,3,3.0,N,,,,,,,,,,,
2020017330,1840.0,1,0,0,0,0,0,0,0,0,8,0,,67,2,2020,3,40.0341,-75.1829,1840.0,6,0,0,0,0,0,1,0,0,,0,0,0.0,18,3,1,1,,0,40 02:02.615,,0,75 10:58.439,4,0,0,0,67301,1,0,0,N,1,0,0,2,67301,1,,1,1,,N,N,,0,,0,0,0,3,2,,1838,1,2,0,0,1,0,1,3,4,0,1,7,,N,,,,,,,,,,,
2020015153,1045.0,1,0,0,0,0,0,0,0,0,4,0,,67,2,2020,7,39.9545,-75.2149,1011.0,6,0,0,0,0,0,0,1,0,,0,0,0.0,10,1,0,1,,0,39 57:16.045,,0,75 12:53.647,0,0,0,0,67301,0,0,0,N,0,0,0,2,67301,0,,1,1,,N,N,,0,,0,0,1,3,3,,1002,0,2,0,0,2,0,0,3,4,0,2,3,3.0,N,,,,,,,,,,,
2020057193,1506.0,2,0,0,0,0,0,0,0,0,1,0,,67,6,2020,2,39.993,-75.085,1454.0,6,0,0,0,0,0,2,0,0,,0,0,0.0,14,1,0,0,,0,39 59:34.968,,0,75 05:05.855,0,0,0,0,67301,0,0,0,N,0,0,0,2,68K01,0,,1,1,,N,N,,0,,0,0,0,0,0,,1451,0,2,0,0,0,0,0,3,4,0,2,3,3.0,N,,,,,,,,,,,
2020039418,107.0,1,0,0,0,0,0,0,0,0,7,0,,67,5,2020,1,39.9277,-75.1955,107.0,6,0,0,0,0,0,0,0,0,,0,0,0.0,1,3,1,0,N,0,39 55:44.140,,0,75 11:48.070,8,0,0,0,67301,0,0,0,N,0,0,0,1,67301,0,,5,1,,N,N,N,0,,0,0,0,2,4,,100,1,1,0,0,0,1,0,3,4,0,1,3,3.0,N,,,,,,,,,,,
2020055730,11.0,2,0,0,0,0,0,0,0,0,6,1,,67,7,2020,3,40.0104,-75.1657,10.0,6,0,0,0,0,0,1,0,0,,0,1,0.0,0,3,1,0,,0,40 00:37.467,,0,75 09:56.388,3,0,0,0,67301,0,0,0,N,0,0,0,3,67301,0,,1,1,,N,N,,0,,1,0,0,0,0,,10,1,3,0,0,0,0,0,3,4,0,3,3,3.0,N,,,,,,,,,,,
2020015750,1756.0,0,0,0,0,0,0,0,0,0,8,0,,67,2,2020,2,39.9517,-75.1582,1755.0,6,0,0,0,0,0,1,0,0,,0,0,0.0,17,3,1,1,,0,39 57:06.276,,0,75 09:29.927,8,0,0,0,67301,1,0,0,N,1,0,0,2,67301,0,,1,9,,N,N,,0,,0,0,1,3,2,,1751,1,2,0,0,0,1,0,3,4,0,1,7,7.0,N,,,,,,,,,,,
2020015146,150.0,2,0,0,0,0,0,0,0,0,4,0,,67,2,2020,1,40.0269,-75.2272,149.0,6,0,0,0,0,0,1,0,0,,0,0,0.0,1,3,1,1,,0,40 01:36.861,,0,75 13:37.905,3,0,0,0,67301,0,0,0,N,0,0,0,3,67301,0,,1,1,,N,N,,0,,1,0,0,3,2,,149,1,2,0,0,0,0,0,3,4,0,2,3,,N,,,,,,,,,,,
2020016255,1626.0,0,0,0,0,0,0,0,0,0,8,0,,67,2,2020,2,40.0257,-75.1725,1625.0,6,0,0,0,0,0,0,0,1,,0,0,0.0,16,8,2,1,,0,40 01:32.689,,0,75 10:21.050,3,0,0,0,67301,2,0,0,N,2,0,0,3,67301,0,,1,9,,N,N,,0,,2,0,0,3,3,,1620,2,3,0,0,0,0,0,3,4,1,1,7,4.0,N,,,,,,,,,,,
2020056698,40.0,1,0,0,0,0,0,0,0,0,7,0,35.0,67,7,2020,7,39.9106,-75.1727,38.0,6,0,0,0,0,0,0,0,0,,0,0,0.0,0,3,0,0,N,0,39 54:42.600,,0,75 10:06.300,0,0,0,0,67301,0,0,0,N,0,0,0,1,67501,0,,5,1,,N,Y,N,0,,0,0,0,3,8,,35,0,1,0,0,0,0,0,3,4,0,1,3,3.0,Y,4.0,1.0,N,Y,,N,Y,,,Y,N
2020016628,206.0,2,0,0,0,0,0,0,0,0,6,0,,67,2,2020,4,39.9967,-75.1154,206.0,6,0,0,0,0,0,2,0,0,,0,0,0.0,2,3,2,0,,2,39 59:48.173,6.0,0,75 06:55.595,3,0,0,0,67301,0,0,0,N,0,0,0,3,67301,0,,1,1,400.0,N,N,,1,,2,0,1,3,2,Y,205,2,5,0,0,3,0,0,3,4,1,5,3,,N,,,,,,,,,,,
2020017707,1346.0,0,0,0,0,0,0,0,0,0,1,0,,67,2,2020,5,40.0667,-75.084,1343.0,6,0,0,0,0,0,1,0,0,,0,0,0.0,13,1,1,5,,0,40 04:00.249,,0,75 05:02.340,8,0,0,0,67301,0,0,0,N,0,0,0,3,67301,0,,1,9,,N,N,,0,,0,0,1,3,2,,1343,1,2,0,0,0,1,0,3,4,1,2,7,,N,,,,,,,,,,,
2020028338,1616.0,1,0,0,0,0,0,0,0,0,1,0,,67,2,2020,6,40.0003,-75.1949,1615.0,6,0,0,0,0,0,0,0,0,,0,0,0.0,16,1,1,0,,2,40 00:01.193,4.0,0,75 11:41.548,3,0,0,0,67301,0,0,0,N,0,0,0,6,68K01,0,,1,1,10.0,N,N,,0,,1,0,1,0,0,N,1611,1,2,0,0,0,0,0,3,4,0,2,3,,N,,,,,,,,,,,
2020020838,900.0,0,0,0,0,0,0,0,0,0,4,0,,67,2,2020,7,40.0229,-75.1482,900.0,6,0,0,0,0,0,0,0,0,,0,0,0.0,8,5,1,5,,0,40 01:22.470,,0,75 08:53.760,3,0,0,0,67301,0,0,0,N,0,0,0,2,67301,0,,1,1,,N,N,,1,,1,0,0,3,2,,830,1,2,0,0,0,0,0,3,4,0,2,3,,N,,,,,,,,,,,
2020017152,901.0,2,0,0,0,0,0,0,0,0,4,0,,67,2,2020,5,39.9937,-75.1399,858.0,6,0,0,0,0,0,0,0,0,,0,0,0.0,8,1,1,1,,0,39 59:37.312,,0,75 08:23.470,3,0,0,0,67301,0,0,0,N,0,0,0,3,67301,0,,1,9,,N,N,,0,,1,0,0,3,2,,853,1,2,0,0,0,0,0,3,4,0,2,7,,N,,,,,,,,,,,
2020017150,805.0,1,0,0,0,0,0,0,0,0,4,0,,67,2,2020,2,40.0016,-75.1164,800.0,6,0,0,0,0,0,0,0,0,,0,0,0.0,7,1,1,1,,0,40 00:05.806,,0,75 06:59.075,3,0,0,0,67301,0,0,0,N,0,0,0,2,67301,0,,1,8,,N,N,,0,,1,0,0,3,2,,727,1,2,0,0,0,0,0,3,4,0,2,7,7.0,N,,,,,,,,,,,
2020019393,640.0,0,0,0,0,0,0,0,0,0,8,0,,67,2,2020,2,39.9572,-75.2275,638.0,6,0,0,0,0,0,0,0,0,,0,0,0.0,6,5,1,1,,0,39 57:25.949,,0,75 13:38.934,3,0,0,0,67301,1,0,0,N,1,0,0,2,67301,0,,1,9,,N,N,,0,,1,0,1,3,2,,638,1,2,0,0,0,0,0,3,4,0,1,7,4.0,N,,,,,,,,,,,
2020057295,2105.0,1,0,0,0,0,0,0,0,0,4,0,,67,7,2020,6,40.0122,-75.1128,2100.0,6,0,0,0,0,0,0,0,0,,0,0,0.0,20,3,0,0,N,0,40 00:43.750,,7,75 06:46.070,0,0,0,0,67301,0,0,0,N,0,0,0,2,67301,0,,1,1,,N,N,N,0,,0,0,1,0,0,,2055,0,2,0,0,0,0,0,3,4,0,2,3,3.0,N,,,,,,,,,,,
2020016653,1435.0,1,0,0,0,0,0,0,0,0,4,0,,67,2,2020,4,40.0525,-75.0872,1435.0,6,0,0,0,0,0,0,0,1,,0,0,0.0,14,1,1,1,,0,40 03:08.956,,0,75 05:13.790,3,0,0,0,67301,0,0,0,N,0,0,0,2,67301,0,,4,1,,N,N,,0,,1,0,0,9,3,,1430,1,2,0,0,1,0,0,3,4,1,2,3,3.0,N,,,,,,,,,,,
2020001584,2045.0,1,0,0,0,0,0,0,0,0,5,0,,67,1,2020,1,40.0595,-75.0257,2042.0,6,0,0,0,0,0,0,0,0,,0,0,0.0,20,3,0,0,,0,40 03:34.030,,0,75 01:32.440,0,0,0,0,67301,0,0,0,N,0,0,0,4,67301,0,,6,1,,N,N,,1,,0,0,1,0,0,,2040,0,3,0,0,0,0,0,3,4,0,3,3,3.0,N,,,,,,,,,,,
2020001742,1313.0,1,0,0,0,0,0,0,0,0,4,0,,67,1,2020,6,39.9666,-75.1604,1310.0,6,0,0,0,0,0,0,0,1,,0,0,0.0,13,1,0,1,,0,39 58:00.185,,0,75 09:37.919,0,0,0,0,67301,0,0,0,N,0,0,0,2,67301,0,,1,9,,N,N,,0,,0,0,1,3,2,,1310,0,2,0,0,0,0,0,3,4,0,2,7,,N,,,,,,,,,,,
2020002265,506.0,1,0,0,0,0,0,0,0,0,4,0,,67,1,2020,2,39.9033,-75.2431,502.0,6,0,0,0,0,0,1,0,0,,0,0,0.0,5,3,1,2,,0,39 54:12.031,,0,75 14:35.271,3,0,0,0,67301,0,0,0,N,0,0,0,2,67301,0,,1,1,,N,N,,0,,1,0,1,3,2,,500,1,2,0,0,1,0,0,3,4,0,2,3,3.0,N,,,,,,,,,,,
2020014704,845.0,1,0,0,0,0,0,0,0,0,7,0,,67,1,2020,4,40.0187,-75.1017,840.0,6,0,0,0,0,1,0,0,0,,0,0,0.0,8,1,0,1,,0,40 01:07.384,,0,75 06:06.253,0,0,0,0,67301,0,0,0,N,0,0,0,1,67301,0,,4,1,,N,N,,0,,0,0,0,3,2,,835,0,1,0,0,1,0,0,3,4,0,1,3,,N,,,,,,,,,,,