CRN,ARRIVAL_TM,AUTOMOBILE_COUNT,BELTED_DEATH_COUNT,BELTED_SUSP_SERIOUS_INJ_COUNT,BICYCLE_COUNT,BICYCLE_DEATH_COUNT,BICYCLE_SUSP_SERIOUS_INJ_COUNT,BUS_COUNT,CHLDPAS_DEATH_COUNT,CHLDPAS_SUSP_SERIOUS_INJ_COUNT,COLLISION_TYPE,COMM_VEH_COUNT,CONS_ZONE_SPD_LIM,COUNTY,CRASH_MONTH,CRASH_YEAR,DAY_OF_WEEK,DEC_LAT,DEC_LONG,DISPATCH_TM,DISTRICT,DRIVER_COUNT_16YR,DRIVER_COUNT_17YR,DRIVER_COUNT_18YR,DRIVER_COUNT_19YR,DRIVER_COUNT_20YR,DRIVER_COUNT_50_64YR,DRIVER_COUNT_65_74YR,DRIVER_COUNT_75PLUS,EST_HRS_CLOSED,FATAL_COUNT,HEAVY_TRUCK_COUNT,HORSE_BUGGY_COUNT,HOUR_OF_DAY,ILLUMINATION,INJURY_COUNT,INTERSECT_TYPE,INTERSECTION_RELATED,LANE_CLOSED,LATITUDE,LN_CLOSE_DIR,LOCATION_TYPE,LONGITUDE,MAX_SEVERITY_LEVEL,MCYCLE_DEATH_COUNT,MCYCLE_SUSP_SERIOUS_INJ_COUNT,MOTORCYCLE_COUNT,MUNICIPALITY,NONMOTR_COUNT,NONMOTR_DEATH_COUNT,NONMOTR_SUSP_SERIOUS_INJ_COUNT,NTFY_HIWY_MAINT,PED_COUNT,PED_DEATH_COUNT,PED_SUSP_SERIOUS_INJ_COUNT,PERSON_COUNT,POLICE_AGCY,POSSIBLE_INJ_COUNT,RDWY_SURF_TYPE_CD,RELATION_TO_ROAD,ROAD_CONDITION,ROADWAY_CLEARED,SCH_BUS_IND,SCH_ZONE_IND,SECONDARY_CRASH,SMALL_TRUCK_COUNT,SPEC_JURIS_CD,SUSP_MINOR_INJ_COUNT,SUSP_SERIOUS_INJ_COUNT,SUV_COUNT,TCD_FUNC_CD,TCD_TYPE,TFC_DETOUR_IND,TIME_OF_DAY,TOT_INJ_COUNT,TOTAL_UNITS,UNB_DEATH_COUNT,UNB_SUSP_SERIOUS_INJ_COUNT,UNBELTED_OCC_COUNT,UNK_INJ_DEG_COUNT,UNK_INJ_PER_COUNT,URBAN_AREA,URBAN_RURAL,VAN_COUNT,VEHICLE_COUNT,WEATHER1,WEATHER2,WORK_ZONE_IND,WORK_ZONE_LOC,WORK_ZONE_TYPE,WORKERS_PRES,WZ_CLOSE_DETOUR,WZ_FLAGGER,WZ_LAW_OFFCR_IND,WZ_LN_CLOSURE,WZ_MOVING,WZ_OTHER,WZ_SHLDER_MDN,WZ_WORKERS_INJ_KILLED
2020046783,2020.0,1,0,0,0,0,0,0,0,0,98,0,,67,6,2020,1,40.0274,-75.1106,2020.0,6,0,0,0,0,0,0,0,0,,0,0,0.0,20,3,1,0,,0,40 01:38.698,,0,75 06:38.046,3,0,0,0,67301,0,0,0,N,0,0,0,1,67301,0,,5,1,,N,N,,0,,1,0,0,0,0,,2020,1,1,0,0,0,0,0,3,4,0,1,3,,N,,,,,,,,,,,
2020001748,1254.0,2,0,0,0,0,0,0,0,0,5,0,,67,1,2020,5,40.0153,-75.1374,1254.0,6,0,0,0,0,0,2,0,0,,0,0,0.0,12,1,0,0,,0,40 00:55.220,,0,75 08:14.730,0,0,0,0,67301,0,0,0,N,0,0,0,2,67301,0,,1,1,,N,Y,,0,,0,0,0,3,2,,1248,0,2,0,0,0,0,0,3,4,0,2,3,3.0,N,,,,,,,,,,,
2020014821,1143.0,0,0,0,0,0,0,0,0,0,4,0,,67,2,2020,4,40.0612,-75.0835,1133.0,6,0,0,0,0,0,0,1,0,,0,0,0.0,10,1,0,1,,0,40 03:40.658,,0,75 05:00.623,0,0,0,0,67301,0,0,0,N,0,0,0,2,67301,0,,1,1,,N,N,,0,,0,0,1,3,2,,1013,0,2,0,0,2,0,0,3,4,1,2,3,3.0,N,,,,,,,,,,,
2020014637,2318.0,1,0,0,0,0,0,0,0,0,4,0,,67,2,2020,5,40.0865,-75.0362,2315.0,6,0,0,0,0,0,0,1,0,,0,0,0.0,23,3,1,2,,0,40 05:11.557,,0,75 02:10.733,8,0,0,0,67301,0,0,0,N,0,0,0,2,67301,0,,1,9,,N,N,,0,,0,0,0,0,0,,2310,1,2,0,0,0,1,0,3,4,1,2,7,,N,,,,,,,,,,,
2020055850,2013.0,1,0,0,0,0,0,0,0,0,2,0,,67,7,2020,4,39.9864,-75.1696,2013.0,6,0,0,0,0,0,0,0,0,,0,0,0.0,20,1,1,2,,0,39 59:11.054,,0,75 10:10.603,3,0,0,0,67301,0,0,0,N,0,0,0,2,67301,0,,1,1,,N,N,,0,,1,0,0,3,2,,2010,1,2,0,0,0,0,0,3,4,0,2,3,3.0,N,,,,,,,,,,,
2020036670,1900.0,2,0,0,0,0,0,0,0,0,1,0,,67,5,2020,7,40.0332,-75.1159,1900.0,6,0,0,0,0,0,0,0,0,,0,0,0.0,16,1,1,0,,0,40 01:59.699,,0,75 06:57.252,8,0,0,0,67301,0,0,0,N,0,0,0,2,67301,0,,1,1,,N,N,,0,,0,0,0,0,0,,1645,1,2,0,0,0,1,0,3,4,0,2,3,3.0,N,,,,,,,,,,,
2020014639,1218.0,1,0,0,0,0,0,0,0,0,8,0,,67,2,2020,4,40.0443,-75.0541,1212.0,6,0,0,0,0,0,0,0,0,,0,0,0.0,12,1,1,1,,0,40 02:39.468,,0,75 03:14.798,3,0,0,0,67301,1,0,0,N,1,0,0,3,67301,0,,4,9,,N,N,,0,,1,0,0,3,2,,1212,1,2,0,0,0,0,0,3,4,0,1,4,4.0,N,,,,,,,,,,,
2020054129,2018.0,1,0,0,0,0,0,0,0,0,7,0,,67,7,2020,1,39.8927,-75.2232,2016.0,6,0,0,1,0,0,0,0,0,,1,0,0.0,20,4,2,0,N,1,39 53:33.700,3.0,0,75 13:23.600,1,0,0,0,67301,0,0,0,N,0,0,0,3,67301,0,2.0,3,1,2240.0,N,N,N,0,0.0,2,0,0,0,0,N,2015,2,1,1,0,1,0,0,3,4,0,1,3,3.0,N,,,,,,,,,,,
2020019872,1245.0,0,0,0,0,0,0,0,0,0,8,0,,67,2,2020,6,40.0092,-75.1508,1233.0,6,0,0,0,0,0,0,0,0,,0,0,0.0,12,1,1,0,,0,40 00:33.133,,0,75 09:02.943,3,0,0,0,67301,1,0,0,N,1,0,0,2,67301,0,,1,9,,N,N,,0,,1,0,0,0,0,,1233,1,2,0,0,0,0,0,3,4,0,1,7,,N,,,,,,,,,,,
2020046154,1721.0,2,0,0,0,0,0,0,0,0,4,0,,67,6,2020,5,40.027,-75.1474,1721.0,6,0,0,0,0,0,1,0,0,,0,0,0.0,16,1,1,0,,0,40 01:37.184,,0,75 08:50.539,3,0,0,0,67301,0,0,0,N,0,0,0,2,67301,0,,1,99,,N,N,,0,,1,0,0,0,0,,1655,1,2,0,0,0,0,0,3,4,0,2,99,,N,,,,,,,,,,,
2020001153,1330.0,2,0,0,0,0,0,0,0,0,4,0,,67,1,2020,5,39.9573,-75.1441,1330.0,6,0,0,0,0,0,0,0,0,,0,0,0.0,13,1,2,5,,0,39 57:26.412,,2,75 08:38.875,3,0,0,0,67301,0,0,0,N,0,0,0,6,67301,0,,1,1,,N,N,,1,,2,0,1,3,2,,1330,2,5,0,0,1,0,0,3,4,1,5,3,3.0,N,,,,,,,,,,,
2020017476,1955.0,2,0,0,0,0,0,0,0,0,1,0,,67,1,2020,2,39.8924,-75.2245,1944.0,6,0,0,0,0,0,1,0,0,,0,0,0.0,19,3,0,0,,2,39 53:32.587,2.0,0,75 13:27.699,0,0,0,0,67301,0,0,0,N,0,0,0,3,68K01,0,,1,1,,N,N,,0,,0,0,0,0,0,N,1942,0,2,0,0,0,0,0,3,4,0,2,3,3.0,N,,,,,,,,,,,
2020001968,58.0,1,0,0,0,0,0,0,0,0,4,0,,67,1,2020,1,39.9714,-75.1644,56.0,6,0,0,0,0,1,0,0,0,,0,0,0.0,0,3,3,1,,2,39 58:17.050,2.0,0,75 09:51.958,3,0,0,0,67301,0,0,0,N,0,0,0,4,67301,0,,1,9,,N,N,,0,,3,0,1,3,3,N,50,3,2,0,0,0,0,0,3,4,0,2,3,3.0,N,,,,,,,,,,,
2020013648,108.0,1,0,0,0,0,0,0,0,0,4,0,,67,2,2020,2,40.0247,-75.1706,106.0,6,0,0,0,0,0,0,0,0,,0,0,0.0,1,3,2,1,,2,40 01:28.829,5.0,0,75 10:14.015,2,0,0,0,67301,0,0,0,N,0,0,0,2,67301,0,,1,9,,N,N,,0,,1,1,1,9,3,Y,106,2,2,0,0,0,0,0,3,4,0,2,3,3.0,N,,,,,,,,,,,
2020033183,916.0,2,0,0,0,0,0,0,0,0,1,0,,67,4,2020,5,40.0964,-74.971,910.0,6,0,0,0,0,0,0,0,0,,0,0,0.0,9,1,1,3,,0,40 05:47.319,,0,74 58:15.495,8,0,0,0,67301,0,0,0,N,0,0,0,2,67301,0,,1,1,,N,Y,,0,,0,0,0,3,2,,910,1,2,0,0,0,1,0,3,4,0,2,3,3.0,N,,,,,,,,,,,
2020013526,1713.0,2,0,0,0,0,0,0,0,0,4,0,,67,2,2020,3,39.9792,-75.1618,1713.0,6,0,0,0,0,0,0,0,0,,0,0,0.0,17,3,0,1,,1,39 58:45.093,6.0,0,75 09:42.531,9,0,0,0,67301,0,0,0,N,0,0,0,4,67505,0,,1,1,,N,N,,0,,0,0,0,3,3,Y,1713,0,2,0,0,0,0,2,3,4,0,2,3,3.0,N,,,,,,,,,,,
2020055880,2359.0,0,0,0,0,0,0,0,0,0,0,0,,67,7,2020,1,40.0316,-75.0536,2357.0,6,0,0,0,0,0,0,0,0,,0,0,0.0,23,3,2,0,,1,40 01:53.721,2.0,0,75 03:12.843,3,0,0,1,67301,0,0,0,N,0,0,0,2,67301,1,,9,9,,N,N,,0,,1,0,0,0,0,N,2356,2,1,0,0,0,0,0,3,4,0,1,7,,N,,,,,,,,,,,
2020054788,1821.0,0,0,0,0,0,0,0,0,0,6,0,,67,7,2020,3,40.0324,-75.1824,1820.0,6,0,0,0,0,0,0,0,0,,0,0,0.0,18,1,0,0,,2,40 01:56.680,5.0,0,75 10:56.680,0,0,0,0,67301,0,0,0,N,0,0,0,0,67301,0,,1,1,,N,N,,1,,0,0,1,0,0,N,1815,0,2,0,0,0,0,0,3,4,0,2,3,,N,,,,,,,,,,,
2020016662,2200.0,2,0,0,0,0,0,0,0,0,4,0,,67,2,2020,2,40.0259,-75.1231,2200.0,6,0,0,0,0,0,0,0,0,,0,0,0.0,15,1,1,1,,0,40 01:33.397,,0,75 07:23.277,3,0,0,0,67301,0,0,0,N,0,0,0,3,67301,0,,1,99,,N,N,,0,,1,0,0,9,2,,1545,1,2,0,0,0,0,2,3,4,0,2,3,,N,,,,,,,,,,,
2020054458,1046.0,1,0,0,0,0,0,0,0,0,4,0,,67,7,2020,6,40.0122,-75.1099,1046.0,6,0,0,0,0,0,0,0,0,,0,1,0.0,10,1,2,0,,9,40 00:43.950,,7,75 06:35.640,3,0,0,0,67301,0,0,0,N,0,0,0,4,67301,0,,1,9,,N,N,,0,,2,0,0,0,0,U,1013,2,2,0,0,0,0,0,3,4,0,2,7,,N,,,,,,,,,,,
2020014063,750.0,0,0,0,0,0,0,0,0,0,4,0,,67,2,2020,2,40.0089,-75.0719,746.0,6,0,0,0,0,0,0,0,0,,0,0,0.0,7,1,0,5,,0,40 00:32.070,,0,75 04:19.257,0,0,0,0,67301,0,0,0,N,0,0,0,2,67301,0,,1,1,,N,N,,0,,0,0,2,3,2,,738,0,2,0,0,2,0,0,3,4,0,2,3,3.0,N,,,,,,,,,,,
2020014349,1730.0,1,0,0,0,0,0,0,0,0,4,0,,67,2,2020,4,39.9169,-75.216,1715.0,6,0,0,0,0,0,2,0,0,,0,0,0.0,13,1,0,2,,0,39 55:01.131,,0,75 12:57.219,0,0,0,0,67301,0,0,0,N,0,0,0,2,67301,0,,1,99,,N,N,,0,,0,0,1,3,2,,1330,0,2,0,0,0,0,0,3,4,0,2,3,7.0,N,,,,,,,,,,,
2020055293,155.0,2,0,0,0,0,0,0,0,0,4,0,,67,7,2020,6,40.0631,-75.0516,150.0,6,0,0,0,0,0,0,1,0,,1,0,0.0,1,3,1,1,,0,40 03:47.155,,0,75 03:05.894,1,0,0,0,67301,0,0,0,N,0,0,0,3,67301,0,2.0,1,1,,N,N,Y,0,0.0,0,1,0,3,2,,145,1,2,0,0,0,0,1,3,4,0,2,3,,N,,,,,,,,,,,
2020013228,1750.0,1,0,0,0,0,0,0,0,0,4,0,,67,2,2020,2,40.0578,-75.0087,1749.0,6,0,0,0,0,0,0,0,0,,0,0,0.0,17,3,0,1,,0,40 03:28.059,,0,75 00:31.473,0,0,0,0,67301,0,0,0,N,0,0,0,2,67301,0,,1,1,,N,N,,0,,0,0,1,3,2,,1748,0,2,0,0,0,0,0,3,4,0,2,3,3.0,N,,,,,,,,,,,
2020014798,2129.0,1,0,0,0,0,0,0,0,0,4,0,,67,2,2020,5,39.9505,-75.2351,2129.0,6,0,0,0,0,0,0,0,0,,0,0,0.0,21,3,0,1,,0,39 57:01.663,,0,75 14:06.190,0,0,0,0,67301,1,0,0,N,0,0,0,3,67301,0,,1,9,,N,N,,0,,0,0,0,3,3,,2127,0,3,0,0,0,0,0,3,4,2,3,4,7.0,N,,,,,,,,,,,
2020055502,1338.0,1,0,0,0,0,0,0,0,0,1,0,,67,7,2020,6,40.0024,-75.1222,1333.0,6,0,0,1,0,0,0,0,0,,0,0,0.0,11,1,1,2,,1,40 00:08.600,4.0,0,75 07:19.995,4,0,0,0,67301,0,0,0,N,0,0,0,1,67301,1,,1,9,,N,N,,0,,0,0,0,0,0,N,1148,1,2,0,0,0,0,0,3,4,0,2,7,7.0,N,,,,,,,,,,,
2020014981,2020.0,1,0,0,0,0,0,0,0,0,4,0,,67,2,2020,5,40.0448,-75.0175,2014.0,6,0,0,0,0,1,0,0,0,,0,0,0.0,20,3,0,2,,0,40 02:41.445,,0,75 01:02.862,0,0,0,0,67301,0,0,0,N,0,0,0,2,67301,0,,1,9,,N,N,,0,,0,0,2,3,2,,2000,0,3,0,0,0,0,0,3,4,0,3,7,,N,,,,,,,,,,,
2020054786,1054.0,2,0,0,0,0,0,0,0,0,4,0,,67,7,2020,1,39.9697,-75.1416,1053.0,6,0,0,0,0,0,1,0,0,,1,0,0.0,10,1,0,1,,0,39 58:11.234,,0,75 08:29.242,1,1,0,1,67301,0,0,0,N,0,0,0,2,67301,0,2.0,1,1,,N,N,N,0,0.0,0,0,0,3,2,,1049,0,3,0,0,0,0,0,3,4,0,3,3,3.0,N,,,,,,,,,,,
2020014883,2203.0,2,0,0,0,0,0,0,0,0,4,0,,67,2,2020,4,40.0666,-75.1587,2203.0,6,0,0,0,0,0,1,0,0,,0,0,0.0,22,6,1,2,,0,40 03:59.612,,0,75 09:31.227,3,0,0,0,67301,0,0,0,N,0,0,0,3,67301,0,,1,1,,N,N,,0,,1,0,0,3,3,,2203,1,3,0,0,0,0,1,3,4,0,3,3,,N,,,,,,,,,,,
2020013581,511.0,3,0,0,0,0,0,0,0,0,2,0,,67,2,2020,2,40.0072,-75.1029,508.0,6,0,0,0,0,0,0,0,0,,0,0,0.0,5,5,0,0,,0,40 00:25.940,,0,75 06:10.600,0,0,0,0,67301,0,0,0,N,0,0,0,1,67301,0,,6,1,,N,N,,0,,0,0,2,0,0,,505,0,6,0,0,1,0,0,3,4,1,6,3,3.0,N,,,,,,,,,,,
2020056181,2009.0,1,0,0,0,0,0,0,0,0,2,0,,67,7,2020,4,40.0439,-75.1802,2006.0,6,0,0,0,0,0,0,0,0,,0,0,0.0,20,4,1,0,,0,40 02:37.949,,0,75 10:48.769,3,0,0,1,67301,0,0,0,N,0,0,0,2,67301,0,,5,1,,N,N,,0,,1,0,0,9,2,,2006,1,2,0,0,0,0,0,3,4,0,2,3,3.0,N,,,,,,,,,,,
2020013820,821.0,1,0,0,0,0,0,0,0,0,8,0,,67,2,2020,4,40.0198,-75.1267,812.0,6,0,0,0,0,0,0,0,0,,0,0,0.0,8,1,1,0,,0,40 01:11.380,,0,75 07:36.140,3,0,0,0,67301,1,0,0,N,1,0,0,2,67301,0,,1,9,,N,N,,0,,1,0,0,0,0,,800,1,2,0,0,1,0,0,3,4,0,1,7,,N,,,,,,,,,,,
2020015161,2.0,3,0,0,0,0,0,0,0,0,4,0,,67,2,2020,6,40.0246,-75.1306,2358.0,6,0,0,0,0,0,0,0,0,,0,0,0.0,23,3,0,1,,1,40 01:28.473,2.0,0,75 07:49.998,9,0,0,0,67301,0,0,0,N,0,0,0,3,67301,0,,1,1,,N,N,,1,,0,0,1,3,2,N,2358,0,5,0,0,0,0,3,3,4,0,5,3,,N,,,,,,,,,,,
2020017360,2329.0,1,0,0,0,0,0,0,0,0,1,0,,67,2,2020,6,39.9681,-75.1601,2320.0,6,0,0,1,0,0,1,0,0,,0,0,0.0,23,3,5,1,,2,39 58:05.215,1.0,0,75 09:36.336,3,0,0,0,67301,0,0,0,N,0,0,0,6,67301,0,,1,1,,N,N,,0,,5,0,0,3,3,Y,2300,5,2,0,0,0,0,0,3,4,1,2,3,3.0,N,,,,,,,,,,,
2020012668,1553.0,2,0,0,0,0,0,0,0,0,1,0,,67,2,2020,1,40.0764,-75.0819,1542.0,6,0,0,0,0,0,2,1,0,,0,0,0.0,14,1,1,0,,0,40 04:35.095,,0,75 04:54.832,4,0,0,0,67301,0,0,0,N,0,0,0,3,67301,1,,1,9,,N,N,,0,,0,0,1,3,2,,1400,1,3,0,0,0,0,0,3,4,0,3,7,,N,,,,,,,,,,,
2020013557,25.0,1,0,0,0,0,0,0,0,0,4,0,,67,2,2020,3,40.033,-75.0802,19.0,6,0,0,0,0,0,1,0,0,,0,0,0.0,0,3,2,1,,2,40 01:58.704,2.0,0,75 04:48.893,3,0,0,0,67301,0,0,0,N,0,0,0,3,67301,0,,1,1,,N,N,,0,,2,0,0,3,1,Y,15,2,2,0,0,0,0,0,3,4,1,2,3,,N,,,,,,,,,,,
2020014887,1754.0,1,0,0,0,0,0,0,0,0,8,0,,67,2,2020,5,39.9722,-75.2449,1743.0,6,0,0,0,0,0,0,0,0,,0,0,0.0,17,3,1,1,,0,39 58:19.823,,0,75 14:41.924,3,0,0,0,67301,1,0,0,N,1,0,0,2,67301,0,,1,9,,N,N,,0,,1,0,0,3,2,,1743,1,2,0,0,0,0,0,3,4,0,1,7,,N,,,,,,,,,,,
2020014825,1941.0,1,0,0,0,0,0,0,0,0,4,0,,67,2,2020,6,39.9837,-75.2343,1939.0,6,0,0,0,0,0,1,0,0,,0,0,0.0,17,3,3,3,,2,39 59:01.492,6.0,0,75 14:03.533,3,0,0,0,67301,0,0,0,N,0,0,0,3,67301,0,,1,1,,N,N,,0,,3,0,1,3,3,Y,1730,3,2,0,0,0,0,0,3,4,0,2,3,,N,,,,,,,,,,,
2020029288,1648.0,1,0,0,0,0,0,0,0,0,1,0,,67,2,2020,5,39.9827,-75.0993,1620.0,6,0,0,0,0,0,0,0,0,,0,0,0.0,16,1,0,0,,0,39 58:57.816,,0,75 05:57.320,0,0,0,0,67301,0,0,0,N,0,0,0,2,68K01,0,,1,9,,N,N,,0,,0,0,0,0,0,,1618,0,2,0,0,0,0,0,3,4,1,2,7,,N,,,,,,,,,,,
2020012778,230.0,1,0,0,0,0,0,0,0,0,1,0,,67,2,2020,2,40.0577,-75.0571,211.0,6,0,0,0,0,0,0,0,0,,0,0,0.0,2,3,1,0,,0,40 03:27.590,,0,75 03:25.460,4,0,0,0,67301,0,0,0,N,0,0,0,1,67301,1,,6,9,,N,N,,0,,0,0,1,9,3,,200,1,2,0,0,0,0,0,3,4,0,2,3,3.0,N,,,,,,,,,,,
2020036826,1211.0,0,0,0,0,0,0,0,0,0,8,0,,67,5,2020,2,39.9463,-75.238,1210.0,6,0,0,0,0,0,0,0,0,,0,1,0.0,12,1,1,2,,0,39 56:46.736,,0,75 14:16.867,8,0,0,0,67301,1,0,0,N,1,0,0,2,67301,0,,1,1,,N,N,,0,,0,0,0,3,2,,1209,1,2,0,0,0,1,0,3,4,0,1,3,3.0,N,,,,,,,,,,,
2020013975,2109.0,1,0,0,0,0,0,0,0,0,4,0,,67,2,2020,3,39.9791,-75.2391,2107.0,6,0,0,0,0,0,1,0,0,,0,0,0.0,20,3,1,1,,0,39 58:44.601,,0,75 14:20.842,3,0,0,0,67301,0,0,0,N,0,0,0,2,67301,0,,1,1,,N,N,,0,,1,0,2,3,3,,2027,1,3,0,0,0,0,0,3,4,0,3,4,4.0,N,,,,,,,,,,,
2020013818,722.0,2,0,0,0,0,0,0,0,0,4,0,,67,2,2020,3,39.9827,-75.227,720.0,6,0,0,0,0,0,0,0,0,,0,0,0.0,7,1,1,3,,1,39 58:57.545,1.0,0,75 13:37.336,3,0,0,0,67301,0,0,0,N,0,0,0,3,67301,0,,1,9,,N,N,,0,,1,0,1,3,2,Y,719,1,3,0,0,0,0,1,3,4,0,3,7,4.0,N,,,,,,,,,,,
2020020214,1826.0,1,0,0,0,0,0,0,0,0,1,0,,67,2,2020,1,39.9769,-75.1982,1820.0,6,0,0,0,0,0,2,0,0,3.0,0,0,0.0,18,3,4,0,N,1,39 58:36.701,3.0,0,75 11:53.499,4,0,0,0,67301,0,0,0,N,0,0,0,17,68K01,4,,1,1,9999.0,N,N,N,0,,0,0,4,0,0,N,1813,4,5,0,0,0,0,0,3,4,0,5,3,,N,,,,,,,,,,,
2020056474,250.0,3,0,0,0,0,0,0,0,0,4,0,,67,7,2020,6,40.0443,-75.1469,250.0,6,0,0,0,0,0,0,0,0,,0,0,0.0,2,3,0,0,,0,40 02:39.350,,0,75 08:48.900,9,0,0,0,67301,0,0,0,N,0,0,0,1,67301,0,,1,1,,N,N,,0,,0,0,0,0,0,,250,0,3,0,0,0,0,1,3,4,0,3,3,,N,,,,,,,,,,,
2020013972,2115.0,1,0,0,0,0,0,0,0,0,8,0,,67,2,2020,3,40.0514,-75.1745,2109.0,6,0,0,0,0,0,0,0,0,,0,0,0.0,20,3,1,0,,0,40 03:05.219,,0,75 10:28.358,3,0,0,0,67301,1,0,0,N,1,0,0,2,67301,0,,1,9,,N,N,,0,,1,0,0,0,0,,2014,1,2,0,0,0,0,0,3,4,0,1,7,,N,,,,,,,,,,,
2020055008,2046.0,0,0,0,1,1,0,0,0,0,99,0,,67,7,2020,1,40.0037,-75.1874,2042.0,6,0,0,0,0,0,0,0,0,,1,0,0.0,20,3,0,0,N,0,40 00:13.370,,0,75 11:14.512,1,0,0,0,67301,1,1,0,N,0,0,0,2,67301,0,2.0,2,1,,N,N,N,0,0.0,0,0,0,0,0,,2037,0,2,0,0,0,0,1,3,4,0,1,3,,N,,,,,,,,,,,
2020013141,31.0,2,0,0,0,0,0,0,0,0,4,0,,67,2,2020,2,40.0119,-75.1506,25.0,6,0,0,0,0,0,0,0,0,,0,0,0.0,0,3,0,0,,0,40 00:42.681,,0,75 09:02.034,0,0,0,0,67301,0,0,0,N,0,0,0,3,67301,0,,1,1,,N,N,,0,,0,0,1,9,9,,10,0,3,0,0,0,0,0,3,4,0,3,3,4.0,N,,,,,,,,,,,
2020015377,1636.0,1,0,0,0,0,0,0,0,0,7,0,,67,2,2020,5,39.9197,-75.202,1622.0,6,0,0,0,0,0,0,0,0,,0,0,0.0,16,3,0,0,,0,39 55:11.047,,3,75 12:07.249,0,0,0,0,67301,0,0,0,N,0,0,0,1,67301,0,,4,9,,N,N,,0,,0,0,0,0,0,,1600,0,1,0,0,0,0,0,3,4,0,1,7,,N,,,,,,,,,,,
2020014346,405.0,0,0,0,0,0,0,0,0,0,98,0,,67,2,2020,3,39.8928,-75.2229,401.0,6,0,0,0,0,0,1,0,0,,0,0,0.0,3,6,0,0,,0,39 53:33.969,,3,75 13:22.493,0,0,0,0,67301,0,0,0,N,0,0,0,1,67301,0,,1,1,,N,N,,0,,0,0,1,9,9,,345,0,1,0,0,0,0,0,3,4,0,1,3,3.0,N,,,,,,,,,,,
2020014789,1625.0,0,0,0,0,0,0,0,0,0,8,0,,67,2,2020,6,40.0865,-75.0393,1622.0,6,0,0,0,0,0,0,0,0,,0,0,0.0,16,1,1,0,N,0,40 05:11.530,,7,75 02:21.539,8,0,0,0,67301,1,0,0,N,1,0,0,2,67301,0,,1,9,,N,N,N,0,,0,0,1,0,0,,1620,1,2,0,0,0,1,0,3,4,0,1,7,,N,,,,,,,,,,,
2020013974,1309.0,1,0,0,0,0,0,0,0,0,4,0,,67,2,2020,3,39.9701,-75.2374,1308.0,6,0,0,0,0,0,1,0,0,,0,0,0.0,13,1,2,1,,0,39 58:12.525,,0,75 14:14.801,3,0,0,0,67301,0,0,0,N,0,0,0,2,67301,0,,1,98,,N,N,,0,,2,0,1,3,2,,1300,2,2,0,0,2,0,0,3,4,0,2,3,3.0,N,,,,,,,,,,,
2020015771,238.0,4,0,0,0,0,0,0,0,0,1,0,,67,2,2020,7,40.038,-75.0498,236.0,6,0,0,0,0,0,0,0,0,,0,0,0.0,2,3,0,0,,0,40 02:16.840,,0,75 02:59.170,0,0,0,0,67301,0,0,0,N,0,0,0,1,67301,0,,1,1,,N,N,,0,,0,0,0,9,9,,234,0,4,0,0,0,0,0,3,4,0,4,3,3.0,N,,,,,,,,,,,
2020038097,1616.0,0,0,0,1,0,0,0,0,0,4,0,,67,2,2020,3,40.0039,-75.0999,1612.0,6,0,0,0,0,0,0,0,0,,0,0,0.0,16,1,1,0,,0,40 00:14.130,,0,75 05:59.660,3,0,0,0,67301,1,0,0,N,0,0,0,2,67301,0,,1,1,,N,N,,0,,1,0,0,0,0,,1600,1,2,0,0,1,0,0,3,4,1,1,3,3.0,N,,,,,,,,,,,
2020030723,1645.0,1,0,0,0,0,0,0,0,0,4,0,,67,2,2020,3,39.9581,-75.1505,1640.0,6,0,0,0,0,0,0,0,0,,0,0,0.0,16,4,0,1,,0,39 57:29.275,,0,75 09:01.648,0,0,0,0,67301,0,0,0,N,0,0,0,2,67301,0,,1,1,,N,N,,0,,0,0,1,9,9,,1630,0,2,0,0,0,0,0,3,4,0,2,3,3.0,N,,,,,,,,,,,
2020014828,440.0,4,0,0,0,0,0,0,0,0,5,0,,67,2,2020,5,40.0169,-75.1392,438.0,6,0,0,0,0,0,0,0,0,,0,0,0.0,4,3,0,0,,0,40 01:00.710,,0,75 08:21.060,0,0,0,0,67301,0,0,0,N,0,0,0,1,67301,0,,6,9,,N,N,,0,,0,0,0,0,0,,430,0,5,0,0,0,0,0,3,4,1,5,7,,N,,,,,,,,,,,
2020014983,1327.0,1,0,0,0,0,0,0,0,0,7,0,,67,2,2020,6,40.0181,-75.1683,1318.0,6,0,0,0,0,0,0,0,0,,0,0,0.0,11,8,1,3,,0,40 01:05.041,,2,75 10:05.708,3,0,0,0,67301,0,0,0,N,0,0,0,1,67301,0,,5,9,,N,N,,0,,1,0,0,0,0,,1156,1,1,0,0,0,0,0,3,4,0,1,7,,N,,,,,,,,,,,
2020028010,1359.0,0,0,0,0,0,0,0,0,0,7,0,,67,2,2020,6,39.9736,-75.1194,1345.0,6,0,0,0,0,0,0,0,0,,0,0,0.0,13,1,0,0,,0,39 58:26.876,,0,75 07:05.651,0,0,0,0,67301,0,0,0,N,0,0,0,1,68K01,0,,4,1,,N,N,,0,,0,0,1,0,0,,1329,0,1,0,0,0,0,0,3,4,0,1,3,3.0,N,,,,,,,,,,,
2020020354,41.0,1,0,0,0,0,0,0,0,0,7,0,,67,2,2020,5,39.888,-75.2036,33.0,6,0,0,0,0,0,0,0,0,,0,0,0.0,0,3,0,0,,1,39 53:20.201,2.0,3,75 12:08.456,0,0,0,0,67301,0,0,0,N,0,0,0,2,68K01,0,,4,9,,N,N,,0,,0,0,0,0,0,N,32,0,1,0,0,0,0,0,3,4,0,1,7,,N,,,,,,,,,,,