CRN,ARRIVAL_TM,AUTOMOBILE_COUNT,BELTED_DEATH_COUNT,BELTED_SUSP_SERIOUS_INJ_COUNT,BICYCLE_COUNT,BICYCLE_DEATH_COUNT,BICYCLE_SUSP_SERIOUS_INJ_COUNT,BUS_COUNT,CHLDPAS_DEATH_COUNT,CHLDPAS_SUSP_SERIOUS_INJ_COUNT,COLLISION_TYPE,COMM_VEH_COUNT,CONS_ZONE_SPD_LIM,COUNTY,CRASH_MONTH,CRASH_YEAR,DAY_OF_WEEK,DEC_LAT,DEC_LONG,DISPATCH_TM,DISTRICT,DRIVER_COUNT_16YR,DRIVER_COUNT_17YR,DRIVER_COUNT_18YR,DRIVER_COUNT_19YR,DRIVER_COUNT_20YR,DRIVER_COUNT_50_64YR,DRIVER_COUNT_65_74YR,DRIVER_COUNT_75PLUS,EST_HRS_CLOSED,FATAL_COUNT,HEAVY_TRUCK_COUNT,HORSE_BUGGY_COUNT,HOUR_OF_DAY,ILLUMINATION,INJURY_COUNT,INTERSECT_TYPE,INTERSECTION_RELATED,LANE_CLOSED,LATITUDE,LN_CLOSE_DIR,LOCATION_TYPE,LONGITUDE,MAX_SEVERITY_LEVEL,MCYCLE_DEATH_COUNT,MCYCLE_SUSP_SERIOUS_INJ_COUNT,MOTORCYCLE_COUNT,MUNICIPALITY,NONMOTR_COUNT,NONMOTR_DEATH_COUNT,NONMOTR_SUSP_SERIOUS_INJ_COUNT,NTFY_HIWY_MAINT,PED_COUNT,PED_DEATH_COUNT,PED_SUSP_SERIOUS_INJ_COUNT,PERSON_COUNT,POLICE_AGCY,POSSIBLE_INJ_COUNT,RDWY_SURF_TYPE_CD,RELATION_TO_ROAD,ROAD_CONDITION,ROADWAY_CLEARED,SCH_BUS_IND,SCH_ZONE_IND,SECONDARY_CRASH,SMALL_TRUCK_COUNT,SPEC_JURIS_CD,SUSP_MINOR_INJ_COUNT,SUSP_SERIOUS_INJ_COUNT,SUV_COUNT,TCD_FUNC_CD,TCD_TYPE,TFC_DETOUR_IND,TIME_OF_DAY,TOT_INJ_COUNT,TOTAL_UNITS,UNB_DEATH_COUNT,UNB_SUSP_SERIOUS_INJ_COUNT,UNBELTED_OCC_COUNT,UNK_INJ_DEG_COUNT,UNK_INJ_PER_COUNT,URBAN_AREA,URBAN_RURAL,VAN_COUNT,VEHICLE_COUNT,WEATHER1,WEATHER2,WORK_ZONE_IND,WORK_ZONE_LOC,WORK_ZONE_TYPE,WORKERS_PRES,WZ_CLOSE_DETOUR,WZ_FLAGGER,WZ_LAW_OFFCR_IND,WZ_LN_CLOSURE,WZ_MOVING,WZ_OTHER,WZ_SHLDER_MDN,WZ_WORKERS_INJ_KILLED
2020013649,1552.0,1,0,0,0,0,0,0,0,0,8,0,,67,2,2020,2,40.0254,-75.1699,1552.0,6,0,0,0,0,0,0,0,0,,0,0,0.0,15,1,1,2,,2,40 01:31.375,1.0,0,75 10:11.686,3,0,0,0,67301,1,0,0,N,1,0,0,3,67301,0,,1,1,,N,N,,0,,1,0,0,0,0,Y,1537,1,2,0,0,2,0,0,3,4,0,1,3,3.0,N,,,,,,,,,,,
2020055969,829.0,0,0,0,0,0,0,0,0,0,5,0,,67,7,2020,2,40.0368,-75.0627,829.0,6,0,0,0,0,0,0,0,0,,0,0,0.0,22,3,1,0,,0,40 02:12.480,,0,75 03:45.780,3,0,0,0,67301,0,0,0,N,0,0,0,1,67301,0,,1,1,,N,N,,0,,1,0,1,0,0,,2253,1,2,0,0,0,0,0,3,4,0,2,3,,N,,,,,,,,,,,
2020023912,58.0,0,0,0,0,0,0,0,0,0,7,0,,67,2,2020,5,39.9592,-75.1808,42.0,6,0,0,0,0,0,0,0,0,2.0,0,0,0.0,0,3,1,0,N,2,39 57:33.271,3.0,0,75 10:50.755,8,0,0,0,67301,0,0,0,N,0,0,0,1,68K01,0,,4,9,9999.0,N,N,N,0,,0,0,1,0,0,N,40,1,1,0,0,0,1,0,3,4,0,1,7,,N,,,,,,,,,,,
2020013971,2310.0,3,0,0,0,0,0,0,0,0,1,0,,67,2,2020,4,40.0955,-75.0468,2303.0,6,0,0,0,0,0,1,0,0,,0,0,0.0,22,3,1,0,,0,40 05:43.662,,0,75 02:48.409,8,0,0,0,67301,0,0,0,N,0,0,0,2,67301,0,,1,9,,N,N,,0,,0,0,0,0,0,,2244,1,3,0,0,0,1,0,3,4,0,3,7,,N,,,,,,,,,,,
2020015150,430.0,1,0,0,0,0,0,0,0,0,7,0,,67,2,2020,5,40.026,-75.0955,417.0,6,0,0,0,0,0,0,0,0,,0,0,0.0,4,3,1,0,,1,40 01:33.650,1.0,0,75 05:44.711,8,0,0,0,67301,0,0,0,N,0,0,0,1,67301,0,,5,9,,N,N,,0,,0,0,0,0,0,N,415,1,1,0,0,0,1,0,3,4,0,1,7,7.0,N,,,,,,,,,,,
2020016285,1542.0,1,0,0,0,0,0,0,0,0,7,0,,67,2,2020,7,40.0334,-75.1509,1530.0,6,0,0,0,0,0,0,0,0,,0,0,0.0,15,1,1,0,,0,40 02:00.170,,0,75 09:03.120,3,0,0,0,67301,0,0,0,N,0,0,0,1,67301,0,,4,1,,N,N,,0,,1,0,0,0,0,,1510,1,1,0,0,0,0,0,3,4,0,1,3,,N,,,,,,,,,,,
2020014832,2030.0,0,0,0,0,0,0,0,0,0,8,0,,67,2,2020,6,40.039,-75.1444,2030.0,6,0,0,0,0,0,0,0,0,,0,0,0.0,20,3,1,0,,0,40 02:20.384,,0,75 08:39.781,3,0,0,0,67301,1,0,0,N,1,0,0,2,67301,0,,1,1,,N,N,,0,,1,0,1,3,2,,2030,1,2,0,0,0,0,0,3,4,0,1,3,3.0,N,,,,,,,,,,,
2020014225,1707.0,0,0,0,0,0,0,0,0,0,8,0,,67,2,2020,2,40.0575,-75.1493,1706.0,6,0,0,0,0,0,0,0,0,,0,0,0.0,15,1,1,1,,0,40 03:27.090,,0,75 08:57.418,3,0,0,0,67301,1,0,0,N,1,0,0,2,67301,0,,1,1,,N,N,,0,,1,0,1,3,2,,1548,1,2,0,0,1,0,0,3,4,0,1,3,3.0,N,,,,,,,,,,,
2020015272,911.0,0,0,0,0,0,0,0,0,0,4,0,,67,2,2020,2,39.9219,-75.1888,911.0,6,0,0,0,0,0,0,0,0,,0,0,0.0,9,1,2,2,,0,39 55:18.835,,0,75 11:20.628,8,0,0,0,67301,0,0,0,N,0,0,0,2,67301,0,,1,1,,N,N,,0,,0,0,2,0,0,,909,2,2,0,0,0,2,0,3,4,0,2,3,3.0,N,,,,,,,,,,,
2020013138,845.0,1,0,0,0,0,0,0,0,0,1,0,,67,2,2020,2,39.9821,-75.2395,830.0,6,0,0,0,0,0,0,0,0,,0,0,0.0,7,1,0,0,,1,39 58:55.602,3.0,0,75 14:22.214,0,0,0,0,67301,0,0,0,N,0,0,0,2,67301,0,,1,1,,N,N,,0,,0,0,1,3,2,N,745,0,2,0,0,0,0,0,3,4,0,2,3,,N,,,,,,,,,,,
2020056183,1812.0,2,0,0,0,0,0,0,0,0,5,0,,67,7,2020,5,40.0255,-75.1224,1802.0,6,0,0,0,0,0,0,0,0,,0,0,0.0,17,1,0,0,,0,40 01:31.839,,0,75 07:20.608,0,0,0,0,67301,0,0,0,N,0,0,0,1,67301,0,,1,1,,N,N,,0,,0,0,0,3,2,,1738,0,2,0,0,0,0,0,3,4,0,2,3,3.0,N,,,,,,,,,,,
2020012899,830.0,1,0,0,0,0,0,0,0,0,8,0,,67,2,2020,2,39.9172,-75.2463,830.0,6,0,0,0,0,0,0,0,0,,0,0,0.0,8,1,1,1,,0,39 55:01.859,,0,75 14:46.691,8,0,0,0,67301,1,0,0,N,1,0,0,2,67301,0,,1,1,,N,N,,0,,0,0,0,3,2,,830,1,2,0,0,0,1,0,3,4,0,1,3,3.0,N,,,,,,,,,,,
2020054705,1234.0,1,0,0,0,0,0,0,0,0,7,0,,67,7,2020,2,40.0241,-75.0541,1224.0,6,0,0,0,0,0,0,0,0,,0,0,0.0,12,1,1,2,,0,40 01:26.907,,0,75 03:14.598,8,0,0,0,67301,0,0,0,N,0,0,0,1,67301,0,,4,9,,N,N,,0,,0,0,0,0,0,,1220,1,1,0,0,0,1,0,3,4,0,1,7,8.0,N,,,,,,,,,,,
2020046932,2255.0,2,0,0,0,0,0,0,0,0,4,0,,67,6,2020,2,39.9546,-75.226,2255.0,6,0,0,0,0,1,0,0,0,,0,0,0.0,22,3,1,1,,0,39 57:16.533,,0,75 13:33.583,3,0,0,0,67301,0,0,0,N,0,0,0,1,67301,0,,1,1,,N,N,,0,,1,0,0,3,2,,2250,1,2,0,0,0,0,0,3,4,0,2,3,3.0,N,,,,,,,,,,,
2020004004,210.0,0,0,0,0,0,0,0,0,0,5,0,,67,1,2020,2,40.0249,-75.0817,152.0,6,0,0,0,0,0,0,0,0,,0,0,0.0,23,2,0,0,,2,40 01:29.690,1.0,0,75 04:54.220,0,0,0,0,67301,0,0,0,N,0,0,0,1,67301,0,,6,1,,N,N,,0,,0,0,1,0,0,Y,2316,0,2,0,0,0,0,0,3,4,1,2,3,3.0,N,,,,,,,,,,,
2020001644,1025.0,1,0,0,0,0,0,0,0,0,4,0,,67,1,2020,1,39.9212,-75.1453,1022.0,6,0,0,0,0,0,0,0,0,,0,0,0.0,10,1,1,0,,0,39 55:16.426,,7,75 08:43.231,3,0,0,0,67301,0,0,0,N,0,0,0,2,67301,0,,1,1,,N,N,,0,,1,0,2,0,0,,1022,1,3,0,0,0,0,0,3,4,0,3,4,3.0,N,,,,,,,,,,,
2020003419,1619.0,0,0,0,0,0,0,0,0,0,4,0,,67,1,2020,2,39.9597,-75.2352,1618.0,6,0,1,0,0,0,0,0,0,,0,0,0.0,16,1,1,1,,0,39 57:35.009,,0,75 14:06.680,3,0,0,1,67301,0,0,0,N,0,0,0,2,67301,0,,1,1,,N,N,,0,,1,0,1,3,2,,1610,1,2,0,0,0,0,0,3,4,0,2,3,3.0,N,,,,,,,,,,,
2020010019,2109.0,0,0,0,0,0,0,0,0,0,1,0,,67,1,2020,2,40.0221,-75.038,2050.0,6,0,0,0,0,0,0,1,0,,0,0,0.0,20,3,0,0,,1,40 01:19.594,1.0,0,75 02:16.898,0,0,0,0,67301,0,0,0,N,0,0,0,5,68K01,0,,1,1,,N,N,,0,,0,0,2,0,0,N,2048,0,2,0,0,0,0,0,3,4,0,2,3,,N,,,,,,,,,,,
2020014885,943.0,1,0,0,0,0,0,0,0,0,4,0,,67,2,2020,6,40.0252,-75.0627,937.0,6,0,0,0,0,0,1,0,0,,0,0,0.0,9,1,1,1,,0,40 01:30.385,,0,75 03:46.180,3,0,0,0,67301,0,0,0,N,0,0,0,3,67301,0,,1,9,,N,N,,0,,1,0,1,3,1,,929,1,2,0,0,0,0,0,3,4,0,2,7,,N,,,,,,,,,,,
2020014947,1544.0,1,0,0,0,0,0,0,0,0,5,1,,67,2,2020,6,39.9568,-75.1547,1529.0,6,0,0,0,1,0,0,0,0,,0,1,0.0,14,1,0,0,,2,39 57:24.579,3.0,0,75 09:17.007,0,0,0,0,67301,0,0,0,N,0,0,0,3,68K01,0,,1,9,,N,N,,0,,0,0,1,0,0,N,1455,0,3,0,0,0,0,0,3,4,0,3,7,6.0,N,,,,,,,,,,,
2020013140,1959.0,2,0,0,0,0,0,0,0,0,4,0,,67,2,2020,2,39.9827,-75.227,1951.0,6,0,0,0,0,0,1,0,0,,0,0,0.0,19,3,5,3,,1,39 58:57.545,3.0,0,75 13:37.336,3,0,0,0,67301,0,0,0,N,0,0,0,6,67301,0,,1,1,,N,N,,0,,4,0,0,3,2,N,1933,5,2,0,0,0,1,0,3,4,0,2,3,,N,,,,,,,,,,,
2020055500,1715.0,0,0,0,0,0,0,0,0,0,8,0,,67,7,2020,1,39.988,-75.1823,1705.0,6,0,0,0,0,0,0,0,0,,0,0,0.0,20,3,1,2,,0,39 59:16.686,,0,75 10:56.288,3,0,0,0,67301,1,0,0,N,1,0,0,1,67301,0,,1,1,,N,N,,0,,1,0,0,3,2,,2045,1,2,0,0,0,0,0,3,4,0,1,3,3.0,N,,,,,,,,,,,
2020014479,944.0,3,0,0,0,0,0,0,0,0,1,0,,67,2,2020,4,40.0343,-75.0746,936.0,6,0,0,0,0,0,0,0,0,,0,0,0.0,9,1,1,0,,0,40 02:03.434,,0,75 04:28.389,3,0,0,0,67301,0,0,0,N,0,0,0,4,67301,0,,1,1,,N,N,,0,,1,0,1,3,2,,934,1,4,0,0,0,0,0,3,4,0,4,3,3.0,N,,,,,,,,,,,
2020012623,1232.0,2,0,0,0,0,0,0,0,0,5,0,,67,1,2020,3,39.946,-75.1422,1232.0,6,0,0,0,1,0,0,1,0,,0,0,0.0,12,1,0,0,,2,39 56:45.687,1.0,0,75 08:32.043,0,0,0,0,67301,0,0,0,N,0,0,0,3,68K01,0,,1,1,,N,N,,0,,0,0,1,0,0,N,1232,0,3,0,0,0,0,0,3,4,0,3,3,3.0,N,,,,,,,,,,,
2020005501,2337.0,1,0,0,0,0,0,0,0,0,5,0,,67,1,2020,3,40.0317,-75.0215,2329.0,6,0,0,1,0,0,0,0,0,,0,0,0.0,23,3,1,0,,2,40 01:54.142,2.0,0,75 01:17.272,3,0,0,0,67301,0,0,0,N,0,0,0,4,68K01,0,,1,9,,N,N,,0,,1,0,0,0,0,N,2317,1,2,0,0,0,0,0,3,4,1,2,3,,N,,,,,,,,,,,
2020031481,1840.0,1,0,0,0,0,0,0,0,0,7,0,,67,1,2020,7,39.9746,-75.1992,1830.0,6,0,0,0,0,0,0,0,0,,0,0,0.0,18,3,0,1,,0,39 58:29.046,,2,75 11:57.130,9,0,0,0,67301,0,0,0,N,0,0,0,2,67301,0,,4,9,,N,N,,0,,0,0,0,3,2,,1815,0,1,0,0,0,0,1,3,4,0,1,7,7.0,N,,,,,,,,,,,
2020002422,705.0,3,0,0,0,0,0,0,0,0,4,0,,67,1,2020,3,39.9587,-75.1621,700.0,6,0,0,0,0,0,1,0,0,,0,0,0.0,6,3,1,2,,0,39 57:31.362,,0,75 09:43.713,3,0,0,0,67301,0,0,0,N,0,0,0,4,67301,0,,1,1,,N,N,,0,,1,0,1,0,0,,656,1,4,0,0,0,0,0,3,4,0,4,3,3.0,N,,,,,,,,,,,
2020013561,625.0,0,0,0,0,0,0,0,0,0,8,0,,67,2,2020,2,40.0196,-75.2107,619.0,6,0,0,0,0,0,0,0,0,,0,0,0.0,6,5,1,5,,0,40 01:10.722,,0,75 12:38.416,3,0,0,0,67301,1,0,0,N,1,0,0,2,67301,0,,1,1,,N,N,,0,,1,0,1,3,2,,619,1,2,0,0,0,0,0,3,4,0,1,3,3.0,N,,,,,,,,,,,
2020054453,457.0,2,0,0,0,0,0,0,0,0,2,0,,67,7,2020,7,40.0393,-75.1848,457.0,6,0,0,0,0,0,1,0,0,,0,0,0.0,4,3,1,1,,0,40 02:21.627,,0,75 11:05.396,3,0,0,0,67301,0,0,0,N,0,0,0,1,67301,0,,1,1,,N,N,,0,,1,0,0,9,2,,455,1,2,0,0,0,0,0,3,4,0,2,3,3.0,N,,,,,,,,,,,
2020055000,1624.0,0,0,0,0,0,0,0,0,0,7,0,,67,7,2020,6,40.0977,-74.9846,1605.0,6,0,0,0,0,0,0,0,0,,0,0,0.0,16,1,1,0,N,1,40 05:51.873,4.0,0,74 59:04.535,4,0,0,0,67301,0,0,0,N,0,0,0,1,67301,1,,2,9,1636.0,N,N,N,0,,0,0,1,0,0,N,1605,1,1,0,0,0,0,0,3,4,0,1,7,,N,,,,,,,,,,,
2020015374,1049.0,1,0,0,0,0,0,0,0,0,1,0,,67,2,2020,3,39.9256,-75.1693,1025.0,6,0,0,0,0,0,2,0,0,,0,0,0.0,10,1,1,5,,0,39 55:32.265,,0,75 10:09.554,8,0,0,0,67301,0,0,0,N,0,0,0,2,67301,0,,1,9,,N,N,,0,,0,0,1,3,2,,1023,1,2,0,0,0,1,0,3,4,0,2,7,4.0,N,,,,,,,,,,,
2020014433,916.0,1,0,0,0,0,0,0,0,0,5,0,,67,2,2020,6,39.9546,-75.1938,915.0,6,0,0,0,0,0,0,0,0,,0,0,0.0,9,1,1,0,,2,39 57:16.505,3.0,0,75 11:37.535,4,0,0,0,67301,1,0,0,N,0,0,0,2,67504,1,,6,9,,N,N,,0,,0,0,1,0,0,N,914,1,2,0,0,0,0,0,3,4,0,2,7,7.0,N,,,,,,,,,,,
2020013159,705.0,0,0,0,1,0,0,0,0,0,4,0,,67,2,2020,3,39.9478,-75.1938,700.0,6,0,0,0,0,0,1,0,0,,0,0,0.0,7,3,1,2,,0,39 56:52.016,,0,75 11:37.876,3,0,0,0,67301,1,0,0,N,0,0,0,2,67504,0,,1,1,,N,N,,1,,1,0,0,3,2,N,700,1,2,0,0,0,0,0,3,4,0,1,3,3.0,N,,,,,,,,,,,
2020014824,1604.0,1,0,0,0,0,0,0,0,0,5,0,,67,2,2020,6,39.9736,-75.2262,1604.0,6,0,0,0,0,0,0,0,0,,0,0,0.0,15,1,0,0,,0,39 58:24.934,,0,75 13:34.453,0,0,0,0,67301,0,0,0,N,0,0,0,1,67301,0,,1,9,,N,N,,0,,0,0,1,0,0,,1506,0,3,0,0,0,0,0,3,4,1,3,7,4.0,N,,,,,,,,,,,
2020016052,1444.0,0,0,0,0,0,0,0,0,0,7,0,,67,2,2020,5,40.0667,-75.0027,1434.0,6,0,0,0,0,0,0,0,0,,0,0,0.0,14,1,0,2,,0,40 04:00.386,,0,75 00:10.117,0,0,0,0,67301,0,0,0,N,0,0,0,1,67301,0,,5,9,,N,N,,0,,0,0,1,3,2,,1415,0,1,0,0,0,0,0,3,4,0,1,7,7.0,N,,,,,,,,,,,
2020055592,2012.0,0,0,0,0,0,0,0,0,0,4,1,,67,7,2020,5,39.9426,-75.1571,2010.0,6,0,0,0,0,0,0,0,0,,0,1,0.0,20,4,0,1,,0,39 56:33.366,,0,75 09:25.422,0,0,0,0,67301,0,0,0,N,0,0,0,2,67301,0,,1,1,,N,N,,0,,0,0,1,3,2,,2005,0,2,0,0,2,0,0,3,4,0,2,3,3.0,N,,,,,,,,,,,
2020004415,53.0,1,0,0,0,0,0,0,0,0,5,0,,67,1,2020,4,39.9566,-75.1499,26.0,6,0,0,0,0,0,0,0,0,,0,0,0.0,0,3,0,0,,0,39 57:23.766,,2,75 08:59.614,0,0,0,0,67301,0,0,0,N,0,0,0,4,68K01,0,,1,1,,N,N,,0,,0,0,2,0,0,,22,0,3,0,0,0,0,0,3,4,0,3,3,3.0,N,,,,,,,,,,,
2020002540,1107.0,0,0,0,0,0,0,0,0,0,4,0,,67,1,2020,3,40.0315,-75.1286,1103.0,6,0,1,0,0,0,0,0,0,,0,0,0.0,10,1,2,1,,1,40 01:53.428,7.0,0,75 07:43.082,8,0,0,0,67301,0,0,0,N,0,0,0,3,67301,0,,1,1,,N,N,,0,,0,0,2,3,3,Y,1058,2,2,0,0,0,2,0,3,4,0,2,4,4.0,N,,,,,,,,,,,
2020047827,2022.0,0,0,0,0,0,0,0,0,0,4,0,,67,6,2020,4,39.9339,-75.2153,2020.0,6,0,0,0,0,0,0,0,0,,0,0,0.0,19,1,1,0,N,0,39 56:01.889,,7,75 12:55.098,3,0,0,0,67301,0,0,0,N,0,0,0,3,67301,0,,1,1,,N,N,N,0,,1,0,1,3,2,,1946,1,2,0,0,0,0,1,3,4,0,2,3,3.0,N,,,,,,,,,,,
2020000065,406.0,1,0,0,0,0,0,0,0,0,7,0,,67,1,2020,4,39.9488,-75.2126,405.0,6,0,0,0,0,0,0,0,0,,0,0,0.0,2,3,0,1,,0,39 56:55.647,,0,75 12:45.320,9,0,0,0,67301,0,0,0,N,0,0,0,1,67301,0,,4,1,,N,N,,0,,0,0,0,3,3,,259,0,1,0,0,0,0,1,3,4,0,1,3,,N,,,,,,,,,,,
2020014384,920.0,0,0,0,0,0,0,0,0,0,8,0,,67,2,2020,5,40.0345,-75.1149,911.0,6,0,0,0,0,0,0,0,0,,0,0,0.0,8,1,1,1,,0,40 02:04.023,,0,75 06:53.623,3,0,0,0,67301,1,0,0,N,1,0,0,2,67301,0,,1,9,,N,N,,0,,1,0,0,3,2,,810,1,2,0,0,0,0,0,3,4,0,1,7,,N,,,,,,,,,,,
2020015085,2150.0,1,0,0,0,0,0,0,0,1,4,0,,67,2,2020,5,39.9932,-75.1069,2145.0,6,0,0,0,0,0,0,0,0,,0,0,0.0,21,6,2,1,,0,39 59:35.462,,0,75 06:24.912,2,0,0,0,67301,0,0,0,N,0,0,0,3,67301,0,,1,9,,N,N,,0,,0,1,1,3,3,,2145,2,2,0,0,0,1,1,3,4,0,2,7,,N,,,,,,,,,,,
2020014935,1912.0,1,0,0,0,0,0,0,0,0,7,0,,67,2,2020,5,40.0409,-75.0053,1912.0,6,0,0,0,0,0,0,0,0,,0,0,0.0,19,3,0,0,,0,40 02:27.240,,0,75 00:18.943,0,0,0,0,67301,0,0,0,N,0,0,0,2,68K01,0,,4,9,,N,N,,0,,0,0,0,0,0,,1912,0,1,0,0,0,0,0,3,4,0,1,7,,N,,,,,,,,,,,
2020015388,1300.0,1,0,0,0,0,0,0,0,0,7,0,,67,2,2020,3,40.0097,-75.1185,1255.0,6,0,0,0,0,0,1,0,0,,0,0,0.0,12,1,1,0,,0,40 00:35.090,,0,75 07:06.620,3,0,0,0,67301,0,0,0,N,0,0,0,1,67301,0,,4,1,,N,N,,0,,1,0,0,0,0,,1250,1,1,0,0,1,0,0,3,4,0,1,3,3.0,N,,,,,,,,,,,
2020036334,50.0,1,0,0,0,0,0,0,0,0,7,0,,67,2,2020,5,40.0405,-75.1786,50.0,6,0,0,0,1,0,0,0,0,,0,0,0.0,0,3,1,1,,0,40 02:25.628,,0,75 10:43.047,8,0,0,0,67301,0,0,0,N,0,0,0,2,67301,0,,4,9,,N,N,,0,,0,0,0,0,0,,50,1,1,0,0,0,1,0,3,4,0,1,7,,N,,,,,,,,,,,
2020013816,1042.0,1,0,0,0,0,0,0,0,0,8,0,,67,2,2020,4,40.0318,-75.1056,1037.0,6,0,0,0,0,0,0,1,0,,0,0,0.0,10,1,1,0,,1,40 01:54.380,3.0,0,75 06:19.938,3,0,0,0,67301,1,0,0,N,1,0,0,2,67301,0,,1,1,,N,N,,0,,1,0,0,0,0,N,1036,1,2,0,0,0,0,0,3,4,0,1,4,,N,,,,,,,,,,,
2020036333,320.0,2,0,0,0,0,0,0,0,0,5,0,,67,2,2020,1,39.8947,-75.2181,309.0,6,0,0,0,1,0,1,0,0,,0,0,0.0,2,3,1,0,,0,39 53:40.890,,3,75 13:05.110,3,0,0,0,67301,0,0,0,N,0,0,0,3,67301,0,,1,9,,N,N,,0,,1,0,1,0,0,,230,1,3,0,0,0,0,0,3,4,0,3,3,3.0,N,,,,,,,,,,,
2020014891,1630.0,1,0,0,0,0,0,0,0,0,2,0,,67,2,2020,6,39.9862,-75.2261,1626.0,6,0,1,0,0,0,1,0,0,,0,0,0.0,16,1,2,0,,0,39 59:10.290,,0,75 13:33.880,3,0,0,0,67301,0,0,0,N,0,0,0,2,67301,0,,1,1,,N,N,,0,,1,0,1,9,9,,1620,2,2,0,0,1,1,0,3,4,0,2,4,,N,,,,,,,,,,,
2020014485,2055.0,0,0,0,0,0,0,0,0,0,8,0,,67,2,2020,4,39.9704,-75.149,2050.0,6,0,0,0,0,0,0,0,0,,0,0,0.0,20,3,1,1,,0,39 58:13.897,,0,75 08:55.980,3,0,0,0,67301,1,0,0,N,1,0,0,2,67301,0,,1,1,,N,N,,0,,1,0,0,9,2,,2040,1,2,0,0,0,0,0,3,4,0,1,3,3.0,N,,,,,,,,,,,
2020014344,1615.0,1,0,0,0,0,0,0,0,0,1,0,,67,2,2020,5,39.955,-75.1527,1610.0,6,0,0,0,0,0,1,0,0,,0,0,0.0,16,3,1,0,,0,39 57:18.170,,0,75 09:09.818,3,0,0,0,67301,0,0,0,N,0,0,0,2,67301,0,,1,9,,N,N,,0,,1,0,1,3,2,,1600,1,2,0,0,2,0,0,3,4,0,2,7,4.0,N,,,,,,,,,,,
2020015884,241.0,1,0,0,0,0,0,0,0,0,4,0,,67,2,2020,6,40.0189,-75.1472,241.0,6,0,0,0,0,0,0,0,0,,0,0,0.0,2,3,2,1,,1,40 01:08.061,1.0,0,75 08:50.029,3,0,0,0,67301,0,0,0,N,0,0,0,3,67301,0,,1,9,,N,N,,0,,2,0,1,3,2,N,235,2,2,0,0,0,0,0,3,4,0,2,7,7.0,N,,,,,,,,,,,
2020013142,108.0,1,0,0,0,0,0,0,0,0,7,0,,67,2,2020,2,40.0003,-75.1445,105.0,6,0,0,0,0,0,1,0,0,,0,0,0.0,1,3,1,3,,0,40 00:01.134,,0,75 08:40.268,8,0,0,0,67301,0,0,0,N,0,0,0,1,67301,0,,5,1,,N,N,,0,,0,0,1,9,9,,104,1,2,0,0,0,1,0,3,4,0,2,3,3.0,N,,,,,,,,,,,
2020014072,1816.0,0,0,0,0,0,0,0,0,0,8,0,,67,2,2020,4,39.9597,-75.2352,1815.0,6,0,0,0,0,0,1,0,0,,0,0,0.0,18,3,1,1,,0,39 57:35.009,,0,75 14:06.680,3,0,0,0,67301,1,0,0,N,1,0,0,2,67301,0,,1,1,,N,N,,0,,1,0,1,3,2,,1810,1,2,0,0,0,0,0,3,4,0,1,3,3.0,N,,,,,,,,,,,
2020017913,1240.0,0,0,0,0,0,0,0,0,0,8,0,,67,2,2020,1,39.9212,-75.1586,1240.0,6,0,0,0,0,0,0,0,0,,0,0,0.0,12,1,1,1,,0,39 55:16.453,,0,75 09:30.837,8,0,0,0,67301,1,0,0,N,1,0,0,2,67301,0,,1,1,,N,N,,0,,0,0,1,3,3,,1215,1,2,0,0,0,1,1,3,4,0,1,3,3.0,N,,,,,,,,,,,
2020001429,444.0,1,0,0,0,0,0,0,0,0,6,0,,67,1,2020,7,40.0195,-75.1723,441.0,6,0,0,0,1,0,0,0,0,,0,0,0.0,4,3,2,0,,0,40 01:10.030,,0,75 10:20.100,3,0,0,0,67301,0,0,0,N,0,0,0,2,67301,0,,6,9,,N,N,,0,,2,0,1,0,0,,433,2,2,0,0,2,0,0,3,4,0,2,7,5.0,N,,,,,,,,,,,
2020000637,1.0,1,0,0,0,0,0,0,0,0,8,0,,67,1,2020,4,40.0448,-75.1655,1.0,6,0,0,0,0,0,0,0,0,,0,0,0.0,0,3,1,0,,0,40 02:41.400,,0,75 09:55.730,3,0,0,0,67301,1,0,0,N,1,0,0,2,67301,0,,1,1,,N,N,,0,,1,0,0,0,0,,0,1,2,0,0,1,0,0,3,4,0,1,3,,N,,,,,,,,,,,
2020000623,113.0,2,0,0,0,0,0,0,0,0,5,0,,67,1,2020,4,40.0212,-75.1397,113.0,6,0,0,0,1,0,0,0,0,3.0,0,0,0.0,1,3,0,0,,1,40 01:16.488,1.0,0,75 08:22.843,0,0,0,0,67301,0,0,0,N,0,0,0,2,67301,0,,1,1,,N,N,,0,,0,0,0,0,0,N,100,0,2,0,0,0,0,0,3,4,0,2,3,,N,,,,,,,,,,,
2020014791,1355.0,0,0,0,0,0,0,0,0,0,4,0,,67,1,2020,4,40.0296,-75.0868,1352.0,6,0,0,0,0,0,1,0,0,,0,0,0.0,13,1,1,1,,0,40 01:46.600,,0,75 05:12.554,3,0,0,0,67301,0,0,0,N,0,0,0,2,67301,0,,1,1,,N,N,,0,,1,0,0,3,3,,1313,1,2,0,0,0,0,0,3,4,2,2,2,2.0,N,,,,,,,,,,,