CRN,ARRIVAL_TM,AUTOMOBILE_COUNT,BELTED_DEATH_COUNT,BELTED_SUSP_SERIOUS_INJ_COUNT,BICYCLE_COUNT,BICYCLE_DEATH_COUNT,BICYCLE_SUSP_SERIOUS_INJ_COUNT,BUS_COUNT,CHLDPAS_DEATH_COUNT,CHLDPAS_SUSP_SERIOUS_INJ_COUNT,COLLISION_TYPE,COMM_VEH_COUNT,CONS_ZONE_SPD_LIM,COUNTY,CRASH_MONTH,CRASH_YEAR,DAY_OF_WEEK,DEC_LAT,DEC_LONG,DISPATCH_TM,DISTRICT,DRIVER_COUNT_16YR,DRIVER_COUNT_17YR,DRIVER_COUNT_18YR,DRIVER_COUNT_19YR,DRIVER_COUNT_20YR,DRIVER_COUNT_50_64YR,DRIVER_COUNT_65_74YR,DRIVER_COUNT_75PLUS,EST_HRS_CLOSED,FATAL_COUNT,HEAVY_TRUCK_COUNT,HORSE_BUGGY_COUNT,HOUR_OF_DAY,ILLUMINATION,INJURY_COUNT,INTERSECT_TYPE,INTERSECTION_RELATED,LANE_CLOSED,LATITUDE,LN_CLOSE_DIR,LOCATION_TYPE,LONGITUDE,MAX_SEVERITY_LEVEL,MCYCLE_DEATH_COUNT,MCYCLE_SUSP_SERIOUS_INJ_COUNT,MOTORCYCLE_COUNT,MUNICIPALITY,NONMOTR_COUNT,NONMOTR_DEATH_COUNT,NONMOTR_SUSP_SERIOUS_INJ_COUNT,NTFY_HIWY_MAINT,PED_COUNT,PED_DEATH_COUNT,PED_SUSP_SERIOUS_INJ_COUNT,PERSON_COUNT,POLICE_AGCY,POSSIBLE_INJ_COUNT,RDWY_SURF_TYPE_CD,RELATION_TO_ROAD,ROAD_CONDITION,ROADWAY_CLEARED,SCH_BUS_IND,SCH_ZONE_IND,SECONDARY_CRASH,SMALL_TRUCK_COUNT,SPEC_JURIS_CD,SUSP_MINOR_INJ_COUNT,SUSP_SERIOUS_INJ_COUNT,SUV_COUNT,TCD_FUNC_CD,TCD_TYPE,TFC_DETOUR_IND,TIME_OF_DAY,TOT_INJ_COUNT,TOTAL_UNITS,UNB_DEATH_COUNT,UNB_SUSP_SERIOUS_INJ_COUNT,UNBELTED_OCC_COUNT,UNK_INJ_DEG_COUNT,UNK_INJ_PER_COUNT,URBAN_AREA,URBAN_RURAL,VAN_COUNT,VEHICLE_COUNT,WEATHER1,WEATHER2,WORK_ZONE_IND,WORK_ZONE_LOC,WORK_ZONE_TYPE,WORKERS_PRES,WZ_CLOSE_DETOUR,WZ_FLAGGER,WZ_LAW_OFFCR_IND,WZ_LN_CLOSURE,WZ_MOVING,WZ_OTHER,WZ_SHLDER_MDN,WZ_WORKERS_INJ_KILLED
2020011101,1345.0,2,0,0,0,0,0,0,0,0,4,0,,67,1,2020,7,40.0241,-75.1652,1345.0,6,0,0,0,0,1,0,0,0,,0,0,0.0,13,1,2,2,,2,40 01:26.587,2.0,0,75 09:54.803,3,0,0,0,67301,0,0,0,N,0,0,0,3,67301,0,,1,9,,N,N,,0,,2,0,1,3,3,Y,1345,2,3,0,0,0,0,0,3,4,0,3,7,,N,,,,,,,,,,,
2020050525,648.0,1,0,0,0,0,0,0,0,0,5,0,,67,6,2020,1,39.9321,-75.1999,644.0,6,0,0,0,0,0,0,0,0,,0,0,0.0,6,1,0,0,,1,39 55:55.481,4.0,0,75 11:59.669,0,0,0,0,67301,0,0,0,N,0,0,0,1,68K01,0,,5,1,,N,N,,0,,0,0,0,0,0,N,637,0,2,0,0,0,0,0,3,4,0,2,3,3.0,N,,,,,,,,,,,
2020009665,2053.0,0,0,0,0,0,0,0,0,0,1,0,,67,1,2020,4,39.9966,-75.1149,2051.0,6,0,0,0,0,0,0,0,0,,0,0,0.0,20,3,1,0,,0,39 59:47.929,,0,75 06:53.567,3,0,0,0,67301,1,0,0,N,0,0,0,2,67301,0,,1,1,,N,N,,0,,1,0,1,0,0,,2050,1,2,0,0,0,0,0,3,4,1,2,3,3.0,N,,,,,,,,,,,
2020003532,835.0,2,0,0,0,0,0,0,0,0,4,0,,67,1,2020,5,39.9753,-75.2455,830.0,6,0,0,0,0,0,1,0,0,,0,0,0.0,8,1,0,1,,0,39 58:31.135,,0,75 14:43.775,0,0,0,0,67301,0,0,0,N,0,0,0,2,67301,0,,1,1,,N,N,,0,,0,0,1,3,2,,811,0,3,0,0,0,0,0,3,4,0,3,3,3.0,N,,,,,,,,,,,
2020010545,330.0,1,0,0,0,0,0,0,0,0,3,0,,67,1,2020,7,39.9586,-75.2322,330.0,6,0,0,0,0,0,0,0,0,,0,0,0.0,3,3,0,0,,0,39 57:30.790,,0,75 13:55.810,0,0,0,0,67301,0,0,0,N,0,0,0,1,67301,0,,6,1,,N,N,,1,,0,0,1,0,0,,330,0,3,0,0,0,0,0,3,4,0,3,3,3.0,N,,,,,,,,,,,
2020050502,700.0,1,0,0,0,0,0,0,0,0,1,0,45.0,67,5,2020,7,39.9619,-75.1828,638.0,6,0,0,0,0,0,1,0,0,,0,0,0.0,6,1,1,0,,2,39 57:42.701,3.0,0,75 10:58.166,3,0,0,0,67301,0,0,0,N,0,0,0,2,68K01,0,,1,1,,N,N,,0,,1,0,1,3,8,Y,634,1,2,0,0,1,0,0,3,4,0,2,3,,Y,2.0,2.0,Y,Y,N,Y,Y,N,N,Y,
2020004116,2035.0,1,0,0,0,0,0,0,0,0,4,0,,67,1,2020,5,39.958,-75.2212,2035.0,6,0,0,0,0,0,0,0,0,,0,0,0.0,20,3,1,1,,0,39 57:28.799,,0,75 13:16.548,3,0,0,0,67301,0,0,0,N,0,0,0,2,67301,0,,1,1,,N,N,,0,,1,0,1,3,2,,2035,1,2,0,0,0,0,0,3,4,0,2,3,3.0,N,,,,,,,,,,,
2020006829,1600.0,0,0,0,1,0,0,0,0,0,4,0,,67,1,2020,7,39.9498,-75.2071,1600.0,6,0,0,0,0,0,0,0,0,,0,0,0.0,23,3,1,1,,0,39 56:59.221,,0,75 12:25.709,3,0,0,0,67301,1,0,0,N,0,0,0,2,67301,0,,1,1,,N,N,,0,,1,0,1,3,2,,2310,1,2,0,0,0,0,1,3,4,0,1,3,3.0,N,,,,,,,,,,,
2020007507,1640.0,1,0,0,0,0,0,0,0,0,4,0,,67,1,2020,1,40.0326,-75.1242,1629.0,6,0,0,0,0,0,1,0,0,,0,0,0.0,16,1,2,1,,0,40 01:57.237,,0,75 07:27.069,3,0,0,0,67301,0,0,0,N,0,0,0,2,67301,0,,1,1,,N,N,,0,,2,0,1,3,2,,1620,2,2,0,0,0,0,0,3,4,0,2,3,3.0,N,,,,,,,,,,,
2020052748,1838.0,0,0,0,0,0,0,0,0,0,1,0,,67,6,2020,4,39.8987,-75.1706,1825.0,6,0,0,0,0,0,1,0,0,,0,1,0.0,18,1,0,0,,0,39 53:58.957,,0,75 09:43.298,9,0,0,0,67301,0,0,0,N,0,0,0,2,68K01,0,,1,1,,N,N,,0,,0,0,0,0,0,,1804,0,2,0,0,0,0,1,3,4,0,2,3,3.0,N,,,,,,,,,,,
2020050751,2020.0,1,0,0,0,0,0,0,0,0,1,0,,67,6,2020,7,39.9639,-75.1843,2013.0,6,0,0,0,0,0,0,0,0,,0,0,0.0,20,4,2,0,,1,39 57:50.166,3.0,0,75 11:03.580,4,0,0,0,67301,0,0,0,N,0,0,0,2,68K01,1,,1,1,,N,N,,1,,0,0,0,0,0,N,2004,2,2,0,0,0,1,0,3,4,0,2,3,,N,,,,,,,,,,,
2020004927,1349.0,1,0,0,0,0,0,0,0,0,1,0,,67,1,2020,1,39.9557,-75.1558,1345.0,6,0,0,0,0,0,1,0,0,,0,0,0.0,13,1,2,0,,0,39 57:20.570,,0,75 09:20.930,3,0,0,0,67301,0,0,0,N,0,0,0,3,67301,0,,1,1,,N,N,,0,,2,0,1,0,0,,1340,2,2,0,0,0,0,0,3,4,0,2,3,3.0,N,,,,,,,,,,,
2020010065,1125.0,2,0,0,0,0,0,0,0,0,4,0,,67,1,2020,3,40.0547,-75.1513,1125.0,6,0,0,0,0,0,0,2,0,,0,0,0.0,11,1,1,1,,0,40 03:17.085,,0,75 09:04.662,3,0,0,0,67301,0,0,0,N,0,0,0,3,67301,0,,1,1,,N,N,,1,,1,0,0,3,3,,1101,1,3,0,0,0,0,0,3,4,0,3,3,3.0,N,,,,,,,,,,,
2020004009,2355.0,1,0,0,0,0,0,0,0,0,8,0,,67,1,2020,4,40.0299,-75.146,2343.0,6,0,0,0,0,0,0,0,0,,0,0,0.0,21,3,1,1,,0,40 01:47.668,,0,75 08:45.635,3,0,0,0,67301,1,0,0,N,1,0,0,2,67301,0,,1,98,,N,N,,0,,1,0,0,3,2,,2159,1,2,0,0,0,0,0,3,4,0,1,3,,N,,,,,,,,,,,
2020012374,2304.0,1,0,0,0,0,0,0,0,0,7,0,,67,1,2020,3,39.9124,-75.1739,2300.0,6,0,0,0,0,0,0,0,0,,0,0,0.0,23,3,0,7,,0,39 54:44.700,,8,75 10:26.100,0,0,0,0,67301,0,0,0,N,0,0,0,1,67501,0,,7,1,,N,N,,0,,0,0,0,3,1,,2300,0,1,0,0,0,0,0,3,4,0,1,3,,N,,,,,,,,,,,
2020012908,1457.0,1,0,0,0,0,0,0,0,0,7,0,,67,1,2020,4,40.052,-75.0507,1453.0,6,0,0,0,0,0,0,0,0,,0,0,0.0,14,1,3,0,,2,40 03:07.050,1.0,0,75 03:02.637,2,0,0,0,67301,0,0,0,N,0,0,0,6,67301,2,,5,1,,N,N,,0,,0,1,1,0,0,N,1443,3,3,0,0,0,0,0,3,4,1,3,3,3.0,N,,,,,,,,,,,
2020012673,1009.0,1,0,0,0,0,0,0,0,0,8,0,,67,2,2020,1,39.9939,-75.1545,1009.0,6,0,0,0,0,0,0,1,0,,0,0,0.0,9,1,1,1,,0,39 59:38.150,,0,75 09:16.063,4,0,0,0,67301,1,0,0,N,1,0,0,2,67301,1,,1,1,,N,N,,0,,0,0,0,3,2,,940,1,2,0,0,0,0,0,3,4,0,1,4,,N,,,,,,,,,,,
2020007743,440.0,1,0,0,1,0,0,0,0,0,4,0,,67,1,2020,2,40.1292,-75.0249,435.0,6,0,0,0,0,0,1,0,0,,0,0,0.0,4,3,1,1,,0,40 07:45.210,,0,75 01:29.597,3,0,0,0,67301,1,0,0,N,0,0,0,2,67301,0,,1,1,,N,N,,0,,1,0,0,2,1,,428,1,2,0,0,0,0,0,3,4,0,1,3,3.0,N,,,,,,,,,,,
2020005439,1631.0,2,0,0,0,0,0,0,0,0,4,0,,67,1,2020,4,39.9863,-75.1561,1631.0,6,0,0,0,0,0,1,0,0,,0,0,0.0,16,1,1,1,,1,39 59:10.572,2.0,0,75 09:22.129,3,0,0,0,67301,0,0,0,N,0,0,0,4,67505,0,,1,1,,N,N,,0,,1,0,0,3,2,N,1631,1,2,0,0,2,0,0,3,4,0,2,3,3.0,N,,,,,,,,,,,
2020052148,2137.0,2,0,0,0,0,0,0,0,0,4,0,,67,7,2020,6,39.9674,-75.1786,2134.0,6,0,0,0,0,0,0,0,0,,0,0,0.0,21,3,0,1,,0,39 58:02.652,,0,75 10:43.082,0,0,0,0,67301,0,0,0,N,0,0,0,2,67301,0,,1,1,,N,N,,0,,0,0,0,3,2,,2130,0,2,0,0,0,0,0,3,4,0,2,3,3.0,N,,,,,,,,,,,
2020012710,550.0,2,0,0,0,0,0,0,0,0,4,0,,67,2,2020,1,40.0038,-75.1397,548.0,6,0,0,0,0,0,1,0,0,,0,0,0.0,5,3,0,1,,0,40 00:13.849,,99,75 08:22.793,0,0,0,0,67301,0,0,0,N,0,0,0,2,67301,0,,1,9,,N,N,,0,,0,0,0,3,2,,548,0,2,0,0,0,0,0,3,4,0,2,3,,N,,,,,,,,,,,
2020011851,1117.0,1,0,2,0,0,0,0,0,0,4,0,,67,1,2020,5,40.0121,-75.1122,1116.0,6,0,0,0,0,0,1,0,0,,0,0,0.0,11,1,2,1,,2,40 00:43.452,6.0,0,75 06:43.833,2,0,0,0,67301,0,0,0,N,0,0,0,2,67301,0,,1,1,,N,N,,0,,0,2,1,3,2,Y,1115,2,2,0,0,0,0,0,3,4,0,2,3,3.0,N,,,,,,,,,,,
2020006867,1243.0,2,0,0,0,0,0,0,0,0,1,0,,67,1,2020,6,40.03,-75.1032,1233.0,6,0,0,0,0,0,0,0,0,,0,0,0.0,12,1,1,1,,0,40 01:48.146,,0,75 06:11.546,3,0,0,0,67301,0,0,0,N,0,0,0,3,67301,0,,1,1,,N,N,,0,,1,0,0,3,2,,1232,1,2,0,0,0,0,0,3,4,0,2,3,,N,,,,,,,,,,,
2020052767,2152.0,1,0,0,0,0,0,0,0,0,1,0,,67,6,2020,7,40.0155,-75.0536,2152.0,6,0,0,0,0,0,1,0,0,,0,0,0.0,21,3,1,0,,0,40 00:55.652,,0,75 03:13.023,3,0,0,0,67301,0,0,0,N,0,0,0,2,68K01,0,,1,1,,N,N,,0,,1,0,1,0,0,,2148,1,2,0,0,0,0,0,3,4,0,2,3,3.0,N,,,,,,,,,,,
2020009852,1243.0,2,0,0,0,0,0,0,0,0,1,0,,67,1,2020,6,40.03,-75.1032,1233.0,6,0,0,0,0,0,0,0,0,,0,0,0.0,12,1,2,1,,0,40 01:48.146,,0,75 06:11.546,4,0,0,0,67301,0,0,0,N,0,0,0,3,67301,2,,1,1,,N,N,,0,,0,0,0,3,2,,1232,2,2,0,0,0,0,0,3,4,0,2,3,,N,,,,,,,,,,,
2020048711,1842.0,3,0,0,0,0,0,0,0,0,1,0,,67,6,2020,1,39.9203,-75.1409,1837.0,6,0,0,0,0,0,0,0,0,,0,0,0.0,18,1,5,0,,2,39 55:13.244,1.0,0,75 08:27.067,3,0,0,0,67301,0,0,0,N,0,0,0,8,67301,2,,1,1,,N,N,,0,,3,0,0,3,2,N,1821,5,3,0,0,0,0,0,3,4,0,3,3,,N,,,,,,,,,,,
2020053398,1453.0,0,0,0,0,0,0,0,0,0,1,0,,67,7,2020,5,39.9657,-75.1864,1444.0,6,0,0,0,0,0,1,0,0,,0,0,0.0,14,1,1,0,,0,39 57:56.434,,0,75 11:10.868,8,0,0,0,67301,0,0,0,N,0,0,0,2,68K01,0,,1,1,,N,N,,0,,0,0,2,0,0,,1441,1,2,0,0,0,1,0,3,4,0,2,3,,N,,,,,,,,,,,
2020050026,35.0,0,0,0,0,0,0,0,0,0,7,0,,67,6,2020,2,39.8915,-75.2262,30.0,6,0,0,0,0,0,0,0,0,,1,0,0.0,0,3,0,0,N,0,39 53:29.321,,0,75 13:34.268,1,1,0,1,67301,0,0,0,N,0,0,0,1,67301,0,2.0,4,1,,N,N,N,0,0.0,0,0,0,0,0,,14,0,1,0,0,0,0,0,3,4,0,1,3,3.0,N,,,,,,,,,,,
2020006822,820.0,1,0,0,0,0,0,0,0,0,1,0,,67,1,2020,6,40.0491,-75.0961,814.0,6,0,0,0,0,0,2,0,0,,0,0,0.0,8,1,1,0,,1,40 02:56.623,1.0,0,75 05:46.018,3,0,0,0,67301,0,0,0,N,0,0,0,3,67301,0,,1,1,,N,N,,0,,1,0,2,0,0,N,808,1,3,0,0,0,0,0,3,4,0,3,4,,N,,,,,,,,,,,
2020048744,2107.0,0,0,0,0,0,0,0,0,0,8,0,,67,6,2020,1,40.021,-75.0393,2054.0,6,0,0,0,0,0,0,0,0,,0,0,0.0,20,3,1,0,,0,40 01:15.683,,0,75 02:21.458,3,0,0,0,67301,1,0,0,N,1,0,0,1,67301,0,,1,1,,N,N,,0,,1,0,0,0,0,,2050,1,2,0,0,0,0,0,3,4,0,1,3,,N,,,,,,,,,,,
2020054197,1538.0,2,0,0,0,0,0,0,0,0,1,0,,67,5,2020,3,39.9293,-75.1973,1518.0,6,0,0,0,0,0,0,0,0,,0,0,0.0,15,1,0,0,,1,39 55:45.505,4.0,0,75 11:50.220,0,0,0,0,67301,0,0,0,N,0,0,0,3,68K01,0,,1,1,,N,N,,0,,0,0,0,0,0,N,1515,0,2,0,0,0,0,0,3,4,0,2,3,,N,,,,,,,,,,,
2020049116,1900.0,1,0,0,0,0,0,0,0,0,8,0,,67,6,2020,2,39.9168,-75.1713,1851.0,6,0,0,0,0,0,0,0,0,,0,0,0.0,16,1,1,1,,0,39 55:00.583,,0,75 10:16.768,3,0,0,0,67301,1,0,0,N,1,0,0,1,67301,0,,2,1,,N,N,,0,,1,0,0,3,2,,1641,1,2,0,0,0,0,0,3,4,0,1,3,3.0,N,,,,,,,,,,,
2020012379,1014.0,0,0,0,0,0,0,0,0,0,8,0,,67,1,2020,6,39.9724,-75.2533,1014.0,6,0,0,0,0,0,0,0,0,,0,0,0.0,10,1,1,1,,0,39 58:20.733,,0,75 15:11.885,3,0,0,0,67301,1,0,0,N,1,0,0,4,67301,0,,1,1,,N,N,,0,,1,0,1,3,2,,1014,1,2,0,0,0,0,0,3,4,0,1,3,3.0,N,,,,,,,,,,,
2020008746,1745.0,1,0,0,0,0,0,0,0,0,4,0,,67,1,2020,4,39.9269,-75.1895,1742.0,6,0,0,0,0,0,1,1,0,,0,0,0.0,17,3,2,5,,0,39 55:36.875,,0,75 11:21.878,4,0,0,0,67301,0,0,0,N,0,0,0,2,67301,1,,1,1,,N,N,,1,,0,0,0,3,2,,1741,2,2,0,0,0,1,0,3,4,0,2,3,3.0,N,,,,,,,,,,,
2020011410,1838.0,1,0,0,0,0,0,0,0,0,4,0,,67,1,2020,1,40.0641,-75.2396,1829.0,6,0,0,0,0,0,0,0,0,,0,0,0.0,18,1,0,1,,0,40 03:50.880,,0,75 14:22.409,0,0,0,0,67301,0,0,0,N,0,0,0,2,67301,0,,1,1,,N,N,,0,,0,0,1,3,2,,1825,0,2,0,0,0,0,0,3,4,0,2,3,,N,,,,,,,,,,,
2020009174,1625.0,1,0,0,0,0,0,0,0,0,5,0,,67,1,2020,5,39.9384,-75.2274,1622.0,6,0,0,0,0,0,1,0,0,,0,0,0.0,16,1,0,0,,0,39 56:18.130,,0,75 13:38.740,0,0,0,0,67301,0,0,0,N,0,0,0,2,67301,0,,6,1,,N,N,,0,,0,0,1,0,0,,1622,0,2,0,0,0,0,0,3,4,0,2,3,3.0,N,,,,,,,,,,,
2020013644,2115.0,1,0,0,0,0,0,0,0,0,7,0,,67,1,2020,5,40.0137,-75.1568,2105.0,6,0,0,0,0,0,1,0,0,,0,0,0.0,21,3,1,0,,0,40 00:49.290,,0,75 09:24.540,3,0,0,0,67301,0,0,0,N,0,0,0,2,67301,0,,4,1,,N,N,,0,,1,0,0,0,0,,2100,1,1,0,0,1,0,0,3,4,0,1,3,3.0,N,,,,,,,,,,,
2020012896,10.0,0,0,0,0,0,0,0,0,0,8,0,,67,2,2020,1,39.9301,-75.2192,4.0,6,0,0,0,0,0,0,0,0,,0,0,0.0,0,3,1,1,,0,39 55:48.070,,0,75 13:09.172,3,0,0,0,67301,1,0,0,N,1,0,0,2,67301,0,,1,9,,N,N,,0,,1,0,0,3,3,,3,1,2,0,0,0,0,0,3,4,0,1,3,3.0,N,,,,,,,,,,,
2020012380,1333.0,1,0,0,0,0,0,0,0,0,3,0,,67,1,2020,6,39.9864,-75.248,1326.0,6,0,0,0,0,0,0,0,0,,0,0,0.0,13,1,0,0,,0,39 59:10.967,,0,75 14:52.744,0,0,0,0,67301,0,0,0,N,0,0,0,1,67301,0,,6,1,,N,N,,1,,0,0,0,0,0,,1315,0,2,0,0,0,0,0,3,4,0,2,3,,N,,,,,,,,,,,
2020005407,956.0,1,0,0,0,0,0,0,0,0,4,0,,67,1,2020,3,39.9387,-75.1563,950.0,6,0,0,0,0,0,0,0,0,,0,0,0.0,9,1,0,2,,0,39 56:19.200,,0,75 09:22.700,0,0,0,0,67301,0,0,0,N,0,0,0,2,67301,0,,1,1,,N,N,,0,,0,0,1,0,0,,930,0,2,0,0,1,0,0,3,4,0,2,3,3.0,N,,,,,,,,,,,
2020014222,2115.0,0,0,0,0,0,0,0,0,0,6,0,,67,1,2020,6,40.028,-75.1384,2110.0,6,0,0,1,0,0,0,0,0,,0,0,0.0,21,3,3,1,,0,40 01:40.918,,0,75 08:18.103,3,0,0,0,67301,0,0,0,N,0,0,0,3,67301,0,,5,9,,N,N,,1,,3,0,1,3,2,,2102,3,3,0,0,0,0,0,3,4,1,3,7,5.0,N,,,,,,,,,,,
2020052889,658.0,0,0,0,0,0,0,0,0,0,7,0,,67,7,2020,2,40.0345,-75.1103,648.0,6,0,0,0,0,0,0,0,0,,0,0,0.0,6,1,1,0,,0,40 02:04.370,,0,75 06:37.020,3,0,0,0,67301,0,0,0,N,0,0,0,1,67301,0,,5,1,,N,N,,0,,1,0,1,0,0,,648,1,1,0,0,0,0,0,3,4,0,1,3,,N,,,,,,,,,,,
2020014223,2138.0,3,0,0,0,0,0,0,0,0,4,0,,67,1,2020,6,40.0301,-75.146,2134.0,6,0,0,0,0,1,1,0,0,,0,0,0.0,21,3,1,0,,1,40 01:48.413,5.0,7,75 08:45.511,8,0,0,0,67301,0,0,0,N,0,0,0,4,67301,0,,1,9,,N,N,,0,,0,0,0,3,2,Y,2134,1,3,0,0,3,1,0,3,4,0,3,3,3.0,N,,,,,,,,,,,
2020003004,2020.0,1,0,0,0,0,0,0,0,0,4,0,,67,1,2020,4,40.0134,-75.1841,2015.0,6,0,0,0,0,0,0,0,0,,0,0,0.0,20,3,2,2,,0,40 00:48.207,,0,75 11:02.845,3,0,0,0,67301,0,0,0,N,0,0,0,3,67301,0,,1,1,,N,N,,0,,2,0,1,0,0,,2000,2,2,0,0,0,0,0,3,4,0,2,3,3.0,N,,,,,,,,,,,
2020013645,2135.0,1,0,0,0,0,0,0,0,0,4,0,,67,1,2020,6,40.0049,-75.1787,2130.0,6,0,0,0,0,0,1,0,0,,0,0,0.0,20,3,4,5,,1,40 00:17.766,6.0,0,75 10:43.386,3,0,0,0,67301,0,0,0,N,0,0,0,4,67301,0,,1,9,,N,N,,0,,3,0,1,3,2,Y,2058,4,2,0,0,0,1,0,3,4,0,2,3,,N,,,,,,,,,,,
2020052816,1830.0,0,0,0,0,0,0,0,0,0,8,0,,67,7,2020,7,40.0003,-75.1551,1817.0,6,0,0,0,0,0,0,0,0,,0,0,0.0,17,1,1,0,,1,40 00:00.920,4.0,0,75 09:18.210,3,0,0,0,67301,1,0,0,N,1,0,0,1,67301,0,,1,1,,N,N,,0,,1,0,0,0,0,Y,1722,1,2,0,0,0,0,0,3,4,0,1,3,3.0,N,,,,,,,,,,,
2020048632,703.0,1,0,0,0,0,0,0,0,0,1,0,,67,6,2020,2,39.9684,-75.1295,630.0,6,0,0,0,0,0,0,0,0,,0,0,0.0,6,1,0,0,,0,39 58:06.259,,0,75 07:46.115,0,0,0,0,67301,0,0,0,N,0,0,0,4,68K01,0,,1,1,,N,N,,0,,0,0,1,0,0,,622,0,3,0,0,0,0,0,3,4,1,3,3,3.0,N,,,,,,,,,,,
2020053537,417.0,0,0,0,0,0,0,0,0,0,7,0,,67,6,2020,3,39.9598,-75.1781,411.0,6,0,0,0,0,0,0,0,0,,0,0,0.0,4,3,0,0,,1,39 57:35.222,3.0,0,75 10:41.085,0,0,0,0,67301,0,0,0,N,0,0,0,1,68K01,0,,3,1,,N,N,,1,,0,0,0,0,0,N,410,0,1,0,0,0,0,0,3,4,0,1,3,,N,,,,,,,,,,,
2020027500,142.0,1,0,0,0,0,0,0,0,0,7,0,,67,1,2020,1,39.9579,-75.1648,133.0,6,0,0,0,0,0,0,0,0,,0,0,0.0,1,3,0,0,,2,39 57:28.390,3.0,2,75 09:53.125,9,0,0,0,67301,0,0,0,N,0,0,0,1,68K01,0,,2,9,,N,N,,0,,0,0,0,0,0,Y,131,0,1,0,0,0,0,1,3,4,0,1,3,,N,,,,,,,,,,,
2020009009,835.0,3,0,0,0,0,0,0,0,0,7,0,,67,1,2020,5,39.988,-75.1396,833.0,6,0,0,0,0,0,0,0,0,,0,0,0.0,8,1,0,0,,2,39 59:16.960,1.0,0,75 08:22.730,0,0,0,0,67301,0,0,0,N,0,0,0,1,67301,0,,4,1,,N,N,,0,,0,0,1,0,0,Y,830,0,4,0,0,0,0,0,3,4,0,4,3,3.0,N,,,,,,,,,,,
2020053515,1610.0,1,0,0,0,0,0,0,0,0,4,0,,67,6,2020,3,39.9928,-75.2176,1610.0,6,0,0,0,0,0,1,0,0,,0,0,0.0,16,1,2,0,,1,39 59:33.984,4.0,0,75 13:03.453,8,0,0,0,67301,0,0,0,N,0,0,0,2,68K01,0,,1,1,,N,N,,0,,0,0,1,0,0,Y,1609,2,2,0,0,0,2,0,3,4,0,2,3,3.0,N,,,,,,,,,,,
2020011530,1719.0,1,0,0,0,0,0,0,0,0,7,0,,67,1,2020,3,39.9294,-75.2329,1719.0,6,0,0,0,0,0,0,0,0,,0,0,0.0,16,1,0,11,,0,39 55:45.820,,0,75 13:58.270,9,0,0,0,67301,0,0,0,N,0,0,0,1,67301,0,,5,99,,N,N,,0,,0,0,0,9,9,,1600,0,1,0,0,0,0,1,3,4,0,1,99,3.0,N,,,,,,,,,,,
2020003000,2205.0,1,0,0,0,0,0,0,0,0,4,0,,67,1,2020,4,39.9751,-75.1737,2200.0,6,0,0,0,0,0,0,0,0,,0,0,0.0,21,3,2,1,,0,39 58:30.361,,0,75 10:25.331,4,0,0,0,67301,0,0,0,N,0,0,0,3,67301,2,,1,1,,N,N,,0,,0,0,0,3,3,,2105,2,2,0,0,0,0,1,3,4,1,2,3,3.0,N,,,,,,,,,,,
2020009864,1330.0,1,0,0,0,0,0,0,0,0,4,0,,67,1,2020,6,40.0239,-75.1425,1330.0,6,0,0,0,0,0,1,1,0,,0,0,0.0,13,1,1,1,,0,40 01:25.870,,0,75 08:33.165,3,0,0,0,67301,0,0,0,N,0,0,0,2,67301,0,,1,1,,N,N,,0,,1,0,1,3,3,,1330,1,2,0,0,0,0,0,3,4,0,2,3,3.0,N,,,,,,,,,,,
2020012182,340.0,1,0,0,0,0,0,0,0,0,5,0,,67,1,2020,2,39.9985,-75.1481,332.0,6,0,0,0,0,0,0,0,0,,0,0,0.0,3,3,0,0,,0,39 59:54.590,,0,75 08:53.140,0,0,0,0,67301,0,0,0,N,0,0,0,1,67301,0,,6,1,,N,N,,0,,0,0,0,3,3,,330,0,2,0,0,0,0,0,3,4,1,2,3,3.0,N,,,,,,,,,,,
2020004007,49.0,2,0,0,0,0,0,0,0,0,5,0,,67,1,2020,7,39.9696,-75.2026,37.0,6,0,0,0,0,0,0,0,0,,0,0,0.0,0,3,1,0,,0,39 58:10.500,,0,75 12:09.420,4,0,0,0,67301,0,0,0,N,0,0,0,1,67301,1,,6,1,,N,N,,0,,0,0,0,0,0,,31,1,2,0,0,0,0,0,3,4,0,2,3,3.0,N,,,,,,,,,,,
2020053496,58.0,1,0,0,0,0,0,0,0,0,7,0,,67,5,2020,6,39.9566,-75.1513,58.0,6,0,0,0,0,0,0,0,0,,0,0,0.0,0,3,0,2,Y,1,39 57:23.624,1.0,1,75 09:04.788,0,0,0,0,67301,0,0,0,N,0,0,0,1,68K01,0,,4,1,58.0,N,N,N,0,,0,0,0,3,2,N,58,0,1,0,0,1,0,0,3,4,0,1,3,,N,,,,,,,,,,,
2020012898,516.0,2,0,2,0,0,0,0,0,0,4,0,,67,2,2020,1,39.919,-75.2288,514.0,6,0,0,0,1,0,0,0,0,,0,0,0.0,5,3,2,1,,1,39 55:08.324,6.0,0,75 13:43.590,2,0,0,0,67301,0,0,0,N,0,0,0,2,67301,0,,1,9,,N,N,,0,,0,2,0,3,3,N,510,2,2,0,0,0,0,0,3,4,0,2,3,3.0,N,,,,,,,,,,,