CRN,ARRIVAL_TM,AUTOMOBILE_COUNT,BELTED_DEATH_COUNT,BELTED_SUSP_SERIOUS_INJ_COUNT,BICYCLE_COUNT,BICYCLE_DEATH_COUNT,BICYCLE_SUSP_SERIOUS_INJ_COUNT,BUS_COUNT,CHLDPAS_DEATH_COUNT,CHLDPAS_SUSP_SERIOUS_INJ_COUNT,COLLISION_TYPE,COMM_VEH_COUNT,CONS_ZONE_SPD_LIM,COUNTY,CRASH_MONTH,CRASH_YEAR,DAY_OF_WEEK,DEC_LAT,DEC_LONG,DISPATCH_TM,DISTRICT,DRIVER_COUNT_16YR,DRIVER_COUNT_17YR,DRIVER_COUNT_18YR,DRIVER_COUNT_19YR,DRIVER_COUNT_20YR,DRIVER_COUNT_50_64YR,DRIVER_COUNT_65_74YR,DRIVER_COUNT_75PLUS,EST_HRS_CLOSED,FATAL_COUNT,HEAVY_TRUCK_COUNT,HORSE_BUGGY_COUNT,HOUR_OF_DAY,ILLUMINATION,INJURY_COUNT,INTERSECT_TYPE,INTERSECTION_RELATED,LANE_CLOSED,LATITUDE,LN_CLOSE_DIR,LOCATION_TYPE,LONGITUDE,MAX_SEVERITY_LEVEL,MCYCLE_DEATH_COUNT,MCYCLE_SUSP_SERIOUS_INJ_COUNT,MOTORCYCLE_COUNT,MUNICIPALITY,NONMOTR_COUNT,NONMOTR_DEATH_COUNT,NONMOTR_SUSP_SERIOUS_INJ_COUNT,NTFY_HIWY_MAINT,PED_COUNT,PED_DEATH_COUNT,PED_SUSP_SERIOUS_INJ_COUNT,PERSON_COUNT,POLICE_AGCY,POSSIBLE_INJ_COUNT,RDWY_SURF_TYPE_CD,RELATION_TO_ROAD,ROAD_CONDITION,ROADWAY_CLEARED,SCH_BUS_IND,SCH_ZONE_IND,SECONDARY_CRASH,SMALL_TRUCK_COUNT,SPEC_JURIS_CD,SUSP_MINOR_INJ_COUNT,SUSP_SERIOUS_INJ_COUNT,SUV_COUNT,TCD_FUNC_CD,TCD_TYPE,TFC_DETOUR_IND,TIME_OF_DAY,TOT_INJ_COUNT,TOTAL_UNITS,UNB_DEATH_COUNT,UNB_SUSP_SERIOUS_INJ_COUNT,UNBELTED_OCC_COUNT,UNK_INJ_DEG_COUNT,UNK_INJ_PER_COUNT,URBAN_AREA,URBAN_RURAL,VAN_COUNT,VEHICLE_COUNT,WEATHER1,WEATHER2,WORK_ZONE_IND,WORK_ZONE_LOC,WORK_ZONE_TYPE,WORKERS_PRES,WZ_CLOSE_DETOUR,WZ_FLAGGER,WZ_LAW_OFFCR_IND,WZ_LN_CLOSURE,WZ_MOVING,WZ_OTHER,WZ_SHLDER_MDN,WZ_WORKERS_INJ_KILLED
2020050029,807.0,2,0,0,0,0,0,0,0,0,1,0,,67,6,2020,5,39.9985,-75.1493,805.0,6,0,0,0,0,0,0,0,0,,0,0,0.0,8,8,0,0,,0,39 59:54.640,,0,75 08:57.650,0,0,0,0,67301,0,0,0,N,0,0,0,0,67301,0,,2,1,,N,N,,0,,0,0,0,0,0,,800,0,2,0,0,0,0,0,3,4,0,2,3,3.0,N,,,,,,,,,,,
2020011434,42.0,1,0,0,0,0,0,0,0,0,5,0,,67,1,2020,7,40.0277,-75.1206,32.0,6,0,0,0,0,0,1,0,0,,0,0,0.0,23,3,0,0,,0,40 01:39.657,,0,75 07:14.032,0,0,0,0,67301,0,0,0,N,0,0,0,1,67301,0,,6,1,,N,N,,1,,0,0,0,3,3,,2335,0,2,0,0,0,0,0,3,4,0,2,3,3.0,N,,,,,,,,,,,
2020003533,1043.0,0,0,0,0,0,0,0,0,0,8,0,,67,1,2020,5,39.9721,-75.2514,1040.0,6,0,0,0,0,0,0,0,0,,0,0,0.0,7,1,1,1,,0,39 58:19.645,,0,75 15:05.269,3,0,0,0,67301,1,0,0,N,1,0,0,2,67301,0,,1,1,,N,N,,1,,1,0,0,3,2,,725,1,2,0,0,0,0,0,3,4,0,1,3,,N,,,,,,,,,,,
2020010775,935.0,1,0,0,0,0,0,0,0,0,7,0,,67,1,2020,2,39.9727,-75.2618,925.0,6,0,0,0,0,0,0,0,0,,0,0,0.0,8,1,0,0,,0,39 58:21.830,,0,75 15:42.600,0,0,0,0,67301,0,0,0,N,0,0,0,1,67301,0,,4,1,,N,N,,0,,0,0,0,0,0,,856,0,1,0,0,0,0,0,3,4,0,1,3,3.0,N,,,,,,,,,,,
2020006083,1008.0,1,0,0,0,0,0,0,0,0,7,0,,67,1,2020,5,40.0331,-75.0795,1004.0,6,0,0,0,0,0,0,0,0,,0,0,0.0,10,1,1,0,,0,40 01:59.310,,0,75 04:46.267,3,0,0,0,67301,0,0,0,N,0,0,0,1,67301,0,,4,1,,N,N,,0,,1,0,0,0,0,,1001,1,1,0,0,0,0,0,3,4,0,1,8,,N,,,,,,,,,,,
2020052357,207.0,1,0,0,0,0,0,0,0,0,4,0,,67,7,2020,1,40.0297,-75.1098,204.0,6,0,0,0,0,1,0,0,0,,0,1,0.0,1,3,1,0,,2,40 01:46.910,6.0,0,75 06:35.220,3,0,0,0,67301,0,0,0,N,0,0,0,1,67301,0,,1,1,,N,N,,0,,1,0,0,0,0,U,153,1,2,0,0,0,0,0,3,4,0,2,3,3.0,N,,,,,,,,,,,
2020007834,1355.0,1,0,0,0,0,0,0,0,0,4,0,,67,1,2020,1,40.0174,-75.0749,1348.0,6,0,0,0,0,0,1,0,0,,0,0,0.0,13,1,1,1,,0,40 01:02.542,,0,75 04:29.640,3,0,0,0,67301,0,0,0,N,0,0,0,2,67301,0,,1,1,,N,N,,0,,1,0,1,0,0,,1335,1,2,0,0,0,0,0,3,4,0,2,3,3.0,N,,,,,,,,,,,
2020005655,1345.0,0,0,0,1,0,0,0,0,0,4,0,,67,1,2020,3,39.9553,-75.1991,1320.0,6,0,0,0,0,0,0,0,0,,0,0,0.0,9,1,1,0,,0,39 57:18.918,,7,75 11:56.933,3,0,0,0,67301,1,0,0,N,0,0,0,2,67301,0,,1,1,,N,N,,0,,1,0,1,0,0,,940,1,2,0,0,0,0,0,3,4,0,1,4,4.0,N,,,,,,,,,,,
2020011715,907.0,2,0,0,0,0,0,0,0,0,5,0,,67,1,2020,4,39.8783,-75.2504,852.0,6,0,0,0,0,0,1,0,0,,0,0,0.0,8,1,0,0,,0,39 52:41.792,,0,75 15:01.353,0,0,0,0,67301,0,0,0,N,0,0,0,2,68K01,0,,1,1,,N,N,,0,,0,0,0,0,0,,849,0,2,0,0,0,0,0,3,4,0,2,3,3.0,N,,,,,,,,,,,
2020010310,1739.0,1,0,0,0,0,0,0,0,0,4,0,,67,1,2020,6,39.9692,-75.2284,1736.0,6,0,0,0,0,0,0,1,0,,0,0,0.0,17,3,2,1,,0,39 58:09.116,,0,75 13:42.175,8,0,0,0,67301,0,0,0,N,0,0,0,6,67301,0,,1,1,,N,N,,0,,0,0,1,3,3,,1735,2,2,0,0,0,2,1,3,4,0,2,3,3.0,N,,,,,,,,,,,
2020048721,830.0,2,0,0,0,0,0,0,0,0,4,0,,67,6,2020,1,39.958,-75.1488,830.0,6,0,0,0,0,0,0,0,0,,0,0,0.0,2,3,3,1,,9,39 57:28.881,,0,75 08:55.758,3,0,0,0,67301,0,0,0,N,0,0,0,6,67301,0,,1,1,,N,N,N,0,,2,0,0,3,2,,240,3,2,0,0,0,1,3,3,4,0,2,3,3.0,N,,,,,,,,,,,
2020009576,242.0,2,0,0,0,0,0,0,0,0,4,0,,67,1,2020,7,40.0056,-75.1037,242.0,6,0,0,0,1,0,0,0,0,,0,0,0.0,2,3,1,0,,1,40 00:20.069,3.0,0,75 06:13.495,4,0,0,0,67301,0,0,0,N,0,0,0,2,67301,1,,1,1,,N,N,,0,,0,0,0,0,0,N,242,1,2,0,0,0,0,1,3,4,0,2,3,3.0,N,,,,,,,,,,,
2020009822,452.0,3,0,0,0,0,0,0,0,0,5,0,,67,1,2020,1,39.9797,-75.1534,451.0,6,0,0,0,0,0,0,0,0,,0,0,0.0,4,3,0,0,,2,39 58:46.900,3.0,0,75 09:12.400,0,0,0,0,67301,0,0,0,N,0,0,0,1,67505,0,,6,1,,N,N,,0,,0,0,2,3,3,Y,451,0,5,0,0,0,0,0,3,4,0,5,3,3.0,N,,,,,,,,,,,
2020012669,1538.0,2,0,0,0,0,0,0,0,0,4,0,,67,2,2020,1,40.0481,-75.0132,1530.0,6,0,0,0,0,0,1,0,0,,0,0,0.0,15,1,0,2,,0,40 02:53.214,,0,75 00:47.698,0,0,0,0,67301,0,0,0,N,0,0,0,2,67301,0,,1,9,,N,N,,0,,0,0,0,3,2,,1529,0,2,0,0,0,0,0,3,4,0,2,4,,N,,,,,,,,,,,
2020050266,1524.0,1,0,0,0,0,0,0,0,0,4,0,,67,6,2020,6,39.9472,-75.2385,1519.0,6,0,0,0,0,0,0,0,0,,0,0,0.0,14,1,1,1,,0,39 56:50.092,,0,75 14:18.650,3,0,0,0,67301,0,0,0,N,0,0,0,1,67301,0,,1,1,,N,N,,0,,1,0,1,3,3,,1457,1,2,0,0,0,0,0,3,4,0,2,3,3.0,N,,,,,,,,,,,
2020003527,1120.0,0,0,0,0,0,0,0,0,0,4,0,,67,1,2020,6,39.9566,-75.1524,1117.0,6,0,0,0,0,0,1,0,0,,0,0,0.0,11,1,0,1,,0,39 57:23.709,,0,75 09:08.690,0,0,0,0,67301,0,0,0,N,0,0,0,5,67301,0,,1,1,,N,N,,0,,0,0,2,3,2,,1116,0,3,0,0,0,0,0,3,4,1,3,3,3.0,N,,,,,,,,,,,
2020050507,139.0,0,0,0,0,0,0,0,0,0,5,1,45.0,67,6,2020,4,40.004,-75.077,133.0,6,0,0,0,0,0,0,0,0,,0,1,0.0,1,3,0,0,,2,40 00:14.500,2.0,0,75 04:37.036,0,0,0,0,67301,0,0,0,N,0,0,0,1,68K01,0,,1,1,,N,N,,1,,0,0,0,0,0,N,130,0,2,0,0,0,0,0,3,4,0,2,3,3.0,Y,4.0,1.0,Y,N,N,N,Y,N,N,Y,
2020005262,145.0,2,0,0,0,0,0,0,0,0,2,0,,67,1,2020,4,39.9873,-75.1856,138.0,6,0,0,0,0,0,0,0,0,,0,0,0.0,1,3,1,0,,2,39 59:14.140,4.0,0,75 11:08.330,3,0,0,0,67301,1,0,0,N,0,0,0,2,67301,0,,6,9,,N,N,,0,,1,0,0,0,0,Y,135,1,2,0,0,0,0,0,3,4,0,2,7,,N,,,,,,,,,,,
2020005983,1630.0,1,0,0,1,0,0,0,0,0,4,0,,67,1,2020,5,39.9426,-75.1723,1630.0,6,0,0,0,0,0,0,0,0,,0,0,0.0,13,1,1,1,,0,39 56:33.370,,0,75 10:20.298,8,0,0,0,67301,1,0,0,N,0,0,0,2,67301,0,,1,1,,N,N,,0,,0,0,0,9,9,,1340,1,2,0,0,0,1,0,3,4,0,1,3,,N,,,,,,,,,,,
2020003867,1856.0,2,0,0,0,0,0,0,0,0,4,0,,67,1,2020,6,39.9131,-75.2433,1856.0,6,0,0,1,0,0,1,0,0,,0,0,0.0,18,3,0,1,,0,39 54:47.100,,0,75 14:35.859,0,0,0,0,67301,0,0,0,N,0,0,0,2,67301,0,,1,1,,N,N,,0,,0,0,0,3,2,,1844,0,2,0,0,0,0,0,3,4,0,2,3,3.0,N,,,,,,,,,,,
2020015762,2303.0,3,0,0,0,0,0,0,0,0,5,0,,67,1,2020,7,40.04,-75.0397,2257.0,6,0,0,0,0,0,0,0,0,,0,0,0.0,22,3,1,0,,0,40 02:24.110,,0,75 02:23.030,3,0,0,0,67301,0,0,0,N,0,0,0,1,67301,0,,6,1,,N,N,,1,,1,0,0,0,0,,2255,1,4,0,0,0,0,0,3,4,0,4,3,,N,,,,,,,,,,,
2020052054,1821.0,1,0,0,0,0,0,0,0,0,1,0,,67,6,2020,5,39.9585,-75.1669,1813.0,6,0,0,0,0,0,0,0,1,,0,0,0.0,17,1,0,0,,0,39 57:30.635,,0,75 10:00.692,0,0,0,0,67301,0,0,0,N,0,0,0,2,68K01,0,,1,1,,N,N,,0,,0,0,1,0,0,,1746,0,2,0,0,0,0,0,3,4,0,2,3,3.0,N,,,,,,,,,,,
2020007101,1704.0,2,0,0,0,0,0,0,0,0,6,0,,67,1,2020,7,40.0515,-75.1766,1702.0,6,0,0,0,0,0,1,0,0,,0,0,0.0,16,3,0,0,,0,40 03:05.310,,0,75 10:35.620,0,0,0,0,67301,0,0,0,N,0,0,0,3,67301,0,,1,6,,N,N,,0,,0,0,1,9,9,,1659,0,3,0,0,0,0,0,3,4,0,3,9,10.0,N,,,,,,,,,,,
2020052052,1200.0,1,0,0,0,0,0,0,0,0,1,0,,67,6,2020,5,39.9446,-75.1913,1155.0,6,0,0,0,0,0,0,0,0,,0,0,0.0,11,1,1,6,,1,39 56:40.625,4.0,2,75 11:28.773,3,0,0,0,67301,0,0,0,N,0,0,0,4,68K01,0,,1,1,,N,N,,0,,1,0,1,0,0,N,1149,1,2,0,0,0,0,0,3,4,0,2,3,3.0,N,,,,,,,,,,,
2020003776,1806.0,4,0,0,0,0,0,0,0,0,5,0,,67,1,2020,6,40.0019,-75.1554,1806.0,6,0,0,0,0,0,1,0,0,,0,0,0.0,18,3,0,0,,0,40 00:06.897,,0,75 09:19.412,0,0,0,0,67301,0,0,0,N,0,0,0,4,67301,0,,1,1,,N,N,,0,,0,0,2,3,2,,1806,0,6,0,0,0,0,0,3,4,0,6,3,3.0,N,,,,,,,,,,,
2020012903,932.0,1,0,0,0,0,0,0,0,0,4,0,,67,1,2020,5,40.0313,-75.056,920.0,6,0,0,0,0,0,0,0,0,,0,0,0.0,9,1,1,1,,0,40 01:52.849,,0,75 03:21.772,4,0,0,0,67301,0,0,0,N,0,0,0,3,67301,1,,1,1,,N,N,N,0,,0,0,1,3,3,,920,1,2,0,0,0,0,0,3,4,0,2,3,,N,,,,,,,,,,,
2020008662,2009.0,2,0,0,0,0,0,0,0,0,1,0,,67,1,2020,1,39.96,-75.1792,1956.0,6,0,0,0,0,0,0,0,0,,0,0,0.0,19,3,1,0,,1,39 57:36.155,4.0,0,75 10:45.018,8,0,0,0,67301,0,0,0,N,0,0,0,3,68K01,0,,1,1,,N,N,,0,,0,0,0,0,0,N,1953,1,2,0,0,1,1,0,3,4,0,2,3,3.0,N,,,,,,,,,,,
2020024099,1142.0,1,0,0,0,0,0,0,0,0,1,0,,67,3,2020,6,40.0946,-75.0152,1131.0,6,0,0,0,0,0,1,0,0,,0,0,0.0,11,1,1,2,,0,40 05:40.347,,0,75 00:54.154,8,0,0,0,67301,0,0,0,N,0,0,0,3,67301,0,,1,9,,N,N,,0,,0,0,1,3,2,,1125,1,2,0,0,0,1,0,3,4,0,2,7,7.0,N,,,,,,,,,,,
2020052360,317.0,2,0,0,0,0,0,0,0,0,1,0,,67,7,2020,1,40.0052,-75.1964,300.0,6,0,0,0,0,0,0,0,0,,0,0,0.0,2,3,0,7,,0,40 00:18.562,,2,75 11:47.007,0,0,0,0,67301,0,0,0,N,0,0,0,2,67301,0,,1,1,,N,N,,0,,0,0,0,0,0,,251,0,2,0,0,0,0,0,3,4,0,2,3,,N,,,,,,,,,,,
2020033124,850.0,1,0,0,0,0,0,0,0,0,1,0,,67,1,2020,2,39.9087,-75.242,840.0,6,0,0,0,1,0,0,0,0,,0,0,0.0,8,1,1,0,,0,39 54:31.396,,0,75 14:31.198,4,0,0,0,67301,0,0,0,N,0,0,0,2,67301,1,,1,1,,N,N,,0,,0,0,1,3,2,,815,1,2,0,0,0,0,0,3,4,0,2,3,4.0,N,,,,,,,,,,,
2020011265,1640.0,2,0,0,0,0,0,0,0,0,4,0,,67,1,2020,6,40.0711,-75.0379,1628.0,6,0,0,0,0,0,0,2,0,,0,0,0.0,16,1,2,1,,2,40 04:15.698,1.0,0,75 02:16.038,3,0,0,0,67301,0,0,0,N,0,0,0,2,67301,1,,1,1,,N,N,,0,,1,0,0,3,2,N,1625,2,2,0,0,0,0,0,3,4,0,2,3,3.0,N,,,,,,,,,,,
2020017304,1058.0,1,0,0,0,0,0,0,0,0,5,0,,67,1,2020,7,40.0052,-75.1954,1052.0,6,0,1,0,0,0,0,0,0,,0,0,0.0,10,1,0,0,,0,40 00:18.545,,0,75 11:43.380,0,0,0,0,67301,0,0,0,N,0,0,0,2,68K01,0,,1,7,,N,N,,0,,0,0,1,0,0,,1050,0,2,0,0,0,0,0,3,4,0,2,10,4.0,N,,,,,,,,,,,
2020012909,1802.0,1,0,0,0,0,0,0,0,0,4,0,,67,1,2020,4,40.0298,-75.0601,1801.0,6,0,0,0,0,0,0,0,0,,0,0,0.0,18,3,1,1,,0,40 01:47.237,,0,75 03:36.393,3,0,0,0,67301,0,0,0,N,0,0,0,6,67301,0,,1,1,,N,N,,0,,1,0,0,3,2,,1801,1,2,0,0,0,0,0,3,4,1,2,3,3.0,N,,,,,,,,,,,
2020007746,58.0,0,0,0,0,0,0,0,0,0,7,0,,67,1,2020,3,39.9855,-75.121,28.0,6,0,0,0,0,0,0,0,0,,0,0,0.0,0,3,1,0,,0,39 59:07.880,,0,75 07:15.554,3,0,0,0,67301,0,0,0,N,0,0,0,1,67301,0,,5,1,,N,N,,0,,1,0,0,0,0,,20,1,1,0,0,0,0,0,3,4,1,1,3,3.0,N,,,,,,,,,,,
2020049117,1905.0,2,0,0,0,0,0,0,0,0,2,0,,67,6,2020,2,39.9235,-75.1631,1900.0,6,0,0,0,0,0,0,0,0,,0,0,0.0,18,1,1,0,N,1,39 55:24.682,4.0,7,75 09:46.985,3,0,0,0,67301,0,0,0,N,0,0,0,4,67301,0,,1,1,2000.0,N,N,N,0,,1,0,0,9,9,N,1844,1,2,0,0,0,0,0,3,4,0,2,3,,N,,,,,,,,,,,
2020009263,1400.0,1,0,0,0,0,0,0,0,0,1,1,,67,1,2020,1,39.8824,-75.2527,1346.0,6,0,0,0,0,0,1,0,0,,0,1,0.0,13,1,2,0,,0,39 52:56.699,,0,75 15:09.866,3,0,0,0,67301,0,0,0,N,0,0,0,4,67301,0,,1,1,,N,N,,0,,2,0,0,0,0,,1318,2,2,0,0,4,0,0,3,4,0,2,3,3.0,N,,,,,,,,,,,
2020036327,807.0,6,0,0,0,0,0,0,0,0,4,0,,67,1,2020,7,39.9234,-75.1717,803.0,6,0,0,0,0,0,0,0,0,,0,0,0.0,7,1,0,1,,0,39 55:24.254,,0,75 10:18.012,9,0,0,0,67301,0,0,0,N,0,0,0,2,67301,0,,1,1,,N,N,,0,,0,0,3,3,3,,715,0,9,0,0,0,0,1,3,4,0,9,3,,N,,,,,,,,,,,
2020009206,1945.0,0,0,0,0,0,0,0,0,0,8,0,,67,1,2020,4,40.039,-75.1446,1945.0,6,0,0,0,0,0,1,0,0,,0,0,0.0,19,3,1,1,,0,40 02:20.672,,0,75 08:41.040,3,0,0,0,67301,1,0,0,N,1,0,0,2,67301,0,,1,1,,N,N,,0,,1,0,1,3,2,,1940,1,2,0,0,0,0,0,3,4,0,1,3,,N,,,,,,,,,,,
2020009952,1318.0,0,0,0,0,0,0,0,0,0,4,0,,67,1,2020,1,39.963,-75.1584,1318.0,6,0,0,0,0,0,0,1,0,,0,0,0.0,13,1,0,1,,1,39 57:46.836,1.0,0,75 09:30.286,0,0,0,0,67301,0,0,0,N,0,0,0,2,67301,0,,1,1,,N,N,,0,,0,0,2,3,3,Y,1318,0,2,0,0,2,0,0,3,4,0,2,3,3.0,N,,,,,,,,,,,
2020014073,1050.0,1,0,0,0,0,0,0,0,0,5,0,,67,2,2020,1,39.9952,-75.128,1044.0,6,0,0,0,0,0,0,0,0,,0,0,0.0,10,1,1,0,,0,39 59:42.730,,0,75 07:40.890,8,0,0,0,67301,0,0,0,N,0,0,0,2,67301,0,,6,1,,N,N,,0,,0,0,1,3,3,,1033,1,2,0,0,1,1,0,3,4,0,2,3,3.0,N,,,,,,,,,,,
2020008273,1736.0,0,0,0,0,0,0,0,0,0,1,0,,67,1,2020,3,39.9728,-75.1592,1735.0,6,0,0,0,0,0,0,0,0,,0,0,0.0,17,3,0,0,,1,39 58:21.946,2.0,0,75 09:33.211,9,0,0,0,67301,0,0,0,N,0,0,0,2,67301,0,,1,1,,N,N,,1,,0,0,1,0,0,N,1735,0,2,0,0,0,0,1,3,4,0,2,3,3.0,N,,,,,,,,,,,
2020003980,1135.0,0,0,0,0,0,0,0,0,0,4,0,,67,1,2020,5,40.0159,-75.1497,1130.0,6,0,0,0,0,0,0,0,0,,0,0,0.0,11,1,1,2,,1,40 00:57.522,2.0,0,75 08:59.193,8,0,0,0,67301,0,0,0,N,0,0,0,2,67301,0,,1,1,,N,N,,0,,0,0,1,0,0,N,1105,1,2,0,0,0,1,0,3,4,1,2,3,3.0,N,,,,,,,,,,,
2020014608,1609.0,0,0,0,0,0,0,0,0,0,1,0,,67,1,2020,3,39.958,-75.1634,1557.0,6,0,0,0,0,0,1,0,0,,0,0,0.0,15,1,0,0,,0,39 57:28.704,,0,75 09:48.141,0,0,0,0,67301,0,0,0,N,0,0,0,2,68K01,0,,1,1,,N,N,,1,,0,0,1,0,0,,1551,0,2,0,0,1,0,0,3,4,0,2,3,3.0,N,,,,,,,,,,,
2020005160,1750.0,1,0,0,0,0,0,0,0,0,4,0,,67,1,2020,3,39.963,-75.1584,1745.0,6,0,0,0,0,0,0,0,0,,0,0,0.0,17,3,1,1,,1,39 57:46.836,1.0,0,75 09:30.286,3,0,0,0,67301,0,0,0,N,0,0,0,3,67301,0,,1,9,,N,N,,0,,1,0,1,3,3,N,1745,1,2,0,0,0,0,0,3,4,0,2,7,,N,,,,,,,,,,,
2020009955,1000.0,2,0,0,0,0,0,0,0,0,4,0,,67,1,2020,7,39.9903,-75.163,953.0,6,0,0,0,0,0,0,0,0,,0,0,0.0,9,1,1,1,,2,39 59:25.173,1.0,0,75 09:46.691,8,0,0,0,67301,0,0,0,N,0,0,0,2,67301,0,,1,9,,N,N,,0,,0,0,0,0,0,Y,930,1,2,0,0,0,1,0,3,4,0,2,7,,N,,,,,,,,,,,
2020012708,308.0,1,0,0,0,0,0,0,0,0,4,0,,67,2,2020,1,39.9819,-75.239,302.0,6,0,0,0,0,0,0,0,0,,0,0,0.0,0,3,1,1,,0,39 58:55.028,,0,75 14:20.537,8,0,0,0,67301,0,0,0,N,0,0,0,2,67301,0,,1,9,,N,N,,0,,0,0,1,3,2,,13,1,2,0,0,0,1,0,3,4,0,2,3,3.0,N,,,,,,,,,,,
2020011003,1923.0,0,0,0,0,0,0,0,0,0,2,0,,67,1,2020,3,39.9749,-75.1185,1920.0,6,0,0,0,0,0,0,0,0,,0,0,0.0,19,3,0,0,,0,39 58:29.800,,0,75 07:06.710,0,0,0,0,67301,0,0,0,N,0,0,0,1,67301,0,,6,1,,N,N,,0,,0,0,2,0,0,,1915,0,2,0,0,0,0,0,3,4,0,2,3,,N,,,,,,,,,,,
2020051374,1411.0,1,0,0,0,0,0,0,0,0,8,0,,67,6,2020,1,40.0224,-75.1562,1409.0,6,0,0,0,0,0,1,0,0,,0,0,0.0,14,1,1,0,,1,40 01:20.790,3.0,0,75 09:22.180,2,0,0,0,67301,1,0,1,N,1,0,1,2,67301,0,,1,1,,N,N,,0,,0,1,0,0,0,N,1408,1,2,0,0,0,0,0,3,4,0,1,3,3.0,N,,,,,,,,,,,
2020053405,2128.0,0,0,0,0,0,0,0,0,0,1,0,,67,7,2020,7,40.0073,-75.2005,2122.0,6,0,0,1,0,0,0,0,0,,0,0,0.0,21,3,0,0,,0,40 00:26.251,,0,75 12:01.784,0,0,0,0,67301,0,0,0,N,0,0,0,2,68K01,0,,1,1,,N,N,,0,,0,0,2,0,0,,2120,0,2,0,0,0,0,0,3,4,0,2,3,,N,,,,,,,,,,,
2020050427,1829.0,1,0,0,0,0,0,0,0,0,1,0,,67,6,2020,7,40.0516,-74.9891,1829.0,6,0,0,0,0,0,1,0,0,,0,0,0.0,18,1,1,0,,0,40 03:05.867,,0,74 59:20.655,8,0,0,0,67301,0,0,0,Y,0,0,0,4,68K01,0,,1,1,,N,N,,1,,0,0,0,0,0,,1829,1,2,0,0,1,1,0,3,4,0,2,3,,N,,,,,,,,,,,
2020015768,1356.0,0,0,0,0,0,0,0,0,0,7,0,,67,1,2020,6,40.0042,-75.0773,1356.0,6,0,0,0,0,0,0,0,0,,0,0,0.0,13,1,0,1,,0,40 00:15.595,,0,75 04:38.676,9,0,0,0,67301,0,0,0,N,0,0,0,1,67301,0,,4,1,,N,N,,0,,0,0,1,3,2,,1356,0,1,0,0,0,0,1,3,4,0,1,3,,N,,,,,,,,,,,
2020014606,2220.0,1,0,0,0,0,0,0,0,0,7,0,,67,1,2020,2,39.9765,-75.1958,2219.0,6,0,0,0,0,0,0,0,0,,0,0,0.0,22,3,1,0,,1,39 58:35.367,4.0,0,75 11:44.887,3,0,0,0,67301,0,0,0,N,0,0,0,1,68K01,0,,4,1,,N,N,,0,,1,0,0,0,0,N,2200,1,1,0,0,0,0,0,3,4,0,1,3,3.0,N,,,,,,,,,,,
2020006282,136.0,1,0,0,0,0,0,0,0,0,5,0,,67,1,2020,5,39.9259,-75.244,136.0,6,0,0,0,0,0,0,0,0,,0,0,0.0,1,3,0,0,,1,39 55:33.245,3.0,0,75 14:38.339,0,0,0,0,67301,0,0,0,N,0,0,0,1,67301,0,,6,9,,N,N,,0,,0,0,1,0,0,N,126,0,2,0,0,0,0,0,3,4,0,2,7,7.0,N,,,,,,,,,,,
2020004690,414.0,1,0,0,0,0,0,0,0,0,4,0,,67,1,2020,7,40.0405,-75.0589,412.0,6,0,0,0,0,0,0,0,0,,0,0,0.0,4,3,1,1,,2,40 02:25.798,2.0,0,75 03:31.964,8,0,0,0,67301,0,0,0,N,0,0,0,2,67301,0,,1,1,,N,N,,0,,0,0,1,3,2,Y,410,1,2,0,0,0,1,0,3,4,0,2,4,4.0,N,,,,,,,,,,,
2020050517,148.0,2,0,0,0,0,0,0,0,0,1,0,,67,6,2020,7,39.9582,-75.1647,148.0,6,0,0,0,1,1,0,0,0,,0,0,0.0,1,3,0,0,,0,39 57:29.636,,0,75 09:52.846,0,0,0,0,67301,0,0,0,N,0,0,0,2,68K01,0,,1,1,,N,N,,0,,0,0,0,0,0,,148,0,2,0,0,0,0,0,3,4,0,2,3,,N,,,,,,,,,,,
2020007831,1315.0,1,0,0,0,0,0,0,0,0,4,0,,67,1,2020,6,40.0174,-75.0674,1308.0,6,0,0,0,0,0,1,0,1,,0,0,0.0,13,1,2,2,,0,40 01:02.607,,0,75 04:02.550,3,0,0,0,67301,0,0,0,N,0,0,0,4,67301,0,,1,1,,N,N,,0,,2,0,1,3,3,,1308,2,2,0,0,0,0,0,3,4,0,2,3,3.0,N,,,,,,,,,,,
2020006413,1520.0,1,0,0,0,0,0,0,0,0,1,0,,67,1,2020,3,40.0446,-75.1435,1520.0,6,0,0,0,0,0,0,0,0,,0,0,0.0,15,1,0,0,,0,40 02:40.688,,0,75 08:36.651,0,0,0,0,67301,0,0,0,N,0,0,0,3,67301,0,,1,9,,N,N,,0,,0,0,1,3,2,,1520,0,2,0,0,0,0,0,3,4,0,2,7,,N,,,,,,,,,,,
2020033881,2335.0,1,0,0,0,0,0,0,0,0,1,0,,67,1,2020,6,39.946,-75.1635,2334.0,6,0,0,0,0,0,1,0,0,,0,0,0.0,23,3,0,0,,0,39 56:45.560,,0,75 09:48.470,0,0,0,0,67301,0,0,0,N,0,0,0,2,67301,0,,1,1,,N,N,,0,,0,0,1,0,0,,2324,0,2,0,0,1,0,0,3,4,0,2,3,3.0,N,,,,,,,,,,,
2020011001,1049.0,2,0,0,0,0,0,0,0,0,4,0,,67,1,2020,3,39.9765,-75.1894,1049.0,6,0,0,0,0,0,0,0,0,,0,0,0.0,10,1,2,3,,0,39 58:35.233,,0,75 11:21.692,4,0,0,0,67301,0,0,0,N,0,0,0,2,67301,2,,1,1,,N,N,,0,,0,0,0,9,9,,1049,2,2,0,0,0,0,0,3,4,0,2,3,3.0,N,,,,,,,,,,,