CRN,ARRIVAL_TM,AUTOMOBILE_COUNT,BELTED_DEATH_COUNT,BELTED_SUSP_SERIOUS_INJ_COUNT,BICYCLE_COUNT,BICYCLE_DEATH_COUNT,BICYCLE_SUSP_SERIOUS_INJ_COUNT,BUS_COUNT,CHLDPAS_DEATH_COUNT,CHLDPAS_SUSP_SERIOUS_INJ_COUNT,COLLISION_TYPE,COMM_VEH_COUNT,CONS_ZONE_SPD_LIM,COUNTY,CRASH_MONTH,CRASH_YEAR,DAY_OF_WEEK,DEC_LAT,DEC_LONG,DISPATCH_TM,DISTRICT,DRIVER_COUNT_16YR,DRIVER_COUNT_17YR,DRIVER_COUNT_18YR,DRIVER_COUNT_19YR,DRIVER_COUNT_20YR,DRIVER_COUNT_50_64YR,DRIVER_COUNT_65_74YR,DRIVER_COUNT_75PLUS,EST_HRS_CLOSED,FATAL_COUNT,HEAVY_TRUCK_COUNT,HORSE_BUGGY_COUNT,HOUR_OF_DAY,ILLUMINATION,INJURY_COUNT,INTERSECT_TYPE,INTERSECTION_RELATED,LANE_CLOSED,LATITUDE,LN_CLOSE_DIR,LOCATION_TYPE,LONGITUDE,MAX_SEVERITY_LEVEL,MCYCLE_DEATH_COUNT,MCYCLE_SUSP_SERIOUS_INJ_COUNT,MOTORCYCLE_COUNT,MUNICIPALITY,NONMOTR_COUNT,NONMOTR_DEATH_COUNT,NONMOTR_SUSP_SERIOUS_INJ_COUNT,NTFY_HIWY_MAINT,PED_COUNT,PED_DEATH_COUNT,PED_SUSP_SERIOUS_INJ_COUNT,PERSON_COUNT,POLICE_AGCY,POSSIBLE_INJ_COUNT,RDWY_SURF_TYPE_CD,RELATION_TO_ROAD,ROAD_CONDITION,ROADWAY_CLEARED,SCH_BUS_IND,SCH_ZONE_IND,SECONDARY_CRASH,SMALL_TRUCK_COUNT,SPEC_JURIS_CD,SUSP_MINOR_INJ_COUNT,SUSP_SERIOUS_INJ_COUNT,SUV_COUNT,TCD_FUNC_CD,TCD_TYPE,TFC_DETOUR_IND,TIME_OF_DAY,TOT_INJ_COUNT,TOTAL_UNITS,UNB_DEATH_COUNT,UNB_SUSP_SERIOUS_INJ_COUNT,UNBELTED_OCC_COUNT,UNK_INJ_DEG_COUNT,UNK_INJ_PER_COUNT,URBAN_AREA,URBAN_RURAL,VAN_COUNT,VEHICLE_COUNT,WEATHER1,WEATHER2,WORK_ZONE_IND,WORK_ZONE_LOC,WORK_ZONE_TYPE,WORKERS_PRES,WZ_CLOSE_DETOUR,WZ_FLAGGER,WZ_LAW_OFFCR_IND,WZ_LN_CLOSURE,WZ_MOVING,WZ_OTHER,WZ_SHLDER_MDN,WZ_WORKERS_INJ_KILLED
2020012140,35.0,0,0,0,0,0,0,0,0,0,4,0,,67,1,2020,3,39.9675,-75.232,26.0,6,0,0,0,0,0,0,0,0,,0,0,0.0,23,3,1,5,,0,39 58:02.983,,0,75 13:55.048,8,0,0,0,67301,0,0,0,N,0,0,0,4,67301,0,,1,1,,N,N,,0,,0,0,0,3,2,,2345,1,2,0,0,0,1,0,3,4,1,2,3,3.0,N,,,,,,,,,,,
2020006086,1608.0,1,0,0,0,0,0,0,0,0,8,0,,67,1,2020,6,39.9605,-75.1394,1601.0,6,0,0,0,0,0,0,0,1,,0,0,0.0,15,1,1,0,,0,39 57:37.677,,0,75 08:21.883,8,0,0,0,67301,1,0,0,N,1,0,0,2,67301,0,,1,1,,N,N,,0,,0,0,0,3,2,,1545,1,2,0,0,0,1,0,3,4,0,1,3,3.0,N,,,,,,,,,,,
2020006868,1305.0,0,0,0,0,0,0,0,0,0,1,0,,67,1,2020,6,40.0446,-75.0547,1252.0,6,0,0,0,0,0,0,0,0,,0,0,0.0,11,1,1,1,,0,40 02:40.890,,0,75 03:16.537,8,0,0,0,67301,0,0,0,N,0,0,0,6,67301,0,,1,1,,N,N,,0,,0,0,0,3,2,,1100,1,3,0,0,0,1,0,3,4,1,3,3,3.0,N,,,,,,,,,,,
2020006084,1222.0,1,0,0,0,0,0,0,0,0,1,1,,67,1,2020,5,40.0331,-75.107,1214.0,6,0,0,0,0,0,0,0,0,,0,1,0.0,12,1,1,1,,0,40 01:59.336,,0,75 06:24.771,3,0,0,0,67301,0,0,0,N,0,0,0,2,67301,0,,1,1,,N,N,,0,,1,0,0,3,2,,1205,1,2,0,0,0,0,0,3,4,0,2,3,3.0,N,,,,,,,,,,,
2020012183,1150.0,1,0,0,0,0,0,0,0,0,4,0,,67,1,2020,7,39.9673,-75.1367,1147.0,6,0,0,0,0,0,0,1,0,,0,0,0.0,11,1,1,1,,0,39 58:02.240,,0,75 08:12.065,3,0,0,0,67301,0,0,0,N,0,0,0,2,67301,0,,1,9,,N,N,,0,,1,0,0,0,0,,1141,1,2,0,0,0,0,0,3,4,1,2,7,7.0,N,,,,,,,,,,,
2020011978,835.0,2,0,0,0,0,0,0,0,0,4,0,,67,1,2020,6,39.9737,-75.1393,832.0,6,0,0,0,0,0,0,0,0,,0,0,0.0,8,1,0,1,,0,39 58:25.463,,0,75 08:21.325,0,0,0,0,67301,0,0,0,N,0,0,0,2,67301,0,,1,1,,N,N,,0,,0,0,0,3,3,,830,0,2,0,0,0,0,0,3,4,0,2,3,3.0,N,,,,,,,,,,,
2020005837,2236.0,1,0,0,0,0,0,0,0,0,4,0,,67,1,2020,3,40.0655,-75.0525,2225.0,6,0,0,0,0,0,1,0,0,,0,0,0.0,22,3,2,1,,0,40 03:55.911,,0,75 03:09.031,3,0,0,0,67301,0,0,0,N,0,0,0,3,67301,0,,1,1,,N,N,,0,,2,0,1,3,1,,2220,2,2,0,0,2,0,0,3,4,0,2,3,3.0,N,,,,,,,,,,,
2020052041,1758.0,1,0,0,0,0,0,0,0,0,1,0,,67,6,2020,2,39.9756,-75.1154,1721.0,6,0,0,0,0,0,0,0,0,,0,0,0.0,16,1,0,0,,0,39 58:33.697,,0,75 06:52.612,0,0,0,0,67301,0,0,0,N,0,0,0,2,68K01,0,,1,1,,N,N,,0,,0,0,1,0,0,,1654,0,2,0,0,0,0,0,3,4,0,2,3,,N,,,,,,,,,,,
2020007100,1246.0,3,0,0,0,0,0,0,0,0,5,0,,67,1,2020,7,40.0503,-75.1778,1246.0,6,0,0,0,0,0,0,0,0,,0,0,0.0,12,1,0,0,,0,40 03:01.040,,0,75 10:40.070,0,0,0,0,67301,0,0,0,N,0,0,0,1,67301,0,,6,7,,N,N,,0,,0,0,0,0,0,,1246,0,3,0,0,0,0,0,3,4,0,3,10,6.0,N,,,,,,,,,,,
2020017224,1825.0,1,0,0,0,0,0,0,0,0,5,0,,67,1,2020,4,39.8989,-75.1719,1755.0,6,0,0,0,0,0,1,0,0,,0,0,0.0,17,3,3,0,,1,39 53:56.309,2.0,0,75 10:08.556,4,0,0,0,67301,0,0,0,N,0,0,0,4,68K01,3,,1,1,,N,N,,0,,0,0,1,0,0,N,1754,3,3,0,0,2,0,0,3,4,1,3,3,3.0,N,,,,,,,,,,,
2020011777,1845.0,2,0,0,0,0,0,0,0,0,4,0,,67,1,2020,5,40.1189,-75.018,1841.0,6,0,0,0,0,0,0,0,0,,0,0,0.0,18,3,2,1,,0,40 07:07.973,,0,75 01:04.686,4,0,0,0,67301,0,0,0,N,0,0,0,2,67301,2,,1,1,,N,N,,0,,0,0,0,3,2,,1838,2,2,0,0,0,0,0,3,4,0,2,3,3.0,N,,,,,,,,,,,
2020009777,1138.0,1,0,0,0,0,0,0,0,0,7,0,,67,1,2020,7,40.0855,-74.9695,1129.0,6,0,0,0,0,0,0,0,0,,0,0,0.0,11,1,0,0,,0,40 05:07.777,,0,74 58:10.164,0,0,0,0,67301,0,0,0,N,0,0,0,1,67301,0,,2,9,,N,N,,0,,0,0,0,0,0,,1125,0,1,0,0,0,0,0,3,4,0,1,7,7.0,N,,,,,,,,,,,
2020014161,1610.0,2,0,0,0,0,0,0,0,0,5,0,,67,1,2020,5,39.9955,-75.1977,1602.0,6,0,0,0,1,0,2,0,0,,0,0,0.0,16,1,0,0,,0,39 59:43.936,,0,75 11:51.649,0,0,0,0,67301,0,0,0,N,0,0,0,4,68K01,0,,1,1,,N,N,,1,,0,0,1,0,0,,1601,0,4,0,0,0,0,0,3,4,0,4,98,,N,,,,,,,,,,,
2020005406,945.0,0,0,0,0,0,0,0,0,0,5,0,,67,1,2020,3,39.9227,-75.17,942.0,6,0,0,0,0,0,0,1,0,,0,0,0.0,9,1,0,0,,0,39 55:21.715,,0,75 10:11.917,0,0,0,0,67301,0,0,0,N,0,0,0,2,67301,0,,1,1,,N,N,,1,,0,0,1,0,0,,940,0,2,0,0,0,0,0,3,4,0,2,3,3.0,N,,,,,,,,,,,
2020050027,924.0,1,0,0,0,0,0,1,0,0,5,1,,67,6,2020,5,40.0598,-75.1659,917.0,6,0,0,0,0,0,0,0,0,,0,0,0.0,9,1,0,0,,0,40 03:35.245,,0,75 09:57.229,0,0,0,0,67301,0,0,0,N,0,0,0,2,67301,0,,1,1,,N,N,,0,,0,0,0,0,0,,915,0,2,0,0,0,0,0,3,4,0,2,3,3.0,N,,,,,,,,,,,
2020008755,1751.0,1,0,0,0,0,0,0,0,0,4,0,,67,1,2020,4,40.0109,-75.1032,1746.0,6,0,0,0,0,0,0,0,1,,0,0,0.0,17,3,1,2,,0,40 00:39.257,,0,75 06:11.451,3,0,0,1,67301,0,0,0,N,0,0,0,2,67301,0,,1,1,,N,N,,0,,1,0,0,0,0,,1743,1,2,0,0,0,0,0,3,4,0,2,3,3.0,N,,,,,,,,,,,
2020008297,435.0,0,0,0,0,0,0,0,0,0,7,0,,67,1,2020,7,40.0189,-75.1029,426.0,6,0,0,0,0,0,0,0,0,,0,0,0.0,4,3,0,0,,0,40 01:07.890,,0,75 06:10.290,0,0,0,0,67301,0,0,0,N,0,0,0,1,67301,0,,5,1,,N,N,,0,,0,0,1,0,0,,425,0,1,0,0,0,0,0,3,4,0,1,3,3.0,N,,,,,,,,,,,
2020011414,1752.0,0,0,0,0,0,0,0,0,0,1,0,,67,1,2020,4,40.1073,-74.9959,1745.0,6,0,0,0,0,0,2,0,0,,0,0,0.0,17,2,0,0,,2,40 06:26.435,4.0,0,74 59:45.307,0,0,0,0,67301,0,0,0,N,0,0,0,2,67301,0,,1,1,,N,N,,0,,0,0,2,0,0,N,1740,0,2,0,0,0,0,0,3,4,0,2,3,3.0,N,,,,,,,,,,,
2020013301,142.0,1,0,0,0,0,0,0,0,0,7,0,,67,2,2020,1,40.0385,-75.0101,132.0,6,0,0,0,0,0,0,0,0,,0,0,0.0,1,3,0,0,,0,40 02:18.461,,0,75 00:36.458,0,0,0,0,67301,0,0,0,N,0,0,0,1,68K01,0,,3,8,,N,N,,0,,0,0,0,0,0,,129,0,1,0,0,0,0,0,3,4,0,1,3,3.0,N,,,,,,,,,,,
2020006870,830.0,1,0,0,0,0,0,0,0,0,1,0,,67,1,2020,3,40.0204,-75.1401,820.0,6,0,0,0,0,0,1,0,0,,0,0,0.0,20,3,1,1,,0,40 01:13.432,,0,75 08:24.370,8,0,0,0,67301,0,0,0,N,0,0,0,2,67301,0,,1,1,,N,N,,0,,0,0,1,3,2,,2000,1,2,0,0,0,1,0,3,4,0,2,3,3.0,N,,,,,,,,,,,
2020051133,1043.0,0,0,0,0,0,0,0,0,0,8,0,,67,6,2020,6,40.0549,-75.0539,1040.0,6,0,0,0,0,0,0,0,0,,1,0,0.0,10,1,0,1,N,0,40 03:17.783,,0,75 03:14.193,1,0,0,0,67301,1,1,0,N,1,1,0,2,67301,0,2.0,9,1,,N,N,N,0,0.0,0,0,0,3,2,,1040,0,2,0,0,0,0,1,3,4,0,1,3,3.0,N,,,,,,,,,,,
2020007379,44.0,1,0,0,0,0,0,0,0,0,4,0,,67,1,2020,7,39.9789,-75.1355,44.0,6,0,0,0,0,0,0,0,0,,0,0,0.0,23,3,0,1,,0,39 58:44.101,,0,75 08:07.846,0,0,0,0,67301,0,0,0,N,0,0,0,2,67301,0,,1,9,,N,N,,0,,0,0,1,3,3,,2303,0,2,0,0,2,0,0,3,4,0,2,7,6.0,N,,,,,,,,,,,
2020007378,1320.0,1,0,0,0,0,0,0,0,0,8,0,,67,1,2020,3,39.9786,-75.1335,1305.0,6,0,0,0,0,0,0,0,0,,0,0,0.0,19,3,1,2,,0,39 58:43.057,,0,75 08:00.553,3,0,0,0,67301,1,0,0,N,1,0,0,2,67301,0,,1,99,,N,N,,0,,1,0,0,2,2,,1930,1,2,0,0,0,0,0,3,4,0,1,3,,N,,,,,,,,,,,
2020005179,100.0,1,0,0,0,0,0,0,0,0,4,0,,67,1,2020,4,39.9764,-75.1625,59.0,6,0,0,0,0,0,0,0,0,,0,0,0.0,0,3,2,1,,1,39 58:34.977,3.0,0,75 09:45.122,8,0,0,0,67301,0,0,0,N,0,0,0,4,67505,0,,1,9,,N,N,,0,,0,0,0,3,3,Y,55,2,2,0,0,0,2,0,3,4,1,2,3,3.0,N,,,,,,,,,,,
2020053999,100.0,2,0,0,0,0,0,0,0,0,6,0,,67,7,2020,5,39.9558,-75.242,100.0,6,0,0,0,0,0,0,0,0,,0,0,0.0,1,3,0,0,,0,39 57:21.030,,0,75 14:31.340,9,0,0,0,67301,0,0,0,N,0,0,0,1,67301,0,,1,1,,N,N,,0,,0,0,0,0,0,,100,0,2,0,0,0,0,1,3,4,0,2,3,,N,,,,,,,,,,,
2020051298,310.0,2,0,0,0,0,0,0,0,0,6,0,,67,6,2020,5,40.0321,-75.2321,310.0,6,0,0,0,0,0,0,0,0,,0,0,0.0,3,3,0,0,,0,40 01:55.600,,0,75 13:55.520,0,0,0,0,67301,0,0,0,N,0,0,0,0,67301,0,,1,1,,N,N,,0,,0,0,0,0,0,,309,0,2,0,0,0,0,0,3,4,0,2,3,3.0,N,,,,,,,,,,,
2020011430,1650.0,0,0,0,0,0,0,0,0,0,8,0,,67,1,2020,4,40.0934,-75.0313,1650.0,6,0,0,0,0,0,0,0,0,,0,0,0.0,16,1,1,2,,1,40 05:36.471,2.0,0,75 01:52.949,3,0,0,0,67301,1,0,0,N,1,0,0,2,67301,0,,1,1,,N,N,,0,,1,0,1,9,2,N,1650,1,2,0,0,0,0,0,3,4,0,1,3,3.0,N,,,,,,,,,,,
2020048740,1842.0,0,0,0,0,0,0,0,0,0,4,0,,67,6,2020,4,40.0268,-75.0461,1830.0,6,0,0,0,0,0,0,0,0,,0,0,0.0,18,1,1,1,,2,40 01:36.336,6.0,0,75 02:45.992,3,0,0,1,67301,0,0,0,N,0,0,0,2,67301,0,,1,1,,N,N,,0,,1,0,1,9,3,N,1828,1,2,0,0,0,0,0,3,4,0,2,3,3.0,N,,,,,,,,,,,
2020023145,1825.0,2,0,0,0,0,0,0,0,0,4,0,,67,2,2020,4,39.929,-75.2207,1822.0,6,0,0,0,0,0,0,0,0,,0,0,0.0,13,1,1,0,,0,39 55:44.337,,0,75 13:14.460,8,0,0,0,67301,0,0,0,N,0,0,0,4,67301,0,,1,1,,N,N,,0,,0,0,0,3,2,,1300,1,2,0,0,0,1,0,3,4,0,2,3,3.0,N,,,,,,,,,,,
2020020963,2000.0,1,0,0,0,0,0,0,0,0,1,0,,67,1,2020,5,40.0016,-75.195,1937.0,6,0,0,0,0,0,0,0,0,,0,0,0.0,19,3,0,0,,0,40 00:05.623,,0,75 11:41.840,0,0,0,0,67301,0,0,0,N,0,0,0,2,68K01,0,,1,1,,N,N,,0,,0,0,1,0,0,,1935,0,2,0,0,0,0,0,3,4,0,2,3,,N,,,,,,,,,,,
2020012434,1630.0,1,0,0,0,0,0,0,0,0,1,0,,67,2,2020,7,40.0593,-75.0446,1630.0,6,0,0,0,0,0,0,0,0,,0,0,0.0,9,1,2,1,,0,40 03:33.392,,0,75 02:40.479,4,0,0,0,67301,0,0,0,N,0,0,0,3,67301,2,,1,1,,N,N,,0,,0,0,1,9,2,,945,2,2,0,0,0,0,1,3,4,0,2,3,3.0,N,,,,,,,,,,,
2020006865,945.0,1,0,0,0,0,0,0,0,0,1,0,,67,1,2020,2,40.0526,-75.0557,939.0,6,0,0,0,0,0,1,1,0,,0,0,0.0,9,1,2,0,,0,40 03:09.193,,0,75 03:20.572,8,0,0,0,67301,0,0,0,N,0,0,0,3,67301,0,,1,1,,N,N,,0,,0,0,1,9,9,,938,2,2,0,0,0,2,1,3,4,0,2,3,,N,,,,,,,,,,,
2020015755,1030.0,2,0,0,0,0,0,0,0,0,4,0,,67,1,2020,5,40.0114,-75.0769,1023.0,6,0,0,0,0,0,0,0,0,,0,0,0.0,10,1,1,1,,0,40 00:40.819,,0,75 04:37.389,3,0,0,0,67301,0,0,0,N,0,0,0,6,67301,0,,1,1,,N,N,,0,,1,0,0,3,2,,1020,1,2,0,0,0,0,0,3,4,0,2,3,3.0,N,,,,,,,,,,,
2020012892,607.0,0,0,0,0,0,0,0,0,0,4,0,,67,1,2020,5,39.9211,-75.2242,558.0,6,0,0,0,0,0,0,0,0,,0,0,0.0,5,5,2,1,,0,39 55:15.660,,0,75 13:26.832,4,0,0,0,67301,0,0,0,N,0,0,0,2,67301,2,,1,1,,N,N,,0,,0,0,1,9,2,,558,2,2,0,0,0,0,0,3,4,1,2,3,3.0,N,,,,,,,,,,,
2020008776,2150.0,1,0,1,0,0,0,0,0,0,4,0,,67,1,2020,7,40.0493,-75.0679,2145.0,6,0,0,0,1,0,0,0,0,,0,0,0.0,21,3,1,1,,0,40 02:57.663,,0,75 04:04.482,2,0,0,0,67301,0,0,0,N,0,0,0,5,67301,0,,1,1,,N,N,,0,,0,1,1,3,2,,2100,1,2,0,0,0,0,0,3,4,0,2,3,3.0,N,,,,,,,,,,,
2020053266,1930.0,1,0,0,0,0,0,0,0,0,1,0,,67,7,2020,2,39.9242,-75.1932,1923.0,6,0,0,0,0,0,0,0,0,,0,0,0.0,19,3,1,0,,0,39 55:27.190,,0,75 11:35.480,3,0,0,0,67301,0,0,0,N,0,0,0,1,67301,0,,6,9,,N,N,,0,,1,0,1,0,0,,1920,1,2,0,0,0,0,0,3,4,0,2,7,7.0,N,,,,,,,,,,,
2020008274,805.0,0,0,0,0,0,0,0,0,0,4,0,,67,1,2020,2,40.0146,-75.1317,803.0,6,0,0,0,0,0,0,0,0,,0,0,0.0,6,5,0,0,,0,40 00:52.400,,7,75 07:54.200,0,0,0,0,67301,0,0,0,N,0,0,0,2,67301,0,,1,2,,N,N,,0,,0,0,1,0,0,,653,0,2,0,0,0,0,0,3,4,0,2,3,,N,,,,,,,,,,,
2020007827,1456.0,3,0,0,0,0,0,0,0,0,4,0,,67,1,2020,4,40.0329,-75.0298,1444.0,6,0,0,0,0,0,0,0,0,,0,0,0.0,14,1,3,1,,1,40 01:58.515,2.0,0,75 01:47.113,3,0,0,0,67301,0,0,0,N,0,0,0,3,67301,0,,1,1,,N,N,,0,,3,0,0,0,0,N,1443,3,3,0,0,0,0,0,3,4,0,3,3,,N,,,,,,,,,,,
2020004691,2144.0,0,0,0,0,0,0,0,0,0,8,0,,67,1,2020,7,39.9447,-75.2389,2143.0,6,0,0,0,0,0,0,0,0,,0,0,0.0,21,3,1,0,,1,39 56:40.931,2.0,0,75 14:19.910,3,0,0,0,67301,1,0,0,N,1,0,0,2,67301,0,,1,1,,N,N,,0,,1,0,0,9,9,N,2140,1,2,0,0,0,0,0,3,4,0,1,3,,N,,,,,,,,,,,
2020006284,1408.0,2,0,0,0,0,0,0,0,0,4,0,,67,1,2020,5,39.9169,-75.216,1405.0,6,0,0,0,0,0,0,0,0,,0,0,0.0,14,1,0,2,,0,39 55:01.131,,0,75 12:57.219,0,0,0,0,67301,0,0,0,N,0,0,0,2,67301,0,,1,1,,N,N,,0,,0,0,0,3,2,,1400,0,2,0,0,0,0,0,3,4,0,2,3,3.0,N,,,,,,,,,,,
2020004291,23.0,0,0,0,0,0,0,0,0,0,7,0,,67,1,2020,2,40.0895,-74.9745,18.0,6,0,0,0,0,1,0,0,0,,0,0,0.0,0,3,0,0,,1,40 05:22.175,4.0,0,74 58:28.216,0,0,0,0,67301,0,0,0,N,0,0,0,1,67301,0,,4,1,,N,N,,0,,0,0,0,0,0,N,18,0,1,0,0,0,0,0,3,4,1,1,3,3.0,N,,,,,,,,,,,
2020007828,850.0,0,0,0,0,0,0,0,0,0,7,0,,67,1,2020,5,40.0043,-75.0672,843.0,6,0,0,0,0,0,0,0,0,,0,0,0.0,8,1,0,2,,0,40 00:15.469,,0,75 04:01.925,0,0,0,0,67301,0,0,0,N,0,0,0,1,67301,0,,4,1,,N,N,,0,,0,0,1,0,0,,843,0,1,0,0,0,0,0,3,4,0,1,3,3.0,N,,,,,,,,,,,
2020009517,458.0,1,0,0,0,0,0,0,0,0,5,0,,67,1,2020,6,40.0499,-75.1532,457.0,6,0,0,0,0,0,0,0,0,,0,0,0.0,4,3,0,0,,0,40 02:59.660,,0,75 09:11.340,0,0,0,0,67301,0,0,0,N,0,0,0,2,67301,0,,6,1,,N,N,,0,,0,0,1,0,0,,451,0,3,0,0,0,0,0,3,4,1,3,3,3.0,N,,,,,,,,,,,
2020012258,1030.0,0,0,0,0,0,0,0,0,0,8,0,,67,1,2020,6,39.9273,-75.1825,1025.0,6,0,0,0,0,0,1,0,0,,0,0,0.0,21,3,1,1,,0,39 55:38.240,,0,75 10:56.920,2,0,0,0,67301,1,0,1,N,1,0,1,2,67301,0,,1,1,,N,N,,0,,0,1,1,9,2,,2145,1,2,0,0,0,0,0,3,4,0,1,3,,N,,,,,,,,,,,
2020004347,950.0,1,0,0,0,0,0,0,0,0,4,0,,67,1,2020,7,40.0457,-75.0315,945.0,6,0,0,0,0,0,0,1,1,,0,0,0.0,9,1,2,1,,0,40 02:44.428,,0,75 01:53.506,3,0,0,0,67301,0,0,0,N,0,0,0,4,67301,0,,1,9,,N,N,,0,,2,0,2,9,2,,905,2,3,0,0,0,0,0,3,4,0,3,3,,N,,,,,,,,,,,
2020011801,339.0,1,0,0,0,0,0,0,0,0,1,0,,67,1,2020,2,39.9985,-75.1481,335.0,6,0,0,0,0,0,0,0,0,,0,0,0.0,3,3,0,0,,0,39 59:54.600,,0,75 08:53.120,0,0,0,0,67301,0,0,0,N,0,0,0,1,67301,0,,6,1,,N,N,,0,,0,0,0,3,3,,332,0,2,0,0,0,0,0,3,4,1,2,3,3.0,N,,,,,,,,,,,
2020005411,919.0,1,0,0,0,0,0,0,0,0,8,0,,67,1,2020,4,39.9639,-75.1931,913.0,6,0,0,0,0,0,0,0,0,,0,0,0.0,8,1,1,1,,0,39 57:50.050,,0,75 11:35.001,4,0,0,0,67301,1,0,0,N,1,0,0,2,67301,1,,1,9,,N,Y,,0,,0,0,0,3,3,,855,1,2,0,0,0,0,0,3,4,0,1,3,3.0,N,,,,,,,,,,,
2020006832,1549.0,1,0,0,0,0,0,0,0,0,5,0,,67,1,2020,7,40.0472,-75.1428,1549.0,6,0,0,0,0,0,0,0,1,,0,0,0.0,15,1,1,0,,0,40 02:50.091,,0,75 08:34.201,3,0,0,0,67301,0,0,0,N,0,0,0,1,67301,0,,6,6,,N,N,,0,,1,0,0,0,0,,1514,1,2,0,0,0,0,0,3,4,0,2,10,6.0,N,,,,,,,,,,,
2020007288,1746.0,0,0,0,0,0,0,0,0,0,8,0,,67,1,2020,4,39.9926,-75.1445,1740.0,6,0,0,0,0,0,0,0,0,,0,0,0.0,17,3,1,2,,0,39 59:33.692,,0,75 08:40.155,3,0,0,0,67301,1,0,0,N,1,0,0,2,67301,0,,1,1,,N,N,,0,,1,0,0,0,0,,1720,1,2,0,0,0,0,0,3,4,0,1,3,3.0,N,,,,,,,,,,,
2020003421,724.0,1,0,0,0,0,0,0,0,0,4,0,,67,1,2020,5,39.9597,-75.2474,722.0,6,0,0,0,0,0,0,0,0,,0,0,0.0,7,3,0,1,,0,39 57:34.864,,0,75 14:50.667,0,0,0,0,67301,0,0,0,N,0,0,0,2,67301,0,,1,1,,N,N,,0,,0,0,1,3,2,,716,0,2,0,0,0,0,0,3,4,0,2,3,3.0,N,,,,,,,,,,,
2020013133,1625.0,0,0,0,0,0,0,0,0,0,4,0,,67,1,2020,5,40.0308,-75.1043,1616.0,6,0,0,0,0,0,0,0,0,,0,0,0.0,16,1,2,0,,1,40 01:50.778,3.0,7,75 06:15.489,3,0,0,0,67301,0,0,0,N,0,0,0,3,67301,0,,1,1,,N,N,,0,,2,0,2,0,0,N,1615,2,2,0,0,0,0,0,3,4,0,2,3,,N,,,,,,,,,,,
2020003868,2202.0,3,0,0,0,0,0,0,0,0,4,0,,67,1,2020,6,39.9211,-75.2395,2200.0,6,0,0,0,0,0,0,0,0,,0,0,0.0,21,3,1,2,,0,39 55:15.794,,0,75 14:22.063,3,0,0,0,67301,0,0,0,N,0,0,0,1,67301,0,,1,1,,N,N,,0,,1,0,0,0,0,,2155,1,3,0,0,0,0,0,3,4,0,3,3,98.0,N,,,,,,,,,,,
2020004348,1314.0,1,0,0,0,0,0,0,0,0,5,0,,67,1,2020,7,40.0079,-75.0746,1313.0,6,0,0,0,0,0,1,0,0,,0,0,0.0,13,1,0,0,,1,40 00:28.327,2.0,0,75 04:28.448,0,0,0,0,67301,1,0,0,N,0,0,0,2,67301,0,,1,1,,N,N,,0,,0,0,0,0,0,N,1312,0,2,0,0,0,0,0,3,4,1,2,3,3.0,N,,,,,,,,,,,
2020050787,125.0,2,0,0,0,0,0,0,0,0,4,0,,67,6,2020,1,39.9846,-75.1678,117.0,6,0,0,0,0,0,0,0,0,,0,0,0.0,1,3,0,0,,2,39 59:04.700,4.0,0,75 10:04.130,0,0,0,0,67301,0,0,0,N,0,0,0,0,67301,0,,1,1,,N,N,,0,,0,0,1,0,0,Y,100,0,3,0,0,0,0,0,3,4,0,3,3,,N,,,,,,,,,,,
2020012440,220.0,2,0,0,0,0,0,0,0,0,5,0,,67,1,2020,6,39.9894,-75.1408,215.0,6,0,0,0,0,0,0,0,0,,0,0,0.0,2,3,0,0,,2,39 59:21.900,1.0,0,75 08:26.830,0,0,0,0,67301,0,0,0,N,0,0,0,1,67301,0,,1,1,,N,N,,0,,0,0,1,3,2,N,211,0,3,0,0,0,0,0,3,4,0,3,3,,N,,,,,,,,,,,
2020015271,945.0,2,0,0,0,0,0,0,0,0,4,0,,67,1,2020,6,39.9227,-75.1912,929.0,6,0,0,0,0,1,0,0,0,,0,0,0.0,9,1,0,0,,0,39 55:21.642,,0,75 11:28.347,0,0,0,0,67301,0,0,0,N,0,0,0,3,67301,0,,1,1,,N,N,,0,,0,0,0,0,0,,929,0,2,0,0,0,0,0,3,4,0,2,3,,N,,,,,,,,,,,
2020014345,1700.0,0,0,0,1,0,0,0,0,0,4,0,,67,1,2020,5,39.9538,-75.1747,1700.0,6,0,0,0,0,0,0,0,0,,0,0,0.0,17,1,1,0,,0,39 57:13.639,,0,75 10:28.904,8,0,0,0,67301,1,0,0,N,0,0,0,2,67301,0,,1,1,,N,N,,0,,0,0,1,0,0,,1700,1,2,0,0,0,1,0,3,4,0,1,3,3.0,N,,,,,,,,,,,
2020012780,844.0,1,0,0,0,0,0,0,0,0,7,0,,67,2,2020,1,40.0371,-75.1491,843.0,6,0,0,0,0,0,0,0,0,,0,0,0.0,8,1,0,0,,0,40 02:13.560,,7,75 08:56.930,0,0,0,0,67301,0,0,0,N,0,0,0,1,67301,0,,4,1,,N,N,,0,,0,0,0,3,2,,830,0,1,0,0,0,0,0,3,4,0,1,3,3.0,N,,,,,,,,,,,
2020004495,500.0,1,0,0,0,0,0,0,0,0,5,0,,67,1,2020,6,39.9916,-75.0919,446.0,6,0,0,0,0,0,1,0,0,,0,0,0.0,4,6,0,0,,0,39 59:29.755,,0,75 05:30.672,0,0,0,0,67301,0,0,0,N,0,0,0,2,67301,0,,1,1,,N,N,,1,,0,0,0,9,9,,445,0,2,0,0,2,0,0,3,4,0,2,3,3.0,N,,,,,,,,,,,