CRN,ARRIVAL_TM,AUTOMOBILE_COUNT,BELTED_DEATH_COUNT,BELTED_SUSP_SERIOUS_INJ_COUNT,BICYCLE_COUNT,BICYCLE_DEATH_COUNT,BICYCLE_SUSP_SERIOUS_INJ_COUNT,BUS_COUNT,CHLDPAS_DEATH_COUNT,CHLDPAS_SUSP_SERIOUS_INJ_COUNT,COLLISION_TYPE,COMM_VEH_COUNT,CONS_ZONE_SPD_LIM,COUNTY,CRASH_MONTH,CRASH_YEAR,DAY_OF_WEEK,DEC_LAT,DEC_LONG,DISPATCH_TM,DISTRICT,DRIVER_COUNT_16YR,DRIVER_COUNT_17YR,DRIVER_COUNT_18YR,DRIVER_COUNT_19YR,DRIVER_COUNT_20YR,DRIVER_COUNT_50_64YR,DRIVER_COUNT_65_74YR,DRIVER_COUNT_75PLUS,EST_HRS_CLOSED,FATAL_COUNT,HEAVY_TRUCK_COUNT,HORSE_BUGGY_COUNT,HOUR_OF_DAY,ILLUMINATION,INJURY_COUNT,INTERSECT_TYPE,INTERSECTION_RELATED,LANE_CLOSED,LATITUDE,LN_CLOSE_DIR,LOCATION_TYPE,LONGITUDE,MAX_SEVERITY_LEVEL,MCYCLE_DEATH_COUNT,MCYCLE_SUSP_SERIOUS_INJ_COUNT,MOTORCYCLE_COUNT,MUNICIPALITY,NONMOTR_COUNT,NONMOTR_DEATH_COUNT,NONMOTR_SUSP_SERIOUS_INJ_COUNT,NTFY_HIWY_MAINT,PED_COUNT,PED_DEATH_COUNT,PED_SUSP_SERIOUS_INJ_COUNT,PERSON_COUNT,POLICE_AGCY,POSSIBLE_INJ_COUNT,RDWY_SURF_TYPE_CD,RELATION_TO_ROAD,ROAD_CONDITION,ROADWAY_CLEARED,SCH_BUS_IND,SCH_ZONE_IND,SECONDARY_CRASH,SMALL_TRUCK_COUNT,SPEC_JURIS_CD,SUSP_MINOR_INJ_COUNT,SUSP_SERIOUS_INJ_COUNT,SUV_COUNT,TCD_FUNC_CD,TCD_TYPE,TFC_DETOUR_IND,TIME_OF_DAY,TOT_INJ_COUNT,TOTAL_UNITS,UNB_DEATH_COUNT,UNB_SUSP_SERIOUS_INJ_COUNT,UNBELTED_OCC_COUNT,UNK_INJ_DEG_COUNT,UNK_INJ_PER_COUNT,URBAN_AREA,URBAN_RURAL,VAN_COUNT,VEHICLE_COUNT,WEATHER1,WEATHER2,WORK_ZONE_IND,WORK_ZONE_LOC,WORK_ZONE_TYPE,WORKERS_PRES,WZ_CLOSE_DETOUR,WZ_FLAGGER,WZ_LAW_OFFCR_IND,WZ_LN_CLOSURE,WZ_MOVING,WZ_OTHER,WZ_SHLDER_MDN,WZ_WORKERS_INJ_KILLED
2020014379,1714.0,2,0,0,0,0,0,0,0,0,1,0,,67,1,2020,5,40.022,-75.1393,1706.0,6,0,0,0,0,0,0,0,1,,0,0,0.0,16,4,1,0,,0,40 01:19.135,,0,75 08:21.324,3,0,0,0,67301,0,0,0,N,0,0,0,2,67301,0,,1,1,,N,N,,0,,1,0,0,9,9,,1614,1,2,0,0,1,0,0,3,4,0,2,3,3.0,N,,,,,,,,,,,
2020008520,834.0,2,0,0,0,0,0,0,0,0,4,0,,67,1,2020,4,40.0765,-75.0824,824.0,6,0,0,0,0,0,0,0,1,,0,0,0.0,8,1,1,1,,0,40 04:35.542,,0,75 04:56.744,8,0,0,0,67301,0,0,0,N,0,0,0,2,67301,0,,1,1,,N,N,,0,,0,0,0,3,2,,820,1,2,0,0,0,1,0,3,4,0,2,3,3.0,N,,,,,,,,,,,
2020052601,930.0,1,0,0,0,0,0,0,0,0,4,0,,67,7,2020,4,40.0098,-75.0692,922.0,6,0,0,0,0,0,0,0,0,,0,0,0.0,9,1,1,0,,0,40 00:35.351,,0,75 04:09.151,3,0,0,0,67301,0,0,0,N,0,0,0,2,67301,0,,1,1,,N,N,,0,,1,0,1,3,2,,915,1,2,0,0,0,0,0,3,4,0,2,3,3.0,N,,,,,,,,,,,
2020005201,2310.0,2,0,0,0,0,0,0,0,0,1,0,,67,1,2020,7,39.9582,-75.2233,2310.0,6,0,0,0,0,0,0,0,0,,0,0,0.0,23,3,0,0,,0,39 57:29.691,,0,75 13:23.712,0,0,0,0,67301,0,0,0,N,0,0,0,1,67301,0,,6,99,,N,N,,0,,0,0,0,3,2,,2308,0,2,0,0,0,0,0,3,4,0,2,99,3.0,N,,,,,,,,,,,
2020011799,649.0,0,0,0,0,0,0,0,0,0,8,0,,67,1,2020,5,40.1044,-75.0344,646.0,6,0,0,0,0,0,1,0,0,,0,0,0.0,6,1,1,2,,0,40 06:16.002,,0,75 02:03.666,3,0,0,0,67301,1,0,0,N,1,0,0,2,67301,0,,1,1,,N,N,,0,,1,0,1,0,0,,643,1,2,0,0,0,0,0,3,4,0,1,3,,N,,,,,,,,,,,
2020054270,1420.0,0,0,0,0,0,0,0,0,0,7,1,,67,6,2020,6,40.0053,-75.1955,1401.0,6,0,0,0,0,0,1,0,0,,0,0,0.0,13,1,0,3,,0,40 00:18.992,,2,75 11:43.844,0,0,0,0,67301,0,0,0,N,0,0,0,1,67301,0,,4,1,,N,N,,1,,0,0,0,0,0,,1337,0,1,0,0,1,0,0,3,4,0,1,3,,N,,,,,,,,,,,
2020004692,2355.0,4,0,0,0,0,0,0,0,0,4,0,,67,1,2020,6,40.014,-75.1579,2353.0,6,0,0,0,0,0,1,0,0,,0,0,0.0,23,3,2,1,,0,40 00:50.303,,0,75 09:28.618,4,0,0,0,67301,0,0,0,N,0,0,0,2,67301,2,,1,1,,N,N,,0,,0,0,0,0,0,,2353,2,4,0,0,0,0,0,3,4,0,4,3,3.0,N,,,,,,,,,,,
2020009516,1231.0,1,0,0,0,0,0,0,0,0,4,0,,67,1,2020,6,39.9868,-75.2085,1210.0,6,0,0,0,0,0,1,0,0,,0,0,0.0,10,8,0,2,,0,39 59:12.320,,2,75 12:30.650,9,0,0,0,67301,0,0,0,N,0,0,0,2,67301,0,,1,1,,N,N,,0,,0,0,1,0,0,,1058,0,2,0,0,0,0,1,3,4,0,2,3,3.0,N,,,,,,,,,,,
2020012265,1458.0,3,0,0,0,0,0,0,0,0,1,0,,67,1,2020,5,39.9704,-75.124,1422.0,6,0,0,1,0,0,0,0,0,,0,0,0.0,14,1,0,0,,0,39 58:13.296,,0,75 07:26.365,0,0,0,0,67301,0,0,0,N,0,0,0,3,67301,0,,1,1,,N,N,,0,,0,0,0,0,0,,1415,0,3,0,0,0,0,0,3,4,0,3,3,,N,,,,,,,,,,,
2020004928,1810.0,2,0,0,0,0,0,0,0,0,4,0,,67,1,2020,2,39.9651,-75.1608,1805.0,6,0,0,0,0,0,1,0,0,,0,0,0.0,18,3,2,1,,0,39 57:54.312,,0,75 09:38.700,3,0,0,0,67301,0,0,0,N,0,0,0,2,67301,1,,1,1,,N,N,,0,,1,0,0,3,2,,1800,2,2,0,0,1,0,0,3,4,0,2,3,3.0,N,,,,,,,,,,,
2020062946,755.0,0,0,0,0,0,0,0,0,0,5,1,,67,8,2020,5,39.9752,-75.1883,746.0,6,0,0,0,0,0,1,0,0,,0,1,0.0,6,1,1,0,N,0,39 58:30.634,,0,75 11:17.764,4,0,0,0,67301,0,0,0,N,0,0,0,2,67301,1,,1,9,,N,N,N,0,,0,0,1,3,2,,645,1,2,0,0,0,0,0,3,4,0,2,7,4.0,N,,,,,,,,,,,
2020022861,2307.0,1,0,0,0,0,0,0,0,0,4,0,,67,3,2020,2,40.015,-75.0644,2258.0,6,0,0,0,0,0,0,0,0,,0,0,0.0,22,3,1,1,,0,40 00:53.971,,0,75 03:51.880,8,0,0,0,67301,0,0,0,N,0,0,0,3,67301,0,,1,9,,N,N,,0,,0,0,1,3,3,,2257,1,2,0,0,0,1,1,3,4,0,2,7,,N,,,,,,,,,,,
2020023313,812.0,1,0,0,0,0,0,0,0,0,4,0,,67,3,2020,4,39.991,-75.1686,756.0,6,0,0,0,0,0,1,0,0,,0,0,0.0,6,1,0,1,,0,39 59:27.754,,0,75 10:06.805,9,0,0,0,67301,0,0,0,N,0,0,0,2,67301,0,,1,1,,N,N,,0,,0,0,0,3,2,,659,0,2,0,0,0,0,2,3,4,1,2,3,3.0,N,,,,,,,,,,,
2020022504,220.0,1,0,0,0,0,0,0,0,0,4,0,,67,3,2020,2,39.991,-75.1319,220.0,6,0,0,0,0,0,0,0,0,,0,0,0.0,2,3,0,1,,0,39 59:27.484,,0,75 07:54.928,0,0,0,0,67301,0,0,0,N,0,0,0,2,67301,0,,1,1,,N,N,,0,,0,0,1,0,0,,218,0,2,0,0,0,0,0,3,4,0,2,3,3.0,N,,,,,,,,,,,
2020023813,840.0,1,0,0,0,0,0,0,0,0,4,0,,67,3,2020,5,39.9895,-75.1689,837.0,6,0,0,0,0,0,0,1,0,,0,0,0.0,8,1,1,1,,0,39 59:22.398,,0,75 10:08.055,4,0,0,0,67301,0,0,0,N,0,0,0,6,67301,1,,1,1,,N,N,,0,,0,0,1,3,2,,835,1,2,0,0,0,0,0,3,4,0,2,3,3.0,N,,,,,,,,,,,
2020065276,1700.0,2,0,0,0,0,0,0,0,0,1,0,,67,8,2020,3,40.0239,-75.1317,1655.0,6,0,0,0,0,0,1,0,0,,0,0,0.0,16,1,1,0,,0,40 01:25.985,,0,75 07:54.232,8,0,0,0,67301,0,0,0,N,0,0,0,3,67301,0,,1,1,,N,N,,0,,0,0,1,3,2,,1650,1,3,0,0,0,1,0,3,4,0,3,3,3.0,N,,,,,,,,,,,
2020065189,1231.0,1,0,0,0,0,0,0,0,0,5,1,,67,8,2020,3,39.8862,-75.2428,1220.0,6,0,0,0,0,0,1,0,0,,0,1,0.0,12,1,0,0,,0,39 53:10.808,,0,75 14:34.009,0,0,0,0,67301,0,0,0,N,0,0,0,2,68K01,0,,1,9,,N,N,,0,,0,0,0,0,0,,1215,0,2,0,0,0,0,0,3,4,0,2,7,8.0,N,,,,,,,,,,,
2020062696,249.0,1,0,0,0,0,0,0,0,0,1,0,,67,8,2020,4,40.0254,-75.0733,247.0,6,0,0,0,0,0,0,0,0,,0,0,0.0,2,3,0,1,,0,40 01:31.355,,0,75 04:23.942,0,0,0,0,67301,0,0,0,N,0,0,0,2,67301,0,,1,1,,N,N,,0,,0,0,1,0,0,,246,0,2,0,0,2,0,0,3,4,0,2,3,3.0,N,,,,,,,,,,,
2020038031,1311.0,1,0,0,0,0,0,0,0,0,8,0,,67,5,2020,2,40.0604,-75.0536,1310.0,6,0,0,0,0,0,0,0,0,,0,0,0.0,13,1,1,0,,2,40 03:37.395,6.0,0,75 03:12.899,8,0,0,0,67301,1,0,0,N,1,0,0,2,67301,0,,1,1,1310.0,N,N,,0,,0,0,0,0,0,N,1310,1,2,0,0,1,1,0,3,4,0,1,3,3.0,N,,,,,,,,,,,
2020023494,2230.0,2,0,0,0,0,0,0,0,0,4,0,,67,3,2020,3,40.0287,-75.2055,2222.0,6,0,0,0,0,0,0,0,0,,0,0,0.0,22,3,0,1,,1,40 01:43.183,3.0,0,75 12:19.909,0,0,0,0,67301,0,0,0,N,0,0,0,3,67301,0,,1,9,1130.0,N,N,,0,,0,0,0,2,2,N,2217,0,2,0,0,0,0,0,3,4,0,2,7,7.0,N,,,,,,,,,,,
2020026038,45.0,2,0,0,0,0,0,0,0,0,4,0,,67,3,2020,2,40.0168,-75.1714,44.0,6,0,0,0,0,0,0,0,0,,0,0,0.0,23,3,3,0,,0,40 01:00.585,,0,75 10:17.133,3,0,0,0,67301,0,0,0,N,0,0,0,3,67301,0,,1,1,,N,Y,,0,,3,0,0,0,0,,2324,3,2,0,0,0,0,0,3,4,0,2,3,,N,,,,,,,,,,,
2020023671,2032.0,0,0,0,0,0,0,0,0,0,8,0,,67,3,2020,4,39.9202,-75.1572,2032.0,6,0,0,0,0,0,0,0,0,,0,0,0.0,19,3,1,1,,0,39 55:12.846,,0,75 09:25.830,4,0,0,0,67301,1,0,0,N,1,0,0,2,67301,1,,1,1,,N,N,,0,,0,0,0,3,3,,1900,1,2,0,0,0,0,0,3,4,0,1,4,,N,,,,,,,,,,,
2020025893,2332.0,1,0,0,0,0,0,0,0,0,1,0,,67,3,2020,3,39.9741,-75.2043,2332.0,6,0,0,0,0,0,0,0,0,,0,0,0.0,13,1,1,1,,0,39 58:26.878,,0,75 12:15.541,3,0,0,0,67301,0,0,0,N,0,0,0,2,67301,0,,1,1,,N,N,,1,,1,0,0,3,2,,1310,1,2,0,0,0,0,0,3,4,0,2,3,3.0,N,,,,,,,,,,,
2020063661,848.0,3,0,0,0,0,0,0,0,0,5,0,,67,8,2020,1,39.9075,-75.1832,838.0,6,0,0,0,0,0,0,0,0,,0,0,0.0,8,1,0,0,,0,39 54:27.030,,0,75 10:59.610,0,0,0,0,67301,0,0,0,N,0,0,0,1,67301,0,,6,1,,N,N,,0,,0,0,0,0,0,,836,0,3,0,0,0,0,0,3,4,0,3,3,,N,,,,,,,,,,,
2020025368,1623.0,0,0,0,0,0,0,0,0,0,6,0,,67,3,2020,2,40.038,-75.2224,1613.0,6,0,0,0,0,0,1,1,0,,0,0,0.0,15,1,2,0,,1,40 02:16.622,2.0,0,75 13:20.770,3,0,0,0,67301,0,0,0,N,0,0,0,2,67301,0,,1,1,1610.0,N,N,,0,,2,0,2,3,2,N,1558,2,2,0,0,0,0,0,3,4,0,2,3,,N,,,,,,,,,,,
2020025314,1140.0,1,0,0,0,0,0,0,0,0,4,0,,67,3,2020,7,40.0085,-75.2107,1129.0,6,0,0,0,0,0,1,0,0,,0,0,0.0,10,1,0,1,,0,40 00:30.708,,0,75 12:38.635,0,0,0,0,67301,0,0,0,N,0,0,0,2,67301,0,,1,1,,N,N,,0,,0,0,0,0,0,,1058,0,2,0,0,0,0,0,3,4,1,2,3,3.0,N,,,,,,,,,,,
2020024412,1622.0,0,0,0,0,0,0,0,0,0,5,0,,67,3,2020,7,40.0345,-75.1659,1614.0,6,0,0,0,0,0,1,0,0,,0,0,0.0,15,1,0,0,,0,40 02:04.290,,0,75 09:57.060,0,0,0,0,67301,0,0,0,N,0,0,0,1,67301,0,,6,1,,N,N,,2,,0,0,0,0,0,,1545,0,2,0,0,0,0,0,3,4,0,2,3,3.0,N,,,,,,,,,,,
2020023218,1945.0,2,0,0,0,0,0,0,0,0,4,0,,67,3,2020,3,39.9792,-75.1375,1942.0,6,0,0,0,0,0,0,0,0,,0,0,0.0,19,3,1,1,,0,39 58:44.957,,0,75 08:14.888,3,0,0,0,67301,0,0,0,N,0,0,0,3,67301,0,,1,9,,N,N,,0,,1,0,0,3,2,,1941,1,2,0,0,0,0,0,3,4,0,2,4,3.0,N,,,,,,,,,,,
2020022860,1612.0,1,0,0,0,0,0,0,0,0,4,0,,67,3,2020,2,40.0141,-75.0781,1558.0,6,0,0,0,0,0,1,0,0,,0,0,0.0,15,1,0,1,,0,40 00:50.760,,0,75 04:41.012,9,0,0,0,67301,0,0,0,N,0,0,0,2,67301,0,,1,1,,N,N,,0,,0,0,0,3,3,,1543,0,2,0,0,0,0,1,3,4,1,2,3,4.0,N,,,,,,,,,,,
2020064042,1429.0,3,0,0,0,0,0,0,0,0,1,0,,67,8,2020,1,39.9589,-75.17,1426.0,6,0,0,0,0,0,0,1,0,,0,0,0.0,14,1,1,0,,2,39 57:32.026,4.0,0,75 10:11.853,4,0,0,0,67301,0,0,0,N,0,0,0,4,68K01,1,,1,1,100.0,N,N,,0,,0,0,0,0,0,N,1423,1,3,0,0,0,0,0,3,4,0,3,3,,N,,,,,,,,,,,
2020023317,1807.0,1,0,0,1,0,0,0,0,0,4,0,,67,3,2020,2,40.0067,-75.1431,1803.0,6,0,0,0,0,0,0,0,0,,0,0,0.0,17,4,1,1,,0,40 00:24.105,,0,75 08:35.066,8,0,0,0,67301,1,0,0,N,0,0,0,2,67301,0,,1,1,,N,N,,0,,0,0,0,3,2,,1755,1,2,0,0,0,1,1,3,4,0,1,3,3.0,N,,,,,,,,,,,
2020063609,343.0,0,0,0,0,0,0,0,0,0,7,0,,67,7,2020,6,39.9699,-75.1255,337.0,6,0,0,0,0,0,0,0,0,,0,0,0.0,3,3,1,7,,2,39 58:13.300,1.0,2,75 07:29.000,3,0,0,0,67301,0,0,0,N,0,0,0,1,68K01,0,,7,9,405.0,N,N,N,0,,1,0,1,0,0,N,325,1,1,0,0,0,0,0,3,4,0,1,7,7.0,N,,,,,,,,,,,
2020023437,130.0,1,0,0,0,0,0,0,0,0,7,0,,67,3,2020,4,39.931,-75.199,127.0,6,0,0,0,0,1,0,0,0,,0,0,0.0,1,3,1,0,,0,39 55:51.511,,0,75 11:56.391,3,0,0,0,67301,0,0,0,N,0,0,0,1,68K01,0,,4,1,,N,N,,0,,1,0,0,0,0,,114,1,1,0,0,0,0,0,3,4,0,1,3,,N,,,,,,,,,,,
2020029477,2016.0,1,0,0,0,0,0,0,0,0,7,0,,67,3,2020,1,39.985,-75.0945,2005.0,6,0,0,0,0,0,0,0,0,,0,0,0.0,20,3,0,0,,1,39 59:05.893,1.0,3,75 05:40.201,0,0,0,0,67301,0,0,0,N,0,0,0,2,68K01,0,,4,1,2100.0,N,N,,0,,0,0,0,0,0,N,2004,0,1,0,0,0,0,0,3,4,0,1,3,,N,,,,,,,,,,,
2020064135,1945.0,0,0,0,0,0,0,0,0,0,8,0,,67,8,2020,7,39.9674,-75.2291,1940.0,6,0,0,0,0,0,0,0,0,,0,0,0.0,18,1,1,0,,0,39 58:02.570,,0,75 13:44.630,8,0,0,0,67301,1,0,0,N,1,0,0,1,67301,0,,1,1,,N,N,,0,,0,0,0,0,0,,1855,1,2,0,0,0,1,0,3,4,0,1,3,3.0,N,,,,,,,,,,,
2020067044,1150.0,2,0,0,0,0,0,0,0,0,4,0,,67,8,2020,4,40.0464,-74.9954,1134.0,6,0,0,0,0,0,0,0,1,,0,0,0.0,11,1,0,0,N,0,40 02:47.200,,0,74 59:43.470,0,0,0,0,67301,0,0,0,N,0,0,0,3,67301,0,,1,9,,N,N,Y,0,,0,0,0,0,0,,1100,0,2,0,0,0,0,0,3,4,0,2,7,7.0,N,,,,,,,,,,,
2020067570,715.0,1,0,0,0,0,0,0,0,0,5,0,,67,7,2020,5,40.0224,-75.0382,703.0,6,0,0,0,0,0,2,0,0,,0,1,0.0,7,1,0,0,N,2,40 01:20.477,2.0,0,75 02:17.422,0,0,0,0,67301,0,0,0,N,0,0,0,2,68K01,0,,1,1,800.0,N,N,N,0,,0,0,0,0,0,N,703,0,2,0,0,0,0,0,3,4,0,2,3,,N,,,,,,,,,,,
2020066571,1945.0,1,0,0,0,0,0,0,0,0,4,0,,67,8,2020,7,39.9872,-75.2,1938.0,6,0,0,0,0,0,0,0,0,,1,0,0.0,19,1,0,0,N,1,39 59:13.887,3.0,7,75 12:00.002,1,1,0,1,67301,0,0,0,N,0,0,0,2,67301,0,2.0,1,1,2130.0,N,N,N,0,0.0,0,0,0,0,0,N,1937,0,2,0,0,0,0,0,3,4,0,2,3,3.0,N,,,,,,,,,,,
2020025548,2229.0,1,0,0,0,0,0,0,0,0,1,0,,67,3,2020,3,39.9292,-75.2434,2229.0,6,0,0,0,0,0,2,0,0,,0,0,0.0,22,3,1,0,N,0,39 55:45.218,,0,75 14:36.239,3,0,0,0,67301,0,0,0,N,0,0,0,2,67301,0,,1,1,,N,N,N,0,,1,0,1,0,0,,2229,1,2,0,0,0,0,0,3,4,0,2,3,3.0,N,,,,,,,,,,,
2020026219,2114.0,1,0,0,0,0,0,0,0,0,4,0,,67,3,2020,3,40.0337,-75.0636,2113.0,6,0,0,0,0,0,0,0,0,,0,0,0.0,21,3,0,5,,0,40 02:01.162,,0,75 03:49.102,0,0,0,0,67301,0,0,0,N,0,0,0,2,67301,0,,1,1,,N,N,,0,,0,0,1,9,2,,2113,0,2,0,0,0,0,0,3,4,0,2,4,4.0,N,,,,,,,,,,,
2020024977,1250.0,2,0,0,0,0,0,0,0,0,4,0,,67,3,2020,3,39.9774,-75.1591,1245.0,6,0,0,0,2,0,0,0,0,,0,0,0.0,12,1,0,1,,0,39 58:38.677,,0,75 09:32.876,9,0,0,0,67301,0,0,0,N,0,0,0,2,67505,0,,1,9,,N,N,,0,,0,0,0,3,3,,1230,0,2,0,0,0,0,1,3,4,0,2,7,3.0,N,,,,,,,,,,,
2020023499,527.0,1,0,0,0,0,0,0,0,0,8,0,,67,3,2020,4,40.0011,-75.1328,521.0,6,0,0,0,0,0,0,0,0,,0,0,0.0,5,3,1,0,,0,40 00:03.830,,0,75 07:58.070,3,0,0,0,67301,1,0,0,N,1,0,0,2,67301,0,,1,1,,N,N,,0,,1,0,0,0,0,,516,1,2,0,0,1,0,0,3,4,0,1,3,3.0,N,,,,,,,,,,,
2020024186,1000.0,1,0,0,0,0,0,0,0,0,1,0,,67,3,2020,6,40.1142,-74.9873,947.0,6,0,0,0,0,0,2,0,0,,0,0,0.0,9,1,1,0,,1,40 06:51.299,1.0,0,74 59:14.278,3,0,0,0,67301,0,0,0,N,0,0,0,3,67301,0,,1,1,1200.0,N,N,,0,,1,0,1,0,0,N,934,1,3,0,0,0,0,0,3,4,1,3,4,,N,,,,,,,,,,,
2020024779,1152.0,0,0,0,0,0,0,0,0,0,4,0,,67,3,2020,1,39.9335,-75.2401,1149.0,6,0,0,0,0,0,1,0,0,,0,0,0.0,3,3,0,0,,0,39 56:00.630,,0,75 14:24.496,0,0,0,0,67301,0,0,0,N,0,0,0,2,67301,0,,1,99,,N,N,,0,,0,0,1,0,0,,300,0,2,0,0,0,0,0,3,4,0,2,3,,N,,,,,,,,,,,
2020056216,1635.0,1,0,0,0,0,0,0,0,0,8,0,,67,7,2020,5,40.0378,-75.1395,1630.0,6,0,0,0,0,0,0,0,0,,0,0,0.0,15,1,1,0,,0,40 02:15.980,,0,75 08:22.250,8,0,0,0,67301,1,0,0,N,1,0,0,2,67301,0,,1,1,,N,N,,0,,0,0,0,3,2,,1555,1,2,0,0,0,1,0,3,4,0,1,3,3.0,N,,,,,,,,,,,
2020023146,1250.0,1,0,0,0,0,0,0,0,0,4,0,,67,3,2020,3,40.0452,-75.0326,1238.0,6,0,0,0,0,0,0,0,0,,0,0,0.0,12,1,1,2,,0,40 02:42.795,,0,75 01:57.349,3,0,0,0,67301,0,0,0,N,0,0,0,2,67301,0,,1,1,,N,N,,1,,1,0,0,3,3,,1220,1,2,0,0,2,0,0,3,4,0,2,3,3.0,N,,,,,,,,,,,
2020051991,1839.0,2,0,0,0,0,0,0,0,0,4,0,,67,6,2020,3,39.9925,-75.1305,1830.0,6,0,0,0,0,0,1,0,0,,0,0,0.0,18,1,1,1,,0,39 59:32.989,,0,75 07:49.965,8,0,0,0,67301,0,0,0,N,0,0,0,3,67301,0,,1,1,,N,N,,0,,0,0,1,0,0,,1818,1,3,0,0,1,1,2,3,4,0,3,3,3.0,N,,,,,,,,,,,
2020023890,700.0,1,0,0,0,0,0,0,0,0,0,0,,67,3,2020,6,39.9193,-75.1896,655.0,6,0,0,0,0,0,0,0,0,,0,0,0.0,6,1,0,0,,1,39 55:09.300,4.0,3,75 11:22.700,0,0,0,0,67301,0,0,0,N,0,0,0,1,67501,0,,2,1,748.0,N,N,,0,,0,0,0,0,0,N,655,0,1,0,0,0,0,0,3,4,0,1,4,,N,,,,,,,,,,,
2020025688,730.0,1,0,0,0,0,0,0,0,0,1,0,,67,3,2020,3,39.977,-75.1991,729.0,6,0,0,0,0,0,0,0,0,,0,0,0.0,7,1,0,0,,0,39 58:37.314,,0,75 11:56.814,0,0,0,0,67301,0,0,0,N,0,0,0,5,68K01,0,,1,1,,N,N,,0,,0,0,1,0,0,,729,0,2,0,0,0,0,0,3,4,0,2,3,3.0,N,,,,,,,,,,,
2020022299,1100.0,1,0,0,0,0,0,0,0,0,4,0,,67,3,2020,1,39.995,-75.2276,1052.0,6,0,0,0,0,0,1,0,0,,0,0,0.0,10,1,0,1,,0,39 59:42.122,,0,75 13:39.471,0,0,0,0,67301,0,0,0,N,0,0,0,2,67301,0,,1,1,,N,N,,0,,0,0,0,3,3,,1036,0,2,0,0,0,0,0,3,4,1,2,3,3.0,N,,,,,,,,,,,
2020025367,418.0,1,0,0,0,0,0,0,0,0,5,0,,67,3,2020,1,40.0404,-75.2346,417.0,6,0,0,0,0,0,0,0,0,,0,0,0.0,4,3,1,0,,0,40 02:25.360,,0,75 14:04.710,4,0,0,0,67301,0,0,0,N,0,0,0,1,67301,1,,6,1,,N,N,,1,,0,0,0,0,0,,415,1,2,0,0,0,0,0,3,4,0,2,3,3.0,N,,,,,,,,,,,
2020025549,13.0,2,0,0,0,0,0,0,0,0,1,0,,67,3,2020,2,40.0215,-75.0518,0.0,6,0,0,0,0,0,0,0,0,,0,0,0.0,16,1,2,1,,0,40 01:17.505,,0,75 03:06.381,3,0,0,0,67301,0,0,0,N,0,0,0,4,67301,0,,1,1,,N,N,,0,,2,0,1,0,0,,1650,2,3,0,0,0,0,1,3,4,0,3,3,3.0,N,,,,,,,,,,,
2020024891,603.0,1,0,0,0,0,0,0,0,0,5,0,,67,3,2020,1,40.0459,-75.0605,601.0,6,0,0,0,0,0,0,0,0,,0,0,0.0,5,3,0,0,,1,40 02:45.113,1.0,0,75 03:37.722,9,0,0,0,67301,0,0,0,N,0,0,0,1,67301,0,,6,1,745.0,N,N,,0,,0,0,1,0,0,N,559,0,3,0,0,0,0,1,3,4,1,3,3,,N,,,,,,,,,,,
2020024780,1400.0,2,0,0,0,0,0,0,0,0,1,0,,67,3,2020,1,39.9038,-75.24,1357.0,6,0,0,0,0,0,1,0,0,,0,0,0.0,13,1,2,0,,1,39 54:13.611,1.0,0,75 14:24.116,4,0,0,0,67301,0,0,0,N,0,0,0,5,67301,2,,1,1,30.0,N,N,,1,,0,0,1,3,2,N,1357,2,4,0,0,0,0,0,3,4,0,4,3,,N,,,,,,,,,,,
2020060028,810.0,1,0,0,0,0,0,1,0,0,4,1,,67,7,2020,1,40.0515,-75.1501,803.0,6,0,0,0,0,0,0,0,0,,0,0,0.0,8,1,3,1,,0,40 03:05.564,,0,75 09:00.360,4,0,0,0,67301,0,0,0,N,0,0,0,4,67508,3,,1,1,,N,N,,0,,0,0,0,9,2,N,803,3,2,0,0,0,0,1,3,4,0,2,3,3.0,N,,,,,,,,,,,
2020025554,1655.0,1,0,0,0,0,0,0,0,0,4,0,,67,3,2020,2,40.0337,-75.1458,1649.0,6,0,0,0,0,0,0,0,0,,0,0,0.0,16,1,1,1,,1,40 02:01.264,3.0,0,75 08:44.868,4,0,0,0,67301,0,0,0,N,0,0,0,3,67301,1,,1,1,1830.0,N,N,,0,,0,0,1,3,2,N,1648,1,2,0,0,0,0,0,3,4,0,2,3,3.0,N,,,,,,,,,,,
2020026217,2145.0,0,0,0,0,0,0,0,0,0,4,0,,67,3,2020,2,40.0169,-75.0718,2144.0,6,0,0,0,0,0,0,0,0,,0,0,0.0,21,3,1,1,,0,40 01:00.855,,0,75 04:18.545,3,0,0,0,67301,0,0,0,N,0,0,0,3,67301,0,,1,1,,N,N,,0,,1,0,1,3,3,,2144,1,3,0,0,1,0,0,3,4,2,3,3,3.0,N,,,,,,,,,,,
2020025311,1708.0,2,0,0,0,0,0,0,0,0,5,0,,67,3,2020,1,39.9322,-75.1831,1707.0,6,0,0,0,0,0,0,0,0,,0,0,0.0,17,1,0,0,N,2,39 55:55.910,2.0,0,75 10:59.230,0,0,0,0,67301,0,0,0,N,0,0,0,1,67301,0,,1,1,1836.0,N,N,N,0,,0,0,0,0,0,N,1706,0,2,0,0,0,0,0,3,4,0,2,3,,N,,,,,,,,,,,