CRN,ARRIVAL_TM,AUTOMOBILE_COUNT,BELTED_DEATH_COUNT,BELTED_SUSP_SERIOUS_INJ_COUNT,BICYCLE_COUNT,BICYCLE_DEATH_COUNT,BICYCLE_SUSP_SERIOUS_INJ_COUNT,BUS_COUNT,CHLDPAS_DEATH_COUNT,CHLDPAS_SUSP_SERIOUS_INJ_COUNT,COLLISION_TYPE,COMM_VEH_COUNT,CONS_ZONE_SPD_LIM,COUNTY,CRASH_MONTH,CRASH_YEAR,DAY_OF_WEEK,DEC_LAT,DEC_LONG,DISPATCH_TM,DISTRICT,DRIVER_COUNT_16YR,DRIVER_COUNT_17YR,DRIVER_COUNT_18YR,DRIVER_COUNT_19YR,DRIVER_COUNT_20YR,DRIVER_COUNT_50_64YR,DRIVER_COUNT_65_74YR,DRIVER_COUNT_75PLUS,EST_HRS_CLOSED,FATAL_COUNT,HEAVY_TRUCK_COUNT,HORSE_BUGGY_COUNT,HOUR_OF_DAY,ILLUMINATION,INJURY_COUNT,INTERSECT_TYPE,INTERSECTION_RELATED,LANE_CLOSED,LATITUDE,LN_CLOSE_DIR,LOCATION_TYPE,LONGITUDE,MAX_SEVERITY_LEVEL,MCYCLE_DEATH_COUNT,MCYCLE_SUSP_SERIOUS_INJ_COUNT,MOTORCYCLE_COUNT,MUNICIPALITY,NONMOTR_COUNT,NONMOTR_DEATH_COUNT,NONMOTR_SUSP_SERIOUS_INJ_COUNT,NTFY_HIWY_MAINT,PED_COUNT,PED_DEATH_COUNT,PED_SUSP_SERIOUS_INJ_COUNT,PERSON_COUNT,POLICE_AGCY,POSSIBLE_INJ_COUNT,RDWY_SURF_TYPE_CD,RELATION_TO_ROAD,ROAD_CONDITION,ROADWAY_CLEARED,SCH_BUS_IND,SCH_ZONE_IND,SECONDARY_CRASH,SMALL_TRUCK_COUNT,SPEC_JURIS_CD,SUSP_MINOR_INJ_COUNT,SUSP_SERIOUS_INJ_COUNT,SUV_COUNT,TCD_FUNC_CD,TCD_TYPE,TFC_DETOUR_IND,TIME_OF_DAY,TOT_INJ_COUNT,TOTAL_UNITS,UNB_DEATH_COUNT,UNB_SUSP_SERIOUS_INJ_COUNT,UNBELTED_OCC_COUNT,UNK_INJ_DEG_COUNT,UNK_INJ_PER_COUNT,URBAN_AREA,URBAN_RURAL,VAN_COUNT,VEHICLE_COUNT,WEATHER1,WEATHER2,WORK_ZONE_IND,WORK_ZONE_LOC,WORK_ZONE_TYPE,WORKERS_PRES,WZ_CLOSE_DETOUR,WZ_FLAGGER,WZ_LAW_OFFCR_IND,WZ_LN_CLOSURE,WZ_MOVING,WZ_OTHER,WZ_SHLDER_MDN,WZ_WORKERS_INJ_KILLED
2020023976,1410.0,1,0,0,0,0,0,0,0,0,6,0,,67,3,2020,3,40.0362,-75.1556,1410.0,6,0,0,0,0,0,0,0,0,,0,0,0.0,23,3,1,3,,0,40 02:10.280,,0,75 09:20.192,8,0,0,0,67301,0,0,0,N,0,0,0,2,67301,0,,1,99,,N,N,,0,,0,0,1,0,0,,2300,1,2,0,0,0,1,1,3,4,0,2,3,98.0,N,,,,,,,,,,,
2020036329,550.0,0,0,0,0,0,0,0,0,0,5,0,,67,3,2020,6,40.0432,-75.2275,548.0,6,0,0,0,0,0,0,0,0,,0,0,0.0,5,3,0,2,,2,40 02:35.563,7.0,0,75 13:38.889,0,0,0,0,67301,0,0,0,N,0,0,0,1,67301,0,,2,1,45.0,N,N,,0,,0,0,1,0,0,Y,545,0,2,0,0,0,0,0,3,4,1,2,3,3.0,N,,,,,,,,,,,
2020022414,1713.0,1,0,0,0,0,0,0,0,0,8,0,,67,3,2020,1,40.0224,-75.0781,1652.0,6,0,0,0,0,0,0,0,0,,0,0,0.0,16,1,1,1,,0,40 01:20.463,,0,75 04:41.285,3,0,0,0,67301,1,0,0,N,1,0,0,2,67301,0,,1,1,,N,N,,0,,1,0,0,3,2,,1650,1,2,0,0,0,0,0,3,4,0,1,3,3.0,N,,,,,,,,,,,
2020026724,20.0,1,0,0,0,0,0,0,0,0,1,0,,67,3,2020,3,39.894,-75.2385,20.0,6,0,0,0,0,0,0,0,0,,0,0,0.0,22,3,0,0,,0,39 53:38.432,,0,75 14:18.615,9,0,0,0,67301,0,0,0,N,0,0,0,2,67301,0,,1,1,,N,N,,0,,0,0,1,0,0,,2215,0,2,0,0,0,0,1,3,4,0,2,3,3.0,N,,,,,,,,,,,
2020023496,138.0,1,0,0,0,0,0,0,0,0,4,0,,67,3,2020,4,39.9498,-75.162,135.0,6,0,0,0,0,0,0,0,0,,0,0,0.0,1,3,1,1,,1,39 56:59.372,7.0,0,75 09:43.043,8,0,0,0,67301,0,0,0,N,0,0,0,2,67301,0,,1,1,329.0,N,N,,0,,0,0,1,9,2,N,135,1,2,0,0,0,1,0,3,4,0,2,3,3.0,N,,,,,,,,,,,
2020025633,1127.0,2,0,0,0,0,0,0,0,0,4,0,,67,3,2020,4,40.0345,-75.0481,1124.0,6,0,0,0,0,0,0,0,1,,0,0,0.0,11,1,1,1,,1,40 02:04.146,3.0,0,75 02:53.325,3,0,0,0,67301,0,0,0,N,0,0,0,2,67301,0,,1,1,30.0,N,N,N,0,,1,0,0,9,3,N,1123,1,2,0,0,0,0,0,3,4,0,2,3,3.0,N,,,,,,,,,,,
2020065435,550.0,2,0,0,0,0,0,0,0,0,5,0,,67,8,2020,5,40.0717,-75.0134,532.0,6,0,0,0,0,0,0,0,0,,0,0,0.0,5,1,1,0,N,1,40 04:18.270,2.0,0,75 00:48.410,8,0,0,0,67301,0,0,0,N,0,0,0,1,67301,0,,4,1,630.0,N,N,N,0,,0,0,0,0,0,N,530,1,2,0,0,1,1,0,3,4,0,2,3,3.0,N,,,,,,,,,,,
2020066570,1100.0,2,0,0,0,0,0,0,0,0,2,0,,67,8,2020,3,40.0318,-75.0841,1036.0,6,0,0,0,0,1,1,0,0,,0,0,0.0,10,1,1,0,N,0,40 01:54.343,,7,75 05:02.709,3,0,0,0,67301,0,0,0,N,0,0,0,3,67301,0,,1,1,,N,N,N,0,,1,0,0,0,0,,1030,1,2,0,0,0,0,0,3,4,0,2,3,3.0,N,,,,,,,,,,,
2020024347,1911.0,1,0,0,0,0,0,0,0,0,4,0,,67,3,2020,7,39.9241,-75.2277,1911.0,6,0,0,0,0,0,1,0,0,,0,0,0.0,19,3,0,1,,2,39 55:26.552,7.0,0,75 13:39.745,9,0,0,0,67301,0,0,0,N,0,0,0,1,67301,0,,1,1,2135.0,N,N,,0,,0,0,1,0,0,N,1911,0,2,0,0,0,0,1,3,4,0,2,99,,N,,,,,,,,,,,
2020024348,2353.0,0,0,0,0,0,0,0,0,0,7,0,,67,3,2020,6,40.0169,-75.1515,2349.0,6,0,0,0,0,0,0,0,0,,0,0,0.0,23,3,1,0,,0,40 01:00.990,,0,75 09:05.491,3,0,0,0,67301,0,0,0,N,0,0,0,3,67301,0,,5,9,,N,N,,0,,1,0,2,3,2,,2334,1,2,0,0,0,0,1,3,4,0,2,7,4.0,N,,,,,,,,,,,
2020022862,2232.0,2,0,0,0,0,0,0,0,0,4,0,,67,3,2020,2,39.9519,-75.2388,2228.0,6,0,0,0,0,0,0,0,0,,0,0,0.0,21,3,1,1,,0,39 57:06.994,,0,75 14:19.679,3,0,0,0,67301,0,0,0,N,0,0,0,2,67301,0,,1,9,,N,N,,0,,1,0,0,3,2,,2120,1,2,0,0,1,0,0,3,4,0,2,7,,N,,,,,,,,,,,
2020023225,910.0,2,0,0,0,0,0,0,0,0,1,0,,67,3,2020,3,40.0161,-75.1756,902.0,6,0,0,0,0,0,0,0,0,,0,0,0.0,7,1,1,0,,0,40 00:57.969,,0,75 10:32.324,3,0,0,0,67301,0,0,0,N,0,0,0,3,67301,0,,1,9,,N,N,,0,,1,0,0,0,0,,730,1,3,0,0,0,0,1,3,4,0,3,99,98.0,N,,,,,,,,,,,
2020026039,245.0,1,0,0,0,0,0,0,0,0,8,0,,67,3,2020,3,40.0101,-75.1575,244.0,6,0,0,0,0,0,1,0,0,,0,0,0.0,2,3,1,0,,1,40 00:36.204,3.0,0,75 09:26.934,3,0,0,0,67301,1,0,0,N,1,0,0,2,67301,0,,1,1,215.0,N,N,,0,,1,0,0,0,0,N,240,1,2,0,0,0,0,0,3,4,0,1,3,3.0,N,,,,,,,,,,,
2020023436,2305.0,1,0,0,0,0,0,0,0,0,7,0,,67,3,2020,3,39.9574,-75.1585,2258.0,6,0,0,0,0,0,0,0,0,,0,0,0.0,22,3,0,0,,2,39 57:26.742,4.0,0,75 09:30.662,0,0,0,0,67301,0,0,0,N,0,0,0,1,68K01,0,,4,1,2330.0,N,N,,0,,0,0,0,0,0,N,2258,0,1,0,0,0,0,0,3,4,0,1,3,,N,,,,,,,,,,,
2020025634,1218.0,1,0,0,0,0,0,0,0,0,4,0,,67,3,2020,2,39.9973,-75.0894,1218.0,6,0,0,0,0,0,1,0,0,,0,0,0.0,11,1,1,1,,0,39 59:50.466,,0,75 05:22.299,8,0,0,0,67301,0,0,0,N,0,0,0,2,67301,0,,1,99,,N,N,,0,,0,0,1,9,2,,1110,1,2,0,0,0,1,0,3,4,0,2,99,,N,,,,,,,,,,,
2020023844,1830.0,1,0,0,0,0,0,0,0,0,1,0,,67,3,2020,5,39.9731,-75.1194,1829.0,6,0,0,0,0,0,0,0,0,,0,0,0.0,18,3,0,0,,0,39 58:23.037,,0,75 07:09.743,0,0,0,0,67301,0,0,0,N,0,0,0,2,67301,0,,1,1,,N,N,,0,,0,0,1,3,2,,1824,0,2,0,0,0,0,0,3,4,0,2,3,,N,,,,,,,,,,,
2020022502,1215.0,1,0,0,0,0,0,0,0,0,1,0,,67,3,2020,2,40.0423,-75.0256,1215.0,6,0,0,0,0,0,0,0,0,,0,0,0.0,0,3,0,1,,2,40 02:32.362,2.0,0,75 01:32.162,0,0,0,0,67301,0,0,0,N,0,0,0,2,67301,0,,1,1,30.0,N,N,,0,,0,0,1,3,2,Y,10,0,2,0,0,0,0,0,3,4,0,2,3,3.0,N,,,,,,,,,,,
2020023222,2218.0,2,0,0,0,0,0,0,0,0,4,0,,67,3,2020,2,40.0558,-75.1271,2204.0,6,0,0,0,1,0,0,0,0,,0,0,0.0,21,3,2,1,,2,40 03:21.274,3.0,0,75 07:37.766,8,0,0,0,67301,0,0,0,N,0,0,0,2,67301,0,,1,1,1200.0,N,N,,0,,0,0,0,3,2,Y,2140,2,2,0,0,0,2,0,3,4,0,2,3,,N,,,,,,,,,,,
2020026959,745.0,0,0,0,1,0,0,0,0,0,4,0,,67,3,2020,4,39.9591,-75.1703,737.0,6,0,0,0,0,0,0,0,0,,0,0,0.0,7,1,1,1,,0,39 57:32.699,,0,75 10:13.146,4,0,0,0,67301,1,0,0,N,0,0,0,2,67301,1,,1,1,,N,N,N,0,,0,0,1,3,1,,735,1,2,0,0,0,0,0,3,4,0,1,3,3.0,N,,,,,,,,,,,
2020026737,1730.0,1,0,0,0,0,0,0,0,0,4,0,,67,3,2020,6,40.0456,-75.1285,1729.0,6,0,0,0,0,0,0,0,0,,0,0,0.0,17,3,3,1,,0,40 02:44.303,,0,75 07:42.560,3,0,0,0,67301,0,0,0,N,0,0,0,3,67301,0,,1,1,,N,N,N,0,,3,0,1,3,2,,1725,3,2,0,0,0,0,0,3,4,0,2,3,,N,,,,,,,,,,,
2020066770,1013.0,1,0,0,0,0,0,0,0,0,4,1,,67,8,2020,2,40.0106,-75.0615,1010.0,6,0,0,0,0,0,0,0,0,,0,1,0.0,10,1,0,0,N,0,40 00:38.054,,7,75 03:41.512,0,0,0,0,67301,0,0,0,N,0,0,0,2,67301,0,,1,1,,N,N,N,0,,0,0,0,0,0,,1004,0,2,0,0,2,0,0,3,4,0,2,3,98.0,N,,,,,,,,,,,
2020027044,1715.0,1,0,0,0,0,0,0,0,0,4,0,,67,3,2020,1,40.0265,-75.1387,715.0,6,0,0,0,0,0,0,0,0,,0,0,0.0,23,3,4,1,,0,40 01:35.554,,0,75 08:19.280,8,0,0,0,67301,0,0,0,N,0,0,0,5,67301,0,,1,1,,N,N,N,0,,0,0,0,3,2,,2300,4,2,0,0,0,4,0,3,4,0,2,3,3.0,N,,,,,,,,,,,
2020024191,1117.0,1,0,0,0,0,0,0,0,0,6,0,,67,3,2020,3,40.0367,-75.1581,1116.0,6,0,0,0,0,0,0,0,0,,0,0,0.0,21,3,2,0,,0,40 02:12.120,,0,75 09:29.330,3,0,0,0,67301,0,0,0,N,0,0,0,2,67301,0,,1,9,,N,N,,0,,2,0,1,0,0,,2100,2,2,0,0,0,0,0,3,4,0,2,7,7.0,N,,,,,,,,,,,
2020024958,1748.0,1,0,0,0,0,0,0,0,0,1,0,,67,3,2020,6,39.97,-75.1451,1738.0,6,0,1,0,0,0,0,0,0,,0,0,0.0,16,4,5,0,,0,39 58:12.095,,0,75 08:42.185,3,0,0,0,67301,0,0,0,N,0,0,0,6,67301,0,,1,9,,N,N,,2,,5,0,0,3,2,,1652,5,3,0,0,0,0,0,3,4,0,3,7,,N,,,,,,,,,,,
2020022448,1800.0,0,0,0,0,0,0,0,0,0,4,0,,67,3,2020,1,39.9686,-75.2339,1755.0,6,0,0,0,0,0,1,0,0,,0,0,0.0,17,1,1,1,,0,39 58:07.093,,0,75 14:01.874,3,0,0,0,67301,0,0,0,N,0,0,0,2,67301,0,,1,1,,N,N,,1,,1,0,0,3,2,,1740,1,2,0,0,0,0,0,3,4,1,2,3,3.0,N,,,,,,,,,,,
2020026262,2332.0,0,0,0,0,0,0,0,0,0,2,0,,67,3,2020,1,40.0102,-75.166,2332.0,6,0,0,0,0,0,1,0,0,,0,0,0.0,22,3,1,0,,0,40 00:36.809,,0,75 09:57.770,3,0,0,0,67301,0,0,0,N,0,0,0,2,67301,0,,1,1,,N,N,,0,,1,0,1,0,0,,2256,1,2,0,0,0,0,0,3,4,1,2,3,,N,,,,,,,,,,,
2020024569,1315.0,0,0,0,0,0,0,0,0,0,1,0,,67,3,2020,1,39.9773,-75.1581,1308.0,6,0,0,0,0,0,1,0,0,,0,0,0.0,13,1,0,1,,0,39 58:38.270,,0,75 09:29.632,9,0,0,0,67301,0,0,0,N,0,0,0,3,67301,0,,1,1,,N,N,,0,,0,0,2,3,2,,1308,0,2,0,0,0,0,1,3,4,0,2,3,3.0,N,,,,,,,,,,,
2020064872,538.0,1,0,0,0,0,0,0,0,0,7,0,,67,8,2020,6,39.8906,-75.2208,524.0,6,0,0,0,0,0,0,0,0,,0,0,0.0,5,5,0,0,,0,39 53:24.781,,0,75 13:12.625,0,0,0,0,67301,0,0,0,N,0,0,0,1,68K01,0,,2,9,,N,N,,0,,0,0,0,0,0,,517,0,1,0,0,0,0,0,3,4,0,1,7,,N,,,,,,,,,,,
2020063967,235.0,1,0,0,0,0,0,0,0,0,2,1,,67,8,2020,4,40.0128,-75.2051,230.0,6,0,0,0,0,0,1,0,0,,0,1,0.0,2,3,1,0,,2,40 00:46.170,4.0,2,75 12:18.379,3,0,0,0,67301,0,0,0,N,0,0,0,2,67301,0,,1,9,200.0,N,N,,0,,1,0,0,0,0,Y,200,1,2,0,0,0,0,0,3,4,0,2,3,4.0,N,,,,,,,,,,,
2020026177,1631.0,2,0,0,0,0,0,0,0,0,4,0,,67,3,2020,4,39.9375,-75.2254,1628.0,6,0,0,0,0,0,1,0,0,,0,0,0.0,16,1,1,0,N,0,39 56:15.170,,0,75 13:31.440,8,0,0,0,67301,0,0,0,N,0,0,0,2,67301,0,,1,1,,N,N,N,0,,0,0,0,0,0,,1600,1,2,0,0,0,1,0,3,4,0,2,3,3.0,N,,,,,,,,,,,
2020025257,2012.0,1,0,0,0,0,0,0,0,0,1,0,,67,3,2020,3,39.9847,-75.1565,2010.0,6,0,0,0,0,0,0,0,0,,0,0,0.0,20,3,1,1,,0,39 59:04.898,,0,75 09:23.804,3,0,0,0,67301,0,0,0,N,0,0,0,2,67505,0,,1,1,,N,N,N,0,,1,0,1,3,2,,2010,1,2,0,0,0,0,0,3,4,0,2,3,,N,,,,,,,,,,,
2020023977,1115.0,0,0,0,0,0,0,0,0,0,4,0,,67,3,2020,6,40.0404,-75.1242,1040.0,6,0,0,0,0,0,1,0,0,,0,0,0.0,10,1,1,1,,1,40 02:25.306,6.0,0,75 07:27.026,4,0,0,0,67301,0,0,0,N,0,0,0,4,67301,1,,1,1,1115.0,N,N,,0,,0,0,1,3,2,N,1009,1,2,0,0,0,0,0,3,4,1,2,3,7.0,N,,,,,,,,,,,
2020025365,934.0,2,0,0,0,0,0,0,0,0,4,0,,67,3,2020,6,40.0625,-75.2342,933.0,6,0,0,0,0,0,0,0,0,,0,0,0.0,8,1,0,0,,0,40 03:44.880,,7,75 14:03.190,0,0,0,0,67301,0,0,0,N,0,0,0,2,67301,0,,1,1,,N,N,,0,,0,0,0,9,9,,838,0,2,0,0,0,0,0,3,4,0,2,3,3.0,N,,,,,,,,,,,
2020024463,1910.0,0,0,1,0,0,0,0,0,0,1,0,,67,3,2020,6,39.9253,-75.1769,1905.0,6,0,0,0,0,0,1,0,0,,0,0,0.0,19,3,2,0,,0,39 55:31.127,,0,75 10:36.954,2,0,0,0,67301,0,0,0,N,0,0,0,4,67301,0,,1,9,,N,N,,0,,1,1,1,0,0,,1903,2,2,0,0,0,0,0,3,4,0,2,7,,N,,,,,,,,,,,
2020063969,1846.0,1,0,0,0,0,0,0,0,0,4,0,,67,8,2020,1,40.0123,-75.1506,1843.0,6,0,0,0,0,0,0,0,0,,0,0,0.0,18,1,2,1,,0,40 00:44.321,,0,75 09:02.067,3,0,0,0,67301,0,0,0,N,0,0,0,2,67301,0,,1,1,,N,N,,0,,2,0,1,3,2,,1840,2,2,0,0,0,0,0,3,4,0,2,3,,N,,,,,,,,,,,
2020022308,151.0,2,0,0,0,0,0,0,0,0,5,0,,67,3,2020,1,40.0197,-75.1438,146.0,6,0,0,0,1,0,0,0,0,,0,0,0.0,1,3,0,0,,2,40 01:10.917,2.0,0,75 08:37.677,9,0,0,0,67301,0,0,0,N,0,0,0,4,67301,0,,1,1,330.0,N,N,,0,,0,0,1,0,0,Y,145,0,3,0,0,0,0,1,3,4,0,3,3,3.0,N,,,,,,,,,,,
2020064857,1239.0,1,0,0,0,0,0,0,0,0,1,0,,67,8,2020,1,39.9786,-75.2029,1239.0,6,0,0,0,0,0,0,0,0,,0,0,0.0,12,1,5,0,,0,39 58:42.956,,0,75 12:10.514,3,0,0,0,67301,0,0,0,N,0,0,0,6,68K01,2,,1,1,,N,N,,1,,3,0,1,0,0,,1239,5,3,0,0,0,0,0,3,4,0,3,3,,N,,,,,,,,,,,
2020063996,1950.0,1,0,0,0,0,0,0,0,0,5,0,,67,7,2020,2,39.9939,-75.1993,1944.0,6,0,0,0,0,0,0,0,0,,0,0,0.0,19,1,1,0,,0,39 59:38.157,,0,75 11:57.542,8,0,0,0,67301,0,0,0,N,0,0,0,2,68K01,0,,1,1,,N,N,,0,,0,0,0,0,0,,1942,1,2,0,0,0,1,1,3,4,0,2,3,,N,,,,,,,,,,,
2020024588,258.0,0,0,0,0,0,0,0,0,0,7,0,,67,3,2020,7,39.9108,-75.1736,258.0,6,0,0,0,0,0,0,0,0,,0,0,0.0,2,3,0,0,N,2,39 54:39.000,3.0,2,75 10:25.100,0,0,0,0,67301,0,0,0,N,0,0,0,4,67501,0,,4,9,400.0,N,N,N,0,,0,0,1,0,0,Y,258,0,1,0,0,0,0,0,3,4,0,1,3,,N,,,,,,,,,,,
2020026672,1400.0,1,0,0,0,0,0,0,0,0,8,0,,67,3,2020,6,40.1051,-75.0276,1400.0,6,0,0,0,0,0,0,0,0,,0,0,0.0,6,5,1,2,,0,40 06:18.201,,0,75 01:39.512,3,0,0,0,67301,1,0,0,N,1,0,0,2,67301,0,,1,9,,N,N,N,0,,1,0,0,0,0,,630,1,2,0,0,0,0,0,3,4,0,1,7,,N,,,,,,,,,,,
2020066714,1325.0,1,0,0,0,0,0,0,0,0,1,0,,67,8,2020,3,40.0321,-75.1461,1323.0,6,0,0,0,0,0,0,0,0,,0,0,0.0,13,1,1,1,,0,40 01:55.848,,0,75 08:46.461,3,0,0,1,67301,0,0,0,N,0,0,0,2,67301,0,,1,1,,N,N,N,0,,1,0,0,3,2,,1322,1,2,0,0,0,0,0,3,4,0,2,3,,N,,,,,,,,,,,
2020025631,210.0,2,0,0,0,0,0,0,0,0,4,0,,67,3,2020,5,39.9234,-75.2317,210.0,6,0,0,0,0,0,1,0,0,,0,0,0.0,2,3,2,1,,0,39 55:24.182,,0,75 13:54.217,3,0,0,0,67301,0,0,0,N,0,0,0,2,67301,0,,1,1,,N,N,N,0,,1,0,0,3,2,,210,2,2,0,0,0,1,0,3,4,0,2,3,3.0,N,,,,,,,,,,,
2020026732,1240.0,2,0,0,0,0,0,0,0,0,1,0,,67,3,2020,7,40.0341,-75.0274,1223.0,6,0,0,0,0,0,0,0,0,,0,0,0.0,12,1,1,1,,0,40 02:02.885,,0,75 01:38.648,3,0,0,0,67301,0,0,0,N,0,0,0,2,67301,0,,1,1,,N,N,N,0,,1,0,0,3,2,,1208,1,2,0,0,0,0,1,3,4,0,2,3,3.0,N,,,,,,,,,,,
2020026422,1735.0,2,0,0,0,0,0,0,0,0,5,0,,67,3,2020,7,39.9299,-75.1634,1733.0,6,0,0,0,0,0,0,1,0,,0,0,0.0,17,1,0,0,N,0,39 55:47.640,,0,75 09:48.310,0,0,0,0,67301,0,0,0,N,0,0,0,1,67301,0,,6,1,,N,N,N,0,,0,0,1,0,0,,1700,0,3,0,0,0,0,0,3,4,0,3,3,3.0,N,,,,,,,,,,,
2020026554,301.0,1,0,0,0,0,0,0,0,0,7,0,,67,3,2020,1,39.9477,-75.2319,259.0,6,0,0,0,0,0,0,0,0,,0,0,0.0,2,3,0,0,N,0,39 56:51.899,,0,75 13:55.012,0,0,0,0,67301,0,0,0,N,0,0,0,1,67301,0,,4,9,,N,N,N,0,,0,0,0,0,0,,255,0,1,0,0,0,0,0,3,4,0,1,7,7.0,N,,,,,,,,,,,
2020024360,1909.0,1,0,0,0,0,0,0,0,0,4,0,,67,3,2020,5,39.9847,-75.1203,1902.0,6,0,0,0,0,0,0,1,0,,0,0,0.0,18,3,1,2,N,0,39 59:04.996,,0,75 07:13.008,3,0,0,0,67301,0,0,0,N,0,0,0,2,67301,0,,1,1,,N,N,N,0,,1,0,1,0,0,,1855,1,2,0,0,0,0,0,3,4,0,2,3,3.0,N,,,,,,,,,,,
2020023308,1048.0,0,0,0,0,0,0,0,0,0,4,0,,67,3,2020,2,39.9577,-75.1624,1045.0,6,0,0,0,0,0,1,0,0,,0,0,0.0,10,1,1,5,,0,39 57:27.649,,2,75 09:44.521,3,0,0,0,67301,0,0,0,N,0,0,0,3,67301,0,,1,1,,N,N,,0,,1,0,1,3,2,,1040,1,2,0,0,0,0,0,3,4,1,2,3,3.0,N,,,,,,,,,,,
2020025450,835.0,0,0,0,0,0,0,0,0,0,8,0,,67,3,2020,2,39.9557,-75.1587,822.0,6,0,0,0,0,0,1,0,0,,0,0,0.0,8,1,1,0,,0,39 57:20.600,,0,75 09:31.180,8,0,0,0,67301,1,0,0,N,1,0,0,2,67301,0,,1,1,,N,N,,0,,0,0,1,0,0,,818,1,2,0,0,0,1,0,3,4,0,1,3,98.0,N,,,,,,,,,,,
2020027529,1923.0,2,0,0,0,0,0,0,0,0,4,0,,67,3,2020,6,39.9706,-75.1509,1918.0,6,0,0,0,2,0,0,0,0,,0,0,0.0,19,3,0,1,,0,39 58:14.108,,0,75 09:03.120,0,0,0,0,67301,0,0,0,N,0,0,0,2,67301,0,,1,9,,N,N,,0,,0,0,0,0,0,,1915,0,2,0,0,0,0,0,3,4,0,2,7,7.0,N,,,,,,,,,,,
2020023883,1720.0,3,0,0,0,0,0,0,0,0,2,0,,67,3,2020,2,39.9663,-75.1459,1718.0,6,0,0,0,0,0,0,0,0,,0,0,0.0,17,1,1,0,,0,39 57:58.750,,0,75 08:45.400,8,0,0,0,67301,0,0,0,N,0,0,0,2,67301,0,,1,1,,N,N,,0,,0,0,0,0,0,,1710,1,3,0,0,0,1,1,3,4,0,3,3,3.0,N,,,,,,,,,,,
2020022801,1220.0,5,0,0,0,0,0,0,0,0,5,0,,67,3,2020,2,40.0116,-75.0765,1213.0,6,0,0,0,0,0,0,0,0,,0,0,0.0,10,1,0,0,,0,40 00:41.669,,0,75 04:35.383,0,0,0,0,67301,0,0,0,N,0,0,0,1,67301,0,,6,1,,N,N,,0,,0,0,0,0,0,,1045,0,6,0,0,0,0,0,3,4,1,6,3,3.0,N,,,,,,,,,,,
2020028034,642.0,0,0,0,0,0,0,0,0,0,0,0,,67,3,2020,1,39.9793,-75.204,637.0,6,0,0,0,0,0,0,0,0,,0,0,0.0,6,3,1,0,,1,39 58:45.435,3.0,0,75 12:14.300,8,0,0,0,67301,0,0,0,N,0,0,0,1,68K01,0,,1,1,748.0,N,N,,0,,0,0,1,0,0,N,636,1,1,0,0,0,1,0,3,4,0,1,3,,N,,,,,,,,,,,
2020056926,2136.0,1,0,0,0,0,0,0,0,0,1,0,,67,7,2020,4,39.9533,-75.1629,2132.0,6,0,0,0,0,0,0,0,0,,0,0,0.0,21,3,1,0,,0,39 57:11.924,,0,75 09:46.385,8,0,0,0,67301,0,0,0,N,0,0,0,2,67301,0,,1,1,,N,N,,1,,0,0,0,3,2,,2117,1,2,0,0,0,1,1,3,4,0,2,3,3.0,N,,,,,,,,,,,
2020023675,800.0,1,0,0,0,0,0,0,0,0,1,0,,67,3,2020,5,40.0444,-75.1288,800.0,6,0,0,0,0,0,0,0,0,,0,0,0.0,8,1,1,0,,0,40 02:39.900,,0,75 07:43.530,3,0,0,0,67301,0,0,0,N,0,0,0,7,67301,0,,1,1,,N,N,,0,,1,0,1,3,2,,800,1,2,0,0,0,0,0,3,4,0,2,3,3.0,N,,,,,,,,,,,
2020064932,936.0,1,0,0,0,0,0,0,0,0,7,0,,67,8,2020,4,40.1085,-74.996,931.0,6,0,0,0,0,0,1,0,0,,0,0,0.0,9,1,1,0,,1,40 06:30.498,1.0,0,74 59:45.464,3,0,0,0,67301,0,0,0,N,0,0,0,1,67301,0,,4,1,950.0,N,N,,0,,1,0,0,0,0,N,929,1,1,0,0,0,0,0,3,4,0,1,3,3.0,N,,,,,,,,,,,
2020023138,815.0,1,0,0,0,0,0,0,0,0,4,1,,67,3,2020,3,40.0868,-74.9718,805.0,6,0,0,0,0,0,0,0,0,,0,1,0.0,7,1,2,1,,1,40 05:12.685,3.0,0,74 58:19.097,4,0,0,0,67301,0,0,0,N,0,0,0,4,67301,2,,1,1,1500.0,N,N,,0,,0,0,0,2,2,Y,755,2,2,0,0,0,0,1,3,4,0,2,3,3.0,N,,,,,,,,,,,
2020023044,1525.0,0,0,0,1,0,0,0,0,0,5,0,,67,3,2020,3,39.9523,-75.1922,1514.0,6,0,0,0,0,0,0,0,0,,0,0,0.0,15,1,1,0,,0,39 57:08.121,,0,75 11:31.968,8,0,0,0,67301,1,0,0,N,0,0,0,2,67504,0,,1,1,,N,N,,0,,0,0,1,0,0,N,1500,1,2,0,0,0,1,1,3,4,0,1,3,3.0,N,,,,,,,,,,,
2020026037,859.0,1,0,0,0,0,0,0,0,0,5,0,,67,3,2020,2,40.0131,-75.16,857.0,6,0,0,0,0,0,0,0,0,,0,0,0.0,8,1,1,0,,0,40 00:47.061,,0,75 09:36.144,4,0,0,0,67301,0,0,0,N,0,0,0,1,67301,1,,6,1,,N,N,,0,,0,0,2,0,0,,850,1,3,0,0,0,0,0,3,4,0,3,3,3.0,N,,,,,,,,,,,
2020022413,1610.0,3,0,0,0,0,0,0,0,0,1,1,,67,3,2020,1,40.025,-75.0309,1556.0,6,0,0,0,0,0,1,0,0,,0,1,0.0,15,1,0,0,,0,40 01:30.030,,0,75 01:51.380,9,0,0,0,67301,0,0,0,N,0,0,0,1,67301,0,,6,1,,N,N,,0,,0,0,2,0,0,,1552,0,6,0,0,0,0,1,3,4,0,6,3,3.0,N,,,,,,,,,,,