CRN,ARRIVAL_TM,AUTOMOBILE_COUNT,BELTED_DEATH_COUNT,BELTED_SUSP_SERIOUS_INJ_COUNT,BICYCLE_COUNT,BICYCLE_DEATH_COUNT,BICYCLE_SUSP_SERIOUS_INJ_COUNT,BUS_COUNT,CHLDPAS_DEATH_COUNT,CHLDPAS_SUSP_SERIOUS_INJ_COUNT,COLLISION_TYPE,COMM_VEH_COUNT,CONS_ZONE_SPD_LIM,COUNTY,CRASH_MONTH,CRASH_YEAR,DAY_OF_WEEK,DEC_LAT,DEC_LONG,DISPATCH_TM,DISTRICT,DRIVER_COUNT_16YR,DRIVER_COUNT_17YR,DRIVER_COUNT_18YR,DRIVER_COUNT_19YR,DRIVER_COUNT_20YR,DRIVER_COUNT_50_64YR,DRIVER_COUNT_65_74YR,DRIVER_COUNT_75PLUS,EST_HRS_CLOSED,FATAL_COUNT,HEAVY_TRUCK_COUNT,HORSE_BUGGY_COUNT,HOUR_OF_DAY,ILLUMINATION,INJURY_COUNT,INTERSECT_TYPE,INTERSECTION_RELATED,LANE_CLOSED,LATITUDE,LN_CLOSE_DIR,LOCATION_TYPE,LONGITUDE,MAX_SEVERITY_LEVEL,MCYCLE_DEATH_COUNT,MCYCLE_SUSP_SERIOUS_INJ_COUNT,MOTORCYCLE_COUNT,MUNICIPALITY,NONMOTR_COUNT,NONMOTR_DEATH_COUNT,NONMOTR_SUSP_SERIOUS_INJ_COUNT,NTFY_HIWY_MAINT,PED_COUNT,PED_DEATH_COUNT,PED_SUSP_SERIOUS_INJ_COUNT,PERSON_COUNT,POLICE_AGCY,POSSIBLE_INJ_COUNT,RDWY_SURF_TYPE_CD,RELATION_TO_ROAD,ROAD_CONDITION,ROADWAY_CLEARED,SCH_BUS_IND,SCH_ZONE_IND,SECONDARY_CRASH,SMALL_TRUCK_COUNT,SPEC_JURIS_CD,SUSP_MINOR_INJ_COUNT,SUSP_SERIOUS_INJ_COUNT,SUV_COUNT,TCD_FUNC_CD,TCD_TYPE,TFC_DETOUR_IND,TIME_OF_DAY,TOT_INJ_COUNT,TOTAL_UNITS,UNB_DEATH_COUNT,UNB_SUSP_SERIOUS_INJ_COUNT,UNBELTED_OCC_COUNT,UNK_INJ_DEG_COUNT,UNK_INJ_PER_COUNT,URBAN_AREA,URBAN_RURAL,VAN_COUNT,VEHICLE_COUNT,WEATHER1,WEATHER2,WORK_ZONE_IND,WORK_ZONE_LOC,WORK_ZONE_TYPE,WORKERS_PRES,WZ_CLOSE_DETOUR,WZ_FLAGGER,WZ_LAW_OFFCR_IND,WZ_LN_CLOSURE,WZ_MOVING,WZ_OTHER,WZ_SHLDER_MDN,WZ_WORKERS_INJ_KILLED
2020027954,224.0,1,0,0,0,0,0,0,0,0,4,0,,67,3,2020,7,39.9598,-75.2239,222.0,6,0,0,0,0,0,0,0,0,,0,0,0.0,2,3,1,2,,0,39 57:35.343,,6,75 13:25.968,3,0,0,0,67301,0,0,0,N,0,0,0,2,67301,0,,1,1,,N,N,N,0,,1,0,1,0,0,,222,1,2,0,0,0,0,1,3,4,0,2,3,98.0,N,,,,,,,,,,,
2020025547,1810.0,1,0,0,0,0,0,0,0,0,8,0,,67,3,2020,4,39.9491,-75.162,1810.0,6,0,0,0,0,0,0,0,0,,0,0,0.0,18,1,1,1,,0,39 56:56.686,,6,75 09:43.648,3,0,0,0,67301,1,0,0,N,1,0,0,2,67301,0,,1,1,,N,N,N,0,,1,0,0,3,2,,1810,1,2,0,0,0,0,0,3,4,0,1,4,4.0,N,,,,,,,,,,,
2020025862,2248.0,2,0,0,0,0,0,0,0,0,4,0,,67,3,2020,3,39.9514,-75.247,2245.0,6,0,0,0,0,0,0,1,0,,0,0,0.0,22,3,0,1,,0,39 57:05.122,,0,75 14:49.361,9,0,0,0,67301,0,0,0,N,0,0,0,3,67301,0,,1,1,,N,N,N,0,,0,0,0,3,3,,2240,0,3,0,0,0,0,1,3,4,1,3,3,3.0,N,,,,,,,,,,,
2020025278,2047.0,2,0,0,0,0,0,0,0,0,4,0,,67,3,2020,2,40.0693,-75.1634,2039.0,6,0,0,1,0,0,0,0,0,,0,0,0.0,20,3,4,1,,0,40 04:09.619,,0,75 09:48.322,3,0,0,0,67301,0,0,0,N,0,0,0,4,67301,0,,1,1,,N,N,,0,,4,0,0,3,3,,2030,4,2,0,0,0,0,0,3,4,0,2,3,98.0,N,,,,,,,,,,,
2020022500,2248.0,1,0,0,0,0,0,0,0,0,7,0,,67,3,2020,1,39.9075,-75.1512,2248.0,6,0,0,0,0,1,0,0,0,,0,0,0.0,22,3,0,2,,0,39 54:26.971,,0,75 09:04.453,0,0,0,0,67301,0,0,0,N,0,0,0,1,67301,0,,3,1,,N,N,,0,,0,0,0,3,2,,2248,0,1,0,0,0,0,0,3,4,0,1,3,3.0,N,,,,,,,,,,,
2020024465,1411.0,1,0,0,0,0,0,0,0,0,1,0,,67,3,2020,2,39.9602,-75.2392,1400.0,6,0,0,1,0,0,0,0,0,,0,0,0.0,13,1,2,0,,1,39 57:36.780,3.0,0,75 14:21.228,4,0,0,0,67301,0,0,0,N,0,0,0,3,67301,2,,1,1,1428.0,N,N,,0,,0,0,0,3,2,N,1340,2,2,0,0,0,0,1,3,4,1,2,3,3.0,N,,,,,,,,,,,
2020064528,1921.0,1,0,0,0,0,0,0,0,0,4,0,,67,8,2020,3,39.9546,-75.1495,1915.0,6,0,0,0,0,0,0,0,0,,0,0,0.0,19,1,0,1,,0,39 57:16.613,,0,75 08:58.311,0,0,0,0,67301,0,0,0,N,0,0,0,2,67301,0,,1,1,,N,N,N,0,,0,0,1,3,2,,1906,0,2,0,0,0,0,0,3,4,0,2,3,3.0,N,,,,,,,,,,,
2020063296,1301.0,2,0,0,0,0,0,0,0,0,1,0,,67,8,2020,6,40.0559,-75.0031,1249.0,6,0,0,0,0,0,0,0,0,,0,0,0.0,12,1,2,0,,0,40 03:21.238,,0,75 00:11.262,3,0,0,0,67301,0,0,0,N,0,0,0,3,67301,1,,1,1,,N,N,,0,,1,0,1,0,0,,1235,2,3,0,0,0,0,0,3,4,0,3,3,3.0,N,,,,,,,,,,,
2020063162,928.0,1,0,0,0,0,0,0,0,0,1,0,,67,7,2020,2,39.959,-75.1709,928.0,6,0,0,0,0,0,1,0,0,,0,0,0.0,9,1,1,0,,1,39 57:32.443,4.0,0,75 10:15.376,8,0,0,0,67301,0,0,0,N,0,0,0,5,68K01,0,,1,1,930.0,N,N,,1,,0,0,1,0,0,N,908,1,3,0,0,0,1,0,3,4,0,3,3,3.0,N,,,,,,,,,,,
2020024610,305.0,2,0,0,0,0,0,0,0,0,5,0,,67,3,2020,1,40.0709,-75.0719,301.0,6,0,0,0,0,0,0,0,0,,0,0,0.0,3,3,1,0,,1,40 04:15.407,3.0,0,75 04:18.883,3,0,0,0,67301,0,0,0,N,0,0,0,1,67301,0,,6,1,500.0,N,N,,0,,1,0,0,0,0,N,300,1,2,0,0,0,0,0,3,4,0,2,3,3.0,N,,,,,,,,,,,
2020062814,843.0,1,0,0,0,0,0,0,0,0,4,2,,67,8,2020,5,40.029,-75.1061,834.0,6,0,0,0,0,0,1,0,0,,0,2,0.0,8,1,9,0,,2,40 01:44.277,2.0,0,75 06:22.016,3,0,0,0,67301,0,0,0,N,0,0,0,11,67301,6,,1,9,1155.0,N,N,,0,,3,0,0,3,2,Y,833,9,5,0,0,0,0,0,3,4,2,5,7,7.0,N,,,,,,,,,,,
2020064004,1615.0,1,0,0,0,0,0,0,0,0,5,1,,67,7,2020,6,39.9961,-75.0827,1605.0,6,0,0,0,0,0,0,0,0,,0,1,0.0,16,1,1,0,,1,39 59:46.123,1.0,0,75 04:57.608,8,0,0,0,67301,0,0,0,N,0,0,0,2,68K01,0,,1,9,1700.0,N,N,,0,,0,0,0,0,0,Y,1603,1,2,0,0,0,1,0,3,4,0,2,7,,N,,,,,,,,,,,
2020027391,1806.0,3,0,0,0,0,0,0,0,0,6,0,,67,3,2020,2,39.9774,-75.2388,1802.0,6,0,0,0,0,0,0,0,0,,0,0,0.0,18,1,1,0,,1,39 58:38.710,1.0,0,75 14:19.780,3,0,0,0,67301,4,0,0,N,0,0,0,8,67301,0,,1,1,1925.0,N,N,,0,,1,0,0,0,0,N,1801,1,3,0,0,2,0,0,3,4,0,3,3,3.0,N,,,,,,,,,,,
2020065120,517.0,1,0,0,0,0,0,0,0,0,7,0,,67,8,2020,1,40.0887,-75.0451,513.0,6,0,0,0,0,0,0,0,0,,0,0,0.0,5,3,0,0,,0,40 05:19.460,,0,75 02:42.310,9,0,0,0,67301,0,0,0,N,0,0,0,1,67301,0,,2,1,,N,N,,0,,0,0,0,3,3,,507,0,1,0,0,0,0,1,3,4,0,1,3,3.0,N,,,,,,,,,,,
2020063581,340.0,1,0,0,0,0,0,0,0,0,8,0,,67,8,2020,1,40.102,-75.0061,340.0,6,0,0,0,0,0,0,0,0,,0,0,0.0,3,3,1,1,,0,40 06:07.078,,0,75 00:21.945,8,0,0,0,67301,1,0,0,N,1,0,0,2,67301,0,,1,1,,N,N,,0,,0,0,0,3,2,,335,1,2,0,0,0,1,1,3,4,0,1,3,3.0,N,,,,,,,,,,,
2020022503,1929.0,2,0,0,0,0,0,0,0,0,4,0,,67,3,2020,1,40.0442,-75.1627,1928.0,6,0,0,0,0,0,0,0,0,,0,0,0.0,19,3,0,1,,1,40 02:39.090,2.0,0,75 09:45.870,0,0,0,0,67301,0,0,0,N,0,0,0,4,67301,0,,1,1,2020.0,N,N,,0,,0,0,0,3,2,N,1927,0,2,0,0,0,0,0,3,4,0,2,3,3.0,N,,,,,,,,,,,
2020064043,1719.0,1,0,0,0,0,0,0,0,0,7,0,,67,8,2020,1,39.9425,-75.1935,1709.0,6,0,0,0,0,0,0,0,0,,0,0,0.0,17,1,4,7,,2,39 56:33.129,3.0,2,75 11:36.744,3,0,0,0,67301,0,0,0,Y,0,0,0,4,68K01,0,,7,1,30.0,N,N,,0,,4,0,0,0,0,N,1701,4,1,0,0,0,0,0,3,4,0,1,3,,N,,,,,,,,,,,
2020027803,2328.0,2,0,0,0,0,0,0,0,0,5,0,45.0,67,3,2020,6,39.9745,-75.1175,2305.0,6,0,0,0,0,0,0,0,0,,0,0,0.0,22,3,0,0,,2,39 58:30.137,1.0,0,75 06:59.427,9,0,0,0,67301,0,0,0,N,0,0,0,4,68K01,0,,1,9,30.0,N,N,,0,,0,0,1,0,0,N,2215,0,4,0,0,0,0,1,3,4,0,4,7,,Y,4.0,1.0,N,,,N,,,,Y,
2020024413,1230.0,1,0,0,0,0,0,0,0,0,4,0,,67,3,2020,7,40.0321,-75.0812,1218.0,6,0,0,0,0,0,0,0,0,,0,0,0.0,12,1,1,1,,0,40 01:55.477,,0,75 04:52.420,4,0,0,0,67301,0,0,0,N,0,0,0,4,67301,1,,1,1,,N,N,,0,,0,0,2,3,3,,1215,1,3,0,0,0,0,0,3,4,0,3,3,3.0,N,,,,,,,,,,,
2020065183,2004.0,1,0,0,0,0,0,0,0,0,1,0,,67,7,2020,6,39.9577,-75.1603,1955.0,6,0,0,0,0,0,2,0,0,,0,0,0.0,19,1,1,0,,2,39 57:27.616,4.0,0,75 09:37.232,3,0,0,0,67301,0,0,0,N,0,0,0,4,68K01,0,,1,1,10.0,N,N,,0,,1,0,2,0,0,N,1952,1,3,0,0,0,0,0,3,4,0,3,3,,N,,,,,,,,,,,
2020065343,549.0,1,0,0,0,0,0,0,0,0,8,0,,67,7,2020,2,40.0092,-75.1511,549.0,6,0,0,0,0,0,1,0,0,,1,0,0.0,5,5,0,1,N,2,40 00:33.325,7.0,0,75 09:04.460,1,0,0,0,67301,1,1,0,N,1,1,0,2,67301,0,2.0,1,1,735.0,N,N,N,0,0.0,0,0,0,3,2,Y,548,0,2,0,0,0,0,0,3,4,0,1,3,3.0,N,,,,,,,,,,,
2020065198,1917.0,3,0,0,0,0,0,0,0,0,1,0,,67,8,2020,1,39.9581,-75.1638,1909.0,6,0,0,0,0,0,0,0,0,,0,0,0.0,19,1,2,0,,1,39 57:29.235,3.0,1,75 09:49.665,3,0,0,0,67301,0,0,0,N,0,0,0,5,68K01,1,,1,1,30.0,N,N,,0,,1,0,0,0,0,N,1906,2,3,0,0,0,0,0,3,4,0,3,3,,N,,,,,,,,,,,
2020024583,550.0,2,0,0,0,0,0,0,0,0,5,0,,67,3,2020,1,39.9805,-75.1592,545.0,6,0,0,0,0,0,0,0,0,,0,0,0.0,5,3,0,0,,2,39 58:49.628,2.0,0,75 09:33.277,0,0,0,0,67301,0,0,0,N,0,0,0,2,67505,0,,6,1,620.0,N,N,,0,,0,0,0,0,0,Y,530,0,2,0,0,0,0,0,3,4,0,2,3,3.0,N,,,,,,,,,,,
2020064535,1740.0,2,0,0,0,0,0,0,0,0,5,0,,67,8,2020,2,39.9918,-75.1387,1735.0,6,0,0,0,0,0,0,0,0,,0,0,0.0,17,1,0,0,,0,39 59:30.610,,0,75 08:19.159,0,0,0,0,67301,0,0,0,N,0,0,0,6,67301,0,,1,1,,N,N,,1,,0,0,1,0,0,,1720,0,4,0,0,4,0,0,3,4,0,4,3,3.0,N,,,,,,,,,,,
2020033721,1822.0,1,0,0,0,0,0,0,0,0,7,0,,67,3,2020,6,39.9573,-75.1804,1757.0,6,0,0,0,0,0,0,0,0,,0,0,0.0,17,3,0,0,,2,39 57:26.359,3.0,0,75 10:49.332,9,0,0,0,67301,0,0,0,N,0,0,0,1,68K01,0,,4,9,45.0,N,N,,0,,0,0,0,0,0,N,1754,0,1,0,0,0,0,1,3,4,0,1,7,7.0,N,,,,,,,,,,,
2020022795,1116.0,2,0,0,0,0,0,0,0,0,4,0,,67,3,2020,2,40.0473,-75.1677,1102.0,6,0,0,0,0,0,0,0,0,,0,0,0.0,9,1,2,1,,0,40 02:50.173,,0,75 10:03.884,3,0,0,0,67301,0,0,0,N,0,0,0,4,67301,0,,1,1,,N,N,,0,,2,0,0,3,2,,909,2,2,0,0,1,0,0,3,4,0,2,3,3.0,N,,,,,,,,,,,
2020064003,1130.0,0,0,0,0,0,0,0,0,0,1,2,,67,7,2020,6,39.9464,-75.1424,1119.0,6,0,0,0,0,0,0,0,0,,0,2,0.0,11,1,0,0,,2,39 56:47.085,2.0,0,75 08:32.717,0,0,0,0,67301,0,0,0,N,0,0,0,2,68K01,0,,3,9,200.0,N,N,,0,,0,0,0,0,0,N,1118,0,2,0,0,0,0,0,3,4,0,2,3,,N,,,,,,,,,,,
2020065122,735.0,0,0,0,0,0,0,0,0,0,8,0,,67,8,2020,4,39.9482,-75.1644,728.0,6,0,0,0,0,0,0,0,0,,0,0,0.0,6,1,1,1,,0,39 56:53.519,,0,75 09:51.947,4,0,0,0,67301,1,0,0,N,1,0,0,1,67301,1,,1,1,,N,N,,0,,0,0,0,9,2,,630,1,2,0,0,0,0,0,3,4,0,1,3,,N,,,,,,,,,,,
2020024870,2135.0,0,0,0,0,0,0,0,0,0,4,0,,67,3,2020,1,40.0299,-75.1031,2127.0,6,0,0,0,0,0,1,0,0,,0,0,0.0,21,3,0,1,,0,40 01:47.679,,0,75 06:11.073,0,0,0,0,67301,0,0,0,N,0,0,0,2,67301,0,,1,1,,N,N,,0,,0,0,1,3,2,,2118,0,2,0,0,0,0,0,3,4,1,2,3,3.0,N,,,,,,,,,,,
2020026555,1312.0,7,0,0,0,0,0,0,0,0,5,0,,67,3,2020,7,40.0222,-75.1171,1312.0,6,0,0,0,0,0,0,0,0,,0,0,0.0,13,1,0,0,,0,40 01:20.040,,0,75 07:01.390,0,0,0,0,67301,0,0,0,N,0,0,0,1,67301,0,,6,1,,N,N,,0,,0,0,1,0,0,,1310,0,9,0,0,0,0,0,3,4,1,9,3,3.0,N,,,,,,,,,,,
2020024466,850.0,0,0,0,0,0,0,0,0,0,4,0,,67,3,2020,1,40.0204,-75.1521,835.0,6,0,0,0,0,0,0,0,1,,0,0,0.0,8,1,2,1,,0,40 01:13.453,,0,75 09:07.586,3,0,0,0,67301,0,0,0,N,0,0,0,2,67301,0,,1,1,,N,N,N,0,,2,0,2,3,2,,815,2,2,0,0,0,0,0,3,4,0,2,3,,N,,,,,,,,,,,
2020063580,1537.0,2,0,0,0,0,0,0,0,0,4,0,,67,8,2020,6,39.9275,-75.1937,1535.0,6,0,0,0,0,0,1,1,0,,0,0,0.0,15,1,1,0,,0,39 55:38.835,,0,75 11:37.167,8,0,0,0,67301,0,0,0,N,0,0,0,2,67301,0,,1,1,,N,N,,0,,0,0,0,0,0,,1533,1,2,0,0,0,1,0,3,4,0,2,3,,N,,,,,,,,,,,
2020025315,17.0,1,0,0,0,0,0,0,0,0,4,0,,67,3,2020,1,40.0082,-75.1427,17.0,6,0,0,0,0,0,0,0,0,,0,1,0.0,0,3,0,1,,0,40 00:29.432,,0,75 08:33.941,0,0,0,0,67301,0,0,0,N,0,0,0,4,67301,0,,1,1,,N,N,,0,,0,0,0,3,2,,17,0,2,0,0,0,0,0,3,4,0,2,3,3.0,N,,,,,,,,,,,
2020058807,607.0,1,0,0,0,0,0,0,0,0,1,0,,67,7,2020,5,39.9726,-75.1936,556.0,6,0,0,0,0,0,1,0,0,,0,0,0.0,5,1,1,0,,1,39 58:21.377,4.0,0,75 11:36.915,8,0,0,0,67301,0,0,0,N,0,0,0,2,68K01,0,,1,1,612.0,N,N,,0,,0,0,1,0,0,N,555,1,2,0,0,0,1,0,3,4,0,2,3,,N,,,,,,,,,,,
2020025448,2020.0,1,0,0,0,0,0,0,0,0,4,0,,67,3,2020,2,39.9168,-75.173,2015.0,6,0,0,0,0,0,0,0,0,,0,0,0.0,20,3,1,1,,0,39 55:00.236,,0,75 10:23.017,3,0,0,0,67301,0,0,0,N,0,0,0,2,67301,0,,1,1,,N,N,,0,,1,0,2,3,2,,2000,1,3,0,0,0,0,0,3,4,0,3,3,3.0,N,,,,,,,,,,,
2020063744,1940.0,0,0,0,0,0,0,0,0,0,8,0,,67,8,2020,7,39.9675,-75.2291,1934.0,6,0,0,0,0,0,0,0,0,,0,0,0.0,18,1,1,0,,0,39 58:02.980,,0,75 13:44.700,4,0,0,0,67301,1,0,0,N,1,0,0,1,67301,1,,1,1,,N,N,,0,,0,0,0,0,0,,1855,1,2,0,0,0,0,0,3,4,0,1,3,3.0,N,,,,,,,,,,,
2020022865,840.0,3,0,0,0,0,0,0,0,0,4,0,,67,3,2020,2,40.0084,-75.0965,720.0,6,0,0,0,0,0,0,0,0,,0,0,0.0,7,1,2,1,,0,40 00:30.293,,0,75 05:47.331,3,0,0,0,67301,0,0,0,N,0,0,0,4,67301,0,,1,1,,N,N,,0,,2,0,0,3,2,,720,2,3,0,0,0,0,1,3,4,0,3,3,3.0,N,,,,,,,,,,,
2020026176,1830.0,1,0,0,0,0,0,0,0,0,4,0,,67,3,2020,7,39.9161,-75.2258,1818.0,6,0,0,0,1,0,0,0,0,,0,0,0.0,17,3,2,2,,0,39 54:58.100,,0,75 13:32.900,3,0,0,0,67301,0,0,0,N,0,0,0,3,67301,0,,1,1,,N,N,,0,,2,0,1,3,4,,1750,2,2,0,0,0,0,0,3,4,0,2,3,3.0,N,,,,,,,,,,,
2020023673,723.0,3,0,0,0,0,0,0,0,0,5,0,,67,3,2020,4,39.9255,-75.2445,721.0,6,0,0,0,0,0,0,0,0,,0,0,0.0,7,1,0,0,,1,39 55:31.705,2.0,0,75 14:40.351,0,0,0,0,67301,0,0,0,N,0,0,0,1,67301,0,,6,1,30.0,N,N,,0,,0,0,1,0,0,N,719,0,4,0,0,0,0,0,3,4,0,4,3,3.0,N,,,,,,,,,,,
2020024130,1845.0,0,0,0,0,0,0,0,0,0,8,0,,67,3,2020,6,40.0195,-75.0944,1829.0,6,0,0,0,0,0,0,0,0,,0,0,0.0,18,6,1,1,,0,40 01:10.246,,0,75 05:39.868,4,0,0,0,67301,1,0,0,N,1,0,0,2,67301,1,,1,9,,N,N,,1,,0,0,0,1,3,,1825,1,2,0,0,0,0,0,3,4,0,1,7,7.0,N,,,,,,,,,,,
2020063960,430.0,2,0,0,0,0,0,0,0,0,4,0,,67,8,2020,5,39.995,-75.1063,430.0,6,0,0,0,0,0,0,0,0,,0,0,0.0,4,3,0,0,,1,39 59:42.052,1.0,0,75 06:22.656,9,0,0,0,67301,0,0,0,N,0,0,0,1,67301,0,,1,1,620.0,N,N,,0,,0,0,1,0,0,Y,430,0,3,0,0,0,0,1,3,4,0,3,3,3.0,N,,,,,,,,,,,
2020065338,2215.0,0,0,0,0,0,0,0,0,0,8,0,,67,7,2020,3,39.9969,-75.1165,2215.0,6,0,0,0,0,0,0,0,0,,1,0,0.0,22,3,0,0,N,2,39 59:48.675,7.0,0,75 06:59.494,1,0,0,0,67301,1,1,0,N,1,1,0,2,67301,0,2.0,1,1,1140.0,N,N,N,0,0.0,0,0,1,0,0,N,2215,0,2,0,0,0,0,0,3,4,0,1,3,3.0,N,,,,,,,,,,,
2020024346,1816.0,1,0,0,0,0,0,0,0,0,8,0,,67,3,2020,6,39.9347,-75.2327,1815.0,6,0,0,0,0,0,0,0,0,,0,0,0.0,18,3,2,1,,0,39 56:04.761,,0,75 13:57.737,3,0,0,0,67301,2,0,0,N,2,0,0,3,67301,0,,1,9,,N,N,,0,,1,0,0,3,2,,1815,2,3,0,0,0,1,0,3,4,0,1,7,,N,,,,,,,,,,,
2020024415,2345.0,1,0,0,0,0,0,0,0,0,8,0,,67,3,2020,5,40.0453,-75.1256,2340.0,6,0,0,0,0,0,0,0,0,,0,0,0.0,19,3,1,1,,0,40 02:42.955,,0,75 07:32.224,2,0,0,0,67301,1,0,1,N,1,0,1,2,67301,0,,1,1,,N,N,,0,,0,1,0,3,2,,1915,1,2,0,0,0,0,0,3,4,0,1,3,3.0,N,,,,,,,,,,,
2020061930,1340.0,0,0,0,1,0,0,0,0,0,1,0,,67,8,2020,2,39.9531,-75.1818,1332.0,6,0,0,0,0,0,0,1,0,,0,0,0.0,13,1,1,2,,0,39 57:11.135,,0,75 10:54.456,3,0,0,0,67301,1,0,0,N,0,0,0,2,67504,0,,2,1,,N,N,,0,,1,0,1,3,2,,1331,1,2,0,0,0,0,0,3,4,0,1,3,3.0,N,,,,,,,,,,,
2020025281,2030.0,1,0,0,0,0,0,0,0,0,4,0,,67,3,2020,1,40.0314,-75.1524,2030.0,6,0,0,0,0,0,0,0,0,,0,0,0.0,21,3,0,1,,0,40 01:53.011,,0,75 09:08.560,9,0,0,0,67301,0,0,0,N,0,0,0,3,67301,0,,1,1,,N,N,,0,,0,0,1,3,2,,2100,0,2,0,0,0,0,1,3,4,0,2,3,3.0,N,,,,,,,,,,,
2020064155,42.0,0,0,0,0,0,0,0,0,0,8,0,,67,8,2020,2,39.9719,-75.2449,36.0,6,0,0,0,0,0,0,0,0,,0,0,0.0,21,3,1,1,,0,39 58:18.687,,0,75 14:41.580,8,0,0,0,67301,1,0,0,N,1,0,0,2,67301,0,,1,1,,N,N,,0,,0,0,0,3,2,,2155,1,2,0,0,0,1,1,3,4,0,1,3,,N,,,,,,,,,,,
2020023843,1815.0,2,0,0,0,0,0,0,0,0,4,0,,67,3,2020,4,40.0272,-75.1145,1815.0,6,0,0,0,0,0,0,0,0,,0,0,0.0,18,1,2,1,,0,40 01:37.970,,0,75 06:52.293,3,0,0,0,67301,0,0,0,N,0,0,0,3,67301,0,,1,1,,N,N,,0,,2,0,0,0,0,,1815,2,2,0,0,0,0,0,3,4,0,2,3,3.0,N,,,,,,,,,,,
2020063233,912.0,0,0,0,0,0,0,0,0,0,7,1,,67,8,2020,3,39.9601,-75.1798,906.0,6,0,0,0,0,0,0,0,0,,0,1,0.0,9,1,0,0,,2,39 57:36.403,4.0,0,75 10:47.217,0,0,0,0,67301,0,0,0,N,0,0,0,1,68K01,0,,3,9,1027.0,N,N,,0,,0,0,0,0,0,N,905,0,1,0,0,0,0,0,3,4,0,1,7,,N,,,,,,,,,,,
2020024957,2115.0,1,0,0,0,0,0,0,0,0,4,0,,67,3,2020,2,39.9839,-75.1864,2110.0,6,0,0,0,0,0,1,0,0,,0,0,0.0,21,3,0,1,,0,39 59:02.061,,0,75 11:10.874,9,0,0,0,67301,0,0,0,N,0,0,0,2,67301,0,,1,1,,N,N,,0,,0,0,0,3,2,,2100,0,2,0,0,0,0,1,3,4,0,2,3,3.0,N,,,,,,,,,,,
2020023147,1520.0,2,0,0,0,0,0,0,0,0,4,0,,67,3,2020,3,40.0076,-75.086,1411.0,6,0,0,0,0,0,0,0,0,,0,0,0.0,13,1,1,0,,1,40 00:27.187,2.0,0,75 05:09.718,8,0,0,0,67301,0,0,0,N,0,0,0,2,67301,0,,1,9,1520.0,N,N,,0,,0,0,0,0,0,N,1358,1,2,0,0,0,1,1,3,4,0,2,7,3.0,N,,,,,,,,,,,
2020024131,1923.0,1,0,0,0,0,0,0,0,0,8,0,,67,3,2020,6,40.0366,-75.0406,1920.0,6,0,0,0,0,0,0,0,0,,0,0,0.0,19,3,1,0,,0,40 02:11.696,,0,75 02:26.284,8,0,0,0,67301,1,0,0,N,1,0,0,2,67301,0,,1,9,,N,N,,0,,0,0,0,0,0,,1916,1,2,0,0,0,1,0,3,4,0,1,7,,N,,,,,,,,,,,
2020023885,1226.0,1,0,0,0,0,0,0,0,0,6,0,,67,3,2020,5,40.0334,-75.1309,1222.0,6,0,0,0,0,0,0,0,0,,0,0,0.0,11,1,0,0,,0,40 02:00.090,,0,75 07:51.380,0,0,0,0,67301,0,0,0,N,0,0,0,1,67301,0,,6,1,,N,N,,0,,0,0,1,0,0,,1118,0,2,0,0,0,0,0,3,4,0,2,3,3.0,N,,,,,,,,,,,
2020024464,1137.0,1,0,0,1,0,0,0,0,0,4,0,,67,3,2020,7,39.9206,-75.1538,1133.0,6,0,0,0,0,0,0,0,0,,0,0,0.0,11,1,1,1,,0,39 55:14.286,,0,75 09:13.762,4,0,0,0,67301,1,0,0,N,0,0,0,2,67301,1,,1,1,,N,N,,0,,0,0,0,3,3,,1131,1,2,0,0,0,0,0,3,4,0,1,3,,N,,,,,,,,,,,
2020024129,1241.0,2,0,0,0,0,0,0,0,0,4,0,,67,3,2020,6,40.0395,-75.0458,1232.0,6,0,0,0,0,0,1,0,0,,0,0,0.0,12,1,1,1,,0,40 02:22.372,,0,75 02:44.922,4,0,0,0,67301,0,0,0,N,0,0,0,2,67301,1,,1,9,,N,N,,0,,0,0,0,3,2,,1225,1,2,0,0,0,0,0,3,4,0,2,7,4.0,N,,,,,,,,,,,
2020023974,2120.0,1,0,0,0,0,0,0,0,0,4,0,,67,3,2020,5,39.8991,-75.1748,2120.0,6,0,0,0,0,0,0,0,0,,0,0,0.0,21,3,1,2,,0,39 53:56.864,,6,75 10:29.424,4,0,0,0,67301,0,0,0,N,0,0,0,2,67301,1,,1,1,,N,N,,0,,0,0,1,3,2,,2117,1,2,0,0,0,0,0,3,4,0,2,3,,N,,,,,,,,,,,
2020024190,1734.0,1,0,0,0,0,0,0,0,0,8,0,,67,3,2020,2,40.0359,-75.1399,1408.0,6,0,0,0,0,0,0,0,0,,0,0,0.0,14,1,1,0,,0,40 02:09.115,,0,75 08:23.716,3,0,0,0,67301,1,0,0,N,1,0,0,2,67301,0,,1,1,,N,N,,0,,1,0,0,9,3,,1400,1,2,0,0,0,0,0,3,4,0,1,3,3.0,N,,,,,,,,,,,
2020063348,1557.0,0,0,0,0,0,0,0,0,0,5,1,,67,7,2020,5,39.9945,-75.1135,1557.0,6,0,0,0,0,0,0,0,0,,0,1,0.0,15,1,1,0,,2,39 59:40.150,2.0,0,75 06:48.760,8,0,0,0,67301,1,0,0,N,0,0,0,2,67301,0,,6,1,1618.0,N,N,,0,,0,0,1,0,0,Y,1535,1,2,0,0,0,1,0,3,4,0,2,3,3.0,N,,,,,,,,,,,