CRN,ARRIVAL_TM,AUTOMOBILE_COUNT,BELTED_DEATH_COUNT,BELTED_SUSP_SERIOUS_INJ_COUNT,BICYCLE_COUNT,BICYCLE_DEATH_COUNT,BICYCLE_SUSP_SERIOUS_INJ_COUNT,BUS_COUNT,CHLDPAS_DEATH_COUNT,CHLDPAS_SUSP_SERIOUS_INJ_COUNT,COLLISION_TYPE,COMM_VEH_COUNT,CONS_ZONE_SPD_LIM,COUNTY,CRASH_MONTH,CRASH_YEAR,DAY_OF_WEEK,DEC_LAT,DEC_LONG,DISPATCH_TM,DISTRICT,DRIVER_COUNT_16YR,DRIVER_COUNT_17YR,DRIVER_COUNT_18YR,DRIVER_COUNT_19YR,DRIVER_COUNT_20YR,DRIVER_COUNT_50_64YR,DRIVER_COUNT_65_74YR,DRIVER_COUNT_75PLUS,EST_HRS_CLOSED,FATAL_COUNT,HEAVY_TRUCK_COUNT,HORSE_BUGGY_COUNT,HOUR_OF_DAY,ILLUMINATION,INJURY_COUNT,INTERSECT_TYPE,INTERSECTION_RELATED,LANE_CLOSED,LATITUDE,LN_CLOSE_DIR,LOCATION_TYPE,LONGITUDE,MAX_SEVERITY_LEVEL,MCYCLE_DEATH_COUNT,MCYCLE_SUSP_SERIOUS_INJ_COUNT,MOTORCYCLE_COUNT,MUNICIPALITY,NONMOTR_COUNT,NONMOTR_DEATH_COUNT,NONMOTR_SUSP_SERIOUS_INJ_COUNT,NTFY_HIWY_MAINT,PED_COUNT,PED_DEATH_COUNT,PED_SUSP_SERIOUS_INJ_COUNT,PERSON_COUNT,POLICE_AGCY,POSSIBLE_INJ_COUNT,RDWY_SURF_TYPE_CD,RELATION_TO_ROAD,ROAD_CONDITION,ROADWAY_CLEARED,SCH_BUS_IND,SCH_ZONE_IND,SECONDARY_CRASH,SMALL_TRUCK_COUNT,SPEC_JURIS_CD,SUSP_MINOR_INJ_COUNT,SUSP_SERIOUS_INJ_COUNT,SUV_COUNT,TCD_FUNC_CD,TCD_TYPE,TFC_DETOUR_IND,TIME_OF_DAY,TOT_INJ_COUNT,TOTAL_UNITS,UNB_DEATH_COUNT,UNB_SUSP_SERIOUS_INJ_COUNT,UNBELTED_OCC_COUNT,UNK_INJ_DEG_COUNT,UNK_INJ_PER_COUNT,URBAN_AREA,URBAN_RURAL,VAN_COUNT,VEHICLE_COUNT,WEATHER1,WEATHER2,WORK_ZONE_IND,WORK_ZONE_LOC,WORK_ZONE_TYPE,WORKERS_PRES,WZ_CLOSE_DETOUR,WZ_FLAGGER,WZ_LAW_OFFCR_IND,WZ_LN_CLOSURE,WZ_MOVING,WZ_OTHER,WZ_SHLDER_MDN,WZ_WORKERS_INJ_KILLED
2020055699,658.0,1,0,0,0,0,0,1,0,0,4,1,,67,6,2020,2,40.0348,-75.1175,653.0,6,0,0,0,0,0,0,1,0,,0,0,0.0,6,1,1,1,,0,40 02:05.216,,0,75 07:03.111,4,0,0,0,67301,0,0,0,N,0,0,0,3,67508,1,,1,1,,,,,0,,0,0,0,0,0,N,650,1,2,0,0,0,0,0,3,4,0,2,3,3.0,N,,,,,,,,,,,
2020051378,1230.0,0,0,0,0,0,0,1,0,0,8,1,,67,6,2020,3,40.0358,-75.1254,1215.0,6,0,0,0,0,0,1,0,0,,0,0,0.0,12,1,1,0,,0,40 02:08.801,,0,75 07:31.511,8,0,0,0,67301,1,0,0,N,1,0,0,2,67508,0,,2,1,,N,N,,0,,0,0,0,0,0,N,1215,1,2,0,0,0,1,0,3,4,0,1,3,,N,,,,,,,,,,,
2020059348,310.0,0,0,0,0,0,0,0,0,0,0,0,,67,7,2020,1,40.0022,-75.1945,310.0,6,0,0,0,0,0,0,0,0,,0,0,0.0,2,3,1,0,,0,40 00:08.074,,0,75 11:40.169,2,0,1,1,67301,0,0,0,N,0,0,0,1,68K01,0,,1,1,,N,N,,0,,0,1,0,0,0,,251,1,2,0,0,0,0,0,3,4,0,1,3,,N,,,,,,,,,,,
2020020411,2301.0,2,0,0,0,0,0,0,0,0,1,0,45.0,67,2,2020,6,39.9811,-75.1027,2247.0,6,0,0,0,0,0,1,0,0,,0,0,0.0,22,3,0,0,,2,39 58:52.234,1.0,0,75 06:09.158,0,0,0,0,67301,0,0,0,N,0,0,0,2,68K01,0,,4,1,15.0,N,N,,0,,0,0,0,0,0,N,2246,0,2,0,0,0,0,0,3,4,0,2,3,3.0,Y,4.0,1.0,N,,,N,,,Y,,
2020019662,1751.0,1,0,0,0,0,0,0,0,0,1,0,,67,2,2020,6,40.0429,-75.0241,1733.0,6,0,0,0,0,0,0,1,0,,0,0,0.0,15,1,2,0,,0,40 02:34.332,,0,75 01:26.710,8,0,0,0,67301,0,0,0,N,0,0,0,4,67301,0,,1,1,,N,N,,0,,0,0,1,0,0,,1533,2,2,0,0,0,2,0,3,4,0,2,3,3.0,N,,,,,,,,,,,
2020018810,910.0,1,0,0,0,0,0,0,0,0,1,0,,67,2,2020,4,39.9577,-75.1465,910.0,6,0,0,0,0,0,1,0,0,,0,0,0.0,9,1,0,0,,0,39 57:27.780,,0,75 08:47.240,0,0,0,0,67301,0,0,0,N,0,0,0,3,67301,0,,1,1,,N,N,,0,,0,0,1,3,2,,905,0,3,0,0,0,0,0,3,4,1,3,3,3.0,N,,,,,,,,,,,
2020017859,1845.0,2,0,0,0,0,0,0,0,0,1,0,,67,2,2020,7,40.0224,-75.1396,1845.0,6,0,0,0,0,0,0,0,0,,0,0,0.0,18,3,1,0,,0,40 01:20.470,,0,75 08:22.580,3,0,0,0,67301,0,0,0,N,0,0,0,2,67301,0,,1,1,,N,N,,0,,1,0,0,3,1,,1845,1,2,0,0,0,0,0,3,4,0,2,3,3.0,N,,,,,,,,,,,
2020023463,1133.0,0,0,0,1,0,0,0,0,0,4,0,,67,2,2020,1,39.9546,-75.173,1132.0,6,0,0,0,0,0,0,0,0,,0,0,0.0,11,8,1,1,,0,39 57:16.499,,0,75 10:22.738,8,0,0,0,67301,1,0,0,N,0,0,0,2,67301,0,,1,1,,N,N,,0,,0,0,1,9,2,,1130,1,2,0,0,0,1,0,3,4,0,1,3,3.0,N,,,,,,,,,,,
2020019330,1800.0,0,0,0,0,0,0,0,0,0,7,0,,67,2,2020,5,39.9821,-75.1923,1740.0,6,0,0,0,0,0,1,0,0,,0,0,0.0,17,1,0,0,,0,39 58:55.470,,0,75 11:32.300,0,0,0,0,67301,0,0,0,N,0,0,0,1,67301,0,,2,1,,N,N,,1,,0,0,1,0,0,,1735,0,2,0,0,0,0,0,3,4,0,2,3,,N,,,,,,,,,,,
2020049019,755.0,1,0,0,0,0,0,1,0,0,1,1,,67,6,2020,3,39.9918,-75.1383,750.0,6,0,0,0,0,0,1,1,0,,0,0,0.0,7,1,2,1,,1,39 59:30.821,3.0,0,75 08:17.989,8,0,0,0,67301,1,0,0,N,0,0,0,3,67508,0,,1,1,30.0,N,N,,1,,0,0,0,3,2,N,750,2,3,0,0,0,2,0,3,4,0,3,3,,N,,,,,,,,,,,
2020059363,1105.0,2,0,0,0,0,0,0,0,0,1,0,,67,7,2020,3,39.9721,-75.1936,1105.0,6,0,0,0,0,0,1,0,0,,0,0,0.0,11,1,1,0,,2,39 58:19.401,4.0,0,75 11:36.868,4,0,0,0,67301,0,0,0,N,0,0,0,3,68K01,1,,1,1,5.0,N,N,,0,,0,0,0,0,0,N,1104,1,2,0,0,0,0,0,3,4,0,2,3,3.0,N,,,,,,,,,,,
2020019226,951.0,1,0,0,0,0,0,0,0,0,4,0,,67,2,2020,3,39.9653,-75.2015,949.0,6,0,0,0,0,0,1,0,0,,0,0,0.0,9,1,1,1,,0,39 57:55.040,,0,75 12:05.565,8,0,0,0,67301,0,0,0,N,0,0,0,2,67301,0,,1,1,,N,N,,0,,0,0,1,2,3,,948,1,2,0,0,0,1,0,3,4,0,2,3,3.0,N,,,,,,,,,,,
2020019663,1344.0,2,0,0,0,0,0,0,0,0,1,0,,67,2,2020,3,40.0431,-75.1673,1344.0,6,0,0,0,0,0,0,0,1,,0,0,0.0,13,1,2,0,,0,40 02:35.091,,0,75 10:02.194,2,0,0,0,67301,0,0,0,N,0,0,0,2,67301,0,,1,1,,N,N,,1,,1,1,1,9,9,,1340,2,5,0,0,0,0,0,3,4,1,5,3,3.0,N,,,,,,,,,,,
2020058077,1345.0,1,0,0,0,0,0,0,0,0,5,1,,67,7,2020,4,39.9555,-75.1482,1345.0,6,0,0,0,0,1,0,0,0,,0,1,0.0,13,1,0,0,,0,39 57:19.931,,2,75 08:53.415,0,0,0,0,67301,0,0,0,N,0,0,0,2,67501,0,,1,1,,N,N,,0,,0,0,0,3,2,,1345,0,2,0,0,0,0,0,3,4,0,2,3,,N,,,,,,,,,,,
2020019664,1701.0,0,0,0,0,0,0,0,0,0,5,0,,67,2,2020,6,40.0579,-75.1739,1659.0,6,0,0,0,0,0,0,0,0,,0,0,0.0,16,1,1,0,,0,40 03:28.430,,0,75 10:26.140,8,0,0,0,67301,0,0,0,N,0,0,0,1,67301,0,,6,1,,N,N,,0,,0,0,2,0,0,,1618,1,2,0,0,0,1,0,3,4,0,2,3,3.0,N,,,,,,,,,,,
2020060534,1708.0,1,0,0,0,0,0,0,0,0,4,0,,67,7,2020,3,40.0124,-75.0584,1703.0,6,0,0,0,0,0,2,0,0,,1,0,0.0,17,1,0,2,N,0,40 00:44.838,,0,75 03:30.430,1,1,0,1,67301,0,0,0,N,0,0,0,4,67301,0,2.0,1,1,,N,N,N,0,0.0,0,0,0,3,2,,1700,0,2,0,0,1,0,0,3,4,0,2,3,3.0,N,,,,,,,,,,,
2020018878,1647.0,1,0,0,0,0,0,0,0,0,1,0,,67,2,2020,4,39.9568,-75.1984,1647.0,6,0,0,0,0,0,0,0,0,,0,0,0.0,16,1,1,0,,0,39 57:24.312,,0,75 11:54.191,8,0,0,0,67301,0,0,0,N,0,0,0,2,67504,0,,1,2,,N,N,,1,,0,0,0,3,2,,1635,1,2,0,0,0,1,0,3,4,0,2,3,3.0,N,,,,,,,,,,,
2020051912,1330.0,1,0,0,0,0,0,1,0,0,1,1,,67,6,2020,5,40.0895,-75.0335,1313.0,6,0,0,0,0,0,1,0,2,,0,0,0.0,13,1,0,2,,1,40 05:22.431,2.0,0,75 02:01.007,0,0,0,0,67301,0,0,0,N,0,0,0,4,67508,0,,1,1,30.0,N,N,,0,,0,0,1,0,0,N,1313,0,3,0,0,0,0,0,3,4,0,3,3,,N,,,,,,,,,,,
2020058971,1415.0,0,0,0,0,0,0,0,0,0,7,1,,67,7,2020,6,40.0355,-75.0172,1402.0,6,0,0,0,0,0,1,0,0,,0,1,0.0,14,1,0,0,,1,40 02:07.794,1.0,0,75 01:01.746,0,0,0,0,67301,0,0,0,Y,0,0,0,1,68K01,0,,4,8,1615.0,N,N,,0,,0,0,0,0,0,N,1401,0,1,0,0,0,0,0,3,4,0,1,5,7.0,N,,,,,,,,,,,
2020019019,1000.0,1,0,0,0,0,0,0,0,0,1,0,,67,2,2020,3,39.8974,-75.2126,957.0,6,0,0,0,0,0,1,0,0,,0,0,0.0,9,1,0,0,,1,39 53:50.541,4.0,3,75 12:45.420,0,0,0,0,67301,0,0,0,N,0,0,0,2,67301,0,,1,1,100.0,N,N,,0,,0,0,1,0,0,N,919,0,2,0,0,0,0,0,3,4,0,2,3,3.0,N,,,,,,,,,,,
2020018673,503.0,2,0,0,0,0,0,0,0,0,4,0,,67,2,2020,4,39.9586,-75.214,503.0,6,0,0,0,0,0,0,0,0,,0,0,0.0,5,3,1,1,,2,39 57:30.898,3.0,0,75 12:50.353,8,0,0,0,67301,0,0,0,N,0,0,0,3,67301,0,,1,1,800.0,N,N,,0,,0,0,0,9,2,Y,500,1,2,0,0,0,1,2,3,4,0,2,3,3.0,N,,,,,,,,,,,
2020019854,230.0,1,0,0,0,0,0,0,0,0,5,0,,67,2,2020,7,40.0081,-75.1477,224.0,6,0,0,0,0,0,0,0,0,,0,0,0.0,2,3,0,0,,0,40 00:29.290,,0,75 08:51.820,0,0,0,0,67301,0,0,0,N,0,0,0,1,67301,0,,6,1,,N,N,,0,,0,0,1,3,2,,220,0,3,0,0,0,0,0,3,4,1,3,3,3.0,N,,,,,,,,,,,
2020059493,1041.0,2,0,0,0,0,0,0,0,0,1,0,,67,7,2020,7,39.9599,-75.1792,1036.0,6,1,0,0,0,0,0,0,0,,0,0,0.0,10,1,1,0,,2,39 57:35.716,3.0,0,75 10:44.990,3,0,0,0,67301,0,0,0,N,0,0,0,3,68K01,0,,1,1,1037.0,N,N,,0,,1,0,1,0,0,N,1035,1,3,0,0,0,0,0,3,4,0,3,3,3.0,N,,,,,,,,,,,
2020054125,1530.0,0,0,0,0,0,0,0,0,0,1,1,,67,7,2020,5,39.9266,-75.2204,1524.0,6,0,0,0,0,1,0,0,0,,0,1,0.0,14,1,1,0,,0,39 55:35.860,,0,75 13:13.508,3,0,0,0,67301,0,0,0,N,0,0,0,1,67301,0,,6,1,,N,N,,0,,1,0,1,0,0,,1415,1,2,0,0,0,0,0,3,4,0,2,3,3.0,N,,,,,,,,,,,
2020060574,2329.0,3,0,0,0,0,0,0,0,0,2,0,,67,7,2020,4,40.0266,-75.1474,2329.0,6,0,0,0,0,0,0,0,0,,0,0,0.0,22,3,2,0,,9,40 01:35.715,,0,75 08:50.463,8,0,0,0,67301,0,0,0,N,0,0,0,2,67301,0,,1,1,,N,N,,0,,0,0,0,0,0,U,2240,2,3,0,0,0,2,0,3,4,0,3,3,3.0,N,,,,,,,,,,,
2020020403,226.0,1,0,0,0,0,0,0,0,0,7,0,,67,2,2020,6,39.9839,-75.2082,223.0,6,0,0,0,0,0,0,0,0,,0,0,0.0,2,3,1,0,,1,39 59:02.097,4.0,0,75 12:29.358,8,0,0,0,67301,0,0,0,N,0,0,0,1,68K01,0,,4,1,300.0,N,N,,0,,0,0,0,0,0,N,221,1,1,0,0,0,1,0,3,4,0,1,3,3.0,N,,,,,,,,,,,
2020017815,1747.0,0,0,0,0,0,0,0,0,0,7,0,,67,2,2020,1,40.0713,-75.0493,1743.0,6,0,0,0,0,0,0,0,0,,0,0,0.0,17,3,0,0,,0,40 04:16.596,,0,75 02:57.328,0,0,0,0,67301,0,0,0,N,0,0,0,1,67301,0,,3,1,,N,N,,1,,0,0,0,0,0,,1741,0,1,0,0,0,0,0,3,4,0,1,3,3.0,N,,,,,,,,,,,
2020060184,2129.0,1,0,0,0,0,0,0,0,0,1,0,,67,7,2020,4,39.9479,-75.1866,2112.0,6,0,0,0,0,0,0,0,0,,0,0,0.0,21,3,0,0,,0,39 56:52.330,,0,75 11:11.926,0,0,0,0,67301,0,0,0,N,0,0,0,2,68K01,0,,1,9,,N,N,,0,,0,0,1,0,0,,2110,0,2,0,0,0,0,0,3,4,0,2,3,,N,,,,,,,,,,,
2020030503,2145.0,0,0,0,0,0,0,0,0,0,8,0,,67,2,2020,6,40.039,-75.1443,2141.0,6,0,0,0,0,0,0,0,0,,0,0,0.0,21,3,1,0,,0,40 02:20.294,,0,75 08:39.386,3,0,0,0,67301,1,0,0,N,1,0,0,2,67301,0,,1,1,,N,N,,0,,1,0,0,3,2,,2140,1,2,0,0,0,0,0,3,4,0,1,3,3.0,N,,,,,,,,,,,
2020060719,1859.0,2,0,0,0,0,0,0,0,0,4,0,,67,7,2020,5,39.9981,-75.1389,1859.0,6,0,0,0,0,0,0,0,0,,0,0,0.0,17,1,1,0,,0,39 59:53.210,,0,75 08:19.910,4,0,0,0,67301,0,0,0,N,0,0,0,3,67301,1,,1,1,,N,N,,0,,0,0,0,3,2,,1744,1,2,0,0,0,0,0,3,4,0,2,3,3.0,N,,,,,,,,,,,
2020019826,1805.0,1,0,0,0,0,0,0,0,0,4,0,,67,2,2020,7,39.914,-75.1499,1759.0,6,0,0,1,0,0,0,0,0,,0,0,0.0,17,3,0,1,,0,39 54:50.430,,0,75 08:59.773,0,0,0,0,67301,0,0,0,N,0,0,0,3,67301,0,,1,1,,N,N,,1,,0,0,0,3,2,,1750,0,2,0,0,0,0,0,3,4,0,2,3,3.0,N,,,,,,,,,,,
2020019628,2330.0,2,0,0,0,0,0,0,0,0,1,0,,67,2,2020,6,40.0403,-75.0585,2320.0,6,0,0,0,1,0,0,0,0,,0,0,0.0,23,3,1,1,,2,40 02:25.164,1.0,0,75 03:30.737,3,0,0,0,67301,0,0,0,N,0,0,0,2,67301,0,,1,1,200.0,N,N,,0,,1,0,0,3,2,N,2316,1,2,0,0,0,0,0,3,4,0,2,3,3.0,N,,,,,,,,,,,
2020059121,1320.0,2,0,0,0,0,0,0,0,0,4,1,,67,7,2020,7,40.0371,-75.0112,1313.0,6,0,0,0,0,0,0,0,0,,0,1,0.0,13,1,3,1,,0,40 02:13.501,,0,75 00:40.810,3,0,0,0,67301,0,0,0,N,0,0,0,4,67301,0,,1,1,,N,N,,0,,3,0,0,3,2,,1312,3,3,0,0,0,0,0,3,4,0,3,3,3.0,N,,,,,,,,,,,
2020019219,928.0,3,0,0,0,0,0,0,0,0,4,0,,67,2,2020,5,40.058,-75.0596,921.0,6,0,0,0,0,0,0,1,0,,0,0,0.0,9,1,4,1,,0,40 03:28.830,,0,75 03:34.539,3,0,0,0,67301,0,0,0,N,0,0,0,7,67301,2,,1,1,,N,N,,0,,2,0,1,3,2,,921,4,4,0,0,0,0,0,3,4,0,4,3,,N,,,,,,,,,,,
2020059485,1304.0,0,0,0,0,0,0,0,0,0,1,1,,67,7,2020,6,40.0088,-75.2037,1257.0,6,0,0,0,0,0,1,1,0,,0,1,0.0,12,1,2,0,,2,40 00:31.614,4.0,0,75 12:13.468,3,0,0,0,67301,0,0,0,N,0,0,0,3,68K01,1,,1,1,1400.0,N,N,,1,,1,0,0,0,0,N,1256,2,2,0,0,0,0,0,3,4,0,2,3,,N,,,,,,,,,,,
2020019829,135.0,1,0,0,0,0,0,0,0,0,4,0,,67,2,2020,1,39.9563,-75.2295,128.0,6,0,0,0,0,0,0,0,0,,0,0,0.0,1,3,0,1,,1,39 57:22.658,7.0,0,75 13:46.210,9,0,0,0,67301,0,0,0,N,0,0,0,2,67301,0,,1,1,15.0,N,N,,0,,0,0,1,3,3,N,100,0,2,0,0,0,0,2,3,4,0,2,3,3.0,N,,,,,,,,,,,
2020059027,1250.0,2,0,0,0,0,0,0,0,0,4,0,,67,7,2020,1,40.0504,-75.1531,1250.0,6,0,0,0,0,0,0,0,0,,0,0,0.0,12,1,0,1,,0,40 03:01.414,,0,75 09:11.224,9,0,0,0,67301,0,0,0,N,0,0,0,2,67301,0,,1,1,,N,N,N,0,,0,0,0,3,3,,1245,0,2,0,0,0,0,1,3,4,0,2,3,,N,,,,,,,,,,,
2020060552,1640.0,0,0,0,0,0,0,0,0,0,8,0,,67,7,2020,4,39.9967,-75.1155,1630.0,6,0,0,0,0,0,0,0,0,,0,0,0.0,16,1,1,5,,9,39 59:48.185,,0,75 06:55.684,3,0,0,0,67301,1,0,0,N,1,0,0,2,67301,0,,1,1,,N,N,,0,,1,0,0,3,2,U,1625,1,2,0,0,0,0,1,3,4,0,1,3,3.0,N,,,,,,,,,,,
2020058808,1029.0,1,0,0,0,0,0,0,0,0,1,0,,67,7,2020,5,39.9734,-75.194,1027.0,6,0,0,0,0,0,0,0,0,,0,0,0.0,10,1,1,0,,1,39 58:24.337,3.0,0,75 11:38.366,3,0,0,0,67301,0,0,0,N,0,0,0,4,68K01,0,,1,1,1030.0,N,N,,0,,1,0,2,0,0,N,1027,1,4,0,0,0,0,0,3,4,1,4,3,3.0,N,,,,,,,,,,,
2020033545,1354.0,0,0,0,0,0,0,0,0,0,8,0,,67,2,2020,6,39.9712,-75.2276,1353.0,6,0,0,0,0,0,0,0,0,,0,0,0.0,13,1,1,0,,0,39 58:16.360,,0,75 13:39.330,4,0,0,0,67301,1,0,0,N,1,0,0,2,67301,1,,1,1,,N,N,,0,,0,0,1,0,0,,1353,1,2,0,0,1,0,0,3,4,0,1,3,3.0,N,,,,,,,,,,,
2020019875,1037.0,1,0,0,0,0,0,0,0,0,4,0,,67,2,2020,5,40.0062,-75.1518,1037.0,6,0,0,0,0,0,0,0,0,,0,0,0.0,10,1,1,1,,0,40 00:22.269,,0,75 09:06.895,3,0,0,0,67301,0,0,0,N,0,0,0,2,67301,0,,1,1,,N,N,,0,,1,0,1,3,2,,1036,1,2,0,0,0,0,0,3,4,0,2,3,3.0,N,,,,,,,,,,,
2020059461,2145.0,0,0,0,0,0,0,0,0,0,1,0,,67,7,2020,1,39.9593,-75.1736,2137.0,6,0,0,0,0,0,0,0,0,,0,0,0.0,21,3,7,0,,1,39 57:33.646,4.0,0,75 10:24.923,8,0,0,0,67301,0,0,0,N,0,0,0,9,68K01,0,,1,1,2230.0,N,N,,0,,0,0,3,0,0,N,2136,7,4,0,0,0,7,0,3,4,1,4,3,3.0,N,,,,,,,,,,,
2020023917,2313.0,0,0,0,0,0,0,0,0,0,7,0,,67,2,2020,5,39.9012,-75.153,2303.0,6,0,0,0,0,0,0,0,0,,0,0,0.0,23,3,0,0,,1,39 54:06.397,2.0,0,75 09:06.737,0,0,0,0,67301,0,0,0,N,0,0,0,2,68K01,0,,2,1,2330.0,N,N,,0,,0,0,1,0,0,N,2301,0,1,0,0,0,0,0,3,4,0,1,3,3.0,N,,,,,,,,,,,
2020038121,1345.0,0,0,0,0,0,0,1,0,0,1,1,,67,5,2020,4,39.9695,-75.2254,1327.0,6,0,0,0,0,0,0,0,0,,0,0,0.0,13,1,1,1,,0,39 58:10.246,,0,75 13:31.336,8,0,0,0,67301,0,0,0,N,0,0,0,3,67508,0,,1,1,,N,N,,0,,0,0,1,9,3,N,1327,1,2,0,0,0,1,0,3,4,0,2,3,,N,,,,,,,,,,,
2020018174,832.0,2,0,0,0,0,0,0,0,0,4,0,,67,2,2020,2,40.0506,-75.0916,828.0,6,0,0,0,0,0,0,0,0,,0,0,0.0,8,1,1,5,,0,40 03:02.250,,0,75 05:29.896,4,0,0,0,67301,0,0,0,N,0,0,0,3,67301,1,,1,1,,N,N,,0,,0,0,0,3,2,,821,1,2,0,0,0,0,0,3,4,0,2,3,,N,,,,,,,,,,,
2020060519,1847.0,1,0,0,0,0,0,0,0,0,1,1,,67,7,2020,6,39.9116,-75.2299,1842.0,6,0,0,0,0,0,0,0,0,,0,1,0.0,18,1,0,0,,0,39 54:41.580,,0,75 13:47.760,0,0,0,0,67301,0,0,0,N,0,0,0,2,67301,0,,1,1,,N,N,,0,,0,0,0,0,0,,1828,0,2,0,0,0,0,0,3,4,0,2,3,,N,,,,,,,,,,,
2020019666,1624.0,3,0,0,0,0,0,0,0,0,1,0,,67,2,2020,6,39.9711,-75.1573,1621.0,6,0,0,1,0,0,1,0,0,,0,0,0.0,16,1,2,1,,0,39 58:16.445,,0,75 09:26.179,2,0,0,0,67301,0,0,0,N,0,0,0,3,67301,1,,1,1,,N,N,,0,,0,1,1,3,2,,1619,2,4,0,0,0,0,0,3,4,0,4,3,3.0,N,,,,,,,,,,,
2020018811,1635.0,1,0,0,0,0,0,0,0,0,4,0,,67,2,2020,1,39.9595,-75.162,1628.0,6,0,0,0,0,1,1,0,0,,0,0,0.0,16,1,1,1,,0,39 57:34.085,,0,75 09:43.114,3,0,0,0,67301,0,0,0,N,0,0,0,4,67301,0,,1,1,,N,N,,0,,1,0,0,3,2,,1610,1,2,0,0,0,0,1,3,4,1,2,3,3.0,N,,,,,,,,,,,
2020019480,510.0,2,0,0,0,0,0,0,0,0,4,0,,67,2,2020,4,40.0179,-75.1726,506.0,6,0,0,0,0,0,1,0,0,,0,0,0.0,5,3,0,0,,1,40 01:04.291,2.0,0,75 10:21.277,0,0,0,0,67301,0,0,0,N,0,0,0,2,67301,0,,1,1,555.0,N,N,,0,,0,0,0,0,0,N,505,0,2,0,0,0,0,0,3,4,0,2,3,3.0,N,,,,,,,,,,,
2020021257,840.0,2,0,0,0,0,0,0,0,0,4,0,,67,2,2020,6,40.0289,-75.208,836.0,6,0,0,0,0,0,0,0,0,,0,0,0.0,8,1,0,1,,0,40 01:43.874,,0,75 12:28.853,0,0,0,0,67301,0,0,0,N,0,0,0,5,67301,0,,1,1,,N,N,,0,,0,0,0,3,3,,834,0,2,0,0,0,0,0,3,4,0,2,3,,N,,,,,,,,,,,
2020018674,1456.0,1,0,0,0,0,0,0,0,0,2,0,,67,2,2020,1,39.9911,-75.1895,1446.0,6,0,0,0,0,0,0,0,0,,0,0,0.0,14,1,3,0,,0,39 59:28.050,,99,75 11:22.260,3,0,0,0,67301,0,0,0,N,0,0,0,3,67301,0,,1,1,,N,N,,0,,3,0,0,0,0,,1440,3,2,0,0,3,0,0,3,4,1,2,3,3.0,N,,,,,,,,,,,
2020020071,1827.0,1,0,0,0,0,0,0,0,0,8,0,,67,2,2020,7,39.9461,-75.2165,1825.0,6,0,0,0,0,0,0,0,0,,0,0,0.0,18,3,2,1,,0,39 56:45.794,,0,75 12:59.385,3,0,0,0,67301,2,0,0,N,2,0,0,6,67301,0,,1,1,,N,N,,0,,2,0,0,3,3,,1824,2,3,0,0,0,0,0,3,4,0,1,3,3.0,N,,,,,,,,,,,
2020019124,1245.0,1,0,0,0,0,0,0,0,0,4,0,,67,2,2020,4,39.9566,-75.1513,1237.0,6,0,0,0,0,0,0,0,0,,0,0,0.0,12,1,0,1,,1,39 57:23.624,1.0,0,75 09:04.788,0,0,0,0,67301,0,0,0,N,0,0,0,2,67301,0,,1,1,1330.0,N,N,,0,,0,0,0,3,2,N,1235,0,2,0,0,0,0,0,3,4,1,2,3,,N,,,,,,,,,,,
2020019862,1932.0,2,0,0,0,0,0,0,0,0,4,0,,67,2,2020,7,40.0428,-75.0631,1930.0,6,0,0,0,0,0,0,1,0,,0,0,0.0,19,3,0,1,,1,40 02:34.113,1.0,0,75 03:47.339,0,0,0,0,67301,0,0,0,N,0,0,0,2,67301,0,,1,1,2045.0,N,N,,0,,0,0,0,3,2,Y,1925,0,2,0,0,0,0,0,3,4,0,2,3,3.0,N,,,,,,,,,,,
2020059480,653.0,1,0,0,0,0,0,0,0,0,5,0,,67,7,2020,5,39.9609,-75.1821,652.0,6,0,0,0,0,0,0,0,0,,0,0,0.0,6,1,0,0,,1,39 57:39.387,3.0,0,75 10:55.582,0,0,0,0,67301,0,0,0,N,0,0,0,2,68K01,0,,1,1,800.0,N,N,,1,,0,0,0,0,0,N,651,0,2,0,0,0,0,0,3,4,0,2,3,,N,,,,,,,,,,,
2020024102,1030.0,1,0,0,0,0,0,0,0,0,4,0,,67,2,2020,1,40.013,-75.1192,1013.0,6,0,0,0,0,0,0,0,0,,0,0,0.0,20,3,1,0,,0,40 00:46.700,,7,75 07:09.140,2,0,1,1,67301,0,0,0,N,0,0,0,2,67301,0,,1,99,,N,N,,0,,0,1,0,0,0,,2000,1,2,0,0,0,0,0,3,4,0,2,99,,N,,,,,,,,,,,
2020018262,2035.0,2,0,0,0,0,0,0,0,0,4,0,,67,2,2020,2,40.0745,-75.035,2031.0,6,0,0,0,0,0,0,0,0,,0,0,0.0,20,4,3,1,,0,40 04:28.071,,0,75 02:05.821,3,0,0,0,67301,0,0,0,N,0,0,0,5,67301,0,,1,1,,N,N,,0,,3,0,0,9,9,,2030,3,2,0,0,5,0,0,3,4,0,2,3,3.0,N,,,,,,,,,,,
2020058610,838.0,2,0,0,0,0,0,0,0,0,1,1,,67,7,2020,2,39.8977,-75.2117,821.0,6,0,0,0,0,0,0,0,0,,0,1,0.0,7,1,0,0,,0,39 53:51.679,,3,75 12:42.051,0,0,0,0,67301,0,0,0,N,0,0,0,3,67301,0,,1,1,,N,N,,0,,0,0,0,0,0,,712,0,3,0,0,0,0,0,3,4,0,3,3,,N,,,,,,,,,,,
2020020489,550.0,1,0,0,0,0,0,0,0,0,4,0,,67,2,2020,3,40.0531,-75.0402,546.0,6,0,0,0,0,0,1,0,0,,0,0,0.0,5,3,2,1,,0,40 03:11.336,,0,75 02:24.854,3,0,0,0,67301,0,0,0,N,0,0,0,4,67301,0,,1,1,,N,N,,0,,2,0,0,3,2,,545,2,2,0,0,0,0,0,3,4,1,2,3,3.0,N,,,,,,,,,,,