CRN,ARRIVAL_TM,AUTOMOBILE_COUNT,BELTED_DEATH_COUNT,BELTED_SUSP_SERIOUS_INJ_COUNT,BICYCLE_COUNT,BICYCLE_DEATH_COUNT,BICYCLE_SUSP_SERIOUS_INJ_COUNT,BUS_COUNT,CHLDPAS_DEATH_COUNT,CHLDPAS_SUSP_SERIOUS_INJ_COUNT,COLLISION_TYPE,COMM_VEH_COUNT,CONS_ZONE_SPD_LIM,COUNTY,CRASH_MONTH,CRASH_YEAR,DAY_OF_WEEK,DEC_LAT,DEC_LONG,DISPATCH_TM,DISTRICT,DRIVER_COUNT_16YR,DRIVER_COUNT_17YR,DRIVER_COUNT_18YR,DRIVER_COUNT_19YR,DRIVER_COUNT_20YR,DRIVER_COUNT_50_64YR,DRIVER_COUNT_65_74YR,DRIVER_COUNT_75PLUS,EST_HRS_CLOSED,FATAL_COUNT,HEAVY_TRUCK_COUNT,HORSE_BUGGY_COUNT,HOUR_OF_DAY,ILLUMINATION,INJURY_COUNT,INTERSECT_TYPE,INTERSECTION_RELATED,LANE_CLOSED,LATITUDE,LN_CLOSE_DIR,LOCATION_TYPE,LONGITUDE,MAX_SEVERITY_LEVEL,MCYCLE_DEATH_COUNT,MCYCLE_SUSP_SERIOUS_INJ_COUNT,MOTORCYCLE_COUNT,MUNICIPALITY,NONMOTR_COUNT,NONMOTR_DEATH_COUNT,NONMOTR_SUSP_SERIOUS_INJ_COUNT,NTFY_HIWY_MAINT,PED_COUNT,PED_DEATH_COUNT,PED_SUSP_SERIOUS_INJ_COUNT,PERSON_COUNT,POLICE_AGCY,POSSIBLE_INJ_COUNT,RDWY_SURF_TYPE_CD,RELATION_TO_ROAD,ROAD_CONDITION,ROADWAY_CLEARED,SCH_BUS_IND,SCH_ZONE_IND,SECONDARY_CRASH,SMALL_TRUCK_COUNT,SPEC_JURIS_CD,SUSP_MINOR_INJ_COUNT,SUSP_SERIOUS_INJ_COUNT,SUV_COUNT,TCD_FUNC_CD,TCD_TYPE,TFC_DETOUR_IND,TIME_OF_DAY,TOT_INJ_COUNT,TOTAL_UNITS,UNB_DEATH_COUNT,UNB_SUSP_SERIOUS_INJ_COUNT,UNBELTED_OCC_COUNT,UNK_INJ_DEG_COUNT,UNK_INJ_PER_COUNT,URBAN_AREA,URBAN_RURAL,VAN_COUNT,VEHICLE_COUNT,WEATHER1,WEATHER2,WORK_ZONE_IND,WORK_ZONE_LOC,WORK_ZONE_TYPE,WORKERS_PRES,WZ_CLOSE_DETOUR,WZ_FLAGGER,WZ_LAW_OFFCR_IND,WZ_LN_CLOSURE,WZ_MOVING,WZ_OTHER,WZ_SHLDER_MDN,WZ_WORKERS_INJ_KILLED
2020018675,2100.0,1,0,0,0,0,0,0,0,0,4,0,,67,2,2020,3,39.9751,-75.188,2045.0,6,0,0,0,0,0,1,0,0,,0,0,0.0,20,3,1,1,,2,39 58:30.561,3.0,0,75 11:17.209,4,0,0,0,67301,0,0,0,N,0,0,0,2,67301,1,,1,1,2136.0,N,N,,1,,0,0,0,3,2,N,2030,1,2,0,0,1,0,0,3,4,0,2,3,3.0,N,,,,,,,,,,,
2020060502,311.0,3,0,0,0,0,0,0,0,0,4,1,,67,7,2020,2,39.9236,-75.1933,311.0,6,0,0,0,0,0,0,0,0,,0,1,0.0,2,3,0,0,,0,39 55:25.070,,0,75 11:35.960,0,0,0,0,67301,0,0,0,N,0,0,0,1,67301,0,,1,1,,N,N,,0,,0,0,0,3,8,,247,0,4,0,0,0,0,0,3,4,0,4,3,,N,,,,,,,,,,,
2020019878,327.0,2,0,0,0,0,0,0,0,0,6,0,,67,2,2020,7,40.013,-75.1691,327.0,6,0,0,0,0,0,0,0,0,,0,0,0.0,3,2,5,0,,2,40 00:46.882,7.0,0,75 10:08.871,2,0,0,0,67301,0,0,0,N,0,0,0,5,67301,0,,1,1,650.0,N,N,,0,,0,2,0,0,0,Y,318,5,2,0,0,0,3,0,3,4,0,2,3,3.0,N,,,,,,,,,,,
2020020830,1259.0,1,0,0,0,0,0,0,0,0,8,0,,67,2,2020,7,40.057,-75.1894,1250.0,6,0,0,0,0,0,0,0,0,,0,0,0.0,12,1,1,0,,0,40 03:25.200,,7,75 11:21.900,3,0,0,0,67301,1,0,0,N,1,0,0,2,67301,0,,1,1,,N,N,,0,,1,0,0,0,0,,1250,1,2,0,0,0,0,0,3,4,0,1,3,3.0,N,,,,,,,,,,,
2020018259,546.0,1,0,0,0,0,0,0,0,0,7,0,,67,2,2020,2,39.9235,-75.1433,543.0,6,0,0,0,0,0,0,0,0,,0,0,0.0,5,3,1,0,,0,39 55:24.696,,0,75 08:35.801,3,0,0,0,67301,0,0,0,N,0,0,0,1,67301,0,,4,1,,N,N,,0,,1,0,0,0,0,,543,1,1,0,0,0,0,0,3,4,0,1,3,3.0,N,,,,,,,,,,,
2020019742,1628.0,1,0,0,0,0,0,0,0,0,4,0,,67,2,2020,6,40.0189,-75.0495,1617.0,6,0,0,0,0,0,1,0,0,,0,0,0.0,14,1,1,1,,0,40 01:08.120,,0,75 02:58.216,3,0,0,0,67301,0,0,0,N,0,0,0,2,67301,0,,1,1,,N,N,,0,,1,0,1,3,3,,1425,1,2,0,0,0,0,0,3,4,0,2,3,,N,,,,,,,,,,,
2020059462,2336.0,1,0,0,0,0,0,0,0,0,1,0,,67,7,2020,1,39.9487,-75.1854,2329.0,6,0,0,0,1,0,1,0,0,,0,0,0.0,23,3,2,0,,1,39 56:55.289,4.0,0,75 11:07.467,3,0,0,0,67301,0,0,0,N,0,0,0,2,68K01,1,,1,9,130.0,N,N,,0,,1,0,1,0,0,N,2327,2,2,0,0,0,0,0,3,4,0,2,7,,N,,,,,,,,,,,
2020019630,41.0,2,0,0,0,0,0,0,0,0,4,0,,67,2,2020,6,39.9989,-75.1052,39.0,6,0,0,0,0,0,0,0,0,,0,0,0.0,22,3,0,1,,0,39 59:55.880,,0,75 06:18.695,0,0,0,0,67301,0,0,0,N,0,0,0,2,67301,0,,1,1,,N,N,,0,,0,0,0,3,2,,2212,0,2,0,0,0,0,0,3,4,0,2,3,3.0,N,,,,,,,,,,,
2020059357,2329.0,1,0,0,0,0,0,0,0,0,5,1,,67,7,2020,2,39.9993,-75.1955,2329.0,6,0,0,1,0,0,0,0,0,,0,1,0.0,23,3,0,0,,1,39 59:57.317,3.0,0,75 11:43.709,0,0,0,0,67301,0,0,0,N,0,0,0,2,68K01,0,,1,1,100.0,N,N,,0,,0,0,0,0,0,N,2329,0,2,0,0,0,0,0,3,4,0,2,3,,N,,,,,,,,,,,
2020019743,1720.0,0,0,0,0,0,0,0,0,0,8,0,,67,2,2020,4,40.0251,-75.0827,1720.0,6,0,0,0,0,0,0,0,0,,0,0,0.0,15,1,1,1,,0,40 01:30.464,,0,75 04:57.622,4,0,0,0,67301,1,0,0,N,1,0,0,2,67301,1,,1,1,,N,N,,0,,0,0,1,3,3,,1530,1,2,0,0,1,0,0,3,4,0,1,3,3.0,N,,,,,,,,,,,
2020059520,1357.0,2,0,0,0,0,0,0,0,1,4,0,,67,7,2020,1,40.0198,-75.1506,1352.0,6,0,0,0,0,1,0,0,0,,0,0,0.0,13,1,2,1,,1,40 01:11.208,1.0,0,75 09:02.246,2,0,0,0,67301,0,0,0,N,0,0,0,5,67301,0,,1,1,1410.0,N,N,,0,,1,1,0,3,2,N,1337,2,2,0,0,0,0,0,3,4,0,2,3,,N,,,,,,,,,,,
2020019659,1608.0,1,0,0,0,0,0,0,0,0,1,0,,67,2,2020,5,39.9151,-75.1378,1554.0,6,0,0,0,0,0,1,0,0,,0,0,0.0,2,3,2,0,,1,39 54:54.445,2.0,0,75 08:16.072,3,0,0,0,67301,0,0,0,N,0,0,0,3,67301,0,,1,1,1730.0,N,N,,0,,2,0,0,3,2,N,247,2,2,0,0,0,0,0,3,4,1,2,3,3.0,N,,,,,,,,,,,
2020019345,1243.0,0,0,0,0,0,0,0,0,0,7,0,99.0,67,2,2020,5,39.9786,-75.2136,1234.0,6,0,0,0,0,0,0,0,0,,0,0,0.0,12,1,2,1,,0,39 58:42.950,,0,75 12:49.048,3,0,0,0,67301,0,0,0,N,0,0,0,2,67301,0,,4,1,,N,N,,0,,2,0,1,3,2,,1228,2,1,0,0,0,0,0,3,4,0,1,3,,Y,2.0,1.0,Y,N,N,Y,Y,N,N,N,
2020019739,1322.0,2,0,0,0,0,0,0,0,0,4,0,,67,2,2020,6,40.0595,-75.052,1317.0,6,0,0,0,0,0,1,0,2,,0,0,0.0,13,1,1,1,,2,40 03:34.246,5.0,0,75 03:07.165,3,0,0,0,67301,0,0,0,N,0,0,0,3,67301,0,,1,1,1415.0,N,N,,0,,1,0,1,3,2,Y,1317,1,3,0,0,0,0,0,3,4,0,3,3,3.0,N,,,,,,,,,,,
2020019483,1355.0,1,0,0,0,0,0,0,0,0,4,0,,67,2,2020,5,39.9968,-75.1538,1353.0,6,0,0,0,0,0,0,2,0,,0,0,0.0,13,1,1,1,,1,39 59:48.618,1.0,0,75 09:13.788,3,0,0,0,67301,0,0,0,N,0,0,0,5,67301,0,,1,1,208.0,N,N,,0,,1,0,1,3,2,N,1345,1,2,0,0,0,0,0,3,4,0,2,3,,N,,,,,,,,,,,
2020060542,1350.0,1,0,0,0,0,0,0,0,0,7,0,,67,7,2020,3,39.9696,-75.2617,1337.0,6,0,0,0,0,0,0,0,0,,1,0,0.0,13,1,1,0,N,2,39 58:10.730,6.0,0,75 15:42.260,1,0,0,0,67301,0,0,0,N,0,0,0,2,67301,0,2.0,4,1,200.0,N,N,N,0,0.0,1,0,0,0,0,Y,1310,1,1,0,0,0,0,0,3,4,0,1,3,,N,,,,,,,,,,,
2020017860,510.0,0,0,0,0,0,0,0,0,0,7,0,,67,2,2020,1,40.0166,-75.1472,500.0,6,0,0,0,0,0,0,0,0,,0,0,0.0,4,3,0,1,,0,40 00:59.817,,0,75 08:49.848,0,0,0,0,67301,0,0,0,N,0,0,0,2,67301,0,,4,1,,N,N,,0,,0,0,1,9,2,,458,0,1,0,0,1,0,0,3,4,0,1,3,3.0,N,,,,,,,,,,,
2020059225,1405.0,3,0,0,0,0,0,0,0,0,5,0,,67,7,2020,1,39.9804,-75.1048,1328.0,6,0,0,0,0,0,0,0,0,,0,0,0.0,13,1,1,0,,1,39 58:52.168,2.0,0,75 06:11.400,3,0,0,1,67301,0,0,0,N,0,0,0,3,68K01,0,,1,1,1405.0,N,N,,0,,1,0,0,0,0,N,1325,1,4,0,0,0,0,0,3,4,0,4,3,,N,,,,,,,,,,,
2020019527,1654.0,1,0,0,0,0,0,0,0,0,4,0,,67,2,2020,6,40.0047,-75.1521,1653.0,6,0,0,0,0,0,0,0,0,,0,0,0.0,16,1,0,1,,0,40 00:16.847,,0,75 09:07.652,0,0,0,0,67301,0,0,0,N,0,0,0,4,67505,0,,1,1,,N,N,,0,,0,0,1,3,2,,1652,0,2,0,0,0,0,0,3,4,0,2,3,3.0,N,,,,,,,,,,,
2020058942,1503.0,2,0,0,0,0,0,0,0,0,1,0,,67,7,2020,7,40.0271,-75.0252,1455.0,6,0,0,0,0,0,2,0,0,,0,0,0.0,14,1,0,0,,1,40 01:37.652,1.0,0,75 01:30.822,0,0,0,0,67301,0,0,0,N,0,0,0,3,68K01,0,,1,1,1600.0,N,N,,0,,0,0,1,0,0,N,1442,0,3,0,0,0,0,0,3,4,0,3,3,3.0,N,,,,,,,,,,,
2020060514,2056.0,2,0,0,0,0,0,0,0,0,4,0,,67,7,2020,4,40.0621,-75.0215,2056.0,6,0,0,0,0,0,0,0,0,,0,0,0.0,20,3,1,2,,0,40 03:43.597,,0,75 01:17.271,4,0,0,0,67301,0,0,0,N,0,0,0,2,67301,1,,1,1,,N,N,,0,,0,0,0,0,0,,2056,1,2,0,0,0,0,0,3,4,0,2,3,3.0,N,,,,,,,,,,,
2020060512,1027.0,0,0,0,0,0,0,0,0,0,5,1,,67,7,2020,2,39.9506,-75.1617,1023.0,6,0,0,0,0,0,1,0,0,,0,1,0.0,10,1,0,1,,2,39 57:02.132,7.0,0,75 09:42.447,0,0,0,0,67301,0,0,0,N,0,0,0,1,67301,0,,4,1,1148.0,N,N,,0,,0,0,1,2,2,Y,1020,0,2,0,0,0,0,0,3,4,0,2,3,3.0,N,,,,,,,,,,,
2020027433,1155.0,0,0,0,0,0,0,0,0,0,1,0,,67,2,2020,7,39.9459,-75.1896,1140.0,6,0,0,0,0,0,1,0,0,,0,0,0.0,11,1,1,0,,0,39 56:45.211,,0,75 11:22.645,8,0,0,0,67301,0,0,0,N,0,0,0,3,68K01,0,,1,1,,N,N,,0,,0,0,1,0,0,,1136,1,2,0,0,0,1,0,3,4,1,2,3,,N,,,,,,,,,,,
2020018263,1656.0,0,0,0,0,0,0,0,0,0,1,0,,67,2,2020,2,40.0059,-75.0941,1652.0,6,0,0,0,0,0,1,0,0,,0,0,0.0,16,1,1,0,,0,40 00:21.345,,0,75 05:38.652,3,0,0,0,67301,0,0,0,N,0,0,0,4,67301,0,,1,1,,N,N,,1,,1,0,2,3,2,,1652,1,4,0,0,0,0,0,3,4,1,4,3,3.0,N,,,,,,,,,,,
2020019020,1505.0,2,0,0,0,0,0,0,0,0,4,0,,67,2,2020,3,39.9571,-75.149,1505.0,6,0,0,0,0,0,2,0,0,,0,0,0.0,13,1,0,1,,1,39 57:25.413,7.0,2,75 08:56.318,0,0,0,0,67301,0,0,0,N,0,0,0,3,67301,0,,1,1,200.0,N,N,,0,,0,0,0,0,0,N,1300,0,3,0,0,0,0,0,3,4,1,3,3,3.0,N,,,,,,,,,,,
2020043522,1530.0,0,0,0,0,0,0,1,0,0,5,1,,67,5,2020,4,39.9984,-75.1388,1520.0,6,0,0,0,0,0,0,0,0,,0,0,0.0,15,1,2,0,,0,39 59:54.403,,0,75 08:19.617,4,0,0,0,67301,0,0,0,N,0,0,0,4,67508,2,,1,1,,N,N,,0,,0,0,1,0,0,N,1520,2,2,0,0,0,0,0,3,4,0,2,3,,N,,,,,,,,,,,
2020060520,1913.0,1,0,0,0,0,0,0,0,0,7,0,,67,7,2020,6,39.8922,-75.2561,1852.0,6,0,0,0,0,0,0,0,0,,0,0,0.0,18,1,1,0,,0,39 53:31.890,,0,75 15:21.810,3,0,0,0,67301,0,0,0,N,0,0,0,1,67301,0,,9,1,,N,N,,0,,1,0,0,9,9,,1815,1,1,0,0,1,0,0,3,4,0,1,3,3.0,N,,,,,,,,,,,
2020047301,1426.0,2,0,0,0,0,0,0,0,0,2,0,,67,6,2020,2,39.9201,-75.213,1424.0,6,0,0,0,0,0,0,0,0,,2,0,0.0,14,1,13,0,N,1,39 55:12.300,5.0,0,75 12:46.820,1,0,0,0,67301,0,0,0,N,0,0,0,15,67301,0,2.0,1,1,1745.0,N,N,N,1,0.0,5,8,2,0,0,Y,1423,13,5,2,8,12,0,0,3,4,0,5,3,3.0,N,,,,,,,,,,,
2020002682,2110.0,2,0,0,0,0,0,0,0,0,4,0,,67,1,2020,4,39.9863,-75.1561,2110.0,6,0,0,0,0,0,0,0,0,2.0,0,0,0.0,21,3,2,1,,2,39 59:10.572,7.0,0,75 09:22.129,3,0,0,0,67301,1,0,0,N,0,0,0,3,67301,0,,1,1,,N,N,,0,,1,0,1,3,1,N,2110,2,3,0,0,1,1,0,3,4,0,3,3,,N,,,,,,,,,,,
2020002201,2307.0,2,0,0,0,0,0,0,0,0,1,0,,67,1,2020,7,39.9844,-75.2083,2306.0,6,0,0,0,0,0,0,0,0,,0,0,0.0,22,3,0,0,,2,39 59:03.818,3.0,0,75 12:30.046,0,0,0,0,67301,0,0,0,N,0,0,0,3,68K01,0,,1,9,,N,N,,0,,0,0,1,0,0,N,2255,0,3,0,0,0,0,0,3,4,0,3,7,,N,,,,,,,,,,,
2020004343,2146.0,1,0,0,0,0,0,0,0,0,5,0,,67,1,2020,4,40.0335,-75.0633,2135.0,6,0,0,0,0,0,1,0,0,,0,0,0.0,21,3,1,0,,0,40 02:00.560,,0,75 03:47.970,4,0,0,0,67301,0,0,0,N,0,0,0,1,67301,1,,6,1,,N,N,,1,,0,0,1,0,0,,2130,1,3,0,0,0,0,0,3,4,0,3,3,3.0,N,,,,,,,,,,,
2020015753,2224.0,2,0,0,0,0,0,0,0,0,4,0,,67,1,2020,5,40.0265,-75.0422,2214.0,6,0,0,0,0,0,0,0,0,,0,0,0.0,22,3,0,1,,0,40 01:35.410,,0,75 02:31.777,0,0,0,0,67301,0,0,0,N,0,0,0,2,67301,0,,1,1,,N,N,,0,,0,0,0,3,3,,2213,0,2,0,0,0,0,0,3,4,0,2,3,3.0,N,,,,,,,,,,,
2020002082,855.0,1,0,0,0,0,0,0,0,0,4,0,,67,1,2020,1,40.0506,-75.1421,851.0,6,0,0,0,0,0,2,0,0,,0,0,0.0,8,1,2,1,,0,40 03:02.124,,0,75 08:31.960,3,0,0,0,67301,0,0,0,N,0,0,0,2,67301,0,,1,1,,N,N,,0,,2,0,0,3,2,,846,2,2,0,0,0,0,0,3,4,1,2,3,3.0,N,,,,,,,,,,,
2020001236,950.0,1,0,0,0,0,0,0,0,0,1,1,,67,1,2020,5,40.0567,-75.1588,937.0,6,0,0,0,0,0,0,0,0,,0,1,0.0,8,1,1,0,,0,40 03:24.020,,0,75 09:31.820,3,0,0,0,67301,0,0,0,N,0,0,0,4,67301,0,,1,1,,N,N,,0,,1,0,0,0,0,,810,1,2,0,0,0,0,2,3,4,0,2,99,,N,,,,,,,,,,,
2020045583,1124.0,2,0,0,0,0,0,0,0,0,1,0,,67,6,2020,5,39.9088,-75.1504,1122.0,6,0,0,0,0,0,1,0,0,,0,0,0.0,11,1,0,0,,0,39 54:31.805,,3,75 09:01.360,0,0,0,0,67301,0,0,0,N,0,0,0,2,67501,0,,1,9,,N,N,,0,,0,0,0,3,4,,1118,0,2,0,0,0,0,0,3,4,0,2,7,4.0,Y,,,,,,,,,,,
2020043565,,1,0,0,0,0,0,0,0,0,1,0,,67,3,2020,3,39.9738,-75.2064,,6,0,0,0,0,0,0,0,0,,0,0,0.0,12,1,1,1,,0,39 58:25.797,,0,75 12:23.198,8,0,0,0,67301,0,0,0,N,0,0,0,4,00000,0,,1,9,,N,N,,0,,0,0,0,3,2,,1230,1,4,0,0,0,1,0,3,4,0,4,7,,N,,,,,,,,,,,
2020004051,901.0,1,0,0,0,0,0,0,0,0,8,0,,67,1,2020,6,39.9434,-75.179,901.0,6,0,0,0,0,0,0,0,0,,0,0,0.0,9,1,1,1,,0,39 56:36.391,,0,75 10:44.267,3,0,0,0,67301,1,0,0,N,1,0,0,2,67301,0,,1,9,,N,N,,0,,1,0,0,3,2,,900,1,2,0,0,0,0,0,3,4,0,1,7,,N,,,,,,,,,,,
2020018671,2045.0,1,0,0,1,0,0,0,0,0,4,0,,67,2,2020,1,39.9438,-75.2379,2036.0,6,0,0,0,0,0,0,0,0,,0,0,0.0,20,3,1,1,,0,39 56:37.812,,0,75 14:16.207,8,0,0,0,67301,1,0,0,N,0,0,0,2,67301,0,,1,1,,N,N,,0,,0,0,0,0,0,,2034,1,2,0,0,1,1,0,3,4,0,1,3,3.0,N,,,,,,,,,,,
2020019222,1010.0,1,0,0,0,0,0,0,0,0,7,0,,67,2,2020,2,40.0282,-75.2053,1008.0,6,0,0,0,0,0,0,0,0,,0,0,0.0,10,1,0,3,N,0,40 01:41.630,,0,75 12:18.652,0,0,0,0,67301,0,0,0,N,0,0,0,1,67301,0,,5,1,,N,N,N,0,,0,0,0,3,2,,1005,0,1,0,0,0,0,0,3,4,0,1,3,,N,,,,,,,,,,,
2020040498,302.0,1,0,0,0,0,0,0,0,0,4,1,,67,5,2020,4,40.0199,-75.175,300.0,6,0,0,0,0,0,0,0,0,,0,1,0.0,2,3,0,1,,0,40 01:11.588,,0,75 10:29.885,0,0,0,0,67301,0,0,0,N,0,0,0,2,67301,0,,1,1,,N,N,,0,,0,0,0,3,2,,245,0,2,0,0,0,0,0,3,4,0,2,3,3.0,N,,,,,,,,,,,
2020017822,1711.0,0,0,0,0,0,0,0,0,0,4,0,,67,2,2020,7,40.0088,-75.169,1710.0,6,0,0,0,0,0,1,0,0,,0,0,0.0,17,1,1,2,,1,40 00:32.064,4.0,0,75 10:08.718,3,0,0,0,67301,0,0,0,N,0,0,0,2,67301,0,,1,1,1740.0,N,N,,1,,1,0,1,0,0,N,1704,1,2,0,0,0,0,0,3,4,0,2,3,,N,,,,,,,,,,,
2020031551,1245.0,1,0,0,0,0,0,0,0,0,4,1,,67,4,2020,2,40.0047,-75.1769,1245.0,6,0,0,0,0,1,0,0,0,,0,1,0.0,12,1,1,1,,0,40 00:16.831,,0,75 10:36.876,3,0,0,0,67301,0,0,0,N,0,0,0,2,67301,0,,1,1,,N,N,,0,,1,0,0,3,2,,1238,1,2,0,0,2,0,0,3,4,0,2,3,3.0,N,,,,,,,,,,,
2020001645,854.0,1,0,0,0,0,0,0,0,0,4,1,,67,1,2020,2,40.0246,-75.1306,854.0,6,0,0,0,0,0,0,0,0,,0,1,0.0,8,1,1,1,,0,40 01:28.473,,0,75 07:49.997,3,0,0,0,67301,0,0,0,N,0,0,0,2,67301,0,,1,1,,N,N,,0,,1,0,0,3,2,,800,1,2,0,0,1,0,0,3,4,0,2,4,,N,,,,,,,,,,,
2020002998,1437.0,2,0,0,0,0,0,0,0,0,5,0,,67,1,2020,3,39.9176,-75.2126,1437.0,6,0,0,0,0,0,0,1,0,,0,0,0.0,14,1,0,0,,1,39 55:03.377,6.0,0,75 12:45.377,0,0,0,0,67301,0,0,0,N,0,0,0,1,67301,0,,4,1,,N,N,,0,,0,0,0,0,0,N,1437,0,2,0,0,0,0,0,3,4,0,2,3,3.0,N,,,,,,,,,,,
2020000663,655.0,1,0,0,0,0,0,0,0,0,1,0,,67,1,2020,4,40.0065,-75.1177,650.0,6,0,0,0,0,0,0,0,0,,0,0,0.0,6,3,1,0,,0,40 00:23.313,,0,75 07:03.756,2,0,0,0,67301,0,0,0,N,0,0,0,1,67301,0,,6,1,,N,N,,1,,0,1,0,0,0,,633,1,2,0,0,0,0,0,3,4,0,2,3,,N,,,,,,,,,,,
2020043510,,0,0,0,0,0,0,0,0,0,4,0,,67,2,2020,6,39.9772,-75.2268,,6,0,0,0,0,0,1,0,0,,0,0,0.0,22,3,1,1,,0,39 58:37.995,,0,75 13:36.385,8,0,0,0,67301,0,0,0,N,0,0,0,2,00000,0,,1,1,,N,N,,0,,0,0,1,3,2,,2230,1,2,0,0,0,1,0,3,4,0,2,3,,N,,,,,,,,,,,
2020027595,1009.0,1,0,0,0,0,0,0,0,0,7,0,,67,1,2020,7,39.96,-75.1797,959.0,6,0,0,0,0,0,0,0,0,,0,0,0.0,9,1,0,0,,0,39 57:35.995,,0,75 10:47.056,0,0,0,0,67301,0,0,0,N,0,0,0,2,68K01,0,,2,9,,N,N,,0,,0,0,1,0,0,,958,0,2,0,0,1,0,0,3,4,0,2,7,,N,,,,,,,,,,,
2020001395,2344.0,0,0,0,0,0,0,0,0,0,1,0,,67,1,2020,6,39.9352,-75.145,2344.0,6,0,0,0,0,0,0,0,0,,0,0,0.0,23,3,3,0,,1,39 56:06.647,2.0,0,75 08:41.877,3,0,0,0,67301,0,0,0,N,0,0,0,4,68K01,0,,1,9,,N,N,,0,,2,0,3,0,0,N,2343,3,3,0,0,2,1,0,3,4,0,3,7,7.0,N,,,,,,,,,,,
2020047160,1743.0,2,0,0,0,0,0,0,0,0,1,0,,67,6,2020,2,39.9772,-75.1125,1730.0,6,0,0,0,1,0,0,0,0,,0,0,0.0,17,1,0,0,,1,39 58:38.947,1.0,0,75 06:42.912,0,0,0,0,67301,0,0,0,N,0,0,0,5,68K01,0,,1,1,,N,N,,0,,0,0,1,0,0,N,1725,0,3,0,0,0,0,0,3,4,0,3,3,,N,,,,,,,,,,,
2020046774,1223.0,2,0,0,0,0,0,1,0,0,4,1,,67,6,2020,3,39.94,-75.2139,1213.0,6,0,0,0,0,0,1,0,0,,0,0,0.0,12,1,3,1,,0,39 56:23.899,,0,75 12:49.910,3,0,0,0,67301,0,0,0,N,0,0,0,4,67301,0,,1,1,,N,N,,0,,3,0,0,3,2,,1204,3,3,0,0,0,0,0,3,4,0,3,3,3.0,N,,,,,,,,,,,
2020018391,1930.0,0,0,0,1,0,0,0,0,0,4,0,,67,2,2020,5,39.968,-75.2101,1930.0,6,0,0,0,0,0,0,0,0,,0,0,0.0,19,3,1,3,,0,39 58:04.622,,0,75 12:36.264,8,0,0,0,67301,1,0,0,N,0,0,0,2,67301,0,,1,1,,N,N,,1,,0,0,0,0,0,,1910,1,2,0,0,0,1,0,3,4,0,1,3,3.0,N,,,,,,,,,,,
2020001585,44.0,1,0,0,0,0,0,0,0,0,4,0,,67,1,2020,1,40.0142,-75.1415,44.0,6,0,0,0,0,0,0,0,0,,0,0,0.0,0,3,2,1,,0,40 00:51.170,,0,75 08:29.259,8,0,0,0,67301,0,0,0,N,0,0,0,3,67301,0,,1,9,,N,N,,1,,0,0,1,3,2,,40,2,4,0,0,0,2,1,3,4,1,4,7,,N,,,,,,,,,,,
2020019224,1045.0,1,0,0,0,0,0,0,0,0,4,0,,67,2,2020,3,39.9577,-75.1628,952.0,6,0,0,0,0,0,0,0,0,,0,0,0.0,9,1,1,0,,0,39 57:27.865,,0,75 09:45.939,3,0,0,0,67301,0,0,0,N,0,0,0,3,67301,0,,1,1,,N,N,,0,,1,0,1,3,2,,951,1,2,0,0,0,0,0,3,4,0,2,3,3.0,N,,,,,,,,,,,
2020019851,1515.0,1,0,0,0,0,0,0,0,0,1,0,,67,2,2020,7,40.0275,-75.1106,1505.0,6,0,1,0,0,0,0,0,0,,0,0,0.0,14,1,0,0,,1,40 01:39.087,1.0,0,75 06:38.200,0,0,0,0,67301,0,0,0,N,0,0,0,2,67301,0,,1,1,1630.0,N,N,,0,,0,0,1,3,2,N,1455,0,2,0,0,0,0,0,3,4,0,2,3,,N,,,,,,,,,,,
2020019390,640.0,2,0,0,0,0,0,0,0,0,4,0,,67,2,2020,5,40.0991,-74.9869,628.0,6,0,0,0,0,0,1,0,0,,0,0,0.0,6,1,0,1,,1,40 05:56.927,4.0,2,74 59:12.712,0,0,0,0,67301,0,0,0,N,0,0,0,2,67301,0,,1,1,648.0,N,N,,0,,0,0,0,3,2,N,615,0,2,0,0,0,0,0,3,4,0,2,3,3.0,N,,,,,,,,,,,
2020036606,1856.0,2,0,0,0,0,0,0,0,0,1,1,,67,4,2020,5,39.983,-75.0995,1851.0,6,0,0,0,0,0,1,0,0,,0,1,0.0,18,1,1,0,,2,39 58:58.769,2.0,2,75 05:58.321,4,0,0,0,67301,0,0,0,N,0,0,0,5,68K01,1,,1,9,30.0,N,N,,0,,0,0,1,3,2,Y,1849,1,4,0,0,1,0,0,3,4,0,4,7,,N,,,,,,,,,,,
2020060873,1130.0,1,0,0,0,0,0,0,0,0,4,0,,67,7,2020,5,40.0615,-75.148,1126.0,6,0,0,0,0,0,0,0,0,,0,0,0.0,11,1,1,0,,0,40 03:41.430,,0,75 08:52.730,3,0,0,0,67301,0,0,0,N,0,0,0,1,67301,0,,2,1,,N,N,,0,,1,0,1,0,0,,1123,1,2,0,0,0,0,0,3,4,0,2,3,,N,,,,,,,,,,,
2020001930,1725.0,0,0,0,1,0,0,0,0,0,4,0,,67,1,2020,2,39.9878,-75.1316,1700.0,6,0,0,0,0,0,1,0,0,,0,0,0.0,17,3,1,0,,0,39 59:16.100,,0,75 07:53.630,8,0,0,0,67301,1,0,0,N,0,0,0,2,67301,0,,1,1,,N,N,,0,,0,0,1,3,2,,1700,1,2,0,0,0,1,0,3,4,0,1,3,3.0,N,,,,,,,,,,,