CRN,ARRIVAL_TM,AUTOMOBILE_COUNT,BELTED_DEATH_COUNT,BELTED_SUSP_SERIOUS_INJ_COUNT,BICYCLE_COUNT,BICYCLE_DEATH_COUNT,BICYCLE_SUSP_SERIOUS_INJ_COUNT,BUS_COUNT,CHLDPAS_DEATH_COUNT,CHLDPAS_SUSP_SERIOUS_INJ_COUNT,COLLISION_TYPE,COMM_VEH_COUNT,CONS_ZONE_SPD_LIM,COUNTY,CRASH_MONTH,CRASH_YEAR,DAY_OF_WEEK,DEC_LAT,DEC_LONG,DISPATCH_TM,DISTRICT,DRIVER_COUNT_16YR,DRIVER_COUNT_17YR,DRIVER_COUNT_18YR,DRIVER_COUNT_19YR,DRIVER_COUNT_20YR,DRIVER_COUNT_50_64YR,DRIVER_COUNT_65_74YR,DRIVER_COUNT_75PLUS,EST_HRS_CLOSED,FATAL_COUNT,HEAVY_TRUCK_COUNT,HORSE_BUGGY_COUNT,HOUR_OF_DAY,ILLUMINATION,INJURY_COUNT,INTERSECT_TYPE,INTERSECTION_RELATED,LANE_CLOSED,LATITUDE,LN_CLOSE_DIR,LOCATION_TYPE,LONGITUDE,MAX_SEVERITY_LEVEL,MCYCLE_DEATH_COUNT,MCYCLE_SUSP_SERIOUS_INJ_COUNT,MOTORCYCLE_COUNT,MUNICIPALITY,NONMOTR_COUNT,NONMOTR_DEATH_COUNT,NONMOTR_SUSP_SERIOUS_INJ_COUNT,NTFY_HIWY_MAINT,PED_COUNT,PED_DEATH_COUNT,PED_SUSP_SERIOUS_INJ_COUNT,PERSON_COUNT,POLICE_AGCY,POSSIBLE_INJ_COUNT,RDWY_SURF_TYPE_CD,RELATION_TO_ROAD,ROAD_CONDITION,ROADWAY_CLEARED,SCH_BUS_IND,SCH_ZONE_IND,SECONDARY_CRASH,SMALL_TRUCK_COUNT,SPEC_JURIS_CD,SUSP_MINOR_INJ_COUNT,SUSP_SERIOUS_INJ_COUNT,SUV_COUNT,TCD_FUNC_CD,TCD_TYPE,TFC_DETOUR_IND,TIME_OF_DAY,TOT_INJ_COUNT,TOTAL_UNITS,UNB_DEATH_COUNT,UNB_SUSP_SERIOUS_INJ_COUNT,UNBELTED_OCC_COUNT,UNK_INJ_DEG_COUNT,UNK_INJ_PER_COUNT,URBAN_AREA,URBAN_RURAL,VAN_COUNT,VEHICLE_COUNT,WEATHER1,WEATHER2,WORK_ZONE_IND,WORK_ZONE_LOC,WORK_ZONE_TYPE,WORKERS_PRES,WZ_CLOSE_DETOUR,WZ_FLAGGER,WZ_LAW_OFFCR_IND,WZ_LN_CLOSURE,WZ_MOVING,WZ_OTHER,WZ_SHLDER_MDN,WZ_WORKERS_INJ_KILLED
2020002462,350.0,1,0,0,0,0,0,0,0,0,7,0,,67,1,2020,4,39.9401,-75.1852,348.0,6,0,0,0,0,0,0,0,0,,0,0,0.0,3,3,1,0,,0,39 56:24.510,,0,75 11:06.720,3,0,0,0,67301,0,0,0,N,0,0,0,1,67301,0,,4,1,,N,N,,0,,1,0,0,0,0,,340,1,1,0,0,0,0,0,3,4,0,1,3,,N,,,,,,,,,,,
2020003864,1815.0,0,0,0,0,0,0,0,0,0,8,0,,67,1,2020,2,39.9303,-75.2276,1815.0,6,0,0,0,0,0,1,0,0,,0,0,0.0,18,3,1,2,,0,39 55:49.195,,0,75 13:39.266,4,0,0,0,67301,2,0,0,N,2,0,0,3,67301,1,,1,1,,N,N,,0,,0,0,1,3,2,,1810,1,3,0,0,0,0,0,3,4,0,1,3,3.0,N,,,,,,,,,,,
2020045917,1914.0,0,0,0,0,0,0,0,0,0,7,1,,67,5,2020,3,40.0097,-75.0645,1905.0,6,0,0,0,0,0,0,0,0,,0,1,0.0,19,1,1,0,,1,40 00:35.001,1.0,0,75 03:52.226,8,0,0,0,67301,0,0,0,Y,0,0,0,2,68K01,0,,4,1,,N,N,,0,,0,0,1,0,0,N,1902,1,2,0,0,1,1,0,3,4,0,2,3,,N,,,,,,,,,,,
2020010705,917.0,1,0,0,0,0,0,0,0,0,7,0,,67,1,2020,7,39.9602,-75.1809,910.0,6,0,0,0,0,0,0,0,0,,0,0,0.0,9,1,0,0,,1,39 57:36.629,3.0,0,75 10:51.111,0,0,0,0,67301,0,0,0,N,0,0,0,1,68K01,0,,4,9,,N,N,,0,,0,0,0,0,0,N,909,0,1,0,0,0,0,0,3,4,0,1,7,5.0,N,,,,,,,,,,,
2020047908,1042.0,0,0,0,0,0,0,0,0,0,6,0,,67,5,2020,6,39.9536,-75.165,1039.0,6,0,0,0,0,0,1,0,0,,0,0,0.0,10,1,1,0,,1,39 57:12.949,4.0,0,75 09:54.175,8,0,0,0,67301,0,0,0,N,0,0,0,2,67301,0,,1,1,,N,N,,0,,0,0,2,3,2,N,1036,1,2,0,0,1,1,0,3,4,0,2,3,,N,,,,,,,,,,,
2020048045,445.0,1,0,0,0,0,0,0,0,0,1,0,,67,6,2020,6,39.9686,-75.1912,439.0,6,0,0,0,0,0,1,0,0,,0,0,0.0,4,3,1,0,,0,39 58:06.895,,0,75 11:28.275,8,0,0,0,67301,0,0,0,N,0,0,0,2,68K01,0,,1,1,,N,N,,0,,0,0,1,0,0,,436,1,2,0,0,0,1,0,3,4,0,2,3,3.0,N,,,,,,,,,,,
2020018330,1310.0,1,0,0,0,0,0,0,0,0,7,0,,67,1,2020,7,39.8761,-75.2519,1243.0,6,0,0,0,0,0,0,0,0,,0,0,0.0,12,1,0,0,,0,39 52:33.891,,8,75 15:07.004,0,0,0,0,67301,0,0,0,N,0,0,0,1,68K01,0,,4,9,,N,N,,0,,0,0,0,0,0,,1238,0,1,0,0,0,0,0,3,4,0,1,5,,N,,,,,,,,,,,
2020005565,1705.0,0,0,0,0,0,0,0,0,0,1,0,,67,1,2020,5,,,1655.0,6,0,0,0,0,0,0,0,0,,0,0,0.0,9,1,1,1,,0,,,0,,3,0,0,0,67301,0,0,0,N,0,0,0,2,67301,0,,1,1,,N,N,,1,,1,0,0,3,4,,945,1,2,0,0,2,0,0,3,3,1,2,3,3.0,N,,,,,,,,,,,
2020001745,1711.0,3,0,0,0,0,0,0,0,0,1,0,,67,1,2020,6,40.0289,-75.0619,1706.0,6,0,0,0,0,0,0,1,0,,0,0,0.0,17,3,0,0,,1,40 01:43.998,1.0,0,75 03:42.807,0,0,0,0,67301,0,0,0,N,0,0,0,3,67301,0,,1,9,,N,N,,0,,0,0,0,0,0,N,1706,0,3,0,0,0,0,0,3,4,0,3,7,,N,,,,,,,,,,,
2020047558,1609.0,0,0,0,0,0,0,0,0,0,7,1,,67,6,2020,4,39.9311,-75.1791,1605.0,6,0,0,0,0,0,0,0,0,,0,1,0.0,16,1,1,0,,0,39 55:51.840,,0,75 10:44.740,8,0,0,0,67301,1,0,0,N,1,0,0,2,67301,0,,4,1,,N,N,,0,,0,0,0,9,9,,1600,1,2,0,0,0,1,0,3,4,0,1,3,3.0,N,,,,,,,,,,,
2020002913,1919.0,0,0,0,0,0,0,0,0,0,5,0,,67,1,2020,3,39.9949,-75.1179,1919.0,6,0,0,0,0,0,0,0,0,,0,0,0.0,19,3,1,0,,0,39 59:41.760,,0,75 07:04.300,3,0,0,0,67301,0,0,0,N,0,0,0,1,67301,0,,6,9,,N,N,,1,,1,0,2,0,0,,1919,1,4,0,0,1,0,0,3,4,1,4,7,4.0,N,,,,,,,,,,,
2020046525,1738.0,2,0,0,0,0,0,0,0,0,2,0,25.0,67,6,2020,7,39.9497,-75.227,1735.0,6,0,1,0,0,0,0,0,0,,0,0,0.0,17,1,0,1,,0,39 56:58.930,,0,75 13:37.246,0,0,0,0,67301,0,0,0,N,0,0,0,3,67301,0,,1,1,,N,N,,0,,0,0,0,3,3,,1730,0,2,0,0,0,0,0,3,4,0,2,3,3.0,Y,8.0,1.0,N,N,N,N,Y,N,N,N,
2020000310,2020.0,2,0,0,0,0,0,0,0,0,1,0,,67,1,2020,4,40.0144,-75.2061,2008.0,6,0,0,0,0,0,1,0,0,,0,0,0.0,20,3,1,0,,0,40 00:52.017,,0,75 12:22.048,3,0,0,0,67301,0,0,0,N,0,0,0,3,67301,0,,1,1,,N,N,,0,,1,0,0,2,4,,2000,1,2,0,0,0,0,0,3,4,0,2,3,,N,,,,,,,,,,,
2020046698,1500.0,1,0,0,0,0,0,0,0,0,5,1,,67,6,2020,2,39.9576,-75.16,1500.0,6,0,0,0,1,0,0,0,0,,0,1,0.0,15,1,2,0,,1,39 57:27.433,4.0,0,75 09:35.856,4,0,0,0,67301,0,0,0,N,0,0,0,5,68K01,2,,1,1,,N,N,,0,,0,0,1,3,8,N,1500,2,3,0,0,0,0,0,3,4,0,3,3,,N,,,,,,,,,,,
2020004342,1545.0,0,0,0,0,0,0,0,0,0,8,0,,67,1,2020,4,40.0403,-75.0551,1534.0,6,0,0,0,0,0,0,0,0,,0,0,0.0,15,1,1,1,,0,40 02:25.101,,0,75 03:18.208,3,0,0,0,67301,1,0,0,N,1,0,0,2,67301,0,,1,1,,N,N,,0,,1,0,0,3,3,,1530,1,2,0,0,0,0,0,3,4,1,1,3,,N,,,,,,,,,,,
2020060683,1450.0,0,0,0,0,0,0,0,0,0,8,1,,67,7,2020,5,40.0026,-75.1238,1439.0,6,0,0,0,0,0,1,0,0,,0,1,0.0,14,1,1,0,,2,40 00:09.310,7.0,0,75 07:25.660,3,0,0,0,67301,1,0,0,N,1,0,0,2,67301,0,,1,1,30.0,N,N,,0,,1,0,0,0,0,Y,1438,1,2,0,0,0,0,0,3,4,0,1,3,,N,,,,,,,,,,,
2020017714,1246.0,2,0,0,0,0,0,0,0,0,4,0,,67,2,2020,7,40.0505,-75.1555,1238.0,6,0,0,0,0,0,0,0,0,,0,0,0.0,12,1,0,1,,0,40 03:01.778,,0,75 09:19.630,9,0,0,0,67301,0,0,0,N,0,0,0,2,67301,0,,1,1,,N,N,,0,,0,0,0,3,3,,1211,0,2,0,0,0,0,1,3,4,0,2,3,,N,,,,,,,,,,,
2020017977,2305.0,1,0,0,0,0,0,0,0,0,7,0,,67,2,2020,7,40.0068,-75.1993,2303.0,6,0,0,1,0,0,0,0,0,,0,0,0.0,22,3,0,0,,1,40 00:24.620,3.0,0,75 11:57.306,0,0,0,0,67301,0,0,0,N,0,0,0,4,68K01,0,,4,1,30.0,N,N,,0,,0,0,0,0,0,N,2252,0,1,0,0,0,0,0,3,4,0,1,3,3.0,N,,,,,,,,,,,
2020001929,815.0,1,0,0,0,0,0,0,0,0,8,0,,67,1,2020,2,39.9523,-75.1753,810.0,6,0,0,0,0,0,0,0,0,,0,0,0.0,8,1,1,1,,0,39 57:08.267,,0,75 10:31.472,4,0,0,0,67301,1,0,0,N,1,0,0,2,67301,1,,1,1,,N,N,,0,,0,0,0,3,2,,810,1,2,0,0,0,0,0,3,4,0,1,3,3.0,N,,,,,,,,,,,
2020002535,13.0,2,0,0,0,0,0,0,0,0,4,0,,67,1,2020,1,40.0586,-75.1715,10.0,6,0,0,0,0,0,0,0,0,,0,0,0.0,0,3,0,1,,0,40 03:31.107,,0,75 10:17.266,0,0,0,0,67301,0,0,0,N,0,0,0,2,67301,0,,1,1,,N,N,,0,,0,0,0,9,3,,5,0,2,0,0,0,0,0,3,4,0,2,3,,N,,,,,,,,,,,
2020001749,1200.0,1,0,0,0,0,0,0,0,0,8,0,,67,1,2020,4,40.0202,-75.1141,1200.0,6,0,0,0,0,0,0,0,0,,0,0,0.0,2,3,1,1,,0,40 01:12.937,,0,75 06:50.646,3,0,0,0,67301,1,0,0,N,1,0,0,2,67301,0,,1,99,,N,N,,0,,1,0,0,9,2,,200,1,2,0,0,0,0,0,3,4,0,1,3,3.0,N,,,,,,,,,,,
2020027626,844.0,1,0,0,0,0,0,0,0,0,5,0,,67,1,2020,3,40.027,-75.0255,844.0,6,0,0,0,0,0,2,0,0,,0,0,0.0,8,1,4,0,,1,40 01:37.176,1.0,0,75 01:31.674,3,0,0,0,67301,0,0,0,N,0,0,0,4,68K01,0,,1,1,,N,N,,0,,2,0,3,0,0,N,843,4,4,0,0,1,2,0,3,4,0,4,3,,N,,,,,,,,,,,
2020047449,1228.0,1,0,0,0,0,0,0,0,0,1,0,,67,6,2020,5,39.892,-75.2369,1219.0,6,0,0,0,0,0,1,0,0,,0,0,0.0,12,1,0,0,,0,39 53:31.064,,0,75 14:12.855,0,0,0,0,67301,0,0,0,N,0,0,0,2,68K01,0,,1,1,,N,N,,1,,0,0,0,0,0,,1216,0,2,0,0,0,0,0,3,4,0,2,3,,N,,,,,,,,,,,
2020047335,2205.0,1,0,0,0,0,0,0,0,0,1,0,,67,5,2020,7,39.9605,-75.1818,2205.0,6,0,0,0,0,0,1,0,0,,0,0,0.0,22,3,0,0,,0,39 57:37.669,,0,75 10:54.532,0,0,0,0,67301,0,0,0,N,0,0,0,4,68K02,0,,1,1,,N,N,,1,,0,0,1,0,0,,2203,0,3,0,0,0,0,0,3,4,0,3,3,3.0,N,,,,,,,,,,,
2020047981,1306.0,0,0,0,0,0,0,0,0,0,8,0,,67,6,2020,4,39.9266,-75.2356,1306.0,6,0,0,0,0,0,0,0,0,,0,0,0.0,13,1,1,5,,0,39 55:35.885,,0,75 14:08.106,3,0,0,0,67301,1,0,0,N,1,0,0,1,67301,0,,1,1,,N,N,N,0,,1,0,1,3,3,,1304,1,2,0,0,0,0,0,3,4,0,1,3,3.0,N,,,,,,,,,,,
2020000366,29.0,4,0,0,0,0,0,0,0,0,4,0,,67,1,2020,4,39.9568,-75.2114,20.0,6,0,0,0,1,0,1,0,0,4.0,0,0,0.0,0,3,1,1,,2,39 57:24.369,3.0,0,75 12:40.953,3,0,0,0,67301,0,0,0,N,0,0,0,2,67301,0,,1,1,,N,N,,0,,1,0,1,3,2,Y,10,1,5,0,0,0,0,0,3,4,0,5,3,,N,,,,,,,,,,,
2020002011,1121.0,1,0,0,0,0,0,0,0,0,4,0,,67,1,2020,4,40.0215,-75.1398,1121.0,6,0,0,0,0,0,0,0,0,2.0,0,0,0.0,11,1,1,1,,2,40 01:17.552,2.0,0,75 08:23.303,3,0,0,0,67301,0,0,0,N,0,0,0,6,67301,0,,1,1,,N,N,,0,,1,0,1,3,2,Y,1121,1,2,0,0,0,0,0,3,4,0,2,3,,N,,,,,,,,,,,
2020046601,800.0,1,0,0,0,0,0,0,0,0,4,0,,67,6,2020,7,40.0558,-75.1762,800.0,6,0,0,0,0,0,0,0,0,,0,0,0.0,20,3,0,1,,0,40 03:20.841,,0,75 10:34.267,0,0,0,0,67301,0,0,0,N,0,0,0,1,67301,0,,3,1,,N,N,,0,,0,0,0,0,0,,2000,0,2,0,0,0,0,0,3,4,0,2,3,3.0,N,,,,,,,,,,,
2020047191,1800.0,1,0,0,0,0,0,0,0,0,1,0,,67,6,2020,7,39.9429,-75.1931,1742.0,6,0,0,0,0,0,0,0,0,,0,0,0.0,17,1,2,0,,2,39 56:34.605,4.0,0,75 11:35.286,8,0,0,0,67301,0,0,0,N,0,0,0,4,68K01,0,,1,1,1920.0,N,N,,0,,0,0,3,0,0,N,1741,2,4,0,0,0,2,0,3,4,0,4,3,3.0,N,,,,,,,,,,,
2020001250,1900.0,0,0,0,1,0,0,0,0,0,1,0,,67,1,2020,6,39.9692,-75.1634,1855.0,6,0,0,0,0,0,0,0,0,,0,0,0.0,18,3,1,0,,1,39 58:09.280,3.0,0,75 09:48.106,3,0,0,0,67301,1,0,0,N,0,0,0,2,67301,0,,1,9,,N,N,,0,,1,0,0,0,0,N,1850,1,2,0,0,0,0,0,3,4,0,1,7,,N,,,,,,,,,,,
2020018322,832.0,0,0,0,0,0,0,0,0,0,7,0,,67,1,2020,7,40.0299,-75.0223,830.0,6,0,0,0,0,0,0,0,0,,0,0,0.0,8,1,0,0,,1,40 01:47.714,2.0,0,75 01:20.119,0,0,0,0,67301,0,0,0,N,0,0,0,1,68K01,0,,4,9,,N,N,,1,,0,0,0,0,0,N,829,0,1,0,0,0,0,0,3,4,0,1,5,,N,,,,,,,,,,,
2020002456,140.0,0,0,0,0,0,0,0,0,0,5,0,,67,1,2020,4,39.9309,-75.1719,135.0,6,0,0,0,0,0,1,0,0,,0,0,0.0,1,3,0,0,,0,39 55:51.400,,0,75 10:18.930,0,0,0,0,67301,0,0,0,N,0,0,0,1,67301,0,,6,1,,N,N,,0,,0,0,1,0,0,,130,0,2,0,0,0,0,0,3,4,1,2,3,,N,,,,,,,,,,,
2020053363,316.0,1,0,0,0,0,0,0,0,0,4,1,,67,7,2020,2,40.0169,-75.1516,309.0,6,0,0,1,0,0,0,0,0,,0,1,0.0,3,3,1,0,,0,40 01:00.861,,0,75 09:05.772,3,0,0,0,67301,0,0,0,N,0,0,0,1,67301,0,,1,1,,N,N,,1,,1,0,0,3,2,,308,1,3,0,0,1,0,0,3,4,0,3,3,3.0,N,,,,,,,,,,,
2020035357,1142.0,0,0,0,0,0,0,0,0,0,4,0,30.0,67,4,2020,3,40.0102,-75.0981,1140.0,6,0,0,0,0,0,0,0,0,,0,1,0.0,11,1,0,1,,2,40 00:36.834,5.0,0,75 05:53.119,0,0,0,0,67301,0,0,0,N,0,0,0,3,67301,0,,1,1,1700.0,N,N,,0,,0,0,1,3,2,Y,1138,0,2,0,0,0,0,0,3,4,0,2,3,3.0,Y,8.0,1.0,N,Y,N,Y,N,N,N,N,
2020019975,2356.0,0,0,0,0,0,0,0,0,0,5,0,,67,2,2020,7,39.9448,-75.1471,2342.0,6,0,0,0,0,0,0,0,0,,0,0,0.0,23,3,0,0,,0,39 56:41.200,,0,75 08:49.420,0,0,0,0,67301,0,0,0,N,0,0,0,1,67301,0,,6,1,,N,N,,0,,0,0,2,0,0,,2327,0,2,0,0,0,0,0,3,4,0,2,3,,N,,,,,,,,,,,
2020058960,1754.0,2,0,0,0,0,0,0,0,0,1,0,45.0,67,7,2020,5,39.9499,-75.1839,1754.0,6,0,0,0,0,0,1,0,0,,0,0,0.0,17,1,1,0,,0,39 56:59.640,,0,75 11:01.876,8,0,0,0,67301,0,0,0,N,0,0,0,2,68K01,0,,1,1,,N,N,,0,,0,0,0,0,0,,1754,1,2,0,0,0,1,0,3,4,0,2,3,3.0,Y,4.0,1.0,Y,N,N,Y,Y,N,N,Y,
2020019021,1531.0,1,0,0,0,0,0,0,0,0,4,0,,67,2,2020,4,39.9522,-75.2408,1527.0,6,0,0,0,0,0,1,0,0,,0,0,0.0,15,1,1,1,,0,39 57:07.862,,0,75 14:26.779,8,0,0,0,67301,0,0,0,N,0,0,0,2,67301,0,,1,1,,N,N,,0,,0,0,1,3,2,,1525,1,2,0,0,0,1,1,3,4,0,2,3,,N,,,,,,,,,,,
2020017708,334.0,1,0,0,0,0,0,0,0,0,7,0,,67,2,2020,7,40.0908,-74.9853,333.0,6,0,0,0,0,0,0,0,0,,0,0,0.0,3,3,0,0,,0,40 05:27.021,,0,74 59:07.119,0,0,0,0,67301,0,0,0,N,0,0,0,1,67301,0,,4,1,,N,N,,0,,0,0,0,0,0,,331,0,1,0,0,0,0,0,3,4,0,1,3,3.0,N,,,,,,,,,,,
2020059855,208.0,0,0,0,0,0,0,0,0,0,1,0,,67,6,2020,7,39.8986,-75.1802,153.0,6,0,0,0,0,0,0,0,0,,0,0,0.0,1,3,0,6,,2,39 53:55.755,1.0,0,75 10:09.555,9,0,0,0,67301,0,0,0,N,0,0,0,1,68K01,0,,1,1,300.0,N,N,,1,,0,0,1,0,0,N,153,0,2,0,0,0,0,1,3,4,0,2,3,3.0,N,,,,,,,,,,,
2020004199,721.0,1,0,0,0,0,0,0,0,0,7,0,,67,1,2020,6,39.8874,-75.2044,701.0,6,0,0,0,0,0,0,0,0,,0,0,0.0,6,3,0,0,,1,39 53:17.773,2.0,0,75 12:11.700,0,0,0,0,67301,0,0,0,N,0,0,0,1,68K01,0,,4,9,,N,N,,0,,0,0,0,0,0,Y,655,0,1,0,0,0,0,0,3,4,0,1,7,7.0,N,,,,,,,,,,,
2020046082,1933.0,2,0,0,0,0,0,0,0,0,4,0,,67,6,2020,6,40.0439,-75.0096,1924.0,6,0,0,0,0,0,0,0,0,,0,0,0.0,19,1,1,1,,0,40 02:38.081,,0,75 00:34.638,3,0,0,0,67301,0,0,0,N,0,0,0,5,67301,0,,1,1,,N,N,,0,,1,0,0,3,3,,1921,1,2,0,0,0,0,4,3,4,0,2,3,3.0,N,,,,,,,,,,,
2020002939,640.0,2,0,0,0,0,0,0,0,0,4,0,,67,1,2020,5,39.9847,-75.2368,637.0,6,0,0,1,0,0,0,0,0,,0,0,0.0,5,3,2,2,,0,39 59:04.885,,0,75 14:12.573,4,0,0,0,67301,0,0,0,N,0,0,0,3,67301,2,,1,1,,N,N,,0,,0,0,0,3,2,,517,2,2,0,0,0,0,0,3,4,0,2,3,3.0,N,,,,,,,,,,,
2020019698,920.0,2,0,0,0,0,0,0,0,0,5,0,,67,1,2020,7,39.9509,-75.1416,902.0,6,0,0,0,0,1,0,0,0,,0,0,0.0,9,1,2,0,,1,39 57:03.177,2.0,0,75 08:29.681,4,0,0,0,67301,0,0,0,N,0,0,0,2,68K01,1,,1,9,,N,N,,0,,0,0,0,0,0,N,902,2,2,0,0,0,1,0,3,4,0,2,3,,N,,,,,,,,,,,
2020000299,2359.0,0,0,0,0,0,0,0,0,0,5,0,,67,1,2020,4,40.0777,-75.1779,2352.0,6,0,0,0,0,0,0,0,0,,0,0,0.0,23,3,0,0,,0,40 04:39.540,,0,75 10:40.480,0,0,0,0,67301,0,0,0,N,0,0,0,1,67301,0,,6,1,,N,N,,0,,0,0,1,0,0,,2343,0,2,0,0,0,0,0,3,4,1,2,3,,N,,,,,,,,,,,
2020046706,1418.0,0,0,0,0,0,0,0,0,0,0,1,,67,6,2020,4,39.8856,-75.2094,1415.0,6,0,0,0,0,0,0,0,0,,0,1,0.0,12,1,0,0,,2,39 53:31.542,1.0,3,75 11:52.525,0,0,0,0,67301,0,0,0,Y,0,0,0,1,68K01,0,,1,9,,N,N,,0,,0,0,0,0,0,N,1234,0,1,0,0,0,0,0,3,4,0,1,8,7.0,N,,,,,,,,,,,
2020047854,329.0,1,0,0,0,0,0,0,0,0,7,0,,67,6,2020,7,40.0196,-75.0957,321.0,6,0,0,0,0,0,0,0,0,,0,0,0.0,1,3,0,0,,0,40 01:10.480,,0,75 05:44.420,0,0,0,0,67301,0,0,0,N,0,0,0,0,67301,0,,2,1,,N,Y,,0,,0,0,0,0,0,,127,0,1,0,0,0,0,0,3,4,0,1,3,,N,,,,,,,,,,,
2020046151,2050.0,1,0,0,0,0,0,0,0,0,4,0,,67,6,2020,6,40.0455,-75.1648,2050.0,6,0,0,0,0,0,2,0,0,,0,0,0.0,20,4,0,1,,0,40 02:43.700,,0,75 09:53.358,0,0,0,0,67301,0,0,0,N,0,0,0,3,67301,0,,1,1,,N,N,,0,,0,0,1,3,2,,2050,0,2,0,0,0,0,0,3,4,0,2,3,3.0,N,,,,,,,,,,,
2020047784,1522.0,0,0,0,0,0,0,0,0,0,1,0,,67,6,2020,4,39.996,-75.0828,1522.0,6,0,0,0,0,0,2,0,0,,0,0,0.0,15,1,0,0,,0,39 59:45.607,,0,75 04:57.986,0,0,0,0,67301,0,0,0,N,0,0,0,3,68K01,0,,1,1,,N,N,,1,,0,0,2,0,0,,1522,0,3,0,0,0,0,0,3,4,0,3,3,3.0,N,,,,,,,,,,,
2020047140,756.0,1,0,0,0,0,0,0,0,0,7,1,,67,6,2020,7,40.0336,-75.0203,753.0,6,0,0,0,0,0,1,0,0,,0,1,0.0,7,1,0,0,,1,40 02:01.003,2.0,0,75 01:13.135,0,0,0,0,67301,0,0,0,N,0,0,0,2,68K01,0,,3,1,,N,N,,0,,0,0,0,0,0,N,749,0,3,0,0,0,0,0,3,4,0,2,4,4.0,N,,,,,,,,,,,
2020019395,1541.0,2,0,0,0,0,0,0,0,0,1,0,,67,2,2020,6,39.9898,-75.1255,1541.0,6,0,0,0,0,0,1,0,0,,0,0,0.0,11,1,1,1,,0,39 59:23.311,,0,75 07:31.914,8,0,0,0,67301,0,0,0,N,0,0,0,2,67301,0,,1,1,,N,N,,0,,0,0,0,9,9,,1130,1,2,0,0,0,1,0,3,4,0,2,3,,N,,,,,,,,,,,
2020002191,2313.0,1,0,0,0,0,0,0,0,0,5,0,,67,1,2020,6,39.9602,-75.1807,2306.0,6,0,0,0,0,0,0,0,0,2.0,0,0,0.0,23,3,0,0,,1,39 57:36.834,3.0,3,75 10:50.444,9,0,0,0,67301,0,0,0,N,0,0,0,4,68K01,0,,1,9,,N,N,,0,,0,0,0,0,0,N,2303,0,2,0,0,0,0,1,3,4,0,2,7,,N,,,,,,,,,,,
2020010020,1305.0,2,0,0,0,0,0,0,0,0,5,0,,67,1,2020,3,39.9584,-75.1666,1305.0,6,0,0,0,1,0,0,1,0,,0,0,0.0,12,1,0,0,,1,39 57:30.079,3.0,0,75 09:59.690,0,0,0,0,67301,0,0,0,N,0,0,0,4,68K01,0,,1,1,,N,N,,0,,0,0,0,0,0,Y,1258,0,2,0,0,0,0,0,3,4,0,2,3,,N,,,,,,,,,,,
2020002077,1542.0,2,0,0,0,0,0,0,0,0,1,0,,67,1,2020,1,40.0937,-75.0311,1542.0,6,0,0,0,0,0,0,0,1,,0,0,0.0,15,1,2,0,,0,40 05:37.185,,0,75 01:52.109,3,0,0,0,67301,0,0,0,N,0,0,0,4,67301,0,,1,1,,N,N,,0,,2,0,1,9,2,,1541,2,3,0,0,0,0,0,3,4,0,3,3,3.0,N,,,,,,,,,,,
2020046295,52.0,2,0,0,0,0,0,0,0,0,2,0,,67,6,2020,6,40.0039,-75.2207,48.0,6,0,0,0,0,0,0,0,0,,0,0,0.0,23,3,1,1,,9,40 00:14.125,,0,75 13:14.515,8,0,0,0,67301,0,0,0,N,0,0,0,2,67301,0,,1,1,,N,N,,0,,0,0,0,3,2,U,2350,1,2,0,0,0,1,1,3,4,0,2,3,3.0,N,,,,,,,,,,,
2020003770,1106.0,2,0,0,0,0,0,0,0,0,5,0,,67,1,2020,5,39.954,-75.1546,1106.0,6,0,0,0,0,0,0,0,0,,0,0,0.0,15,1,1,0,,0,39 57:14.540,,0,75 09:16.400,8,0,0,0,67301,0,0,0,N,0,0,0,6,67301,0,,1,1,,N,N,,0,,0,0,0,0,0,,1550,1,2,0,0,0,1,0,3,4,0,2,99,3.0,N,,,,,,,,,,,
2020028374,1243.0,0,0,0,0,0,0,0,0,0,1,1,,67,3,2020,5,40.0616,-75.0519,1232.0,6,0,0,0,0,0,0,0,0,,0,1,0.0,12,1,2,0,,1,40 03:41.798,2.0,0,75 03:06.698,8,0,0,0,67301,0,0,0,N,0,0,0,2,67301,0,,1,1,1334.0,N,N,,0,,0,0,1,0,0,N,1230,2,2,0,0,0,2,0,3,4,0,2,4,4.0,N,,,,,,,,,,,
2020053994,1646.0,0,0,0,0,0,0,0,0,0,4,1,,67,7,2020,5,39.9094,-75.1611,1646.0,6,0,0,0,0,0,0,1,0,,0,1,0.0,15,1,1,1,,0,39 54:33.787,,0,75 09:40.120,3,0,0,0,67301,0,0,0,N,0,0,0,2,67301,0,,1,1,,N,N,,0,,1,0,1,3,2,,1537,1,2,0,0,0,0,0,3,4,0,2,3,3.0,N,,,,,,,,,,,
2020028377,1448.0,0,0,0,0,0,0,0,0,0,4,1,,67,3,2020,6,39.9893,-75.1313,1448.0,6,0,0,0,0,0,0,0,0,,0,1,0.0,14,1,0,1,,0,39 59:21.487,,0,75 07:52.507,0,0,0,0,67301,0,0,0,N,0,0,0,2,67301,0,,1,1,,N,N,,1,,0,0,0,3,2,,1448,0,2,0,0,0,0,0,3,4,0,2,3,,N,,,,,,,,,,,