CRN,ARRIVAL_TM,AUTOMOBILE_COUNT,BELTED_DEATH_COUNT,BELTED_SUSP_SERIOUS_INJ_COUNT,BICYCLE_COUNT,BICYCLE_DEATH_COUNT,BICYCLE_SUSP_SERIOUS_INJ_COUNT,BUS_COUNT,CHLDPAS_DEATH_COUNT,CHLDPAS_SUSP_SERIOUS_INJ_COUNT,COLLISION_TYPE,COMM_VEH_COUNT,CONS_ZONE_SPD_LIM,COUNTY,CRASH_MONTH,CRASH_YEAR,DAY_OF_WEEK,DEC_LAT,DEC_LONG,DISPATCH_TM,DISTRICT,DRIVER_COUNT_16YR,DRIVER_COUNT_17YR,DRIVER_COUNT_18YR,DRIVER_COUNT_19YR,DRIVER_COUNT_20YR,DRIVER_COUNT_50_64YR,DRIVER_COUNT_65_74YR,DRIVER_COUNT_75PLUS,EST_HRS_CLOSED,FATAL_COUNT,HEAVY_TRUCK_COUNT,HORSE_BUGGY_COUNT,HOUR_OF_DAY,ILLUMINATION,INJURY_COUNT,INTERSECT_TYPE,INTERSECTION_RELATED,LANE_CLOSED,LATITUDE,LN_CLOSE_DIR,LOCATION_TYPE,LONGITUDE,MAX_SEVERITY_LEVEL,MCYCLE_DEATH_COUNT,MCYCLE_SUSP_SERIOUS_INJ_COUNT,MOTORCYCLE_COUNT,MUNICIPALITY,NONMOTR_COUNT,NONMOTR_DEATH_COUNT,NONMOTR_SUSP_SERIOUS_INJ_COUNT,NTFY_HIWY_MAINT,PED_COUNT,PED_DEATH_COUNT,PED_SUSP_SERIOUS_INJ_COUNT,PERSON_COUNT,POLICE_AGCY,POSSIBLE_INJ_COUNT,RDWY_SURF_TYPE_CD,RELATION_TO_ROAD,ROAD_CONDITION,ROADWAY_CLEARED,SCH_BUS_IND,SCH_ZONE_IND,SECONDARY_CRASH,SMALL_TRUCK_COUNT,SPEC_JURIS_CD,SUSP_MINOR_INJ_COUNT,SUSP_SERIOUS_INJ_COUNT,SUV_COUNT,TCD_FUNC_CD,TCD_TYPE,TFC_DETOUR_IND,TIME_OF_DAY,TOT_INJ_COUNT,TOTAL_UNITS,UNB_DEATH_COUNT,UNB_SUSP_SERIOUS_INJ_COUNT,UNBELTED_OCC_COUNT,UNK_INJ_DEG_COUNT,UNK_INJ_PER_COUNT,URBAN_AREA,URBAN_RURAL,VAN_COUNT,VEHICLE_COUNT,WEATHER1,WEATHER2,WORK_ZONE_IND,WORK_ZONE_LOC,WORK_ZONE_TYPE,WORKERS_PRES,WZ_CLOSE_DETOUR,WZ_FLAGGER,WZ_LAW_OFFCR_IND,WZ_LN_CLOSURE,WZ_MOVING,WZ_OTHER,WZ_SHLDER_MDN,WZ_WORKERS_INJ_KILLED
2020033181,555.0,1,0,0,0,0,0,0,0,0,8,0,,67,3,2020,2,40.0275,-75.2097,545.0,6,0,0,0,0,0,1,0,0,,0,0,0.0,5,5,1,0,N,0,40 01:39.060,,0,75 12:35.053,8,0,0,0,67301,1,0,0,N,1,0,0,2,67301,0,,1,1,,N,N,N,0,,0,0,0,0,0,,535,1,2,0,0,0,1,0,3,4,0,1,3,3.0,N,,,,,,,,,,,
2020030767,2147.0,0,0,0,0,0,0,0,0,0,8,0,,67,3,2020,2,39.9847,-75.1565,2144.0,6,0,0,0,0,0,1,0,0,,0,0,0.0,21,3,1,1,,0,39 59:04.850,,0,75 09:23.377,4,0,0,0,67301,1,0,0,N,1,0,0,2,67301,1,,1,1,,N,N,N,0,,0,0,1,3,2,,2142,1,2,0,0,0,0,0,3,4,0,1,3,,N,,,,,,,,,,,
2020034256,452.0,0,0,0,0,0,0,0,0,0,7,0,,67,4,2020,4,39.9208,-75.1482,436.0,6,0,0,0,0,0,0,0,0,,0,0,0.0,4,3,0,0,N,0,39 55:15.054,,0,75 08:53.343,0,0,0,0,67301,0,0,0,N,0,0,0,1,68K01,0,,4,9,,N,N,N,0,,0,0,1,0,0,,434,0,1,0,0,0,0,0,3,4,0,1,7,,N,,,,,,,,,,,
2020070470,1837.0,0,0,0,0,0,0,0,0,0,2,0,,67,8,2020,7,40.0351,-75.044,1834.0,6,0,0,0,0,0,1,0,0,,0,0,0.0,18,4,0,2,,0,40 02:06.267,,0,75 02:38.403,0,0,0,0,67301,0,0,0,N,0,0,0,3,67301,0,,1,1,,N,N,N,0,,0,0,1,3,3,,1833,0,2,0,0,0,0,0,3,4,0,2,3,3.0,N,,,,,,,,,,,
2020030325,1042.0,0,0,0,0,0,0,0,0,0,1,0,,67,3,2020,2,40.0271,-75.0411,1034.0,6,0,0,0,0,0,1,0,0,,0,0,0.0,10,1,1,1,,0,40 01:37.419,,0,75 02:27.883,3,0,0,0,67301,0,0,0,N,0,0,0,3,67301,0,,1,1,,N,N,N,0,,1,0,1,3,2,,1024,1,2,0,0,0,0,0,3,4,1,2,4,,N,,,,,,,,,,,
2020030272,1715.0,2,0,0,0,0,0,0,0,0,4,0,,67,3,2020,2,39.9948,-75.1694,1715.0,6,0,0,0,1,0,0,0,0,,0,0,0.0,17,1,1,1,N,1,39 59:41.251,1.0,0,75 10:09.706,3,0,0,0,67301,0,0,0,N,0,0,0,2,67301,0,,1,9,1717.0,N,N,N,0,,1,0,0,3,3,N,1715,1,2,0,0,0,0,0,3,4,0,2,7,7.0,N,,,,,,,,,,,
2020031282,915.0,1,0,0,0,0,0,0,0,0,4,0,,67,4,2020,6,40.0256,-75.1254,909.0,6,0,0,0,0,0,0,0,0,,0,0,0.0,9,1,1,1,,0,40 01:32.303,,0,75 07:31.314,3,0,0,0,67301,0,0,0,N,0,0,0,2,67301,0,,1,9,,N,N,N,1,,1,0,0,3,2,,905,1,2,0,0,0,0,0,3,4,0,2,7,4.0,N,,,,,,,,,,,
2020034452,854.0,1,0,0,0,0,0,0,0,0,7,0,,67,4,2020,5,39.9602,-75.1809,850.0,6,0,0,0,0,0,0,0,0,,0,0,0.0,8,1,0,0,N,1,39 57:36.633,3.0,0,75 10:51.123,0,0,0,0,67301,0,0,0,N,0,0,0,1,68K01,0,,4,9,930.0,N,N,N,0,,0,0,0,0,0,N,845,0,1,0,0,0,0,0,3,4,0,1,7,,N,,,,,,,,,,,
2020030904,1843.0,1,0,0,1,0,1,0,0,0,4,0,,67,4,2020,5,39.9702,-75.1451,1842.0,6,0,0,0,0,0,0,0,0,,0,0,0.0,18,4,1,1,,0,39 58:12.552,,0,75 08:42.076,2,0,0,0,67301,1,0,1,N,0,0,0,2,67301,0,,1,1,,N,N,N,0,,0,1,0,3,2,,1841,1,2,0,0,0,0,0,3,4,0,1,3,3.0,N,,,,,,,,,,,
2020032456,2018.0,0,0,0,0,0,0,0,0,0,4,0,,67,4,2020,6,39.9881,-75.1824,2020.0,6,0,0,0,0,0,1,0,0,,0,0,0.0,20,3,0,5,,0,39 59:17.008,,0,75 10:56.669,0,0,0,0,67301,0,0,0,N,0,0,0,2,67301,0,,1,1,,N,N,N,0,,0,0,2,3,2,,2015,0,2,0,0,0,0,0,3,4,0,2,3,3.0,N,,,,,,,,,,,
2020032161,1740.0,1,0,0,0,0,0,0,0,0,4,0,,67,4,2020,6,39.9401,-75.226,1734.0,6,0,0,0,0,0,0,0,0,,0,0,0.0,17,1,0,1,,0,39 56:24.521,,0,75 13:33.585,0,0,0,0,67301,0,0,0,N,0,0,0,3,67301,0,,1,1,,N,N,N,0,,0,0,1,0,0,,1734,0,2,0,0,0,0,0,3,4,0,2,3,3.0,N,,,,,,,,,,,
2020030691,1225.0,2,0,0,0,0,0,0,0,0,4,0,,67,4,2020,4,40.0076,-75.1273,1224.0,6,0,0,0,0,0,0,1,0,,0,0,0.0,12,1,1,1,,0,40 00:27.502,,0,75 07:38.377,3,0,0,0,67301,0,0,0,N,0,0,0,3,67301,0,,1,1,,N,N,N,0,,1,0,1,3,2,,1224,1,3,0,0,2,0,0,3,4,0,3,3,3.0,N,,,,,,,,,,,
2020072320,1845.0,0,0,0,0,0,0,0,0,0,4,0,,67,9,2020,5,40.0534,-75.07,1835.0,6,0,0,0,0,0,0,1,0,,0,0,0.0,18,4,1,0,N,9,40 03:12.266,,0,75 04:12.017,8,0,0,1,67301,0,0,0,N,0,0,0,2,67301,0,,1,9,,N,N,N,0,,0,0,1,0,0,U,1806,1,2,0,0,0,1,0,3,4,0,2,7,7.0,N,,,,,,,,,,,
2020033283,1206.0,1,0,0,0,0,0,0,0,0,1,0,,67,4,2020,7,39.9241,-75.2455,1202.0,6,0,0,0,0,0,1,0,0,,0,0,0.0,11,1,0,5,,1,39 55:26.624,3.0,0,75 14:43.817,0,0,0,0,67301,0,0,0,N,0,0,0,2,67301,0,,1,1,1330.0,N,N,N,0,,0,0,1,3,2,N,1126,0,2,0,0,0,0,0,3,4,0,2,3,4.0,N,,,,,,,,,,,
2020030381,1608.0,1,0,0,0,0,0,0,0,0,5,0,,67,3,2020,2,39.8865,-75.2064,1602.0,6,0,0,0,0,0,1,0,0,,0,0,0.0,16,1,1,0,N,1,39 53:13.292,2.0,0,75 12:18.639,8,0,0,0,67301,0,0,0,N,0,0,0,4,68K01,0,,1,1,1700.0,N,N,N,1,,0,0,0,0,0,N,1600,1,2,0,0,1,1,0,3,4,0,2,7,,N,,,,,,,,,,,
2020030679,2153.0,0,0,0,0,0,0,0,0,0,7,0,,67,3,2020,2,39.9123,-75.2313,2150.0,6,0,0,0,0,0,0,0,0,,0,0,0.0,21,3,2,0,N,0,39 54:44.210,,0,75 13:52.560,3,0,0,0,67301,0,0,0,N,0,0,0,2,67301,0,,4,9,,N,N,Y,0,,2,0,1,0,0,,2100,2,1,0,0,0,0,0,3,4,0,1,4,4.0,N,,,,,,,,,,,
2020030903,1420.0,1,0,0,0,0,0,0,0,0,7,0,,67,4,2020,6,39.9957,-75.1915,1409.0,6,0,0,0,0,0,0,0,0,,0,0,0.0,13,1,0,3,,0,39 59:45.209,,0,75 11:29.122,0,0,0,0,67301,0,0,0,N,0,0,0,1,67301,0,,2,1,,N,N,N,0,,0,0,0,0,0,,1330,0,1,0,0,1,0,0,3,4,0,1,3,3.0,N,,,,,,,,,,,
2020032007,1640.0,1,0,0,0,0,0,0,0,0,4,0,,67,4,2020,5,39.9625,-75.2383,1638.0,6,0,0,0,0,0,0,0,0,,0,0,0.0,15,1,0,0,N,0,39 57:44.990,,0,75 14:17.980,0,0,0,0,67301,0,0,0,N,0,0,0,1,67301,0,,1,1,,N,N,N,0,,0,0,0,0,0,,1505,0,2,0,0,0,0,0,3,4,1,2,3,3.0,N,,,,,,,,,,,
2020031790,2303.0,1,0,0,0,0,0,0,0,0,7,0,,67,4,2020,5,39.9498,-75.1839,2300.0,6,0,0,0,0,0,0,0,0,,0,0,0.0,22,3,0,0,N,2,39 56:59.342,3.0,0,75 11:02.200,0,0,0,0,67301,0,0,0,N,0,0,0,1,68K01,0,,4,1,30.0,N,N,N,0,,0,0,0,0,0,N,2255,0,1,0,0,1,0,0,3,4,0,1,3,,N,,,,,,,,,,,
2020030839,1005.0,0,0,0,0,0,0,0,0,0,4,0,,67,4,2020,5,39.9789,-75.2323,1000.0,6,0,0,0,0,0,0,0,1,,0,0,0.0,9,1,0,1,,0,39 58:44.097,,0,75 13:56.128,0,0,0,0,67301,0,0,0,N,0,0,0,2,67301,0,,1,1,,N,N,N,1,,0,0,1,3,3,,934,0,2,0,0,0,0,0,3,4,0,2,3,3.0,N,,,,,,,,,,,
2020072321,550.0,0,0,0,0,0,0,0,0,0,2,0,,67,9,2020,5,40.0232,-75.063,537.0,6,0,0,0,0,0,0,0,0,,0,0,0.0,5,1,1,1,,0,40 01:23.555,,0,75 03:46.746,3,0,0,0,67301,0,0,0,N,0,0,0,2,67301,0,,9,1,,N,N,N,2,,1,0,0,9,3,,530,1,2,0,0,1,0,0,3,4,0,2,3,,N,,,,,,,,,,,
2020032257,2015.0,2,0,0,0,0,0,0,0,0,5,0,,67,4,2020,7,39.9576,-75.1493,2015.0,6,0,0,0,0,0,0,0,0,,0,0,0.0,20,3,1,3,,0,39 57:26.800,,2,75 09:00.100,3,0,0,0,67301,0,0,0,N,0,0,0,3,67501,0,,1,1,,N,N,N,0,,1,0,0,3,4,,2015,1,2,0,0,1,0,0,3,4,0,2,3,3.0,N,,,,,,,,,,,
2020034187,556.0,0,0,0,0,0,0,0,0,0,7,0,,67,4,2020,4,39.961,-75.182,542.0,6,0,0,0,0,0,0,0,0,,0,0,0.0,5,3,2,0,N,1,39 57:39.608,4.0,0,75 10:55.130,3,0,0,0,67301,0,0,0,N,0,0,0,3,68K01,0,,5,9,630.0,N,N,N,0,,2,0,1,0,0,N,540,2,1,0,0,0,0,1,3,4,0,1,7,7.0,N,,,,,,,,,,,
2020031514,1856.0,1,0,0,0,0,0,0,0,0,7,0,,67,3,2020,2,39.96,-75.18,1854.0,6,0,0,0,1,0,0,0,0,,0,0,0.0,18,1,0,0,N,0,39 57:36.128,,0,75 10:48.036,0,0,0,0,67301,0,0,0,N,0,0,0,2,68K01,0,,2,9,,N,N,N,0,,0,0,0,0,0,,1850,0,1,0,0,0,0,0,3,4,0,1,7,,N,,,,,,,,,,,
2020031207,2040.0,3,0,0,0,0,0,0,0,0,4,0,,67,4,2020,6,40.029,-75.1005,2033.0,6,0,0,0,0,1,0,0,0,,0,0,0.0,20,3,1,2,,2,40 01:44.490,2.0,0,75 06:01.805,3,0,0,0,67301,0,0,0,N,0,0,0,3,67301,0,,1,1,2215.0,N,N,N,0,,1,0,0,3,2,N,2025,1,3,0,0,0,0,0,3,4,0,3,3,3.0,N,,,,,,,,,,,
2020032157,425.0,0,0,0,0,0,0,0,0,0,0,0,,67,4,2020,1,39.9387,-75.2103,421.0,6,0,0,0,0,0,0,0,0,,0,0,0.0,4,3,1,0,N,0,39 56:19.238,,0,75 12:37.014,3,0,0,0,67301,0,0,0,N,0,0,0,2,67301,0,,4,1,,N,N,N,1,,1,0,0,0,0,,400,1,1,0,0,0,0,1,3,4,0,1,3,3.0,N,,,,,,,,,,,
2020071215,920.0,0,0,0,0,0,0,0,0,0,4,1,,67,8,2020,2,39.9741,-75.1441,915.0,6,0,0,0,0,0,0,0,0,,0,1,0.0,9,1,0,0,N,0,39 58:26.760,,0,75 08:38.880,0,0,0,0,67301,0,0,0,N,0,0,0,2,67301,0,,1,1,,N,N,N,0,,0,0,1,0,0,,909,0,2,0,0,1,0,0,3,4,0,2,3,3.0,N,,,,,,,,,,,
2020030541,25.0,0,0,0,0,0,0,0,0,0,1,0,,67,4,2020,4,40.0211,-75.1399,10.0,6,0,0,0,0,0,0,0,0,,0,0,0.0,0,3,0,1,,0,40 01:16.051,,0,75 08:23.731,0,0,0,0,67301,0,0,0,N,0,0,0,2,67301,0,,1,1,,N,N,N,0,,0,0,2,3,2,,1,0,2,0,0,0,0,0,3,4,0,2,3,3.0,N,,,,,,,,,,,
2020031957,513.0,1,0,0,0,0,0,0,0,0,7,0,,67,4,2020,4,39.9878,-75.227,513.0,6,0,0,0,0,0,0,0,0,,0,0,0.0,5,8,1,0,N,0,39 59:16.190,,0,75 13:37.250,4,0,0,0,67301,0,0,0,N,0,0,0,1,67301,1,,4,9,,N,N,N,0,,0,0,0,0,0,,513,1,1,0,0,1,0,0,3,4,0,1,7,4.0,N,,,,,,,,,,,
2020039800,759.0,1,0,0,0,0,0,0,0,0,1,0,,67,4,2020,2,39.9376,-75.1983,750.0,6,0,0,0,0,0,0,0,0,,0,0,0.0,7,1,0,0,N,0,39 56:15.274,,2,75 11:53.980,0,0,0,0,67301,0,0,0,N,0,0,0,2,68K01,0,,1,1,,N,N,N,0,,0,0,1,0,0,,747,0,2,0,0,0,0,0,3,4,0,2,3,3.0,N,,,,,,,,,,,
2020036524,1759.0,0,0,0,0,0,0,0,0,0,1,0,,67,4,2020,1,40.0181,-75.075,1759.0,6,0,0,0,0,0,0,0,0,,0,0,0.0,17,1,0,0,N,0,40 01:05.300,,0,75 04:29.930,0,0,0,0,67301,0,0,0,N,0,0,0,4,67301,0,,1,1,,N,N,N,0,,0,0,3,0,0,,1759,0,3,0,0,0,0,0,3,4,0,3,3,3.0,N,,,,,,,,,,,
2020034447,1103.0,1,0,0,0,0,0,0,0,0,7,0,,67,4,2020,5,39.9817,-75.2071,1101.0,6,0,0,1,0,0,0,0,0,,0,0,0.0,10,1,0,0,N,0,39 58:54.093,,0,75 12:25.678,0,0,0,0,67301,0,0,0,N,0,0,0,1,68K01,0,,2,1,,N,N,N,0,,0,0,0,0,0,,1059,0,1,0,0,0,0,0,3,4,0,1,3,3.0,N,,,,,,,,,,,
2020071781,1530.0,1,0,0,0,0,0,0,0,0,1,0,,67,8,2020,5,40.0351,-75.0709,1523.0,6,0,0,0,0,0,1,0,0,,0,0,0.0,13,1,1,1,,0,40 02:07.082,,0,75 04:14.554,3,0,0,0,67301,0,0,0,N,0,0,0,1,67301,0,,1,1,,N,N,N,0,,1,0,1,3,2,,1330,1,2,0,0,1,0,0,3,4,0,2,3,3.0,N,,,,,,,,,,,
2020031086,1345.0,2,0,0,0,0,0,0,0,0,5,0,,67,4,2020,4,39.9166,-75.2443,1342.0,6,0,0,0,0,1,0,0,0,,0,0,0.0,13,1,1,0,N,2,39 54:59.870,6.0,0,75 14:39.430,8,0,0,0,67301,0,0,0,N,0,0,0,1,67301,0,,6,1,1424.0,N,N,N,0,,0,0,0,3,3,Y,1341,1,2,0,0,0,1,0,3,4,0,2,3,3.0,N,,,,,,,,,,,
2020030902,1415.0,1,0,0,0,0,0,0,0,0,4,0,,67,4,2020,5,40.0403,-75.0585,1410.0,6,0,0,0,0,0,1,0,0,,0,0,0.0,14,1,0,1,,0,40 02:25.164,,0,75 03:30.737,0,0,0,0,67301,0,0,0,N,0,0,0,2,67301,0,,1,1,,N,N,N,0,,0,0,1,3,2,,1400,0,2,0,0,0,0,0,3,4,0,2,3,3.0,N,,,,,,,,,,,
2020070365,850.0,2,0,0,0,0,0,0,0,0,4,0,,67,8,2020,7,39.9361,-75.1753,850.0,6,0,0,0,0,0,0,0,0,,0,0,0.0,8,1,1,1,,0,39 56:10.067,,0,75 10:31.184,8,0,0,0,67301,0,0,0,N,0,0,0,2,67301,0,,1,1,,N,N,N,0,,0,0,0,3,3,,825,1,2,0,0,0,1,0,3,4,0,2,3,3.0,N,,,,,,,,,,,
2020031880,1327.0,1,0,0,0,0,0,0,0,0,8,0,,67,4,2020,5,40.0477,-75.06,1326.0,6,0,0,0,0,0,0,0,0,,0,0,0.0,13,1,1,1,,0,40 02:51.700,,0,75 03:35.389,8,0,0,0,67301,1,0,0,N,1,0,0,2,67301,0,,1,1,,N,N,N,0,,0,0,0,3,2,,1325,1,2,0,0,0,1,0,3,4,0,1,3,3.0,N,,,,,,,,,,,
2020032455,830.0,2,0,0,0,0,0,0,0,0,4,0,,67,4,2020,7,39.9776,-75.2109,717.0,6,0,0,0,0,0,0,0,0,,0,0,0.0,7,1,0,1,,0,39 58:39.216,,0,75 12:39.261,9,0,0,0,67301,0,0,0,N,0,0,0,2,67301,0,,1,99,,N,N,N,0,,0,0,0,9,3,,715,0,2,0,0,0,0,2,3,4,0,2,3,3.0,N,,,,,,,,,,,
2020032402,20.0,5,0,0,0,0,0,0,0,0,5,0,,67,4,2020,1,40.0183,-75.058,16.0,6,0,0,0,0,0,0,0,0,,0,0,0.0,0,3,1,0,N,0,40 01:05.998,,0,75 03:28.634,3,0,0,0,67301,0,0,0,N,0,0,0,1,67301,0,,6,1,,N,N,N,0,,1,0,0,0,0,,15,1,5,0,0,0,0,0,3,4,0,5,3,,N,,,,,,,,,,,
2020032352,1228.0,1,0,0,0,0,0,0,0,0,4,0,,67,4,2020,7,39.9177,-75.1777,1222.0,6,0,0,0,0,0,1,0,0,,0,0,0.0,12,1,1,1,,0,39 55:03.702,,6,75 10:39.781,8,0,0,0,67301,0,0,0,N,0,0,0,2,67301,0,,1,1,,N,N,N,0,,0,0,1,3,2,,1220,1,2,0,0,0,1,0,3,4,0,2,3,3.0,N,,,,,,,,,,,
2020070980,1500.0,1,0,0,0,0,0,1,0,0,4,1,,67,8,2020,6,39.9787,-75.1578,1455.0,6,0,0,0,0,0,0,0,0,,0,0,0.0,14,1,1,1,,0,39 58:43.287,,0,75 09:28.532,8,0,0,0,67301,0,0,0,N,0,0,0,4,67508,0,,1,1,,N,N,Y,0,,0,0,0,0,0,N,1455,1,2,0,0,0,1,1,3,4,0,2,3,3.0,N,,,,,,,,,,,
2020036592,1611.0,0,0,0,0,0,0,0,0,0,7,0,,67,4,2020,7,39.9754,-75.1948,1600.0,6,0,0,0,0,0,0,0,0,,0,0,0.0,15,1,1,0,N,2,39 58:31.563,3.0,0,75 11:41.194,8,0,0,1,67301,0,0,0,N,0,0,0,1,68K01,0,,3,1,1700.0,N,N,N,0,,0,0,0,0,0,N,1559,1,1,0,0,0,1,0,3,4,0,1,3,,N,,,,,,,,,,,
2020032599,504.0,1,0,0,0,0,0,0,0,0,7,0,,67,4,2020,1,39.9072,-75.1495,445.0,6,0,0,0,0,0,0,0,0,,0,0,0.0,4,3,0,0,N,0,39 54:25.826,,2,75 08:58.315,0,0,0,0,67301,0,0,0,N,0,0,0,1,68K01,0,,2,1,,N,N,N,0,,0,0,0,0,0,,444,0,1,0,0,0,0,0,3,4,0,1,3,,N,,,,,,,,,,,
2020030827,1755.0,1,0,0,0,0,0,0,0,0,7,0,,67,4,2020,5,39.9553,-75.1477,1753.0,6,0,0,0,0,0,0,0,0,,0,0,0.0,17,1,0,7,N,0,39 57:19.151,,2,75 08:51.889,0,0,0,0,67301,0,0,0,N,0,0,0,1,67501,0,,4,1,,N,N,N,0,,0,0,0,0,0,,1753,0,1,0,0,0,0,0,3,4,0,1,3,3.0,N,,,,,,,,,,,
2020036526,2032.0,2,0,0,0,0,0,0,0,0,4,0,,67,4,2020,6,40.0286,-75.0339,2030.0,6,0,0,0,0,0,0,0,0,,0,0,0.0,20,3,0,1,,0,40 01:42.885,,0,75 02:02.202,9,0,0,0,67301,0,0,0,N,0,0,0,2,67301,0,,1,1,,N,N,N,0,,0,0,0,3,2,,2030,0,2,0,0,0,0,2,3,4,0,2,3,,N,,,,,,,,,,,
2020031119,546.0,1,0,0,0,0,0,0,0,0,4,0,,67,4,2020,4,39.9834,-75.2432,542.0,6,0,0,0,0,0,0,0,0,,0,0,0.0,5,3,2,3,,0,39 59:00.054,,0,75 14:35.261,3,0,0,0,67301,0,0,0,N,0,0,0,2,67301,0,,1,1,,N,N,N,1,,2,0,0,3,3,,540,2,2,0,0,0,0,0,3,4,0,2,3,3.0,N,,,,,,,,,,,
2020036343,2311.0,4,0,0,0,0,0,0,0,0,4,0,,67,4,2020,4,40.012,-75.1358,2311.0,6,0,0,0,0,0,0,0,0,,0,0,0.0,23,3,1,1,,0,40 00:43.128,,0,75 08:09.038,3,0,0,0,67301,0,0,0,N,0,0,0,3,67301,0,,1,1,,N,N,N,0,,1,0,0,3,2,,2311,1,4,0,0,0,0,1,3,4,0,4,3,,N,,,,,,,,,,,
2020072091,921.0,1,0,0,0,0,0,0,0,0,7,0,,67,9,2020,4,40.0949,-74.9814,914.0,6,0,0,0,0,0,0,0,0,,0,0,0.0,9,1,1,0,N,2,40 05:41.574,3.0,0,74 58:53.099,3,0,0,0,67301,0,0,0,N,0,0,0,1,67301,0,,2,1,1044.0,N,N,N,0,,1,0,0,0,0,N,910,1,1,0,0,0,0,0,3,4,0,1,3,3.0,N,,,,,,,,,,,
2020032129,1540.0,1,0,0,0,0,0,0,0,0,3,0,,67,4,2020,6,40.0643,-75.1535,1535.0,6,0,0,0,0,0,0,0,0,,0,0,0.0,15,1,3,5,,0,40 03:51.516,,0,75 09:12.747,8,0,0,0,67301,0,0,0,N,0,0,0,4,67301,0,,1,1,,N,N,N,1,,0,0,2,3,2,,1522,3,4,0,0,3,3,1,3,4,0,4,3,3.0,N,,,,,,,,,,,
2020032284,1955.0,0,0,1,0,0,0,0,0,0,4,0,,67,4,2020,7,40.0693,-75.1634,1950.0,6,0,0,0,0,0,0,0,0,,0,0,0.0,19,3,5,1,,2,40 04:09.619,7.0,0,75 09:48.322,2,0,0,0,67301,0,0,0,N,0,0,0,5,67301,3,,1,1,1958.0,N,N,N,0,,1,1,2,0,0,Y,1949,5,2,0,0,0,0,0,3,4,0,2,3,98.0,N,,,,,,,,,,,
2020030681,2054.0,2,0,0,0,0,0,0,0,0,4,0,,67,3,2020,3,39.9407,-75.2242,2052.0,6,0,0,0,0,0,0,0,0,,0,0,0.0,20,3,1,1,,0,39 56:26.512,,0,75 13:26.950,2,0,0,0,67301,0,0,0,N,0,0,0,2,67301,0,,1,1,,N,N,N,0,,0,1,0,3,2,,2051,1,2,0,0,0,0,0,3,4,0,2,3,3.0,N,,,,,,,,,,,
2020072251,945.0,0,0,0,0,0,0,0,0,0,8,0,,67,9,2020,5,39.9389,-75.1461,942.0,6,0,0,0,0,0,0,0,0,,0,0,0.0,9,1,1,0,N,0,39 56:20.030,,0,75 08:46.070,8,0,0,0,67301,1,0,0,N,1,0,0,1,67301,0,,6,1,,N,N,N,0,,0,0,0,0,0,,935,1,2,0,0,0,1,0,3,4,0,1,3,,N,,,,,,,,,,,
2020071124,110.0,2,0,0,0,0,0,0,0,0,1,0,,67,8,2020,3,39.983,-75.0991,101.0,6,0,0,0,0,0,0,0,0,,0,0,0.0,1,3,0,0,N,1,39 58:58.772,1.0,0,75 05:56.754,0,0,0,0,67301,0,0,0,N,0,0,0,1,68K01,0,,1,1,140.0,N,N,N,0,,0,0,0,0,0,N,100,0,2,0,0,0,0,0,3,4,0,2,3,,N,,,,,,,,,,,
2020071472,32.0,1,0,0,0,0,0,0,0,0,1,0,,67,8,2020,3,40.0115,-75.0608,15.0,6,0,0,0,0,0,1,0,0,,0,0,0.0,23,3,0,0,N,0,40 00:41.285,,0,75 03:38.819,0,0,0,0,67301,0,0,0,N,0,0,0,2,68K01,0,,1,1,,N,N,N,0,,0,0,1,0,0,,2333,0,2,0,0,0,0,0,3,4,0,2,3,3.0,N,,,,,,,,,,,
2020034056,23.0,1,0,0,0,0,0,0,0,0,7,0,,67,4,2020,7,40.0328,-75.0209,14.0,6,0,0,0,0,0,0,0,0,,0,0,0.0,0,3,2,0,N,1,40 01:58.214,2.0,0,75 01:15.312,3,0,0,0,67301,0,0,0,N,0,0,0,2,68K01,0,,4,1,35.0,N,N,N,0,,2,0,0,0,0,N,5,2,1,0,0,0,0,0,3,4,0,1,3,,N,,,,,,,,,,,
2020032130,1346.0,3,0,0,0,0,0,0,0,0,4,0,,67,4,2020,6,39.9522,-75.2408,1345.0,6,0,0,0,0,0,0,0,0,,0,0,0.0,13,1,2,1,,2,39 57:07.862,6.0,0,75 14:26.779,3,0,0,0,67301,0,0,0,N,0,0,0,3,67301,0,,1,1,1453.0,N,N,N,0,,2,0,0,3,2,Y,1345,2,3,0,0,0,0,0,3,4,0,3,4,,N,,,,,,,,,,,
2020071355,16.0,0,0,0,0,0,0,0,0,0,7,0,,67,8,2020,3,40.0523,-75.008,13.0,6,0,0,0,0,0,0,0,0,,0,0,0.0,0,3,1,2,,0,40 03:08.339,,0,75 00:28.750,4,0,0,0,67301,0,0,0,N,0,0,0,1,67301,1,,5,1,,N,N,N,0,,0,0,1,3,2,,10,1,1,0,0,0,0,0,3,4,0,1,3,3.0,N,,,,,,,,,,,
2020032620,0.0,1,0,0,0,0,0,0,0,0,5,0,,67,4,2020,7,40.0445,-75.1695,0.0,6,0,0,0,0,0,0,0,0,,0,0,0.0,0,6,0,0,N,0,40 02:40.200,,0,75 10:10.120,0,0,0,0,67301,0,0,0,N,0,0,0,1,67301,0,,6,99,,N,N,N,0,,0,0,0,0,0,,0,0,2,0,0,0,0,0,3,4,0,2,99,3.0,N,,,,,,,,,,,