CRN,ARRIVAL_TM,AUTOMOBILE_COUNT,BELTED_DEATH_COUNT,BELTED_SUSP_SERIOUS_INJ_COUNT,BICYCLE_COUNT,BICYCLE_DEATH_COUNT,BICYCLE_SUSP_SERIOUS_INJ_COUNT,BUS_COUNT,CHLDPAS_DEATH_COUNT,CHLDPAS_SUSP_SERIOUS_INJ_COUNT,COLLISION_TYPE,COMM_VEH_COUNT,CONS_ZONE_SPD_LIM,COUNTY,CRASH_MONTH,CRASH_YEAR,DAY_OF_WEEK,DEC_LAT,DEC_LONG,DISPATCH_TM,DISTRICT,DRIVER_COUNT_16YR,DRIVER_COUNT_17YR,DRIVER_COUNT_18YR,DRIVER_COUNT_19YR,DRIVER_COUNT_20YR,DRIVER_COUNT_50_64YR,DRIVER_COUNT_65_74YR,DRIVER_COUNT_75PLUS,EST_HRS_CLOSED,FATAL_COUNT,HEAVY_TRUCK_COUNT,HORSE_BUGGY_COUNT,HOUR_OF_DAY,ILLUMINATION,INJURY_COUNT,INTERSECT_TYPE,INTERSECTION_RELATED,LANE_CLOSED,LATITUDE,LN_CLOSE_DIR,LOCATION_TYPE,LONGITUDE,MAX_SEVERITY_LEVEL,MCYCLE_DEATH_COUNT,MCYCLE_SUSP_SERIOUS_INJ_COUNT,MOTORCYCLE_COUNT,MUNICIPALITY,NONMOTR_COUNT,NONMOTR_DEATH_COUNT,NONMOTR_SUSP_SERIOUS_INJ_COUNT,NTFY_HIWY_MAINT,PED_COUNT,PED_DEATH_COUNT,PED_SUSP_SERIOUS_INJ_COUNT,PERSON_COUNT,POLICE_AGCY,POSSIBLE_INJ_COUNT,RDWY_SURF_TYPE_CD,RELATION_TO_ROAD,ROAD_CONDITION,ROADWAY_CLEARED,SCH_BUS_IND,SCH_ZONE_IND,SECONDARY_CRASH,SMALL_TRUCK_COUNT,SPEC_JURIS_CD,SUSP_MINOR_INJ_COUNT,SUSP_SERIOUS_INJ_COUNT,SUV_COUNT,TCD_FUNC_CD,TCD_TYPE,TFC_DETOUR_IND,TIME_OF_DAY,TOT_INJ_COUNT,TOTAL_UNITS,UNB_DEATH_COUNT,UNB_SUSP_SERIOUS_INJ_COUNT,UNBELTED_OCC_COUNT,UNK_INJ_DEG_COUNT,UNK_INJ_PER_COUNT,URBAN_AREA,URBAN_RURAL,VAN_COUNT,VEHICLE_COUNT,WEATHER1,WEATHER2,WORK_ZONE_IND,WORK_ZONE_LOC,WORK_ZONE_TYPE,WORKERS_PRES,WZ_CLOSE_DETOUR,WZ_FLAGGER,WZ_LAW_OFFCR_IND,WZ_LN_CLOSURE,WZ_MOVING,WZ_OTHER,WZ_SHLDER_MDN,WZ_WORKERS_INJ_KILLED
2020032665,2315.0,1,0,0,0,0,0,0,0,0,2,0,,67,4,2020,2,40.0511,-75.0658,2312.0,6,0,0,0,0,0,0,0,0,,0,0,0.0,23,3,1,0,N,1,40 03:03.946,3.0,7,75 03:56.832,3,0,0,0,67301,0,0,0,N,0,0,0,2,67301,0,,1,1,1200.0,N,N,N,0,,1,0,1,3,2,N,2310,1,2,0,0,0,0,0,3,4,0,2,3,3.0,N,,,,,,,,,,,
2020074091,1331.0,1,0,0,0,0,0,0,0,0,4,0,,67,9,2020,5,40.0858,-75.0369,1328.0,6,0,0,0,0,0,0,0,0,,0,0,0.0,13,1,0,0,N,0,40 05:09.184,,7,75 02:12.809,0,0,0,0,67301,0,0,0,N,0,0,0,2,67301,0,,1,1,,N,N,N,0,,0,0,1,0,0,,1320,0,2,0,0,0,0,0,3,4,0,2,4,4.0,N,,,,,,,,,,,
2020032842,2240.0,1,0,0,0,0,0,0,0,0,4,0,,67,4,2020,2,39.9734,-75.2098,2231.0,6,0,0,0,0,0,1,0,0,,0,0,0.0,22,3,3,2,,2,39 58:24.522,6.0,0,75 12:35.421,3,0,0,0,67301,0,0,0,N,0,0,0,5,67301,0,,1,1,120.0,N,N,Y,0,,3,0,2,3,2,Y,2215,3,4,0,0,1,0,1,3,4,1,4,3,3.0,N,,,,,,,,,,,
2020037020,1812.0,1,0,0,0,0,0,0,0,0,4,0,,67,5,2020,4,39.9754,-75.1933,1812.0,6,0,0,0,0,0,1,0,0,,0,0,0.0,18,1,2,0,N,0,39 58:31.406,,3,75 11:35.983,3,0,0,0,67301,0,0,0,N,0,0,0,2,67301,1,,1,9,,N,N,N,1,,1,0,0,0,0,,1812,2,2,0,0,0,0,0,3,4,0,2,7,,N,,,,,,,,,,,
2020039846,1814.0,1,0,0,0,0,0,0,0,0,1,0,,67,5,2020,5,39.9596,-75.1764,1810.0,6,0,0,0,0,0,0,0,0,,0,0,0.0,18,1,1,0,N,1,39 57:34.462,3.0,0,75 10:35.072,3,0,0,1,67301,0,0,0,N,0,0,0,2,68K01,0,,1,1,100.0,N,N,N,0,,1,0,0,0,0,N,1809,1,2,0,0,0,0,0,3,4,0,2,3,,N,,,,,,,,,,,
2020078385,652.0,1,0,0,0,0,0,0,0,0,5,0,,67,9,2020,4,40.0545,-74.9856,627.0,6,0,0,0,0,0,0,0,0,,0,0,0.0,6,1,1,0,N,0,40 03:16.169,,0,74 59:08.063,8,0,0,0,67301,0,0,0,Y,0,0,0,4,68K01,0,,1,1,,N,N,N,0,,0,0,0,0,0,,624,1,3,0,0,0,1,1,3,4,1,3,3,,N,,,,,,,,,,,
2020037018,1833.0,0,0,0,0,0,0,0,0,0,5,0,,67,5,2020,4,39.8957,-75.216,1831.0,6,0,0,0,0,0,1,0,0,,0,0,0.0,18,1,0,0,N,1,39 53:44.693,3.0,3,75 12:57.621,0,0,0,0,67301,0,0,0,N,0,0,0,3,67301,0,,1,9,1925.0,N,N,N,2,,0,0,0,0,0,N,1820,0,2,0,0,0,0,0,3,4,0,2,7,,N,,,,,,,,,,,
2020036491,1600.0,0,0,0,0,0,0,0,0,0,1,0,,67,5,2020,1,39.9641,-75.1805,1559.0,6,0,0,0,0,0,0,0,0,,0,0,0.0,15,1,1,0,N,0,39 57:50.767,,0,75 10:49.638,3,0,0,0,67301,0,0,0,N,0,0,0,2,67301,0,,1,1,,N,N,N,0,,1,0,2,0,0,,1540,1,2,0,0,0,0,0,3,4,0,2,3,3.0,N,,,,,,,,,,,
2020037865,2108.0,0,0,0,0,0,0,0,0,0,8,0,,67,5,2020,6,40.0454,-75.1647,2108.0,6,0,0,0,0,0,0,0,0,,0,0,0.0,21,3,1,0,N,0,40 02:43.337,,0,75 09:52.767,3,0,0,0,67301,1,0,0,N,1,0,0,2,67301,0,,1,9,,N,N,N,0,,1,0,0,3,2,,2108,1,2,0,0,1,0,0,3,4,1,1,7,,N,,,,,,,,,,,
2020034343,1558.0,2,0,0,0,0,0,0,0,0,5,0,,67,4,2020,4,39.9604,-75.2407,1558.0,6,0,0,0,0,0,0,0,0,,0,0,0.0,15,1,1,0,N,1,39 57:37.440,3.0,0,75 14:26.592,3,0,0,0,67301,0,0,0,N,0,0,0,2,67301,0,,1,1,1900.0,N,N,N,0,,1,0,0,0,0,Y,1520,1,3,0,0,1,0,1,3,4,1,3,3,3.0,N,,,,,,,,,,,
2020073541,1515.0,1,0,0,0,0,0,0,0,0,7,0,,67,9,2020,2,40.1175,-75.0214,1510.0,6,0,0,0,0,0,0,0,0,,0,0,0.0,15,1,1,0,N,0,40 07:02.890,,0,75 01:16.990,8,0,0,0,67301,0,0,0,N,0,0,0,1,67301,0,,5,1,,N,N,N,0,,0,0,0,0,0,,1500,1,1,0,0,0,1,0,3,4,0,1,3,3.0,N,,,,,,,,,,,
2020033348,1831.0,1,0,0,0,0,0,0,0,0,1,0,,67,4,2020,5,39.927,-75.1514,1831.0,6,0,0,0,0,0,1,0,0,,0,0,0.0,18,1,2,0,N,0,39 55:37.200,,0,75 09:05.200,4,0,0,0,67301,0,0,0,N,0,0,0,2,67301,2,,1,1,,N,N,N,0,,0,0,1,0,0,,1830,2,2,0,0,0,0,0,3,4,0,2,3,3.0,N,,,,,,,,,,,
2020033126,1743.0,1,0,0,0,0,0,0,0,0,4,0,,67,4,2020,4,40.0429,-75.1198,1000.0,6,0,0,0,0,0,1,0,0,,0,0,0.0,10,1,1,1,,0,40 02:34.612,,0,75 07:11.211,3,0,0,0,67301,0,0,0,N,0,0,0,2,67301,0,,1,1,,N,N,N,0,,1,0,1,3,2,,1000,1,2,0,0,0,0,1,3,4,0,2,4,4.0,N,,,,,,,,,,,
2020033503,752.0,2,0,0,0,0,0,0,0,0,4,0,,67,4,2020,5,40.0367,-75.0645,729.0,6,0,0,0,0,0,0,0,0,,0,0,0.0,7,1,1,1,,1,40 02:12.235,3.0,0,75 03:52.193,3,0,0,0,67301,0,0,0,N,0,0,0,2,67301,0,,1,1,756.0,N,N,N,0,,1,0,0,3,2,N,715,1,2,0,0,1,0,0,3,4,0,2,3,3.0,N,,,,,,,,,,,
2020032668,1350.0,2,0,0,0,0,0,0,0,0,4,0,,67,4,2020,2,39.99,-75.1604,1348.0,6,0,0,1,0,0,0,0,0,,0,0,0.0,13,1,1,1,,0,39 59:24.010,,6,75 09:37.328,3,0,0,0,67301,0,0,0,N,0,0,0,2,67301,0,,1,9,,N,N,N,0,,1,0,0,3,2,,1348,1,2,0,0,1,0,0,3,4,0,2,7,,N,,,,,,,,,,,
2020073485,1255.0,1,0,0,0,0,0,0,0,0,8,0,,67,9,2020,3,39.9828,-75.1305,1250.0,6,0,0,0,0,0,0,0,0,,0,0,0.0,11,1,1,1,,0,39 58:57.931,,99,75 07:49.897,3,0,0,0,67301,1,0,0,N,1,0,0,1,67301,0,,1,1,,N,N,N,0,,1,0,0,9,9,,1128,1,2,0,0,0,0,0,3,4,0,1,3,3.0,N,,,,,,,,,,,
2020032625,1743.0,2,0,0,0,0,0,0,0,0,5,0,,67,4,2020,2,40.0298,-75.1278,1741.0,6,0,0,0,0,0,0,0,0,,0,0,0.0,8,1,0,2,,0,40 01:47.283,,0,75 07:40.180,9,0,0,0,67301,0,0,0,N,0,0,0,1,67301,0,,2,9,,N,N,N,0,,0,0,0,0,0,,830,0,2,0,0,0,0,1,3,4,0,2,7,4.0,N,,,,,,,,,,,
2020033544,1300.0,0,0,0,0,0,0,0,0,0,4,0,,67,4,2020,7,39.9271,-75.1427,1255.0,6,0,0,0,0,0,0,0,0,,0,0,0.0,12,1,0,0,N,2,39 55:37.580,6.0,7,75 08:33.770,0,0,0,0,67301,0,0,0,N,0,0,0,3,67301,0,,1,1,30.0,N,N,N,0,,0,0,1,9,3,Y,1242,0,2,0,0,0,0,0,3,4,1,2,4,,N,,,,,,,,,,,
2020033293,1055.0,2,0,0,0,0,0,0,0,0,1,0,,67,4,2020,6,39.9992,-75.0997,1037.0,6,0,0,0,0,0,1,0,0,,0,0,0.0,10,1,0,0,Y,0,39 59:57.034,,0,75 05:59.086,0,0,0,0,67301,0,0,0,N,0,0,0,1,67301,0,,6,1,,N,N,N,0,,0,0,0,0,0,,1004,0,2,0,0,1,0,0,3,4,0,2,3,3.0,N,,,,,,,,,,,
2020034016,2103.0,0,0,0,0,0,0,0,0,0,4,0,,67,4,2020,2,39.9976,-75.1468,2100.0,6,0,0,0,0,0,0,0,0,9.0,0,0,0.0,19,3,1,5,,0,39 59:51.511,,0,75 08:48.429,3,0,0,0,67301,0,0,0,N,0,0,0,3,67301,0,,1,1,,N,N,N,0,,1,0,1,3,3,,1918,1,2,0,0,1,0,0,3,4,1,2,3,,N,,,,,,,,,,,
2020078429,2014.0,3,0,0,0,0,0,0,0,0,1,0,,67,9,2020,1,39.9588,-75.1689,2009.0,6,0,0,0,0,0,0,0,0,,0,0,0.0,19,4,0,0,N,2,39 57:31.564,4.0,0,75 10:08.131,0,0,0,0,67301,0,0,0,N,0,0,0,4,68K01,0,,1,1,15.0,N,N,N,0,,0,0,0,0,0,N,1948,0,3,0,0,0,0,0,3,4,0,3,3,,N,,,,,,,,,,,
2020037173,40.0,3,0,0,0,0,0,0,0,0,4,0,,67,5,2020,5,40.051,-75.1806,29.0,6,0,0,0,0,0,0,0,0,,0,0,0.0,0,3,1,2,,2,40 03:03.737,6.0,0,75 10:50.025,4,0,0,0,67301,0,0,0,N,0,0,0,2,67301,1,,1,9,200.0,N,N,N,0,,0,0,1,3,3,Y,16,1,4,0,0,2,0,0,3,4,0,4,3,3.0,N,,,,,,,,,,,
2020037694,58.0,2,0,0,0,0,0,0,0,0,4,0,,67,5,2020,7,39.9885,-75.1487,50.0,6,0,0,0,0,0,0,0,0,,0,0,0.0,0,3,0,1,,2,39 59:18.553,2.0,0,75 08:55.269,0,0,0,0,67301,0,0,0,N,0,0,0,2,67301,0,,1,9,100.0,N,N,N,0,,0,0,0,3,2,Y,30,0,2,0,0,0,0,0,3,4,0,2,7,4.0,N,,,,,,,,,,,
2020076349,1654.0,2,0,0,0,0,0,0,0,0,1,0,,67,9,2020,5,40.0047,-75.1522,1651.0,6,0,0,0,0,0,1,0,0,,0,0,0.0,16,1,1,1,N,0,40 00:16.788,,0,75 09:07.931,8,0,0,0,67301,0,0,0,N,0,0,0,6,67505,0,,1,1,,N,N,N,0,,0,0,1,3,2,N,1650,1,3,0,0,0,1,0,3,4,0,3,3,3.0,N,,,,,,,,,,,
2020036161,305.0,1,0,0,0,0,0,0,0,0,5,0,,67,5,2020,7,39.9721,-75.2,305.0,6,0,0,0,0,0,1,0,0,,0,0,0.0,3,6,0,0,N,0,39 58:19.650,,0,75 11:59.970,0,0,0,0,67301,0,0,0,N,0,0,0,1,67301,0,,6,1,,N,N,N,0,,0,0,2,0,0,,300,0,3,0,0,1,0,0,3,4,0,3,3,,N,,,,,,,,,,,
2020078103,112.0,1,0,0,0,0,0,0,0,0,1,0,90.0,67,9,2020,3,39.9748,-75.1981,112.0,6,0,0,0,0,0,0,0,0,,0,0,0.0,0,3,0,0,N,0,39 58:29.103,,0,75 11:53.055,0,0,0,0,67301,1,0,0,N,0,0,0,1,67301,0,,3,1,,N,N,N,0,,0,0,1,3,2,,49,0,2,0,0,0,0,0,3,4,0,2,3,,Y,8.0,2.0,Y,N,N,N,Y,N,N,N,N
2020037016,1402.0,1,0,0,0,0,0,0,0,0,4,1,,67,5,2020,4,40.0743,-75.0348,1351.0,6,0,0,0,0,0,1,0,0,,0,1,0.0,13,1,1,1,,0,40 04:27.539,,0,75 02:05.367,3,0,0,0,67301,0,0,0,N,0,0,0,2,67301,0,,1,1,,N,N,N,0,,1,0,0,3,2,,1347,1,2,0,0,0,0,0,3,4,0,2,4,,N,,,,,,,,,,,
2020074586,1855.0,2,0,0,0,0,0,0,0,0,1,0,,67,9,2020,5,39.9812,-75.1887,1854.0,6,0,0,0,0,0,1,0,0,,0,0,0.0,18,1,2,2,,2,39 58:52.351,1.0,0,75 11:19.309,3,0,0,0,67301,0,0,0,N,0,0,0,2,67301,0,,1,9,100.0,N,N,N,0,,2,0,0,0,0,Y,1851,2,2,0,0,0,0,0,3,4,0,2,4,4.0,N,,,,,,,,,,,
2020034537,540.0,1,0,0,0,0,0,0,0,0,4,0,,67,4,2020,3,40.0504,-75.1531,535.0,6,0,0,0,0,0,1,0,0,,0,0,0.0,5,5,0,1,,0,40 03:01.414,,0,75 09:11.224,9,0,0,0,67301,0,0,0,N,0,0,0,2,67301,0,,1,1,,N,N,N,0,,0,0,1,3,3,,525,0,3,0,0,0,0,1,3,4,1,3,3,3.0,N,,,,,,,,,,,
2020034867,1826.0,1,0,0,0,0,0,0,0,0,4,0,,67,4,2020,5,40.0556,-75.1813,1826.0,6,0,0,0,0,0,0,0,0,,0,0,0.0,18,1,1,1,,0,40 03:20.145,,0,75 10:52.627,3,0,0,0,67301,0,0,0,N,0,0,0,4,67301,0,,1,9,,N,N,N,0,,1,0,1,9,3,,1825,1,2,0,0,0,0,0,3,4,0,2,7,4.0,N,,,,,,,,,,,
2020073072,1942.0,2,0,0,0,0,0,0,0,0,2,0,,67,9,2020,5,40.0266,-75.1699,1940.0,6,0,0,0,0,0,0,0,1,,0,0,0.0,19,3,1,0,N,2,40 01:35.723,5.0,0,75 10:11.503,4,0,0,0,67301,0,0,0,N,0,0,0,2,67301,1,,1,9,2030.0,N,N,N,0,,0,0,0,0,0,Y,1940,1,2,0,0,0,0,0,3,4,0,2,7,7.0,N,,,,,,,,,,,
2020033664,113.0,3,0,0,0,0,0,0,0,0,5,0,,67,4,2020,1,40.0356,-75.081,110.0,6,0,0,0,0,1,0,0,0,,0,0,0.0,1,3,1,1,,0,40 02:08.332,,0,75 04:51.656,8,0,0,0,67301,2,0,0,N,1,0,0,4,67301,0,,1,1,,N,N,N,0,,0,0,0,3,2,,103,1,4,0,0,0,1,0,3,4,0,3,3,,N,,,,,,,,,,,
2020073547,1931.0,0,0,0,0,0,0,0,0,0,6,0,,67,9,2020,4,40.0223,-75.162,1928.0,6,0,0,0,0,0,1,0,0,,0,0,0.0,19,4,1,1,,0,40 01:20.289,,0,75 09:43.290,3,0,0,1,67301,0,0,0,N,0,0,0,2,67301,0,,1,9,,N,N,N,0,,1,0,0,3,2,,1922,1,2,0,0,0,0,1,3,4,0,2,3,7.0,N,,,,,,,,,,,
2020034117,2020.0,2,0,0,0,0,0,0,0,0,4,0,,67,4,2020,3,40.0475,-75.1428,2020.0,6,0,0,1,0,0,0,0,1,,0,0,0.0,15,1,0,1,,0,40 02:51.028,,0,75 08:34.417,0,0,0,0,67301,0,0,0,N,0,0,0,2,67301,0,,1,99,,N,N,N,0,,0,0,0,3,2,,1549,0,2,0,0,0,0,0,3,4,0,2,99,,N,,,,,,,,,,,
2020033288,1635.0,3,0,0,0,0,0,0,0,0,4,0,,67,4,2020,4,39.9182,-75.2088,1635.0,6,0,0,0,0,0,0,0,0,,0,0,0.0,16,1,0,2,,0,39 55:05.610,,0,75 12:31.544,0,0,0,0,67301,0,0,0,N,0,0,0,6,67301,0,,1,1,,N,N,N,0,,0,0,0,3,2,,1634,0,3,0,0,1,0,0,3,4,0,3,3,3.0,N,,,,,,,,,,,
2020037118,856.0,0,0,0,0,0,0,0,0,0,7,0,,67,4,2020,2,40.0314,-75.0216,856.0,6,0,0,0,0,0,0,0,0,,0,0,0.0,8,1,0,0,N,0,40 01:52.932,,0,75 01:17.758,0,0,0,0,67301,0,0,0,N,0,0,0,1,68K01,0,,4,9,,N,N,N,1,,0,0,0,0,0,,856,0,1,0,0,0,0,0,3,4,0,1,7,,N,,,,,,,,,,,
2020032896,1356.0,0,0,0,0,0,0,0,0,0,4,0,,67,4,2020,3,39.9579,-75.1623,1346.0,6,0,0,0,0,0,0,0,0,,0,0,0.0,13,1,0,1,,1,39 57:28.559,1.0,0,75 09:44.326,0,0,0,0,67301,0,0,0,N,0,0,0,2,67301,0,,1,1,1430.0,N,N,N,0,,0,0,2,3,2,N,1346,0,2,0,0,0,0,0,3,4,0,2,3,,N,,,,,,,,,,,
2020033526,547.0,0,0,0,0,0,0,0,0,0,8,0,,67,4,2020,4,40.0354,-75.1288,537.0,6,0,0,0,0,0,0,0,0,,0,0,0.0,5,3,1,0,N,0,40 02:07.320,,0,75 07:43.800,8,0,0,0,67301,1,0,0,N,1,0,0,2,67301,0,,1,1,,N,N,N,0,,0,0,1,0,0,,530,1,3,0,0,0,1,0,3,4,1,2,4,4.0,N,,,,,,,,,,,
2020038396,1730.0,1,0,0,0,0,0,0,0,0,4,0,,67,5,2020,7,39.993,-75.1103,1715.0,6,0,0,0,0,0,0,0,0,,0,0,0.0,17,1,1,1,,0,39 59:34.645,,0,75 06:36.928,8,0,0,0,67301,0,0,0,N,0,0,0,2,67508,0,,1,1,,N,N,N,0,,0,0,1,3,2,,1715,1,2,0,0,0,1,0,3,4,0,2,3,,N,,,,,,,,,,,
2020034345,906.0,2,0,0,0,0,0,0,0,0,4,0,,67,4,2020,4,40.0058,-75.097,905.0,6,0,0,0,0,0,1,0,0,,0,0,0.0,8,1,2,1,,0,40 00:20.957,,0,75 05:49.283,3,0,0,0,67301,0,0,0,N,0,0,0,2,67301,0,,1,1,,N,N,Y,0,,2,0,0,3,2,,843,2,2,0,0,2,0,0,3,4,0,2,3,3.0,N,,,,,,,,,,,
2020036598,2225.0,1,0,0,0,0,0,0,0,0,1,0,,67,4,2020,7,39.9866,-75.2081,2225.0,6,0,0,0,0,0,0,0,0,,0,0,0.0,22,3,1,0,N,1,39 59:11.799,3.0,0,75 12:28.985,8,0,0,0,67301,0,0,0,N,0,0,0,2,68K01,0,,1,1,30.0,N,N,N,1,,0,0,0,0,0,N,2225,1,2,0,0,0,1,0,3,4,0,2,3,3.0,N,,,,,,,,,,,
2020070944,1716.0,0,0,0,0,0,0,0,0,0,8,0,,67,8,2020,7,39.9948,-75.1593,1705.0,6,0,0,0,0,0,0,0,0,,0,0,0.0,17,1,1,1,,0,39 59:41.261,,0,75 09:33.552,8,0,0,0,67301,2,0,0,N,2,0,0,3,67301,0,,1,1,,N,N,N,0,,0,0,0,3,2,,1701,1,3,0,0,0,1,1,3,4,0,1,3,,N,,,,,,,,,,,
2020074529,749.0,2,0,0,0,0,0,0,0,0,5,0,,67,8,2020,5,39.9572,-75.1564,746.0,6,0,0,0,0,0,1,0,0,,0,0,0.0,7,1,1,0,N,1,39 57:25.744,4.0,0,75 09:23.158,8,0,0,0,67301,0,0,0,N,0,0,0,3,68K01,0,,1,1,844.0,N,N,N,1,,0,0,0,0,0,N,740,1,3,0,0,0,1,0,3,4,0,3,3,3.0,N,,,,,,,,,,,
2020033552,1000.0,2,0,0,0,0,0,0,0,0,5,0,,67,4,2020,3,39.9977,-75.1227,955.0,6,0,0,0,0,0,0,0,0,,0,0,0.0,9,1,0,0,N,1,39 59:51.553,4.0,0,75 07:21.858,0,0,0,0,67301,0,0,0,N,0,0,0,1,67301,0,,6,1,1040.0,N,N,N,0,,0,0,1,0,0,N,950,0,4,0,0,0,0,0,3,4,1,4,3,3.0,N,,,,,,,,,,,
2020033591,1525.0,0,0,0,0,0,0,0,0,0,4,0,,67,4,2020,7,39.981,-75.2428,1522.0,6,0,0,0,0,0,0,0,0,,0,0,0.0,15,1,2,1,,0,39 58:51.762,,0,75 14:34.076,3,0,0,0,67301,0,0,0,N,0,0,0,6,67301,0,,1,1,,N,N,N,1,,2,0,2,3,2,,1520,2,3,0,0,0,0,0,3,4,0,3,3,3.0,N,,,,,,,,,,,
2020034783,2205.0,1,0,0,0,0,0,0,0,0,1,0,,67,4,2020,6,39.9294,-75.2288,2200.0,6,0,0,0,0,0,0,0,0,,0,0,0.0,20,3,1,0,N,0,39 55:45.980,,0,75 13:43.810,4,0,0,0,67301,0,0,0,N,0,0,0,1,67301,1,,6,1,,N,N,N,0,,0,0,2,0,0,,2038,1,3,0,0,0,0,0,3,4,0,3,3,3.0,N,,,,,,,,,,,
2020033714,1200.0,1,0,0,0,0,0,0,0,0,4,0,90.0,67,4,2020,2,39.9802,-75.1575,1155.0,6,0,0,0,0,0,0,0,0,,0,0,0.0,11,1,0,1,N,1,39 58:48.767,2.0,0,75 09:26.884,0,0,0,0,67301,0,0,0,N,0,0,0,4,67505,0,,1,1,1215.0,N,N,N,1,,0,0,0,3,2,Y,1150,0,2,0,0,0,0,0,3,4,0,2,3,3.0,Y,3.0,8.0,N,Y,,Y,Y,,,,N
2020033882,455.0,1,0,0,0,0,0,0,0,0,5,0,,67,4,2020,1,39.9764,-75.2522,445.0,6,0,0,0,0,0,0,0,0,,0,0,0.0,4,3,0,0,N,0,39 58:34.920,,0,75 15:08.050,0,0,0,0,67301,0,0,0,N,0,0,0,1,67301,0,,6,1,,N,N,N,0,,0,0,1,0,0,,441,0,2,0,0,0,0,0,3,4,0,2,3,,N,,,,,,,,,,,
2020033287,1626.0,0,0,0,0,0,0,0,0,0,1,0,,67,4,2020,4,39.9174,-75.2135,1619.0,6,0,0,0,0,0,1,0,0,,0,0,0.0,16,1,1,0,N,2,39 55:02.795,6.0,0,75 12:48.493,3,0,0,0,67301,0,0,0,N,0,0,0,2,67301,0,,5,1,1628.0,N,N,Y,0,,1,0,2,0,0,N,1618,1,3,0,0,0,0,0,3,4,0,3,3,3.0,N,,,,,,,,,,,
2020033594,535.0,0,0,0,0,0,0,0,0,0,5,0,,67,4,2020,6,39.9825,-75.1284,530.0,6,0,0,0,0,0,0,0,0,,0,0,0.0,5,1,0,0,N,0,39 58:57.160,,0,75 07:42.360,0,0,0,0,67301,0,0,0,N,0,0,0,1,67301,0,,1,1,,N,N,N,2,,0,0,2,9,9,,529,0,5,0,0,1,0,0,3,4,1,5,3,3.0,N,,,,,,,,,,,
2020073063,2335.0,0,0,0,0,0,0,0,0,0,8,0,,67,9,2020,7,39.9892,-75.1589,2328.0,6,0,0,0,0,0,0,0,0,,0,0,0.0,21,3,1,0,N,0,39 59:21.060,,0,75 09:32.130,8,0,0,0,67301,1,0,0,N,1,0,0,3,67301,0,,1,1,,N,N,N,0,,0,0,1,0,0,,2155,1,2,0,0,0,1,0,3,4,0,1,3,3.0,N,,,,,,,,,,,
2020070926,301.0,0,0,0,0,0,0,0,0,0,8,0,,67,8,2020,1,40.0317,-75.1789,301.0,6,0,0,0,0,0,0,0,0,,0,0,0.0,3,8,1,1,,0,40 01:54.231,,0,75 10:43.900,8,0,0,0,67301,1,0,0,N,1,0,0,2,67301,0,,1,1,,N,N,N,0,,0,0,1,3,2,,301,1,2,0,0,1,1,1,3,4,0,1,3,3.0,N,,,,,,,,,,,
2020035009,1801.0,0,0,0,1,0,0,0,0,0,4,0,,67,4,2020,4,39.9524,-75.1468,1800.0,6,0,0,0,0,0,0,0,0,,0,0,0.0,17,1,1,1,,0,39 57:08.532,,0,75 08:48.479,3,0,0,0,67301,1,0,0,N,0,0,0,2,67301,0,,1,1,,N,N,N,1,,1,0,0,3,2,,1755,1,2,0,0,1,0,0,3,4,0,1,3,,N,,,,,,,,,,,
2020034163,7.0,1,0,0,0,0,0,0,0,0,1,0,,67,4,2020,3,39.9719,-75.1627,7.0,6,0,0,0,0,0,1,0,0,,0,0,0.0,23,3,0,1,,1,39 58:18.772,3.0,0,75 09:45.771,0,0,0,0,67301,0,0,0,N,0,0,0,2,67301,0,,1,1,1220.0,N,N,N,0,,0,0,1,3,2,N,2343,0,2,0,0,2,0,0,3,4,0,2,3,3.0,N,,,,,,,,,,,
2020033207,131.0,1,0,0,0,0,0,0,0,0,8,0,,67,4,2020,6,40.03,-75.1226,128.0,6,0,0,0,0,0,0,0,0,,0,0,0.0,1,3,1,1,,0,40 01:47.924,,0,75 07:21.194,8,0,0,0,67301,1,0,0,N,1,0,0,2,67301,0,,1,1,,N,N,N,0,,0,0,0,0,0,,120,1,2,0,0,0,1,0,3,4,0,1,3,3.0,N,,,,,,,,,,,
2020034115,1330.0,1,0,0,0,0,0,0,0,0,1,0,,67,4,2020,3,40.0638,-75.2001,1325.0,6,0,0,0,0,0,0,0,0,,0,0,0.0,13,1,1,0,N,0,40 03:49.520,,0,75 12:00.210,4,0,0,0,67301,0,0,0,N,0,0,0,3,67301,1,,1,9,,N,N,N,0,,0,0,1,9,3,,1320,1,2,0,0,0,0,0,3,4,0,2,7,9.0,N,,,,,,,,,,,
2020034460,1045.0,0,0,0,0,0,0,0,0,0,7,0,,67,4,2020,2,39.9611,-75.182,1045.0,6,0,0,0,0,0,0,0,0,,0,0,0.0,10,1,0,0,N,1,39 57:39.785,4.0,0,75 10:55.306,0,0,0,0,67301,0,0,0,N,0,0,0,1,68K01,0,,4,9,1050.0,N,N,N,0,,0,0,1,0,0,N,1029,0,1,0,0,0,0,0,3,4,0,1,7,,N,,,,,,,,,,,
2020073257,2140.0,2,0,0,0,0,0,0,0,0,5,0,,67,9,2020,2,40.0563,-75.1675,2140.0,6,0,0,0,0,1,0,0,0,,0,0,0.0,21,3,1,2,,0,40 03:22.508,,0,75 10:03.038,4,0,0,0,67301,0,0,0,N,0,0,0,1,67301,1,,1,1,,N,N,N,0,,0,0,0,0,0,,2140,1,2,0,0,0,0,0,3,4,0,2,3,3.0,N,,,,,,,,,,,