CRN,ARRIVAL_TM,AUTOMOBILE_COUNT,BELTED_DEATH_COUNT,BELTED_SUSP_SERIOUS_INJ_COUNT,BICYCLE_COUNT,BICYCLE_DEATH_COUNT,BICYCLE_SUSP_SERIOUS_INJ_COUNT,BUS_COUNT,CHLDPAS_DEATH_COUNT,CHLDPAS_SUSP_SERIOUS_INJ_COUNT,COLLISION_TYPE,COMM_VEH_COUNT,CONS_ZONE_SPD_LIM,COUNTY,CRASH_MONTH,CRASH_YEAR,DAY_OF_WEEK,DEC_LAT,DEC_LONG,DISPATCH_TM,DISTRICT,DRIVER_COUNT_16YR,DRIVER_COUNT_17YR,DRIVER_COUNT_18YR,DRIVER_COUNT_19YR,DRIVER_COUNT_20YR,DRIVER_COUNT_50_64YR,DRIVER_COUNT_65_74YR,DRIVER_COUNT_75PLUS,EST_HRS_CLOSED,FATAL_COUNT,HEAVY_TRUCK_COUNT,HORSE_BUGGY_COUNT,HOUR_OF_DAY,ILLUMINATION,INJURY_COUNT,INTERSECT_TYPE,INTERSECTION_RELATED,LANE_CLOSED,LATITUDE,LN_CLOSE_DIR,LOCATION_TYPE,LONGITUDE,MAX_SEVERITY_LEVEL,MCYCLE_DEATH_COUNT,MCYCLE_SUSP_SERIOUS_INJ_COUNT,MOTORCYCLE_COUNT,MUNICIPALITY,NONMOTR_COUNT,NONMOTR_DEATH_COUNT,NONMOTR_SUSP_SERIOUS_INJ_COUNT,NTFY_HIWY_MAINT,PED_COUNT,PED_DEATH_COUNT,PED_SUSP_SERIOUS_INJ_COUNT,PERSON_COUNT,POLICE_AGCY,POSSIBLE_INJ_COUNT,RDWY_SURF_TYPE_CD,RELATION_TO_ROAD,ROAD_CONDITION,ROADWAY_CLEARED,SCH_BUS_IND,SCH_ZONE_IND,SECONDARY_CRASH,SMALL_TRUCK_COUNT,SPEC_JURIS_CD,SUSP_MINOR_INJ_COUNT,SUSP_SERIOUS_INJ_COUNT,SUV_COUNT,TCD_FUNC_CD,TCD_TYPE,TFC_DETOUR_IND,TIME_OF_DAY,TOT_INJ_COUNT,TOTAL_UNITS,UNB_DEATH_COUNT,UNB_SUSP_SERIOUS_INJ_COUNT,UNBELTED_OCC_COUNT,UNK_INJ_DEG_COUNT,UNK_INJ_PER_COUNT,URBAN_AREA,URBAN_RURAL,VAN_COUNT,VEHICLE_COUNT,WEATHER1,WEATHER2,WORK_ZONE_IND,WORK_ZONE_LOC,WORK_ZONE_TYPE,WORKERS_PRES,WZ_CLOSE_DETOUR,WZ_FLAGGER,WZ_LAW_OFFCR_IND,WZ_LN_CLOSURE,WZ_MOVING,WZ_OTHER,WZ_SHLDER_MDN,WZ_WORKERS_INJ_KILLED
2020034608,1326.0,1,0,0,0,0,0,0,0,0,7,0,,67,4,2020,5,40.0274,-75.0569,1315.0,6,0,0,0,0,0,1,0,0,,0,0,0.0,13,1,1,2,,1,40 01:38.484,4.0,0,75 03:24.719,3,0,0,0,67301,0,0,0,N,0,0,0,1,67301,0,,4,1,1505.0,N,N,N,0,,1,0,0,0,0,N,1310,1,1,0,0,0,0,0,3,4,0,1,4,,N,,,,,,,,,,,
2020073619,1923.0,1,0,0,0,0,0,0,0,0,4,0,,67,8,2020,6,39.8973,-75.1882,1908.0,6,0,0,0,0,1,1,0,0,,0,0,0.0,19,1,2,0,N,0,39 53:53.153,,0,75 11:03.180,3,0,0,0,67301,0,0,0,N,0,0,0,3,68K01,0,,1,1,,N,N,N,0,,2,0,1,0,0,,1906,2,2,0,0,1,0,0,3,4,0,2,3,,N,,,,,,,,,,,
2020073260,118.0,2,0,0,0,0,0,0,0,0,3,0,,67,9,2020,1,39.9518,-75.244,117.0,6,0,0,0,0,0,0,0,0,,0,0,0.0,0,3,3,0,N,9,39 57:06.540,,0,75 14:38.420,3,0,0,0,67301,1,0,0,N,0,0,0,5,67301,0,,1,1,,N,N,N,0,,3,0,0,0,0,U,8,3,2,0,0,1,0,0,3,4,0,2,3,,N,,,,,,,,,,,
2020073050,15.0,2,0,0,0,0,0,0,0,0,1,0,,67,9,2020,1,40.0266,-75.0964,10.0,6,0,0,0,0,0,0,0,0,,0,0,0.0,0,3,3,0,N,0,40 01:35.833,,0,75 05:46.980,3,0,0,0,67301,0,0,0,N,0,0,0,4,67301,0,,1,1,,N,N,N,0,,3,0,0,3,2,,5,3,2,0,0,0,0,0,3,4,0,2,3,3.0,N,,,,,,,,,,,
2020073161,745.0,1,0,0,0,0,0,0,0,0,4,0,,67,9,2020,3,39.9399,-75.2114,744.0,6,0,0,0,0,0,0,0,0,,0,1,0.0,7,1,1,1,,0,39 56:23.517,,0,75 12:41.102,3,0,0,0,67301,0,0,0,N,0,0,0,1,67301,0,,1,1,,N,N,N,0,,1,0,0,3,2,,706,1,2,0,0,0,0,0,3,4,0,2,3,3.0,N,,,,,,,,,,,
2020034597,1752.0,1,0,0,0,0,0,0,0,0,5,0,,67,4,2020,6,39.9254,-75.2375,1752.0,6,0,0,0,0,0,1,0,0,,0,0,0.0,17,4,1,0,N,0,39 55:31.440,,0,75 14:14.880,3,0,0,0,67301,0,0,0,N,0,0,0,1,67301,0,,6,98,,N,N,N,1,,1,0,2,0,0,,1745,1,4,0,0,0,0,0,3,4,0,4,4,,N,,,,,,,,,,,
2020073328,1917.0,2,0,0,0,0,0,0,0,0,4,0,,67,8,2020,7,39.9593,-75.1736,1905.0,6,0,0,0,1,0,1,0,0,,0,0,0.0,19,1,1,0,N,2,39 57:33.640,4.0,0,75 10:24.873,3,0,0,0,67301,0,0,0,N,0,0,0,4,68K01,0,,1,1,30.0,N,N,N,0,,1,0,1,0,0,N,1902,1,3,0,0,0,0,0,3,4,0,3,3,,N,,,,,,,,,,,
2020035718,1007.0,2,0,0,0,0,0,0,0,0,4,0,,67,4,2020,7,40.0265,-75.0422,1003.0,6,0,0,0,0,0,0,0,0,,0,0,0.0,10,1,1,1,,2,40 01:35.410,5.0,0,75 02:31.777,3,0,0,0,67301,0,0,0,N,0,0,0,3,67301,0,,1,9,1215.0,N,N,N,0,,1,0,0,3,3,Y,1002,1,2,0,0,0,0,0,3,4,0,2,4,,N,,,,,,,,,,,
2020073989,941.0,1,0,0,0,0,0,0,0,0,8,0,,67,9,2020,4,40.0701,-74.9815,940.0,6,0,0,0,0,0,0,0,0,,0,0,0.0,9,1,1,0,N,0,40 04:12.225,,0,74 58:53.346,8,0,0,0,67301,1,0,0,N,1,0,0,2,67301,0,,1,1,,N,N,N,0,,0,0,0,3,2,,924,1,2,0,0,0,1,0,3,4,0,1,4,4.0,N,,,,,,,,,,,
2020033042,2345.0,2,0,0,0,0,0,0,0,0,4,0,,67,4,2020,4,40.0227,-75.1482,2343.0,6,0,0,0,0,0,0,0,0,,0,0,0.0,23,3,1,5,,1,40 01:22.197,2.0,0,75 08:53.823,2,0,0,0,67301,0,0,0,N,0,0,0,2,67301,0,,1,1,5.0,N,N,N,0,,0,1,0,3,2,N,2340,1,2,0,0,0,0,0,3,4,0,2,3,,N,,,,,,,,,,,
2020034785,2041.0,4,0,0,0,0,0,0,0,0,5,0,,67,4,2020,7,39.932,-75.1848,2040.0,6,0,0,0,0,0,0,0,0,,0,0,0.0,20,3,0,0,N,0,39 55:55.260,,0,75 11:05.410,0,0,0,0,67301,0,0,0,N,0,0,0,1,67301,0,,6,1,,N,N,N,0,,0,0,1,0,0,,2038,0,5,0,0,0,0,0,3,4,0,5,3,3.0,N,,,,,,,,,,,
2020050143,2255.0,1,0,0,1,0,0,0,0,0,4,0,,67,6,2020,7,39.9544,-75.1631,2245.0,6,0,0,0,0,0,0,0,0,,0,0,0.0,22,3,1,1,,0,39 57:15.859,,0,75 09:47.045,8,0,0,0,67301,1,0,0,N,0,0,0,2,67301,0,,1,1,,N,N,N,0,,0,0,0,3,2,,2240,1,2,0,0,1,1,0,3,4,0,1,3,,N,,,,,,,,,,,
2020034294,1230.0,2,0,0,0,0,0,0,0,0,4,0,,67,4,2020,3,39.9537,-75.2323,1220.0,6,0,0,0,0,0,0,0,0,,0,0,0.0,12,1,0,1,,0,39 57:13.402,,0,75 13:56.207,0,0,0,0,67301,0,0,0,N,0,0,0,2,67301,0,,1,9,,N,N,N,0,,0,0,0,3,3,,1215,0,2,0,0,0,0,0,3,4,0,2,4,,N,,,,,,,,,,,
2020034202,1614.0,1,0,0,0,0,0,0,0,0,7,0,,67,4,2020,5,39.8979,-75.1846,1610.0,6,0,0,0,0,0,0,0,0,,0,0,0.0,16,1,0,0,N,2,39 53:55.618,1.0,0,75 10:21.681,0,0,0,0,67301,0,0,0,N,0,0,0,2,68K01,0,,2,1,1617.0,N,N,N,1,,0,0,0,0,0,Y,1609,0,2,0,0,1,0,0,3,4,0,2,3,,N,,,,,,,,,,,
2020072319,830.0,1,0,0,0,0,0,0,0,0,5,1,,67,9,2020,6,39.9057,-75.1939,819.0,6,0,0,0,0,0,1,0,0,,0,1,0.0,7,1,1,1,,0,39 54:20.725,,0,75 11:37.765,4,0,0,0,67301,0,0,0,N,0,0,0,2,67301,1,,1,1,,N,N,N,0,,0,0,0,3,2,,746,1,2,0,0,0,0,0,3,4,0,2,3,,N,,,,,,,,,,,
2020034398,126.0,1,0,0,0,0,0,0,0,0,7,0,,67,4,2020,5,39.9577,-75.1404,104.0,6,0,0,0,0,0,0,0,0,,0,0,0.0,1,3,4,0,N,0,39 57:27.911,,8,75 08:25.470,3,0,0,0,67301,0,0,0,N,0,0,0,4,68K01,0,,3,1,,N,N,N,0,,4,0,0,0,0,,100,4,1,0,0,0,0,0,3,4,0,1,3,,N,,,,,,,,,,,
2020038184,1842.0,1,0,0,0,0,0,0,0,0,7,0,,67,4,2020,1,39.9766,-75.1961,1837.0,6,0,0,0,0,0,0,0,0,,0,0,0.0,18,1,0,0,N,1,39 58:35.752,4.0,0,75 11:45.874,0,0,0,0,67301,0,0,0,N,0,0,0,2,68K01,0,,2,1,1910.0,N,N,N,0,,0,0,0,0,0,N,1836,0,1,0,0,2,0,0,3,4,0,1,3,3.0,N,,,,,,,,,,,
2020033871,1632.0,1,0,0,0,0,0,0,0,0,4,0,,67,4,2020,1,39.9616,-75.1518,1632.0,6,0,0,0,0,0,0,0,0,,0,0,0.0,16,1,5,1,,0,39 57:41.635,,0,75 09:06.445,4,0,0,0,67301,0,0,0,N,0,0,0,6,67301,5,,1,1,,N,N,N,0,,0,0,1,3,2,,1630,5,2,0,0,0,0,0,3,4,0,2,3,,N,,,,,,,,,,,
2020046648,816.0,0,0,0,0,0,0,0,0,0,7,0,,67,4,2020,7,39.9599,-75.1793,816.0,6,0,0,0,0,0,0,0,0,,0,0,0.0,8,1,0,0,N,1,39 57:35.755,3.0,0,75 10:45.301,0,0,0,0,67301,0,0,0,N,0,0,0,1,68K01,0,,4,9,900.0,N,N,N,1,,0,0,0,0,0,N,816,0,1,0,0,0,0,0,3,4,0,1,7,,N,,,,,,,,,,,
2020034225,915.0,2,0,0,0,0,0,0,0,0,4,0,,67,4,2020,4,40.075,-75.0267,910.0,6,0,0,0,0,0,0,0,1,,0,0,0.0,9,1,1,2,,0,40 04:30.003,,0,75 01:35.994,8,0,0,0,67301,0,0,0,N,0,0,0,2,67301,0,,1,1,,N,N,N,0,,0,0,0,0,0,,905,1,2,0,0,0,1,0,3,4,0,2,3,3.0,N,,,,,,,,,,,
2020074450,1600.0,1,0,0,0,0,0,0,0,0,4,0,,67,9,2020,1,40.0201,-75.149,1600.0,6,0,0,0,0,0,0,0,0,,0,0,0.0,15,1,1,0,N,9,40 01:12.510,,0,75 08:56.500,3,0,0,0,67301,0,0,0,N,0,0,0,2,67301,0,,1,1,,N,N,N,0,,1,0,1,3,2,U,1500,1,2,0,0,0,0,1,3,4,0,2,3,3.0,N,,,,,,,,,,,
2020037632,654.0,1,0,0,0,0,0,0,0,0,5,0,,67,4,2020,5,39.9716,-75.1933,642.0,6,0,0,0,0,0,1,0,0,,0,0,0.0,6,1,0,7,,1,39 58:17.885,4.0,2,75 11:35.895,0,0,0,0,67301,0,0,0,N,0,0,0,4,68K01,0,,1,1,735.0,N,N,N,1,,0,0,0,0,0,Y,641,0,2,0,0,0,0,0,3,4,0,2,3,,N,,,,,,,,,,,
2020072490,1602.0,0,0,0,0,0,0,0,0,0,1,1,,67,9,2020,6,40.1043,-75.0018,1553.0,6,0,0,0,0,0,1,0,0,,0,1,0.0,14,1,1,0,N,2,40 06:15.541,1.0,0,75 00:06.343,3,0,0,0,67301,0,0,0,N,0,0,0,2,67301,0,,1,1,1620.0,N,N,N,0,,1,0,1,3,2,N,1450,1,2,0,0,0,0,0,3,4,0,2,3,3.0,N,,,,,,,,,,,
2020074222,1638.0,0,0,0,0,0,0,0,0,0,7,0,,67,9,2020,4,40.0474,-75.0599,1630.0,6,0,0,0,0,0,0,0,0,,0,0,0.0,15,1,1,0,N,9,40 02:50.609,,0,75 03:35.791,3,0,0,0,67301,0,0,0,N,0,0,0,1,67301,0,,5,1,,N,N,N,0,,1,0,1,3,1,U,1552,1,1,0,0,0,0,0,3,4,0,1,4,4.0,N,,,,,,,,,,,
2020074255,2329.0,3,0,0,0,0,0,0,0,0,4,0,,67,9,2020,2,40.0363,-75.0258,2322.0,6,0,1,0,0,0,0,0,0,,0,0,0.0,22,3,1,1,,1,40 02:10.516,6.0,0,75 01:32.995,3,0,0,0,67301,0,0,0,N,0,0,0,2,67301,0,,1,1,20.0,N,N,N,0,,1,0,0,3,3,N,2240,1,3,0,0,0,0,1,3,4,0,3,3,,N,,,,,,,,,,,
2020032624,1552.0,1,0,0,0,0,0,0,0,0,4,0,,67,4,2020,2,39.9472,-75.2378,1549.0,6,0,0,0,1,0,1,0,0,,0,0,0.0,15,1,1,1,,0,39 56:49.776,,0,75 14:16.112,3,0,0,0,67301,0,0,0,N,0,0,0,3,67301,0,,1,9,,N,N,N,0,,1,0,2,2,3,,1547,1,3,0,0,1,0,0,3,4,0,3,7,4.0,N,,,,,,,,,,,
2020034601,1329.0,0,0,0,0,0,0,0,0,0,4,0,,67,4,2020,3,39.9196,-75.2034,1320.0,6,0,0,0,0,0,0,0,0,,0,0,0.0,13,1,0,0,N,0,39 55:10.500,,3,75 12:12.290,0,0,0,0,67301,0,0,0,N,0,0,0,2,67301,0,,1,1,,N,N,N,0,,0,0,0,0,0,,1312,0,2,0,0,0,0,0,3,4,1,2,3,3.0,N,,,,,,,,,,,
2020032899,210.0,1,0,0,0,0,0,0,0,0,1,0,,67,4,2020,2,39.971,-75.2299,204.0,6,0,0,0,0,0,0,0,0,,0,0,0.0,1,3,0,0,N,0,39 58:15.500,,0,75 13:47.700,0,0,0,0,67301,0,0,0,N,0,0,0,1,67301,0,,6,9,,N,N,N,0,,0,0,1,0,0,,159,0,2,0,0,0,0,0,3,4,0,2,7,,N,,,,,,,,,,,
2020033398,1446.0,2,0,0,0,0,0,0,0,0,5,0,,67,4,2020,6,39.9555,-75.1481,1445.0,6,0,0,0,0,1,0,0,0,,0,0,0.0,14,1,0,0,N,2,39 57:19.787,4.0,2,75 08:53.233,0,0,0,0,67301,0,0,0,N,0,0,0,2,67501,0,,1,1,1520.0,N,N,N,0,,0,0,0,3,8,N,1445,0,2,0,0,0,0,0,3,4,0,2,4,,N,,,,,,,,,,,
2020035400,1503.0,1,0,0,0,0,0,0,0,0,7,0,,67,4,2020,3,39.973,-75.1211,1454.0,6,0,0,0,0,0,0,0,0,,0,0,0.0,14,1,0,0,N,0,39 58:22.888,,0,75 07:16.100,0,0,0,0,67301,0,0,0,N,0,0,0,1,68K01,0,,3,9,,N,N,N,0,,0,0,0,0,0,,1450,0,1,0,0,0,0,0,3,4,0,1,7,4.0,N,,,,,,,,,,,
2020073157,725.0,1,0,0,0,0,0,0,0,0,1,0,,67,9,2020,3,40.0636,-75.0874,713.0,6,0,0,0,0,0,0,0,0,,0,0,0.0,6,1,1,0,N,0,40 03:48.981,,0,75 05:14.799,8,0,0,1,67301,0,0,0,N,0,0,0,2,67301,0,,1,1,,N,N,N,0,,0,0,0,0,0,,656,1,2,0,0,0,1,0,3,4,0,2,3,3.0,N,,,,,,,,,,,
2020033119,1805.0,0,0,0,0,0,0,0,0,0,4,0,,67,4,2020,4,40.0523,-75.008,1757.0,6,0,0,0,0,0,1,0,0,,0,0,0.0,17,1,1,1,,0,40 03:08.339,,0,75 00:28.750,3,0,0,0,67301,0,0,0,N,0,0,0,2,67301,0,,1,1,,N,N,N,1,,1,0,1,3,2,,1757,1,2,0,0,0,0,0,3,4,0,2,3,3.0,N,,,,,,,,,,,
2020033122,1600.0,1,0,0,0,0,0,0,0,0,4,1,,67,4,2020,4,39.9942,-75.1078,1600.0,6,0,0,0,0,0,0,0,0,,0,1,0.0,16,1,1,1,,0,39 59:39.142,,0,75 06:28.047,4,0,0,0,67301,0,0,0,N,0,0,0,3,67301,1,,1,1,,N,N,N,0,,0,0,0,3,2,,1600,1,2,0,0,0,0,0,3,4,0,2,3,3.0,N,,,,,,,,,,,
2020034943,1449.0,1,0,0,0,0,0,0,0,0,8,0,,67,4,2020,4,39.904,-75.2401,1449.0,6,0,0,0,0,0,0,0,0,,0,0,0.0,17,1,1,1,,0,39 54:14.619,,0,75 14:25.049,8,0,0,0,67301,1,0,0,N,1,0,0,2,67301,0,,1,1,,N,N,N,0,,0,0,0,2,2,,1700,1,2,0,0,0,1,0,3,4,0,1,99,3.0,N,,,,,,,,,,,
2020033365,34.0,2,0,0,0,0,0,0,0,0,4,0,,67,4,2020,7,40.0277,-75.0988,30.0,6,0,0,0,0,0,0,0,0,,0,0,0.0,0,3,0,1,,1,40 01:39.734,2.0,0,75 05:55.484,9,0,0,0,67301,0,0,0,N,0,0,0,2,67301,0,,1,8,20.0,N,N,N,0,,0,0,0,3,2,N,20,0,2,0,0,0,0,1,3,4,0,2,3,,N,,,,,,,,,,,
2020034813,1851.0,0,0,0,0,0,0,0,0,0,4,0,,67,4,2020,5,39.9579,-75.1623,1851.0,6,0,0,0,0,0,0,0,0,,0,0,0.0,18,3,0,1,,0,39 57:28.559,,0,75 09:44.326,0,0,0,0,67301,0,0,0,N,0,0,0,2,67301,0,,1,9,,N,N,N,1,,0,0,1,3,2,,1851,0,2,0,0,0,0,0,3,4,0,2,7,4.0,N,,,,,,,,,,,
2020034266,416.0,1,0,0,0,0,0,0,0,0,7,0,,67,4,2020,5,39.9577,-75.1495,408.0,6,0,0,0,0,0,0,0,0,,0,0,0.0,4,3,0,0,N,1,39 57:27.566,3.0,0,75 08:58.147,0,0,0,0,67301,0,0,0,N,0,0,0,1,68K01,0,,4,1,440.0,N,N,N,0,,0,0,0,0,0,N,408,0,1,0,0,0,0,0,3,4,0,1,3,3.0,N,,,,,,,,,,,
2020033874,1849.0,2,0,0,0,0,0,0,0,0,4,0,,67,4,2020,2,40.0413,-75.1152,1827.0,6,0,0,0,0,0,1,0,0,,0,0,0.0,18,1,0,0,N,0,40 02:28.770,,7,75 06:54.870,0,0,0,0,67301,0,0,0,N,0,0,0,2,67301,0,,1,1,,N,N,N,0,,0,0,0,0,0,,1814,0,2,0,0,0,0,0,3,4,0,2,3,,N,,,,,,,,,,,
2020033030,405.0,1,0,0,0,0,0,0,0,0,1,0,,67,4,2020,4,39.959,-75.2355,400.0,6,0,0,0,0,0,0,0,0,,0,0,0.0,4,2,0,0,N,0,39 57:32.286,,0,75 14:07.689,0,0,0,0,67301,0,0,0,N,0,0,0,1,67301,0,,6,9,,N,N,N,0,,0,0,2,0,0,,400,0,3,0,0,0,0,0,3,4,0,3,7,,N,,,,,,,,,,,
2020074526,801.0,0,0,0,0,0,0,0,0,0,8,0,,67,8,2020,2,39.8984,-75.1815,754.0,6,0,0,0,0,0,0,0,0,,0,0,0.0,7,1,1,0,N,0,39 53:55.444,,0,75 10:13.229,3,0,0,0,67301,1,0,0,N,1,0,0,2,68K01,0,,1,1,,N,N,N,1,,1,0,0,0,0,,753,1,2,0,0,0,0,0,3,4,0,1,3,,N,,,,,,,,,,,
2020034598,2149.0,1,0,0,0,0,0,0,0,0,7,0,,67,4,2020,2,39.904,-75.2401,2136.0,6,0,0,0,0,0,0,0,0,,0,0,0.0,21,3,0,1,,0,39 54:14.619,,0,75 14:25.049,0,0,0,0,67301,0,0,0,N,0,0,0,1,67301,0,,4,1,,N,N,N,0,,0,0,0,3,2,,2134,0,1,0,0,0,0,0,3,4,0,1,3,3.0,N,,,,,,,,,,,
2020034749,1228.0,1,0,0,0,0,0,0,0,0,1,0,,67,4,2020,5,40.0029,-75.1289,1228.0,6,0,0,0,0,0,0,0,0,,0,0,0.0,12,1,0,0,N,0,40 00:10.530,,0,75 07:43.880,9,0,0,0,67301,1,0,0,N,0,0,0,2,67301,0,,6,1,,N,N,N,0,,0,0,0,0,0,,1227,0,2,0,0,0,0,1,3,4,1,2,4,3.0,N,,,,,,,,,,,
2020072554,800.0,1,0,0,0,0,0,0,0,0,4,0,,67,8,2020,2,40.057,-75.0343,750.0,6,0,0,0,0,0,1,0,0,,0,0,0.0,6,5,1,1,,0,40 03:25.378,,0,75 02:03.334,3,0,0,0,67301,0,0,0,N,0,0,0,2,67301,0,,1,1,,N,N,N,0,,1,0,1,3,2,,600,1,2,0,0,0,0,1,3,4,0,2,3,3.0,N,,,,,,,,,,,
2020039536,1031.0,1,0,0,0,0,0,0,0,0,7,0,,67,4,2020,6,39.9759,-75.1952,1026.0,6,0,0,0,0,0,0,0,0,,0,0,0.0,10,1,0,0,N,1,39 58:33.095,3.0,0,75 11:42.720,0,0,0,0,67301,0,0,0,N,0,0,0,2,68K01,0,,2,1,30.0,N,N,N,0,,0,0,0,0,0,N,1021,0,1,0,0,0,0,0,3,4,0,1,3,,N,,,,,,,,,,,
2020033650,2222.0,2,0,0,0,0,0,0,0,0,4,0,,67,4,2020,1,39.9633,-75.1885,2220.0,6,0,0,0,0,0,0,0,0,,0,0,0.0,22,3,2,1,,2,39 57:47.719,7.0,0,75 11:18.596,3,0,0,0,67301,0,0,0,N,0,0,0,4,67507,0,,1,1,2315.0,N,N,Y,0,,2,0,0,3,2,Y,2205,2,2,0,0,0,0,0,3,4,0,2,3,,N,,,,,,,,,,,
2020039532,1645.0,1,0,0,0,0,0,0,0,0,7,0,,67,4,2020,2,39.9812,-75.2068,1639.0,6,0,0,0,0,0,0,0,0,,0,0,0.0,16,1,0,0,N,2,39 58:52.207,3.0,0,75 12:24.430,0,0,0,0,67301,0,0,0,N,0,0,0,2,68K01,0,,3,9,30.0,N,N,N,0,,0,0,0,0,0,N,1637,0,1,0,0,0,0,0,3,4,0,1,3,,N,,,,,,,,,,,
2020038921,617.0,0,0,0,0,0,0,0,0,0,7,0,,67,4,2020,2,39.8861,-75.2429,609.0,6,0,0,0,0,0,0,0,0,,0,0,0.0,6,3,0,0,N,1,39 53:10.209,1.0,0,75 14:34.366,0,0,0,0,67301,0,0,0,Y,0,0,0,1,68K01,0,,2,9,615.0,N,N,N,0,,0,0,1,0,0,N,605,0,1,0,0,0,0,0,3,4,0,1,7,,N,,,,,,,,,,,
2020034295,1742.0,3,0,0,0,0,0,0,0,0,4,0,,67,4,2020,6,39.9976,-75.1295,1741.0,6,0,0,0,0,0,0,0,0,,0,0,0.0,17,1,1,1,,0,39 59:51.435,,0,75 07:46.084,3,0,0,0,67301,0,0,0,N,0,0,0,3,67301,0,,1,9,,N,N,N,0,,1,0,1,9,3,,1731,1,4,0,0,1,0,0,3,4,0,4,7,4.0,N,,,,,,,,,,,
2020074094,1401.0,3,0,0,0,0,0,0,0,0,5,0,,67,9,2020,3,39.975,-75.2613,1400.0,6,0,1,0,0,0,0,0,0,,1,0,0.0,14,1,8,3,,0,39 58:30.054,,0,75 15:40.817,1,0,0,0,67301,4,0,0,N,0,0,0,10,67301,0,2.0,1,1,,N,N,N,0,0.0,8,0,1,3,2,,1400,8,7,1,0,4,0,1,3,4,3,7,3,3.0,N,,,,,,,,,,,
2020033553,1205.0,1,0,0,0,0,0,0,0,0,4,0,,67,4,2020,6,40.0171,-75.1385,1148.0,6,0,0,0,0,0,1,0,0,,0,0,0.0,11,1,1,1,,0,40 01:01.588,,0,75 08:18.477,3,0,0,0,67301,0,0,0,N,0,0,0,3,67301,0,,1,1,,N,N,N,0,,1,0,1,3,3,,1148,1,2,0,0,0,0,0,3,4,0,2,3,3.0,N,,,,,,,,,,,
2020033592,253.0,3,0,0,0,0,0,0,0,0,1,0,,67,4,2020,1,39.993,-75.1547,252.0,6,0,0,0,0,0,0,0,0,,0,0,0.0,2,3,0,0,N,0,39 59:34.915,,0,75 09:16.777,9,0,0,0,67301,0,0,0,N,0,0,0,1,67301,0,,6,1,,N,N,N,0,,0,0,1,0,0,,240,0,4,0,0,0,0,1,3,4,0,4,3,,N,,,,,,,,,,,
2020072492,223.0,0,0,0,0,0,0,0,0,0,7,0,,67,9,2020,3,39.892,-75.2244,238.0,6,0,0,0,0,0,0,1,0,,0,1,0.0,2,3,1,0,N,0,39 53:31.239,,1,75 13:27.915,3,0,0,0,67301,0,0,0,N,0,0,0,1,67301,0,,4,1,,N,N,N,0,,1,0,0,0,0,,219,1,1,0,0,0,0,0,3,4,0,1,3,3.0,N,,,,,,,,,,,
2020073484,735.0,0,0,0,0,0,0,0,0,0,7,0,,67,9,2020,5,39.9769,-75.1196,733.0,6,0,0,0,0,0,0,0,0,,2,0,0.0,7,1,0,0,N,0,39 58:36.790,,0,75 07:10.438,1,0,0,0,67301,0,0,0,N,0,0,0,2,67301,0,2.0,4,1,,N,N,N,0,0.0,0,0,1,0,0,,708,0,1,0,0,0,0,0,3,4,0,1,3,3.0,N,,,,,,,,,,,
2020035720,1150.0,1,0,0,0,0,0,0,0,0,4,0,,67,4,2020,7,40.0351,-75.0695,1144.0,6,0,0,0,0,0,0,0,0,,0,0,0.0,11,1,0,1,,1,40 02:06.425,1.0,0,75 04:10.216,0,0,0,0,67301,0,0,0,N,0,0,0,3,67301,0,,1,1,1220.0,N,N,N,0,,0,0,1,3,2,N,1127,0,2,0,0,0,0,0,3,4,0,2,3,,N,,,,,,,,,,,
2020033289,2039.0,1,0,0,0,0,0,0,0,0,1,0,,67,4,2020,5,39.9398,-75.2141,2037.0,6,0,0,0,0,0,0,0,0,,0,0,0.0,20,3,2,0,N,0,39 56:23.230,,0,75 12:50.883,3,0,0,0,67301,2,0,0,N,2,0,0,3,67301,0,,1,1,,N,N,Y,1,,2,0,1,0,0,,2035,2,5,0,0,0,0,0,3,4,0,3,3,3.0,N,,,,,,,,,,,
2020033872,1804.0,1,0,0,0,0,0,0,0,0,4,0,,67,4,2020,2,40.0445,-75.1931,1804.0,6,0,0,0,0,0,2,0,0,,0,0,0.0,18,1,0,1,,1,40 02:40.301,1.0,0,75 11:35.235,0,0,0,0,67301,0,0,0,N,0,0,0,2,67301,0,,1,1,1915.0,N,N,N,0,,0,0,1,3,2,N,1800,0,2,0,0,0,0,0,3,4,0,2,3,3.0,N,,,,,,,,,,,
2020033400,1655.0,2,0,0,0,0,0,0,0,0,4,0,,67,4,2020,5,40.0346,-75.0711,1651.0,6,0,0,0,0,0,0,0,0,,0,0,0.0,16,1,2,1,,1,40 02:04.664,1.0,0,75 04:16.099,2,0,0,0,67301,0,0,0,N,0,0,0,3,67301,0,,1,1,130.0,N,N,N,0,,1,1,1,3,2,N,1645,2,3,0,0,0,0,1,3,4,0,3,3,3.0,N,,,,,,,,,,,
2020037631,640.0,1,0,0,0,0,0,0,0,0,7,0,,67,4,2020,5,40.0405,-75.0054,638.0,6,0,0,0,0,0,0,0,0,,0,0,0.0,6,1,0,0,N,1,40 02:25.927,1.0,0,75 00:19.292,0,0,0,0,67301,0,0,0,N,0,0,0,1,68K01,0,,2,1,645.0,N,N,N,0,,0,0,0,0,0,N,636,0,1,0,0,0,0,0,3,4,0,1,3,3.0,N,,,,,,,,,,,