CRN,ARRIVAL_TM,AUTOMOBILE_COUNT,BELTED_DEATH_COUNT,BELTED_SUSP_SERIOUS_INJ_COUNT,BICYCLE_COUNT,BICYCLE_DEATH_COUNT,BICYCLE_SUSP_SERIOUS_INJ_COUNT,BUS_COUNT,CHLDPAS_DEATH_COUNT,CHLDPAS_SUSP_SERIOUS_INJ_COUNT,COLLISION_TYPE,COMM_VEH_COUNT,CONS_ZONE_SPD_LIM,COUNTY,CRASH_MONTH,CRASH_YEAR,DAY_OF_WEEK,DEC_LAT,DEC_LONG,DISPATCH_TM,DISTRICT,DRIVER_COUNT_16YR,DRIVER_COUNT_17YR,DRIVER_COUNT_18YR,DRIVER_COUNT_19YR,DRIVER_COUNT_20YR,DRIVER_COUNT_50_64YR,DRIVER_COUNT_65_74YR,DRIVER_COUNT_75PLUS,EST_HRS_CLOSED,FATAL_COUNT,HEAVY_TRUCK_COUNT,HORSE_BUGGY_COUNT,HOUR_OF_DAY,ILLUMINATION,INJURY_COUNT,INTERSECT_TYPE,INTERSECTION_RELATED,LANE_CLOSED,LATITUDE,LN_CLOSE_DIR,LOCATION_TYPE,LONGITUDE,MAX_SEVERITY_LEVEL,MCYCLE_DEATH_COUNT,MCYCLE_SUSP_SERIOUS_INJ_COUNT,MOTORCYCLE_COUNT,MUNICIPALITY,NONMOTR_COUNT,NONMOTR_DEATH_COUNT,NONMOTR_SUSP_SERIOUS_INJ_COUNT,NTFY_HIWY_MAINT,PED_COUNT,PED_DEATH_COUNT,PED_SUSP_SERIOUS_INJ_COUNT,PERSON_COUNT,POLICE_AGCY,POSSIBLE_INJ_COUNT,RDWY_SURF_TYPE_CD,RELATION_TO_ROAD,ROAD_CONDITION,ROADWAY_CLEARED,SCH_BUS_IND,SCH_ZONE_IND,SECONDARY_CRASH,SMALL_TRUCK_COUNT,SPEC_JURIS_CD,SUSP_MINOR_INJ_COUNT,SUSP_SERIOUS_INJ_COUNT,SUV_COUNT,TCD_FUNC_CD,TCD_TYPE,TFC_DETOUR_IND,TIME_OF_DAY,TOT_INJ_COUNT,TOTAL_UNITS,UNB_DEATH_COUNT,UNB_SUSP_SERIOUS_INJ_COUNT,UNBELTED_OCC_COUNT,UNK_INJ_DEG_COUNT,UNK_INJ_PER_COUNT,URBAN_AREA,URBAN_RURAL,VAN_COUNT,VEHICLE_COUNT,WEATHER1,WEATHER2,WORK_ZONE_IND,WORK_ZONE_LOC,WORK_ZONE_TYPE,WORKERS_PRES,WZ_CLOSE_DETOUR,WZ_FLAGGER,WZ_LAW_OFFCR_IND,WZ_LN_CLOSURE,WZ_MOVING,WZ_OTHER,WZ_SHLDER_MDN,WZ_WORKERS_INJ_KILLED
2020033205,33.0,1,0,0,0,0,0,0,0,0,4,0,,67,4,2020,5,40.1101,-75.0208,8.0,6,0,0,0,1,0,0,0,0,,0,0,0.0,23,3,0,2,,0,40 06:36.248,,7,75 01:14.771,0,0,0,0,67301,0,0,0,N,0,0,0,1,67301,0,,4,1,,N,N,N,0,,0,0,1,0,0,,2343,0,2,0,0,0,0,0,3,4,0,2,3,3.0,N,,,,,,,,,,,
2020035356,1635.0,1,0,0,0,0,0,0,0,0,4,0,,67,4,2020,7,39.9577,-75.1624,1632.0,6,0,0,0,0,0,1,0,0,,0,0,0.0,16,1,1,5,,0,39 57:27.649,,8,75 09:44.521,3,0,0,0,67301,0,0,0,N,0,0,0,2,67301,0,,1,1,,N,N,N,0,,1,0,1,3,2,,1630,1,2,0,0,0,0,0,3,4,0,2,3,3.0,N,,,,,,,,,,,
2020034344,1541.0,1,0,0,0,0,0,0,0,0,4,0,,67,4,2020,5,40.0108,-75.1022,1541.0,6,0,0,0,1,0,0,0,0,,0,0,0.0,14,1,1,1,,0,40 00:38.775,,0,75 06:08.027,3,0,0,0,67301,0,0,0,N,0,0,0,2,67301,0,,1,1,,N,N,N,1,,1,0,0,3,2,,1420,1,2,0,0,2,0,1,3,4,0,2,3,,N,,,,,,,,,,,
2020033291,2106.0,1,0,0,0,0,0,0,0,0,5,0,,67,4,2020,5,39.9729,-75.1714,2055.0,6,0,0,0,0,0,0,0,0,,0,0,0.0,20,3,0,0,N,0,39 58:22.448,,0,75 10:17.166,0,0,0,0,67301,0,0,0,N,0,0,0,1,67301,0,,6,1,,N,N,N,0,,0,0,1,0,0,,2030,0,2,0,0,0,0,0,3,4,0,2,3,3.0,N,,,,,,,,,,,
2020034129,2138.0,1,0,0,0,0,0,0,0,0,4,0,,67,4,2020,3,39.992,-75.1402,2136.0,6,0,0,0,0,0,0,0,0,,0,0,0.0,21,3,1,1,,0,39 59:31.689,,0,75 08:24.712,3,0,0,0,67301,0,0,0,N,0,0,0,2,67301,0,,1,1,,N,N,N,0,,1,0,1,3,2,,2136,1,2,0,0,0,0,0,3,4,0,2,3,3.0,N,,,,,,,,,,,
2020034769,7.0,0,0,0,0,0,0,0,0,0,7,0,,67,4,2020,5,39.9808,-75.2063,7.0,6,0,0,0,0,0,0,0,0,,0,0,0.0,0,3,1,0,N,0,39 58:50.802,,0,75 12:22.562,8,0,0,0,67301,0,0,0,N,0,0,0,1,68K01,0,,3,9,,N,N,N,0,,0,0,1,0,0,,2,1,1,0,0,0,1,0,3,4,0,1,7,7.0,N,,,,,,,,,,,
2020033180,2031.0,1,0,0,0,0,0,0,0,0,4,0,,67,4,2020,4,40.0334,-75.0906,2031.0,6,0,0,0,0,1,0,0,0,,0,0,0.0,20,3,0,1,,1,40 02:00.267,2.0,0,75 05:26.196,0,0,0,0,67301,0,0,0,N,0,0,0,2,67301,0,,1,1,100.0,N,N,N,0,,0,0,1,3,2,N,2030,0,2,0,0,0,0,0,3,4,0,2,3,3.0,N,,,,,,,,,,,
2020073407,1718.0,1,0,0,0,0,0,0,0,0,5,0,,67,9,2020,3,40.0661,-75.0262,1714.0,6,0,0,0,0,0,0,0,0,,0,0,0.0,17,1,1,0,N,2,40 03:57.995,6.0,0,75 01:34.378,3,0,0,0,67301,0,0,0,N,0,0,0,1,67301,0,,1,1,1815.0,N,N,N,0,,1,0,1,0,0,Y,1710,1,2,0,0,0,0,0,3,4,0,2,3,3.0,N,,,,,,,,,,,
2020033225,2357.0,1,0,0,0,0,0,0,0,0,5,0,,67,4,2020,5,40.0624,-75.1519,2353.0,6,0,0,0,0,0,0,0,0,,0,0,0.0,22,3,1,0,N,0,40 03:44.560,,0,75 09:06.710,3,0,0,0,67301,0,0,0,N,0,0,0,1,67301,0,,4,1,,N,N,N,0,,1,0,1,0,0,,2247,1,2,0,0,0,0,0,3,4,0,2,3,3.0,N,,,,,,,,,,,
2020033041,313.0,1,0,0,0,0,0,0,0,0,0,0,,67,4,2020,4,40.0479,-75.0316,256.0,6,0,0,0,0,1,0,0,0,,0,0,0.0,2,3,0,2,,0,40 02:52.443,,0,75 01:53.885,0,0,0,0,67301,0,0,0,N,0,0,0,1,67301,0,,9,9,,N,N,N,0,,0,0,0,9,2,,256,0,1,0,0,0,0,0,3,4,0,1,7,7.0,N,,,,,,,,,,,
2020033399,1508.0,1,0,0,0,0,0,1,0,0,1,1,,67,4,2020,6,40.0812,-75.0285,1503.0,6,0,0,0,0,0,1,0,0,,0,0,0.0,14,1,0,0,N,0,40 04:52.185,,0,75 01:42.494,0,0,0,0,67301,0,0,0,N,0,0,0,2,67301,0,,1,1,,N,N,N,0,,0,0,0,0,0,,1449,0,2,0,0,0,0,0,3,4,0,2,3,3.0,N,,,,,,,,,,,
2020032621,900.0,1,0,0,0,0,0,0,0,0,7,0,,67,4,2020,2,40.0843,-75.2275,837.0,6,0,0,0,0,0,0,0,0,,0,0,0.0,8,8,0,0,N,0,40 05:03.430,,3,75 13:39.070,0,0,0,0,67301,0,0,0,N,0,0,0,1,67301,0,,4,9,,N,N,N,0,,0,0,0,0,0,,809,0,1,0,0,0,0,0,3,4,0,1,7,8.0,N,,,,,,,,,,,
2020072557,2035.0,0,0,0,0,0,0,0,0,0,0,0,,67,9,2020,6,40.0102,-75.166,2028.0,6,0,0,0,0,0,0,0,0,,0,0,0.0,20,3,1,0,N,0,40 00:36.836,,0,75 09:57.714,3,0,0,1,67301,0,0,0,N,0,0,0,1,67301,0,,1,1,,N,N,N,0,,1,0,0,0,0,,2028,1,2,0,0,0,0,0,3,4,0,1,3,3.0,N,,,,,,,,,,,
2020032667,1241.0,1,0,0,0,0,0,0,0,0,7,0,,67,4,2020,2,39.9197,-75.2029,1241.0,6,0,0,0,0,0,0,0,0,,0,0,0.0,12,1,2,0,N,1,39 55:10.852,4.0,3,75 12:10.382,4,0,0,0,67301,0,0,0,N,0,0,0,2,67301,2,,2,9,1301.0,N,N,N,0,,0,0,0,9,9,N,1240,2,1,0,0,0,0,0,3,4,0,1,7,8.0,N,,,,,,,,,,,
2020034392,1949.0,1,0,0,0,0,0,0,0,0,7,0,,67,4,2020,2,39.9872,-75.0907,1949.0,6,0,0,0,0,0,0,0,0,,0,0,0.0,19,4,1,0,N,2,39 59:13.819,2.0,0,75 05:26.341,3,0,0,0,67301,0,0,0,N,0,0,0,1,68K01,0,,3,1,35.0,N,N,N,0,,1,0,0,0,0,N,1945,1,1,0,0,0,0,0,3,4,0,1,3,3.0,N,,,,,,,,,,,
2020074319,920.0,1,0,0,0,0,0,0,0,0,3,0,,67,9,2020,4,39.9199,-75.2228,915.0,6,0,0,0,0,0,0,0,0,,0,0,0.0,16,1,2,2,,0,39 55:11.745,,0,75 13:21.926,8,0,0,0,67301,0,0,0,N,0,0,0,3,67301,0,,1,1,,N,N,N,1,,0,0,0,3,2,,1600,2,2,0,0,0,2,0,3,4,0,2,4,4.0,N,,,,,,,,,,,
2020033118,2256.0,1,0,0,0,0,0,0,0,0,5,0,,67,4,2020,4,39.9675,-75.1537,2255.0,6,0,0,0,0,0,0,0,0,,0,0,0.0,22,3,0,0,N,0,39 58:02.850,,0,75 09:13.220,0,0,0,0,67301,0,0,0,N,0,0,0,1,67301,0,,6,1,,N,N,N,0,,0,0,1,0,0,,2255,0,2,0,0,1,0,0,3,4,0,2,3,3.0,N,,,,,,,,,,,
2020034197,1630.0,2,0,0,0,0,0,0,0,0,1,0,,67,4,2020,2,40.0334,-75.0201,1630.0,6,0,0,0,0,0,0,0,0,,0,0,0.0,16,1,0,0,N,1,40 02:00.301,1.0,0,75 01:12.436,0,0,0,0,67301,0,0,0,N,0,0,0,3,68K01,0,,1,9,530.0,N,N,Y,0,,0,0,0,0,0,N,1630,0,2,0,0,0,0,0,3,4,0,2,4,4.0,N,,,,,,,,,,,
2020033184,1159.0,1,0,0,0,0,0,0,0,0,4,0,,67,4,2020,5,40.094,-74.9891,1155.0,6,0,0,0,0,0,1,0,1,,0,0,0.0,11,1,2,2,,0,40 05:38.247,,0,74 59:20.747,8,0,0,0,67301,0,0,0,N,0,0,0,3,67301,0,,1,1,,N,N,N,0,,0,0,1,3,2,,1150,2,3,0,0,1,2,0,3,4,1,3,3,3.0,N,,,,,,,,,,,
2020073899,305.0,2,0,0,0,0,0,0,0,0,5,0,,67,8,2020,2,40.0225,-75.1511,300.0,6,0,0,0,0,0,0,0,0,,0,0,0.0,3,3,0,0,N,0,40 01:20.880,,0,75 09:03.990,9,0,0,0,67301,0,0,0,N,0,0,0,1,67301,0,,1,1,,N,N,N,0,,0,0,0,0,0,,300,0,2,0,0,0,0,1,3,4,0,2,3,,N,,,,,,,,,,,
2020036339,1830.0,2,0,0,0,0,0,0,0,0,4,0,,67,4,2020,2,40.0299,-75.035,1816.0,6,0,0,0,0,0,1,0,0,,0,0,0.0,18,1,3,0,N,0,40 01:47.721,,7,75 02:05.996,3,0,0,0,67301,0,0,0,N,0,0,0,4,67301,0,,1,1,,N,N,N,0,,3,0,0,3,2,,1800,3,3,0,0,0,0,0,3,4,1,3,3,3.0,N,,,,,,,,,,,
2020070996,215.0,0,0,0,0,0,0,1,0,0,1,2,,67,8,2020,2,40.0289,-75.0895,9999.0,6,0,0,0,0,0,1,0,0,,0,1,0.0,99,1,4,1,N,0,40 01:44.217,,0,75 05:22.290,4,0,0,0,67301,0,0,0,N,0,0,0,6,67508,1,,1,1,,N,N,Y,0,,0,0,0,3,2,,9999,4,2,0,0,0,3,0,3,4,0,2,3,3.0,N,,,,,,,,,,,
2020073951,138.0,1,0,0,0,0,0,1,0,0,1,1,,67,9,2020,4,39.9558,-75.1915,133.0,6,0,0,0,0,0,1,0,0,,0,0,0.0,1,2,1,1,N,0,39 57:21.085,,0,75 11:29.255,4,0,0,0,67301,0,0,0,N,0,0,0,2,67508,1,,1,1,,N,N,Y,0,,0,0,0,3,2,N,130,1,2,0,0,1,0,0,3,4,0,2,3,3.0,N,,,,,,,,,,,
2020073056,1924.0,1,0,0,0,0,0,0,0,0,8,0,,67,9,2020,3,39.9996,-75.069,1924.0,6,0,0,0,1,0,0,0,0,,0,0,0.0,19,1,1,1,,0,39 59:58.614,,0,75 04:08.279,4,0,0,0,67301,1,0,0,N,1,0,0,3,67301,1,,1,1,,N,N,N,0,,0,0,0,3,3,,1900,1,2,0,0,2,0,0,3,4,0,1,3,3.0,N,,,,,,,,,,,
2020033706,1210.0,1,0,0,0,0,0,0,0,0,4,0,,67,4,2020,1,39.9982,-75.1334,1203.0,6,0,0,0,0,0,0,0,0,,0,0,0.0,12,1,1,1,,2,39 59:53.365,2.0,0,75 08:00.340,3,0,0,1,67301,0,0,0,N,0,0,0,2,67301,0,,1,1,1239.0,N,N,N,0,,1,0,0,3,3,Y,1200,1,2,0,0,1,0,0,3,4,0,2,3,3.0,N,,,,,,,,,,,
2020034224,1238.0,0,0,0,0,0,0,0,0,0,6,0,,67,4,2020,3,40.08,-74.9924,1235.0,6,0,0,0,0,0,0,0,0,,0,0,0.0,12,1,0,0,N,2,40 04:48.110,3.0,0,74 59:32.700,0,0,0,0,67301,0,0,0,N,0,0,0,1,67301,0,,6,9,1530.0,N,N,N,3,,0,0,1,0,0,N,1225,0,4,0,0,0,0,0,3,4,0,4,3,3.0,N,,,,,,,,,,,
2020032961,46.0,2,0,0,0,0,0,0,0,0,4,0,,67,4,2020,4,39.9871,-75.1051,46.0,6,0,0,0,0,0,0,0,0,,0,0,0.0,0,3,0,1,,0,39 59:13.445,,0,75 06:18.215,0,0,0,0,67301,0,0,0,N,0,0,0,2,67301,0,,1,9,,N,N,N,0,,0,0,4,3,2,,46,0,7,0,0,1,0,0,3,4,1,7,7,7.0,N,,,,,,,,,,,
2020033873,1750.0,1,0,0,0,0,0,0,0,0,4,0,,67,4,2020,2,40.0239,-75.1425,1743.0,6,0,0,0,0,0,0,0,0,,0,0,0.0,16,1,0,1,,0,40 01:25.870,,0,75 08:33.165,0,0,0,0,67301,0,0,0,N,0,0,0,2,67301,0,,1,1,,N,N,N,0,,0,0,1,9,3,,1639,0,2,0,0,0,0,0,3,4,0,2,3,3.0,N,,,,,,,,,,,
2020055225,2325.0,0,0,0,0,0,0,0,0,0,8,0,,67,7,2020,3,39.936,-75.1689,2318.0,6,0,0,0,0,0,0,0,0,,0,0,0.0,21,3,1,1,,0,39 56:09.463,,0,75 10:08.032,4,0,0,0,67301,1,0,0,N,1,0,0,2,67301,1,,1,1,,N,N,N,0,,0,0,0,9,9,,2120,1,2,0,0,0,0,1,3,4,0,1,3,,N,,,,,,,,,,,
2020035267,1929.0,1,0,0,0,0,0,0,0,0,8,0,,67,4,2020,4,40.0408,-75.0596,1921.0,6,0,0,0,0,0,0,0,0,,0,0,0.0,19,4,3,0,N,2,40 02:26.950,4.0,0,75 03:34.650,3,0,0,0,67301,2,0,0,N,2,0,0,4,67301,2,,5,1,2015.0,N,N,N,0,,1,0,0,0,0,N,1920,3,4,0,0,0,0,0,3,4,1,2,3,3.0,N,,,,,,,,,,,
2020033440,855.0,1,0,0,0,0,0,0,0,0,7,0,,67,4,2020,7,40.1171,-75.0065,832.0,6,0,0,0,0,0,0,0,0,,0,0,0.0,8,1,0,0,N,0,40 07:01.630,,7,75 00:23.300,9,0,0,0,67301,0,0,0,N,0,0,0,1,67301,0,,4,9,,N,N,N,0,,0,0,0,0,0,,830,0,1,0,0,0,0,1,3,4,0,1,7,,N,,,,,,,,,,,
2020073377,826.0,0,0,0,0,0,0,0,0,0,4,0,,67,9,2020,3,40.0086,-75.0688,814.0,6,0,0,0,0,0,1,0,0,,0,1,0.0,8,1,1,1,,1,40 00:31.034,6.0,0,75 04:07.810,3,0,0,0,67301,0,0,0,N,0,0,0,2,67301,0,,1,1,930.0,N,N,N,1,,1,0,0,3,2,N,813,1,2,0,0,0,0,0,3,4,0,2,3,3.0,N,,,,,,,,,,,
2020037580,1323.0,2,0,0,0,0,0,0,0,0,5,0,,67,5,2020,7,39.963,-75.1904,1319.0,6,0,0,0,0,0,0,0,0,,0,0,0.0,13,1,0,0,N,1,39 57:46.944,3.0,0,75 11:25.530,0,0,0,0,67301,1,0,0,N,0,0,0,2,67507,0,,6,1,1511.0,N,N,N,0,,0,0,0,0,0,Y,1315,0,2,0,0,0,0,0,3,4,0,2,3,,N,,,,,,,,,,,
2020078075,1848.0,1,0,0,0,0,0,0,0,0,2,0,,67,9,2020,7,39.9117,-75.1724,1845.0,6,0,0,0,0,0,0,0,0,,0,0,0.0,18,1,1,1,,0,39 54:42.148,,0,75 10:20.534,3,0,0,0,67301,0,0,0,N,0,0,0,3,67301,0,,1,1,,N,N,N,0,,1,0,1,1,2,,1832,1,2,0,0,1,0,0,3,4,0,2,3,3.0,N,,,,,,,,,,,
2020036245,1650.0,0,0,0,1,0,0,0,0,0,4,0,,67,5,2020,1,39.9504,-75.1926,1649.0,6,0,0,0,0,0,0,0,0,,0,0,0.0,16,1,1,1,N,0,39 57:01.584,,0,75 11:33.305,4,0,0,0,67301,1,0,0,Y,0,0,0,2,67504,1,,1,1,,N,N,N,0,,0,0,0,3,2,,1645,1,2,0,0,0,0,0,3,4,1,1,3,,N,,,,,,,,,,,
2020037660,2301.0,1,0,0,0,0,0,0,0,0,7,0,,67,5,2020,6,39.9598,-75.1783,2301.0,6,0,0,0,0,0,0,0,0,,0,0,0.0,23,3,0,0,N,1,39 57:35.330,3.0,0,75 10:41.939,0,0,0,0,67301,0,0,0,N,0,0,0,1,68K01,0,,4,9,2310.0,N,N,N,0,,0,0,0,0,0,N,2301,0,1,0,0,0,0,0,3,4,0,1,7,,N,,,,,,,,,,,
2020034602,1632.0,1,0,0,0,0,0,0,0,0,4,0,,67,4,2020,3,39.9419,-75.2255,1632.0,6,0,0,0,0,0,1,0,0,,0,0,0.0,16,1,3,1,,1,39 56:30.713,6.0,0,75 13:31.922,3,0,0,0,67301,0,0,0,N,0,0,0,3,67301,1,,1,1,1934.0,N,N,Y,1,,2,0,0,3,2,N,1615,3,2,0,0,0,0,0,3,4,0,2,3,3.0,N,,,,,,,,,,,
2020033290,325.0,1,0,0,0,0,0,0,0,0,5,0,,67,4,2020,6,39.9595,-75.225,318.0,6,0,0,0,0,0,0,0,0,,0,0,0.0,3,3,0,0,N,0,39 57:34.368,,0,75 13:29.847,0,0,0,0,67301,0,0,0,N,0,0,0,1,67301,0,,6,1,,N,N,N,0,,0,0,1,0,0,,315,0,3,0,0,0,0,0,3,4,1,3,3,,N,,,,,,,,,,,
2020074446,1334.0,2,0,0,0,0,0,0,0,0,4,0,,67,8,2020,2,39.9697,-75.2115,1327.0,6,0,0,0,0,0,0,0,0,,0,0,0.0,13,1,1,1,,0,39 58:10.789,,0,75 12:41.484,3,0,0,0,67301,0,0,0,N,0,0,0,3,67301,0,,1,1,,N,N,N,0,,1,0,0,0,0,,1310,1,2,0,0,0,0,1,3,4,0,2,3,,N,,,,,,,,,,,
2020036162,2204.0,2,0,0,0,0,0,0,0,0,4,0,,67,5,2020,7,39.9585,-75.2252,2202.0,6,0,0,0,0,0,1,0,0,,0,0,0.0,21,3,1,1,,0,39 57:30.474,,0,75 13:30.666,3,0,0,0,67301,0,0,0,N,0,0,0,3,67301,0,,1,1,,N,N,N,0,,1,0,0,3,2,,2158,1,2,0,0,0,0,0,3,4,0,2,3,,N,,,,,,,,,,,
2020033703,1134.0,2,0,0,0,0,0,0,0,0,4,0,,67,4,2020,1,39.962,-75.1593,1132.0,6,0,0,0,0,0,0,0,0,,0,0,0.0,11,1,3,1,,1,39 57:43.370,1.0,0,75 09:33.455,3,0,0,0,67301,0,0,0,N,0,0,0,3,67301,0,,1,1,1300.0,N,N,N,0,,3,0,0,3,2,Y,1129,3,2,0,0,1,0,0,3,4,0,2,3,3.0,N,,,,,,,,,,,
2020033550,1335.0,1,0,0,0,0,0,0,0,0,7,0,,67,4,2020,6,39.999,-75.0948,1330.0,6,0,0,0,0,0,0,0,0,,0,0,0.0,13,1,0,0,N,1,39 59:56.250,4.0,0,75 05:41.410,0,0,0,0,67301,0,0,0,N,0,0,0,1,67301,0,,2,1,1430.0,N,N,N,0,,0,0,0,0,0,N,1326,0,1,0,0,0,0,0,3,4,0,1,4,4.0,N,,,,,,,,,,,
2020033548,1635.0,1,0,0,0,0,0,0,0,0,1,0,,67,4,2020,6,39.9846,-75.2243,1624.0,6,0,0,0,0,0,0,0,0,,0,0,0.0,15,1,0,0,N,0,39 59:04.460,,0,75 13:27.410,0,0,0,0,67301,0,0,0,N,0,0,0,3,67301,0,,1,1,,N,N,N,0,,0,0,1,0,0,,1508,0,2,0,0,0,0,0,3,4,0,2,3,3.0,N,,,,,,,,,,,
2020034296,1613.0,2,0,0,0,0,0,0,0,0,1,0,,67,4,2020,4,40.0632,-75.1411,1605.0,6,0,0,0,0,0,0,0,0,,0,0,0.0,15,1,0,0,N,0,40 03:47.670,,0,75 08:28.030,9,0,0,0,67301,0,0,0,N,0,0,0,2,67301,0,,1,1,,N,N,N,0,,0,0,0,0,0,,1530,0,2,0,0,0,0,1,3,4,0,2,3,,N,,,,,,,,,,,
2020074318,935.0,0,0,0,0,0,0,0,0,0,8,1,15.0,67,9,2020,3,39.9072,-75.228,928.0,6,0,0,0,0,0,0,1,0,,0,1,0.0,9,1,6,2,,0,39 54:26.074,,0,75 13:40.897,4,0,0,0,67301,6,0,0,N,6,0,0,7,67301,6,,1,1,,N,N,N,0,,0,0,0,0,0,,911,6,7,0,0,0,0,0,3,4,0,1,3,3.0,Y,2.0,2.0,Y,Y,,N,,,,,N
2020033525,1900.0,0,0,0,0,0,0,0,0,0,4,0,,67,4,2020,7,40.012,-75.1358,1900.0,6,0,0,0,0,0,0,0,0,,0,0,0.0,19,1,1,1,,0,40 00:43.128,,0,75 08:09.038,8,0,0,2,67301,0,0,0,N,0,0,0,2,67301,0,,1,1,,N,N,N,0,,0,0,0,3,2,,1900,1,2,0,0,0,1,0,3,4,0,2,3,3.0,N,,,,,,,,,,,
2020074579,830.0,2,0,0,0,0,0,0,0,0,5,0,,67,8,2020,6,39.9733,-75.2015,830.0,6,0,0,0,0,0,0,0,0,,0,0,0.0,2,2,0,0,N,0,39 58:24.020,,0,75 12:05.560,0,0,0,0,67301,0,0,0,N,0,0,0,0,67301,0,,6,1,,N,N,N,0,,0,0,0,0,0,,200,0,2,0,0,0,0,0,3,4,0,2,3,3.0,N,,,,,,,,,,,
2020029906,1630.0,2,0,0,0,0,0,0,0,0,4,0,,67,3,2020,6,39.9263,-75.165,1622.0,6,0,0,0,0,0,1,0,0,,0,0,0.0,15,1,1,1,,0,39 55:34.575,,0,75 09:53.902,3,0,0,1,67301,0,0,0,N,0,0,0,2,67301,0,,1,1,,N,N,N,0,,1,0,0,0,0,,1530,1,3,0,0,0,0,0,3,4,0,3,3,3.0,N,,,,,,,,,,,
2020048685,1606.0,0,0,0,0,0,0,0,0,0,4,0,,67,6,2020,1,39.9576,-75.1457,1606.0,6,0,0,0,0,0,0,0,0,,0,0,0.0,16,1,0,10,,0,39 57:27.432,,99,75 08:44.473,9,0,0,0,67301,0,0,0,N,0,0,0,2,67301,0,,1,1,,N,N,N,0,,0,0,2,3,2,,1606,0,2,0,0,0,0,1,3,4,0,2,3,,N,,,,,,,,,,,
2020034399,1035.0,1,0,0,0,0,0,0,0,0,7,0,,67,4,2020,5,39.9477,-75.1422,127.0,6,0,0,0,0,0,0,0,0,,0,0,0.0,1,3,0,0,N,0,39 56:51.557,,0,75 08:31.879,0,0,0,0,67301,0,0,0,N,0,0,0,1,68K01,0,,4,1,,N,N,N,0,,0,0,0,0,0,,125,0,1,0,0,0,0,0,3,4,0,1,3,,N,,,,,,,,,,,
2020034226,1324.0,0,0,0,0,0,0,0,0,0,7,0,,67,4,2020,3,39.9993,-75.1905,1322.0,6,0,0,0,0,0,0,0,0,,0,0,0.0,13,1,0,0,N,0,39 59:57.550,,0,75 11:25.949,0,0,0,0,67301,0,0,0,N,0,0,0,1,67301,0,,5,9,,N,N,N,0,,0,0,1,0,0,,1320,0,1,0,0,0,0,0,3,4,0,1,7,4.0,N,,,,,,,,,,,
2020032733,2015.0,1,0,0,0,0,0,0,0,0,7,0,,67,4,2020,2,39.9482,-75.1919,2008.0,6,0,0,0,0,0,0,0,0,,0,0,0.0,20,3,0,0,N,0,39 56:53.400,,0,75 11:30.900,0,0,0,0,67301,0,0,0,N,0,0,0,1,67504,0,,5,1,,N,N,N,0,,0,0,0,0,0,,2008,0,1,0,0,0,0,0,3,4,0,1,3,,N,,,,,,,,,,,
2020079116,133.0,1,0,0,0,0,0,0,0,0,5,0,,67,9,2020,5,39.9584,-75.1804,126.0,6,0,0,0,0,0,0,0,0,,0,0,0.0,1,3,2,0,N,2,39 57:30.242,3.0,0,75 10:49.433,3,0,0,0,67301,0,0,0,N,0,0,0,5,68K01,0,,1,9,150.0,N,N,N,0,,2,0,0,0,0,N,124,2,2,0,0,0,0,1,3,4,0,2,7,,N,,,,,,,,,,,
2020033867,2116.0,1,0,0,0,0,0,0,0,0,5,0,,67,4,2020,2,39.9551,-75.2041,2116.0,6,0,0,0,0,0,0,1,0,,0,0,0.0,21,3,0,0,N,0,39 57:18.257,,0,75 12:14.650,0,0,0,0,67301,0,0,0,N,0,0,0,1,67504,0,,6,1,,N,N,N,1,,0,0,1,0,0,,2116,0,3,0,0,0,0,0,3,4,0,3,3,3.0,N,,,,,,,,,,,
2020073253,930.0,0,0,0,0,0,0,0,0,0,8,1,15.0,67,9,2020,3,39.9072,-75.2281,914.0,6,0,0,0,0,0,0,0,0,,0,1,0.0,9,1,1,2,,2,39 54:26.074,6.0,0,75 13:41.329,8,0,0,0,67301,1,0,0,N,1,0,0,2,67301,0,,1,1,1500.0,N,N,N,0,,0,0,0,9,7,Y,900,1,2,0,0,0,1,0,3,4,0,1,3,3.0,Y,2.0,2.0,Y,Y,N,N,N,N,N,N,Y
2020036092,1453.0,0,0,0,0,0,0,0,0,0,7,0,,67,4,2020,3,39.9599,-75.1788,1450.0,6,0,0,0,0,0,0,0,0,,0,0,0.0,14,1,1,0,N,1,39 57:35.561,3.0,0,75 10:43.762,4,0,0,0,67301,0,0,0,N,0,0,0,1,68K01,1,,4,9,30.0,N,N,N,0,,0,0,1,0,0,N,1444,1,1,0,0,0,0,0,3,4,0,1,7,,N,,,,,,,,,,,
2020073163,205.0,0,0,0,0,0,0,0,0,0,2,0,,67,9,2020,2,40.0256,-75.1223,159.0,6,0,0,0,0,0,0,0,0,,0,0,0.0,1,3,1,1,,0,40 01:31.839,,0,75 07:20.608,4,0,0,0,67301,0,0,0,N,0,0,0,4,67301,1,,1,1,,N,N,N,0,,0,0,2,3,2,,153,1,2,0,0,2,0,2,3,4,0,2,3,3.0,N,,,,,,,,,,,