CRN,ARRIVAL_TM,AUTOMOBILE_COUNT,BELTED_DEATH_COUNT,BELTED_SUSP_SERIOUS_INJ_COUNT,BICYCLE_COUNT,BICYCLE_DEATH_COUNT,BICYCLE_SUSP_SERIOUS_INJ_COUNT,BUS_COUNT,CHLDPAS_DEATH_COUNT,CHLDPAS_SUSP_SERIOUS_INJ_COUNT,COLLISION_TYPE,COMM_VEH_COUNT,CONS_ZONE_SPD_LIM,COUNTY,CRASH_MONTH,CRASH_YEAR,DAY_OF_WEEK,DEC_LAT,DEC_LONG,DISPATCH_TM,DISTRICT,DRIVER_COUNT_16YR,DRIVER_COUNT_17YR,DRIVER_COUNT_18YR,DRIVER_COUNT_19YR,DRIVER_COUNT_20YR,DRIVER_COUNT_50_64YR,DRIVER_COUNT_65_74YR,DRIVER_COUNT_75PLUS,EST_HRS_CLOSED,FATAL_COUNT,HEAVY_TRUCK_COUNT,HORSE_BUGGY_COUNT,HOUR_OF_DAY,ILLUMINATION,INJURY_COUNT,INTERSECT_TYPE,INTERSECTION_RELATED,LANE_CLOSED,LATITUDE,LN_CLOSE_DIR,LOCATION_TYPE,LONGITUDE,MAX_SEVERITY_LEVEL,MCYCLE_DEATH_COUNT,MCYCLE_SUSP_SERIOUS_INJ_COUNT,MOTORCYCLE_COUNT,MUNICIPALITY,NONMOTR_COUNT,NONMOTR_DEATH_COUNT,NONMOTR_SUSP_SERIOUS_INJ_COUNT,NTFY_HIWY_MAINT,PED_COUNT,PED_DEATH_COUNT,PED_SUSP_SERIOUS_INJ_COUNT,PERSON_COUNT,POLICE_AGCY,POSSIBLE_INJ_COUNT,RDWY_SURF_TYPE_CD,RELATION_TO_ROAD,ROAD_CONDITION,ROADWAY_CLEARED,SCH_BUS_IND,SCH_ZONE_IND,SECONDARY_CRASH,SMALL_TRUCK_COUNT,SPEC_JURIS_CD,SUSP_MINOR_INJ_COUNT,SUSP_SERIOUS_INJ_COUNT,SUV_COUNT,TCD_FUNC_CD,TCD_TYPE,TFC_DETOUR_IND,TIME_OF_DAY,TOT_INJ_COUNT,TOTAL_UNITS,UNB_DEATH_COUNT,UNB_SUSP_SERIOUS_INJ_COUNT,UNBELTED_OCC_COUNT,UNK_INJ_DEG_COUNT,UNK_INJ_PER_COUNT,URBAN_AREA,URBAN_RURAL,VAN_COUNT,VEHICLE_COUNT,WEATHER1,WEATHER2,WORK_ZONE_IND,WORK_ZONE_LOC,WORK_ZONE_TYPE,WORKERS_PRES,WZ_CLOSE_DETOUR,WZ_FLAGGER,WZ_LAW_OFFCR_IND,WZ_LN_CLOSURE,WZ_MOVING,WZ_OTHER,WZ_SHLDER_MDN,WZ_WORKERS_INJ_KILLED
2020034309,701.0,2,0,0,0,0,0,0,0,0,4,0,,67,4,2020,6,39.9804,-75.2247,657.0,6,0,0,0,0,0,1,1,0,,0,0,0.0,6,1,0,1,,0,39 58:49.769,,0,75 13:29.078,0,0,0,0,67301,0,0,0,N,0,0,0,2,67301,0,,1,1,,N,N,N,0,,0,0,0,3,2,,640,0,2,0,0,0,0,0,3,4,0,2,3,3.0,N,,,,,,,,,,,
2020034607,917.0,1,0,0,0,0,0,0,0,0,4,0,,67,4,2020,4,40.0306,-75.0826,913.0,6,0,0,0,0,1,0,0,0,,0,0,0.0,9,1,1,1,,2,40 01:50.040,6.0,0,75 04:57.502,8,0,0,0,67301,0,0,0,N,0,0,0,3,67301,0,,1,1,1000.0,N,N,N,1,,0,0,0,3,2,Y,905,1,2,0,0,0,1,0,3,4,0,2,3,,N,,,,,,,,,,,
2020036527,827.0,0,0,0,0,0,0,0,0,0,1,1,,67,4,2020,1,40.012,-75.0755,825.0,6,0,0,0,0,0,0,0,0,,0,1,0.0,8,1,1,0,N,2,40 00:43.135,5.0,0,75 04:31.909,3,0,0,0,67301,0,0,0,N,0,0,0,2,67301,0,,6,1,1000.0,N,N,N,0,,1,0,1,3,1,Y,824,1,2,0,0,1,0,0,3,4,0,2,3,3.0,N,,,,,,,,,,,
2020035719,1115.0,0,0,0,0,0,0,0,0,0,4,0,,67,4,2020,7,40.0086,-75.0688,1111.0,6,0,0,0,0,0,0,0,0,,0,0,0.0,11,1,1,1,,0,40 00:31.034,,0,75 04:07.810,3,0,0,0,67301,0,0,0,N,0,0,0,5,67301,0,,1,9,,N,N,N,0,,1,0,1,3,2,,1105,1,2,0,0,0,0,0,3,4,1,2,4,,N,,,,,,,,,,,
2020073901,2100.0,1,0,0,0,0,0,0,0,0,1,0,,67,9,2020,2,39.9966,-75.1753,1940.0,6,0,0,0,0,0,0,0,0,,0,0,0.0,19,4,2,0,N,9,39 59:47.822,,0,75 10:31.047,3,0,0,0,67301,0,0,0,N,0,0,0,2,67301,0,,1,1,,N,N,N,0,,2,0,1,0,0,U,1938,2,2,0,0,0,0,0,3,4,0,2,3,,N,,,,,,,,,,,
2020036599,452.0,0,0,0,0,0,0,0,0,0,7,0,,67,4,2020,1,39.9303,-75.1983,450.0,6,0,0,0,0,0,0,0,0,,0,0,0.0,4,3,1,0,N,0,39 55:48.966,,0,75 11:53.913,4,0,0,0,67301,0,0,0,N,0,0,0,2,68K01,1,,3,1,,N,N,N,0,,0,0,1,0,0,,449,1,1,0,0,0,0,0,3,4,0,1,3,,N,,,,,,,,,,,
2020034128,1908.0,1,0,0,0,0,0,0,0,0,4,0,,67,4,2020,2,40.0001,-75.1532,1908.0,6,0,0,0,0,0,0,0,0,,0,0,0.0,18,4,2,0,N,1,40 00:00.537,4.0,0,75 09:11.664,2,0,0,0,67301,0,0,0,N,0,0,0,2,67301,0,,1,1,1953.0,N,N,N,0,,1,1,0,3,2,N,1849,2,2,0,1,2,0,0,3,4,1,2,3,,N,,,,,,,,,,,
2020038922,641.0,0,0,0,0,0,0,0,0,0,7,0,,67,4,2020,2,39.8864,-75.2428,641.0,6,0,0,0,0,0,0,0,0,,0,0,0.0,6,3,0,0,N,0,39 53:11.317,,0,75 14:33.707,0,0,0,0,67301,0,0,0,Y,0,0,0,1,68K01,0,,3,9,,N,N,N,0,,0,0,1,0,0,,641,0,1,0,0,0,0,0,3,4,0,1,7,2.0,N,,,,,,,,,,,
2020073385,1830.0,1,0,0,0,0,0,0,0,0,4,0,,67,9,2020,1,39.9696,-75.1407,1818.0,6,0,0,0,0,0,0,0,0,,0,0,0.0,16,1,0,2,,0,39 58:10.600,,0,75 08:26.370,0,0,0,0,67301,0,0,0,N,0,0,0,3,67301,0,,1,1,,N,N,N,0,,0,0,1,3,3,,1646,0,2,0,0,1,0,0,3,4,0,2,3,3.0,N,,,,,,,,,,,
2020039534,1620.0,1,0,0,0,0,0,0,0,0,5,0,,67,4,2020,4,39.971,-75.1931,1615.0,6,0,0,0,0,0,1,0,0,,0,0,0.0,16,1,0,0,N,2,39 58:15.564,4.0,0,75 11:35.173,0,0,0,0,67301,0,0,0,N,0,0,0,2,68K01,0,,1,1,30.0,N,N,N,0,,0,0,1,0,0,N,1613,0,2,0,0,0,0,0,3,4,0,2,3,,N,,,,,,,,,,,
2020035140,845.0,1,0,0,0,0,0,0,0,0,7,0,,67,4,2020,1,40.0324,-75.0212,831.0,6,0,0,0,0,0,0,0,0,,0,0,0.0,8,1,0,0,Y,0,40 01:56.595,,0,75 01:16.199,0,0,0,0,67301,0,0,0,N,0,0,0,3,68K01,0,,3,1,,N,N,N,0,,0,0,0,0,0,,831,0,1,0,0,0,0,0,3,4,0,1,3,,N,,,,,,,,,,,
2020033701,1850.0,2,0,0,0,0,0,0,0,0,1,0,,67,4,2020,1,39.8978,-75.2117,1846.0,6,0,0,0,0,0,0,0,0,,0,0,0.0,18,1,1,0,N,2,39 53:52.038,7.0,3,75 12:42.068,3,0,0,0,67301,0,0,0,N,0,0,0,2,67301,0,,1,1,1915.0,N,N,N,0,,1,0,0,0,0,Y,1845,1,2,0,0,0,0,0,3,4,0,2,3,,N,,,,,,,,,,,
2020078525,2120.0,1,0,0,0,0,0,0,0,0,1,0,,67,9,2020,2,39.8901,-75.2304,2112.0,6,0,0,0,0,0,0,1,0,,0,0,0.0,21,3,0,6,,0,39 53:24.373,,2,75 13:49.430,0,0,0,0,67301,0,0,0,N,0,0,0,2,67301,0,,1,1,,N,N,N,0,,0,0,1,0,0,,2105,0,2,0,0,0,0,0,3,4,0,2,3,3.0,N,,,,,,,,,,,
2020038300,2334.0,1,0,0,0,0,0,0,0,0,7,0,,67,5,2020,7,40.0047,-75.1959,2329.0,6,0,0,0,1,0,0,0,0,,0,0,0.0,23,3,2,0,N,0,40 00:16.954,,0,75 11:45.342,3,0,0,0,67301,0,0,0,N,0,0,0,2,68K01,0,,3,1,,N,N,N,0,,1,0,0,0,0,,2320,2,1,0,0,0,1,0,3,4,0,1,3,,N,,,,,,,,,,,
2020037677,2307.0,2,0,0,0,0,0,0,0,0,4,0,,67,5,2020,6,40.0028,-75.1378,2306.0,6,0,0,0,0,0,1,0,0,,0,0,0.0,23,3,1,1,,0,40 00:10.040,,0,75 08:16.231,3,0,0,0,67301,0,0,0,N,0,0,0,2,67301,0,,1,9,,N,N,N,0,,1,0,0,3,3,,2306,1,2,0,0,0,0,0,3,4,0,2,7,7.0,N,,,,,,,,,,,
2020077900,1733.0,1,0,0,0,0,0,0,0,0,8,0,,67,6,2020,3,40.0293,-75.0946,1731.0,6,0,0,0,0,0,0,0,0,,0,0,0.0,16,1,1,0,N,9,40 01:45.580,,99,75 05:40.380,3,0,0,0,67301,1,0,0,N,1,0,0,2,67301,0,,9,1,,N,N,N,0,,1,0,0,0,0,U,1610,1,2,0,0,0,0,1,3,4,0,1,4,,N,,,,,,,,,,,
2020037928,122.0,2,0,0,0,0,0,0,0,0,4,0,,67,5,2020,4,40.0,-75.165,120.0,6,0,0,0,0,0,0,0,0,,0,0,0.0,0,3,1,1,,2,40 00:00.014,2.0,0,75 09:53.899,3,0,0,0,67301,0,0,0,N,0,0,0,3,67301,0,,1,1,100.0,N,N,N,0,,1,0,0,3,3,N,44,1,3,0,0,0,0,0,3,4,1,3,3,,N,,,,,,,,,,,
2020033699,545.0,1,0,0,0,0,0,1,0,0,4,1,,67,4,2020,7,39.9792,-75.1375,538.0,6,0,0,0,0,0,0,0,0,,0,0,0.0,5,3,1,1,,0,39 58:44.957,,0,75 08:14.888,8,0,0,0,67301,0,0,0,N,0,0,0,3,67508,0,,1,1,,N,N,N,0,,0,0,1,9,2,,535,1,3,0,0,0,1,0,3,4,0,3,3,,N,,,,,,,,,,,
2020034415,1740.0,1,0,0,0,0,0,0,0,0,4,0,,67,4,2020,4,39.9318,-75.1594,1740.0,6,0,0,0,1,0,0,0,0,,0,0,0.0,17,1,1,1,,0,39 55:54.614,,0,75 09:33.911,3,0,0,0,67301,0,0,0,N,0,0,0,2,67301,0,,1,1,,N,N,N,1,,1,0,0,9,3,,1732,1,2,0,0,1,0,0,3,4,0,2,3,3.0,N,,,,,,,,,,,
2020039537,901.0,1,0,0,0,0,0,0,0,0,7,0,,67,4,2020,7,39.9809,-75.2064,855.0,6,0,0,0,0,0,0,0,0,,0,0,0.0,8,1,1,0,N,0,39 58:51.095,,0,75 12:22.978,4,0,0,0,67301,0,0,0,N,0,0,0,1,68K01,1,,5,9,,N,N,N,0,,0,0,0,0,0,,852,1,1,0,0,0,0,0,3,4,0,1,7,4.0,N,,,,,,,,,,,
2020033123,1247.0,1,0,0,0,0,0,0,0,0,4,0,,67,4,2020,5,39.9696,-75.1407,1245.0,6,0,0,0,0,0,0,0,0,,0,0,0.0,12,1,0,1,,0,39 58:10.600,,0,75 08:26.370,0,0,0,0,67301,0,0,0,N,0,0,0,2,67301,0,,1,1,,N,N,N,0,,0,0,1,0,0,,1210,0,2,0,0,0,0,0,3,4,0,2,4,3.0,N,,,,,,,,,,,
2020037627,1926.0,1,0,0,0,0,0,0,0,0,1,0,,67,4,2020,1,39.9003,-75.1575,1916.0,6,0,0,0,0,0,1,0,0,,0,0,0.0,19,1,2,0,N,1,39 54:04.813,1.0,0,75 09:08.303,3,0,0,1,67301,0,0,0,N,0,0,0,3,68K01,0,,1,1,2010.0,N,N,N,0,,1,0,0,0,0,N,1914,2,2,0,0,0,1,0,3,4,0,2,3,,N,,,,,,,,,,,
2020074577,2359.0,1,0,0,0,0,0,0,0,0,4,0,,67,9,2020,2,40.0443,-75.0541,2359.0,6,0,0,0,1,0,0,0,0,,0,1,0.0,23,3,1,5,,0,40 02:39.468,,0,75 03:14.798,4,0,0,0,67301,0,0,0,N,0,0,0,2,67301,1,,1,1,,N,N,N,0,,0,0,0,3,2,,2350,1,2,0,0,0,0,0,3,4,0,2,3,3.0,N,,,,,,,,,,,
2020034164,1303.0,2,0,0,0,0,0,0,0,0,5,0,,67,4,2020,3,40.0074,-75.1895,1301.0,6,0,0,0,0,0,0,0,0,,0,0,0.0,11,1,0,0,N,1,40 00:26.531,2.0,0,75 11:22.374,0,0,0,0,67301,0,0,0,N,0,0,0,1,67301,0,,6,9,1330.0,N,N,N,0,,0,0,0,0,0,N,1123,0,4,0,0,0,0,0,3,4,2,4,7,4.0,N,,,,,,,,,,,
2020069262,1133.0,1,0,0,0,0,0,0,0,0,8,0,,67,8,2020,3,40.0467,-75.1429,1133.0,6,0,0,0,0,0,0,0,0,,0,0,0.0,17,1,2,0,N,0,40 02:48.258,,0,75 08:34.602,2,0,0,0,67301,2,0,1,N,2,0,1,3,67301,0,,1,1,,N,N,N,0,,1,1,0,0,0,,1700,2,3,0,0,0,0,1,3,4,0,1,3,3.0,N,,,,,,,,,,,
2020030047,1027.0,1,0,0,0,0,0,0,0,0,7,0,,67,3,2020,7,39.9464,-75.1892,1007.0,6,0,0,0,0,0,0,0,0,,0,0,0.0,10,1,0,0,N,0,39 56:46.894,,0,75 11:21.258,0,0,0,0,67301,0,0,0,N,0,0,0,1,68K01,0,,4,9,,N,N,N,0,,0,0,0,0,0,,1004,0,1,0,0,0,0,0,3,4,0,1,7,,N,,,,,,,,,,,
2020028098,937.0,0,0,0,0,0,0,0,0,0,1,1,,67,3,2020,6,40.0332,-75.107,928.0,6,0,0,0,0,0,0,0,0,,0,1,0.0,9,1,0,0,Y,0,40 01:59.579,,0,75 06:25.240,0,0,0,0,67301,0,0,0,N,0,0,0,2,67301,0,,1,1,,N,N,N,0,,0,0,1,3,2,,926,0,2,0,0,0,0,0,3,4,0,2,4,,N,,,,,,,,,,,
2020037486,153.0,4,0,0,0,0,0,0,0,0,4,0,,67,5,2020,5,39.9326,-75.1813,153.0,6,0,0,0,0,0,0,0,0,,0,0,0.0,1,3,0,5,N,0,39 55:57.332,,0,75 10:52.838,0,0,0,0,67301,0,0,0,N,0,0,0,1,67301,0,,1,1,,N,N,N,0,,0,0,2,0,0,,153,0,6,0,0,0,0,0,3,4,0,6,3,3.0,N,,,,,,,,,,,
2020079059,852.0,2,0,0,0,0,0,0,0,0,4,0,,67,9,2020,5,40.0096,-75.1561,851.0,6,0,0,0,0,0,0,0,0,,0,0,0.0,7,5,1,0,N,0,40 00:34.660,,0,75 09:21.880,8,0,0,0,67301,0,0,0,N,0,0,0,1,67301,0,,1,1,,N,N,Y,0,,0,0,2,0,0,,724,1,4,0,0,0,1,0,3,4,0,4,3,,N,,,,,,,,,,,
2020039845,1738.0,3,0,0,0,0,0,0,0,0,1,0,,67,5,2020,5,39.9596,-75.1753,1738.0,6,0,0,0,0,0,0,0,0,,0,0,0.0,17,1,1,0,N,2,39 57:34.401,4.0,0,75 10:30.988,3,0,0,0,67301,0,0,0,N,0,0,0,5,68K01,0,,1,1,15.0,N,N,N,1,,1,0,0,0,0,N,1737,1,4,0,0,0,0,0,3,4,0,4,3,3.0,N,,,,,,,,,,,
2020037790,2119.0,1,0,0,0,0,0,0,0,0,4,0,,67,5,2020,6,40.0264,-75.0849,2118.0,6,0,0,0,0,0,0,0,0,,0,0,0.0,21,3,0,1,,1,40 01:34.942,2.0,0,75 05:05.704,0,0,0,0,67301,0,0,0,N,0,0,0,2,67301,0,,1,9,30.0,N,N,N,0,,0,0,1,3,2,N,2117,0,2,0,0,2,0,0,3,4,0,2,7,7.0,N,,,,,,,,,,,
2020039844,1618.0,1,0,0,0,0,0,0,0,0,7,0,,67,5,2020,5,39.9754,-75.1947,1607.0,6,0,0,0,0,0,0,0,0,,0,0,0.0,16,1,0,0,N,2,39 58:31.328,3.0,0,75 11:41.007,0,0,0,0,67301,0,0,0,N,0,0,0,1,68K01,0,,2,1,45.0,N,N,N,0,,0,0,0,0,0,N,1603,0,1,0,0,0,0,0,3,4,0,1,3,,N,,,,,,,,,,,
2020036640,423.0,0,0,0,0,0,0,0,0,0,7,0,,67,5,2020,1,39.8868,-75.2057,419.0,6,0,0,0,0,0,0,0,0,,0,0,0.0,4,3,0,0,N,1,39 53:14.640,2.0,0,75 12:16.202,0,0,0,0,67301,0,0,0,N,0,0,0,2,68K01,0,,3,9,30.0,N,N,N,1,,0,0,0,0,0,N,417,0,1,0,0,0,0,0,3,4,0,1,7,,N,,,,,,,,,,,
2020077116,2107.0,2,0,0,0,0,0,0,0,0,4,0,,67,9,2020,7,40.0808,-75.0286,2057.0,6,0,0,0,0,0,1,0,0,,0,0,0.0,20,3,1,1,,0,40 04:50.725,,0,75 01:42.964,3,0,0,0,67301,0,0,0,N,0,0,0,2,67301,0,,1,1,,N,N,N,0,,1,0,0,3,2,,2055,1,2,0,0,0,0,0,3,4,0,2,3,3.0,N,,,,,,,,,,,
2020076966,728.0,1,0,0,0,0,0,0,0,0,4,0,,67,9,2020,7,39.9709,-75.1558,723.0,6,0,0,0,0,0,1,0,0,,0,0,0.0,7,1,2,0,N,1,39 58:15.341,4.0,0,75 09:21.038,3,0,0,0,67301,0,0,0,N,0,0,0,2,67301,1,,1,1,744.0,N,N,N,0,,1,0,1,0,0,N,723,2,2,0,0,0,0,0,3,4,0,2,3,,N,,,,,,,,,,,
2020029664,524.0,0,0,0,0,0,0,0,0,0,7,0,,67,3,2020,5,40.0409,-75.005,506.0,6,0,0,0,0,0,0,0,0,,0,0,0.0,5,3,0,0,N,0,40 02:27.084,,0,75 00:17.845,0,0,0,0,67301,0,0,0,N,0,0,0,1,68K01,0,,3,9,,N,N,N,0,,0,0,1,0,0,,505,0,1,0,0,0,0,0,3,4,0,1,7,,N,,,,,,,,,,,
2020039799,1012.0,1,0,0,0,0,0,0,0,0,7,0,,67,3,2020,2,39.9596,-75.1766,1008.0,6,0,0,0,0,0,0,0,0,,0,0,0.0,10,1,1,0,N,1,39 57:34.570,3.0,0,75 10:35.926,4,0,0,0,67301,0,0,0,N,0,0,0,1,68K01,1,,4,9,1109.0,N,N,N,0,,0,0,0,0,0,N,1007,1,1,0,0,0,0,0,3,4,0,1,7,,N,,,,,,,,,,,
2020069851,1108.0,1,0,0,0,0,0,0,0,0,1,0,,67,8,2020,1,39.9696,-75.1925,1108.0,6,0,0,0,0,1,1,0,0,,0,0,0.0,11,1,0,0,N,0,39 58:10.651,,0,75 11:32.873,0,0,0,0,67301,0,0,0,N,0,0,0,3,68K01,0,,1,1,,N,N,N,0,,0,0,1,0,0,,1108,0,2,0,0,0,0,0,3,4,0,2,3,3.0,N,,,,,,,,,,,
2020039837,1513.0,0,0,0,0,0,0,0,0,0,5,0,45.0,67,5,2020,3,39.9684,-75.1295,1502.0,6,0,0,0,0,0,0,0,0,,0,0,0.0,15,1,0,0,N,1,39 58:06.259,2.0,0,75 07:46.115,0,0,0,0,67301,0,0,0,N,0,0,0,2,68K01,0,,1,1,1545.0,N,N,N,0,,0,0,1,0,0,Y,1501,0,2,0,0,0,0,0,3,4,1,2,3,,Y,4.0,1.0,N,,,N,Y,,,,N
2020037676,2040.0,1,0,0,0,0,0,0,0,0,1,0,,67,5,2020,5,40.0153,-75.1372,2030.0,6,0,0,0,0,0,0,0,0,,0,0,0.0,11,1,1,1,,0,40 00:55.090,,0,75 08:13.768,3,0,0,0,67301,0,0,0,N,0,0,0,2,67301,0,,1,1,,N,N,N,0,,1,0,1,3,2,,1110,1,2,0,0,1,0,0,3,4,0,2,3,3.0,N,,,,,,,,,,,
2020038093,2045.0,2,0,0,0,0,0,0,0,0,4,0,,67,5,2020,6,39.9386,-75.2217,2040.0,6,0,0,0,0,0,2,0,0,,0,0,0.0,20,3,0,1,,0,39 56:19.035,,0,75 13:17.843,9,0,0,0,67301,0,0,0,N,0,0,0,2,67301,0,,1,9,,N,N,N,0,,0,0,0,1,2,,2040,0,2,0,0,2,0,2,3,4,0,2,7,7.0,N,,,,,,,,,,,
2020047909,1805.0,2,0,0,0,0,0,0,0,0,4,0,,67,5,2020,1,40.0037,-75.0944,1800.0,6,0,0,0,0,0,0,0,0,,0,0,0.0,18,1,4,1,,0,40 00:13.298,,0,75 05:39.820,4,0,0,0,67301,0,0,0,N,0,0,0,6,67301,4,,1,1,,N,N,N,0,,0,0,1,3,3,,1800,4,3,0,0,0,0,0,3,4,0,3,3,98.0,N,,,,,,,,,,,
2020077115,1638.0,2,0,0,0,0,0,0,0,0,1,0,,67,9,2020,6,40.0661,-75.063,1643.0,6,0,0,0,0,0,1,1,0,,0,0,0.0,16,1,1,2,,0,40 03:58.061,,0,75 03:46.964,3,0,0,0,67301,0,0,0,N,0,0,0,3,67301,0,,1,1,,N,N,N,1,,1,0,0,3,2,,1633,1,3,0,0,0,0,0,3,4,0,3,3,3.0,N,,,,,,,,,,,
2020038498,2350.0,0,0,0,0,0,0,0,0,0,7,0,,67,5,2020,7,39.9466,-75.1886,2341.0,6,0,0,0,0,0,0,0,0,,0,0,0.0,23,3,1,0,N,2,39 56:47.705,4.0,0,75 11:18.880,3,0,0,0,67301,0,0,0,N,0,0,0,1,68K01,0,,4,1,1215.0,N,N,N,0,,1,0,1,0,0,Y,2339,1,1,0,0,1,0,0,3,4,0,1,3,3.0,N,,,,,,,,,,,
2020036521,18.0,4,0,0,0,0,0,0,0,0,4,0,,67,5,2020,2,39.9417,-75.2228,14.0,6,0,0,0,0,0,1,0,0,,0,0,0.0,0,3,0,1,,1,39 56:29.979,3.0,7,75 13:22.008,0,0,0,0,67301,0,0,0,N,0,0,0,4,67301,0,,1,1,100.0,N,N,N,0,,0,0,0,3,2,Y,9,0,4,0,0,1,0,0,3,4,0,4,3,3.0,N,,,,,,,,,,,
2020037868,125.0,2,0,0,0,0,0,0,0,0,5,0,,67,5,2020,7,40.0072,-75.0991,121.0,6,0,0,0,0,0,0,0,0,,0,0,0.0,22,3,0,0,N,0,40 00:26.060,,0,75 05:56.910,0,0,0,0,67301,0,0,0,N,0,0,0,1,67301,0,,6,1,,N,N,N,0,,0,0,0,0,0,,2210,0,2,0,0,0,0,0,3,4,0,2,3,3.0,N,,,,,,,,,,,
2020036499,1801.0,1,0,0,0,0,0,0,0,0,8,0,,67,5,2020,1,40.0103,-75.1361,1801.0,6,0,0,0,0,0,0,0,0,,0,0,0.0,17,1,1,0,N,0,40 00:37.021,,0,75 08:09.886,3,0,0,0,67301,1,0,0,N,1,0,0,2,67301,0,,1,1,,N,N,N,0,,1,0,0,0,0,,1758,1,2,0,0,0,0,0,3,4,0,1,3,3.0,N,,,,,,,,,,,
2020038499,35.0,3,0,0,0,0,0,0,0,0,1,0,,67,5,2020,1,39.9422,-75.1937,35.0,6,0,0,1,0,0,1,0,0,,0,0,0.0,0,3,1,0,N,2,39 56:32.014,3.0,0,75 11:37.485,8,0,0,0,67301,0,0,0,N,0,0,0,9,68K01,0,,1,1,200.0,N,N,N,0,,0,0,3,0,0,N,14,1,6,0,0,0,1,0,3,4,0,6,3,3.0,N,,,,,,,,,,,
2020039840,1908.0,0,0,0,0,0,0,0,0,0,7,0,,67,5,2020,4,39.9605,-75.1812,1908.0,6,0,0,0,0,0,1,0,0,,0,0,0.0,19,1,0,7,,0,39 57:37.626,,2,75 10:52.459,0,0,0,0,67301,0,0,0,N,0,0,0,1,68K01,0,,4,8,,N,N,N,0,,0,0,1,0,0,,1908,0,1,0,0,1,0,0,3,4,0,1,7,,N,,,,,,,,,,,
2020029763,1755.0,2,0,0,0,0,0,0,0,0,1,0,,67,3,2020,6,40.0009,-75.1231,1725.0,6,0,0,0,0,0,1,0,0,,0,0,0.0,17,1,2,0,N,1,40 00:03.280,3.0,0,75 07:23.070,3,0,0,0,67301,0,0,0,N,0,0,0,4,67301,1,,1,1,1815.0,N,N,Y,1,,1,0,0,0,0,Y,1722,2,3,0,0,0,0,1,3,4,0,3,3,3.0,N,,,,,,,,,,,
2020030134,700.0,0,0,0,0,0,0,0,0,0,7,0,,67,3,2020,3,39.9486,-75.142,652.0,6,0,0,0,0,0,0,0,0,,0,0,0.0,6,1,1,0,N,1,39 56:54.897,2.0,0,75 08:31.286,4,0,0,0,67301,0,0,0,N,0,0,0,1,68K01,1,,4,9,730.0,N,N,N,0,,0,0,1,0,0,N,651,1,1,0,0,0,0,0,3,4,0,1,7,7.0,N,,,,,,,,,,,
2020027681,609.0,2,0,0,0,0,0,0,0,0,4,0,,67,3,2020,3,40.0542,-75.0493,604.0,6,0,0,0,0,0,1,0,0,,0,0,0.0,6,1,0,1,,1,40 03:15.517,2.0,0,75 02:58.198,0,0,0,0,67301,0,0,0,N,0,0,0,2,67301,0,,1,9,630.0,N,N,N,0,,0,0,0,3,2,N,604,0,2,0,0,0,0,0,3,4,0,2,7,7.0,N,,,,,,,,,,,
2020029764,6.0,0,0,0,0,0,0,0,0,0,7,0,,67,3,2020,7,40.0072,-75.1351,6.0,6,0,0,0,0,0,0,0,0,,0,0,0.0,0,3,0,0,N,2,40 00:25.866,6.0,3,75 08:06.526,9,0,0,0,67301,0,0,0,N,0,0,0,1,67301,0,,1,1,145.0,N,N,N,0,,0,0,1,0,0,Y,4,0,1,0,0,0,0,1,3,4,0,1,3,3.0,N,,,,,,,,,,,
2020069517,1617.0,0,0,0,0,0,0,0,0,0,2,0,,67,8,2020,2,40.0432,-75.1671,1617.0,6,0,0,0,0,0,0,2,0,,0,0,0.0,16,1,1,0,N,0,40 02:35.650,,0,75 10:01.650,4,0,0,0,67301,0,0,0,N,0,0,0,2,67301,1,,1,1,,N,N,N,0,,0,0,2,0,0,,1615,1,2,0,0,0,0,0,3,4,0,2,3,3.0,N,,,,,,,,,,,
2020038383,430.0,2,0,0,0,0,0,0,0,0,1,0,,67,5,2020,7,39.9555,-75.2138,430.0,6,0,0,0,0,0,0,0,0,,0,0,0.0,4,3,0,0,N,0,39 57:19.859,,0,75 12:49.712,0,0,0,0,67301,0,0,0,N,0,0,0,2,67301,0,,1,1,,N,N,N,0,,0,0,0,3,2,,430,0,2,0,0,0,0,0,3,4,0,2,3,,N,,,,,,,,,,,
2020037090,740.0,1,0,0,0,0,0,0,0,0,4,0,,67,5,2020,5,40.0746,-75.0351,735.0,6,0,0,0,0,0,1,0,0,,0,0,0.0,7,1,1,1,,0,40 04:28.594,,0,75 02:06.267,3,0,0,0,67301,0,0,0,N,0,0,0,2,67301,0,,1,1,,N,N,N,0,,1,0,1,3,2,,734,1,2,0,0,0,0,0,3,4,0,2,3,3.0,N,,,,,,,,,,,
2020036520,1657.0,2,0,0,0,0,0,0,0,0,2,0,,67,5,2020,1,39.9137,-75.2436,1655.0,6,0,0,0,0,0,0,0,0,,0,0,0.0,16,1,4,0,N,2,39 54:49.356,5.0,0,75 14:36.949,2,0,0,0,67301,0,0,0,N,0,0,0,5,67301,0,,1,1,2045.0,N,N,N,0,,2,2,1,0,0,Y,1650,4,3,0,0,0,0,0,3,4,0,3,3,3.0,N,,,,,,,,,,,
2020036564,928.0,1,0,0,0,0,0,0,0,0,4,0,,67,5,2020,2,39.9165,-75.1406,928.0,6,0,0,0,0,0,0,0,1,,0,0,0.0,9,1,0,1,,0,39 54:59.470,,7,75 08:26.050,0,0,0,0,67301,0,0,0,N,0,0,0,2,67301,0,,1,1,,N,N,N,0,,0,0,1,3,3,,900,0,2,0,0,0,0,0,3,4,0,2,3,,N,,,,,,,,,,,