CRN,ARRIVAL_TM,AUTOMOBILE_COUNT,BELTED_DEATH_COUNT,BELTED_SUSP_SERIOUS_INJ_COUNT,BICYCLE_COUNT,BICYCLE_DEATH_COUNT,BICYCLE_SUSP_SERIOUS_INJ_COUNT,BUS_COUNT,CHLDPAS_DEATH_COUNT,CHLDPAS_SUSP_SERIOUS_INJ_COUNT,COLLISION_TYPE,COMM_VEH_COUNT,CONS_ZONE_SPD_LIM,COUNTY,CRASH_MONTH,CRASH_YEAR,DAY_OF_WEEK,DEC_LAT,DEC_LONG,DISPATCH_TM,DISTRICT,DRIVER_COUNT_16YR,DRIVER_COUNT_17YR,DRIVER_COUNT_18YR,DRIVER_COUNT_19YR,DRIVER_COUNT_20YR,DRIVER_COUNT_50_64YR,DRIVER_COUNT_65_74YR,DRIVER_COUNT_75PLUS,EST_HRS_CLOSED,FATAL_COUNT,HEAVY_TRUCK_COUNT,HORSE_BUGGY_COUNT,HOUR_OF_DAY,ILLUMINATION,INJURY_COUNT,INTERSECT_TYPE,INTERSECTION_RELATED,LANE_CLOSED,LATITUDE,LN_CLOSE_DIR,LOCATION_TYPE,LONGITUDE,MAX_SEVERITY_LEVEL,MCYCLE_DEATH_COUNT,MCYCLE_SUSP_SERIOUS_INJ_COUNT,MOTORCYCLE_COUNT,MUNICIPALITY,NONMOTR_COUNT,NONMOTR_DEATH_COUNT,NONMOTR_SUSP_SERIOUS_INJ_COUNT,NTFY_HIWY_MAINT,PED_COUNT,PED_DEATH_COUNT,PED_SUSP_SERIOUS_INJ_COUNT,PERSON_COUNT,POLICE_AGCY,POSSIBLE_INJ_COUNT,RDWY_SURF_TYPE_CD,RELATION_TO_ROAD,ROAD_CONDITION,ROADWAY_CLEARED,SCH_BUS_IND,SCH_ZONE_IND,SECONDARY_CRASH,SMALL_TRUCK_COUNT,SPEC_JURIS_CD,SUSP_MINOR_INJ_COUNT,SUSP_SERIOUS_INJ_COUNT,SUV_COUNT,TCD_FUNC_CD,TCD_TYPE,TFC_DETOUR_IND,TIME_OF_DAY,TOT_INJ_COUNT,TOTAL_UNITS,UNB_DEATH_COUNT,UNB_SUSP_SERIOUS_INJ_COUNT,UNBELTED_OCC_COUNT,UNK_INJ_DEG_COUNT,UNK_INJ_PER_COUNT,URBAN_AREA,URBAN_RURAL,VAN_COUNT,VEHICLE_COUNT,WEATHER1,WEATHER2,WORK_ZONE_IND,WORK_ZONE_LOC,WORK_ZONE_TYPE,WORKERS_PRES,WZ_CLOSE_DETOUR,WZ_FLAGGER,WZ_LAW_OFFCR_IND,WZ_LN_CLOSURE,WZ_MOVING,WZ_OTHER,WZ_SHLDER_MDN,WZ_WORKERS_INJ_KILLED
2020078715,1331.0,0,0,0,0,0,0,0,0,0,8,0,,67,9,2020,2,39.9715,-75.2258,1330.0,6,0,0,0,0,0,0,0,0,,0,0,0.0,12,1,1,1,,9,39 58:17.282,,99,75 13:33.038,3,0,0,0,67301,1,0,0,N,1,0,0,2,67301,0,,1,1,,N,N,N,0,,1,0,1,3,2,U,1225,1,2,0,0,0,0,1,3,4,0,1,3,3.0,N,,,,,,,,,,,
2020038350,640.0,1,0,0,0,0,0,0,0,0,7,0,,67,5,2020,7,39.9172,-75.2463,635.0,6,0,0,0,0,0,0,0,0,,0,0,0.0,6,1,0,0,N,0,39 55:01.859,,0,75 14:46.691,9,0,0,0,67301,0,0,0,N,0,0,0,2,67301,0,,3,1,,N,N,N,0,,0,0,0,0,0,,635,0,1,0,0,0,0,1,3,4,0,1,3,4.0,N,,,,,,,,,,,
2020037718,1904.0,1,0,0,0,0,0,0,0,0,4,0,,67,5,2020,7,39.9552,-75.1983,1904.0,6,0,0,0,0,0,0,0,0,,0,0,0.0,19,1,0,1,N,0,39 57:18.553,,0,75 11:53.991,0,0,0,0,67301,0,0,0,N,0,0,0,3,67504,0,,1,1,,N,N,N,0,,0,0,1,3,2,N,1904,0,2,0,0,1,0,0,3,4,0,2,3,3.0,N,,,,,,,,,,,
2020077050,1541.0,2,0,0,0,0,0,0,0,0,5,0,,67,9,2020,7,40.0218,-75.1484,1539.0,6,0,0,0,0,0,0,0,0,,0,0,0.0,15,1,1,0,Y,1,40 01:18.579,1.0,0,75 08:54.215,3,0,0,0,67301,0,0,0,N,0,0,0,4,67301,0,,1,1,1643.0,N,N,N,0,,1,0,1,0,0,U,1537,1,3,0,0,0,0,0,3,4,0,3,3,,N,,,,,,,,,,,
2020036669,1004.0,2,0,0,0,0,0,0,0,0,4,0,,67,5,2020,1,39.9934,-75.1508,958.0,6,0,0,0,0,0,0,0,0,,0,0,0.0,9,1,3,1,,1,39 59:36.439,3.0,0,75 09:03.006,4,0,0,0,67301,0,0,0,N,0,0,0,3,67301,1,,1,1,1158.0,N,N,N,0,,0,0,2,3,2,Y,957,3,4,0,0,0,2,0,3,4,0,4,4,4.0,N,,,,,,,,,,,
2020039851,1754.0,1,0,0,0,0,0,0,0,0,7,0,,67,5,2020,6,39.9395,-75.1436,1747.0,6,0,0,0,0,0,0,0,0,,0,0,0.0,17,1,0,0,N,2,39 56:22.332,2.0,2,75 08:36.839,0,0,0,0,67301,0,0,0,N,0,0,0,1,68K01,0,,4,9,15.0,N,N,N,0,,0,0,0,0,0,N,1745,0,1,0,0,0,0,0,3,4,0,1,7,,N,,,,,,,,,,,
2020030601,1250.0,1,0,0,0,0,0,0,0,0,4,0,,67,3,2020,7,40.0219,-75.1276,1248.0,6,0,0,0,0,0,0,0,0,,0,0,0.0,12,1,1,2,,1,40 01:19.016,3.0,0,75 07:39.280,3,0,0,0,67301,0,0,0,N,0,0,0,3,67301,0,,1,9,1315.0,N,N,N,0,,1,0,1,0,0,N,1245,1,2,0,0,0,0,0,3,4,0,2,7,7.0,N,,,,,,,,,,,
2020027326,1731.0,1,0,0,0,0,0,0,0,0,4,0,,67,3,2020,3,40.0596,-75.1878,1731.0,6,0,0,0,0,0,0,0,1,,0,0,0.0,15,1,2,1,,0,40 03:34.577,,0,75 11:16.111,3,0,0,0,67301,0,0,0,N,0,0,0,3,67301,0,,1,1,,N,N,N,0,,2,0,1,9,3,,1553,2,2,0,0,0,0,0,3,4,0,2,3,3.0,N,,,,,,,,,,,
2020031072,1547.0,1,0,0,0,0,0,0,0,0,7,0,,67,3,2020,1,39.997,-75.1964,1539.0,6,0,0,0,0,0,0,0,0,,0,0,0.0,15,1,0,0,Y,2,39 59:49.137,4.0,0,75 11:47.065,0,0,0,0,67301,0,0,0,N,0,0,0,1,68K01,0,,2,1,1610.0,N,N,N,0,,0,0,0,0,0,Y,1537,0,2,0,0,0,0,0,3,4,0,1,3,,N,,,,,,,,,,,
2020068078,1642.0,1,0,0,0,0,0,0,0,0,5,0,,67,8,2020,4,39.8786,-75.2497,1642.0,6,0,0,0,0,0,1,0,0,,0,0,0.0,15,1,0,0,N,0,39 52:43.013,,0,75 14:58.872,0,0,0,0,67301,0,0,0,N,0,0,0,3,68K01,0,,1,9,,N,N,N,0,,0,0,1,0,0,,1530,0,2,0,0,0,0,0,3,4,0,2,7,,N,,,,,,,,,,,
2020034248,2319.0,1,0,0,0,0,0,0,0,0,7,0,,67,3,2020,7,39.9815,-75.2071,2300.0,6,0,0,0,0,0,0,0,0,,0,0,0.0,23,2,0,0,N,2,39 58:53.311,3.0,0,75 12:25.629,9,0,0,0,67301,0,0,0,N,0,0,0,1,68K01,0,,4,98,30.0,N,N,N,0,,0,0,0,0,0,N,2300,0,1,0,0,0,0,1,3,4,0,1,7,7.0,N,,,,,,,,,,,
2020031073,1740.0,0,0,0,0,0,0,0,0,0,7,0,,67,3,2020,2,39.9865,-75.092,1740.0,6,0,0,0,0,0,0,0,0,,0,0,0.0,17,1,0,0,N,1,39 59:11.368,2.0,0,75 05:31.046,0,0,0,0,67301,0,0,0,N,0,0,0,1,68K01,0,,3,9,625.0,N,N,N,0,,0,0,1,0,0,N,1734,0,1,0,0,0,0,0,3,4,0,1,7,3.0,N,,,,,,,,,,,
2020036789,1615.0,1,0,0,1,0,0,0,0,0,4,0,,67,5,2020,3,39.9991,-75.115,1615.0,6,0,0,0,0,0,0,0,0,,0,0,0.0,16,1,1,0,N,0,39 59:56.810,,0,75 06:53.880,3,0,0,0,67301,1,0,0,N,0,0,0,2,67301,0,,1,1,,N,N,N,0,,1,0,0,0,0,,1600,1,2,0,0,0,0,0,3,4,0,1,3,,N,,,,,,,,,,,
2020036024,9.0,1,0,0,0,0,0,0,0,0,5,0,,67,5,2020,7,40.0419,-75.1591,9.0,6,0,0,0,0,0,0,0,0,,0,0,0.0,0,3,0,0,N,0,40 02:30.900,,0,75 09:32.581,0,0,0,0,67301,0,0,0,N,0,0,0,2,67301,0,,1,1,,N,N,N,0,,0,0,0,9,9,,9,0,2,0,0,0,0,0,3,4,0,2,3,3.0,N,,,,,,,,,,,
2020037726,1830.0,1,0,0,0,0,0,0,0,0,8,0,,67,5,2020,1,39.9908,-75.1309,1830.0,6,0,0,0,0,0,0,0,0,,0,0,0.0,15,1,1,1,,0,39 59:27.376,,0,75 07:51.301,3,0,0,0,67301,1,0,0,N,1,0,0,2,67301,0,,1,1,,N,N,N,0,,1,0,0,9,9,,1500,1,2,0,0,0,0,0,3,4,0,1,3,3.0,N,,,,,,,,,,,
2020036788,650.0,2,0,0,0,0,0,0,0,0,4,0,,67,5,2020,1,39.9337,-75.1737,646.0,6,0,0,0,0,0,0,0,0,,0,0,0.0,6,1,3,1,,0,39 56:01.230,,0,75 10:25.210,3,0,0,0,67301,0,0,0,N,0,0,0,7,67301,0,,1,1,,N,N,N,0,,3,0,0,3,3,,646,3,2,0,0,0,0,0,3,4,0,2,3,3.0,N,,,,,,,,,,,
2020076967,1755.0,1,0,0,0,0,0,0,0,0,4,0,,67,9,2020,6,39.9815,-75.1173,1753.0,6,0,0,0,0,0,0,0,0,,0,0,0.0,14,1,2,1,,0,39 58:53.344,,0,75 07:02.419,2,0,1,1,67301,0,0,0,N,0,0,0,3,67301,0,,1,1,,N,N,N,0,,1,1,0,3,2,,1445,2,2,0,0,0,0,0,3,4,0,2,3,,N,,,,,,,,,,,
2020036302,2348.0,1,0,0,0,0,0,0,0,0,1,0,,67,5,2020,1,39.9911,-75.1425,2348.0,6,0,0,0,0,0,0,0,0,,0,0,0.0,23,6,0,0,N,0,39 59:27.810,,0,75 08:32.850,9,0,0,0,67301,0,0,0,N,0,0,0,1,67301,0,,1,99,,N,N,N,1,,0,0,0,9,9,,2330,0,2,0,0,0,0,1,3,4,0,2,3,,N,,,,,,,,,,,
2020036300,2020.0,0,0,0,1,0,0,0,0,0,4,0,,67,5,2020,1,39.936,-75.1689,2017.0,6,0,0,0,0,0,0,0,0,,0,0,0.0,20,4,1,1,,0,39 56:09.463,,0,75 10:08.032,8,0,0,0,67301,1,0,0,N,0,0,0,3,67301,0,,1,1,,N,N,N,0,,0,0,1,3,3,,2015,1,2,0,0,0,1,0,3,4,0,1,3,3.0,N,,,,,,,,,,,
2020037929,1830.0,2,0,0,0,0,0,0,0,0,2,0,,67,5,2020,7,40.0094,-75.1521,1830.0,6,0,0,0,0,0,0,0,0,,0,0,0.0,18,1,0,2,,2,40 00:33.716,7.0,0,75 09:07.519,0,0,0,0,67301,0,0,0,N,0,0,0,5,67301,0,,1,1,1914.0,N,N,N,0,,0,0,0,3,2,Y,1823,0,2,0,0,2,0,0,3,4,0,2,3,3.0,N,,,,,,,,,,,
2020077984,106.0,1,0,0,0,0,0,0,0,0,1,0,,67,9,2020,2,40.0079,-75.2016,101.0,6,0,0,0,0,0,0,0,0,,0,0,0.0,1,3,0,0,N,0,40 00:28.591,,0,75 12:05.670,9,0,0,0,67301,0,0,0,N,0,0,0,3,68K01,0,,1,1,,N,N,N,0,,0,0,0,0,0,,100,0,2,0,0,0,0,1,3,4,0,2,3,,N,,,,,,,,,,,
2020041965,512.0,1,0,0,0,0,0,0,0,0,7,0,,67,5,2020,2,39.9012,-75.153,502.0,6,0,0,0,0,0,0,1,0,,0,0,0.0,5,3,0,0,N,2,39 54:06.294,2.0,0,75 09:06.887,0,0,0,0,67301,0,0,0,N,0,0,0,1,68K01,0,,3,1,514.0,N,N,N,0,,0,0,0,0,0,N,501,0,1,0,0,0,0,0,3,4,0,1,3,,N,,,,,,,,,,,
2020036299,2140.0,1,0,0,0,0,0,0,0,0,7,0,,67,5,2020,1,40.0379,-75.1011,2140.0,6,0,0,0,0,0,0,0,0,,0,0,0.0,21,3,0,0,N,0,40 02:16.530,,0,75 06:03.810,0,0,0,0,67301,0,0,0,N,0,0,0,1,67301,0,,3,1,,N,N,N,0,,0,0,0,0,0,,2135,0,1,0,0,1,0,0,3,4,0,1,4,4.0,N,,,,,,,,,,,
2020078896,1135.0,1,0,0,0,0,0,0,0,0,4,0,,67,9,2020,5,40.0808,-75.0286,1128.0,6,0,0,0,0,0,1,0,0,,0,0,0.0,11,1,1,2,,1,40 04:50.820,1.0,0,75 01:42.117,3,0,0,0,67301,0,0,0,N,0,0,0,2,67301,0,,1,1,29.0,N,N,N,0,,1,0,1,3,2,U,1124,1,2,0,0,2,0,0,3,4,0,2,3,3.0,N,,,,,,,,,,,
2020027763,1130.0,0,0,0,0,0,0,0,0,0,8,0,,67,3,2020,2,40.0092,-75.1511,1130.0,6,0,0,0,0,0,0,0,0,,0,0,0.0,9,1,1,1,,0,40 00:33.277,,0,75 09:04.079,3,0,0,0,67301,1,0,0,N,1,0,0,2,67301,0,,1,1,,N,N,N,0,,1,0,1,0,0,,922,1,2,0,0,0,0,0,3,4,0,1,3,3.0,N,,,,,,,,,,,
2020029834,2126.0,3,0,0,0,0,0,0,0,0,4,0,,67,3,2020,6,39.9548,-75.228,2126.0,6,0,0,0,0,1,0,1,0,,0,0,0.0,21,3,0,1,,0,39 57:17.413,,0,75 13:40.742,0,0,0,0,67301,0,0,0,N,0,0,0,4,67301,0,,1,1,,N,N,N,0,,0,0,1,3,2,,2126,0,4,0,0,0,0,0,3,4,0,4,3,,N,,,,,,,,,,,
2020027340,2340.0,2,0,0,0,0,0,0,0,0,2,0,,67,3,2020,3,40.1215,-74.9991,2321.0,6,0,0,0,0,0,0,0,0,,0,0,0.0,23,3,0,0,N,0,40 07:17.470,,0,74 59:56.700,0,0,0,0,67301,0,0,0,N,0,0,0,1,67301,0,,6,1,,N,N,N,1,,0,0,0,0,0,,2307,0,3,0,0,0,0,0,3,4,0,3,3,3.0,N,,,,,,,,,,,
2020078395,1530.0,1,0,0,0,0,0,0,0,0,1,0,,67,9,2020,5,40.0093,-75.2049,1510.0,6,0,0,0,0,0,0,0,0,,0,0,0.0,14,1,0,0,N,0,40 00:33.399,,0,75 12:17.699,0,0,0,0,67301,0,0,0,N,0,0,0,2,68K01,0,,3,1,,N,N,N,1,,0,0,0,0,0,,1450,0,2,0,0,0,0,0,3,4,0,2,3,,N,,,,,,,,,,,
2020036668,740.0,0,0,0,0,0,0,0,0,0,5,0,,67,5,2020,2,40.0451,-75.0328,732.0,6,0,0,0,0,0,0,0,0,,0,0,0.0,6,5,0,0,N,0,40 02:42.530,,0,75 01:57.920,9,0,0,0,67301,0,0,0,N,0,0,0,1,67301,0,,6,1,,N,N,N,0,,0,0,1,0,0,,600,0,2,0,0,0,0,1,3,4,0,2,3,3.0,N,,,,,,,,,,,
2020078386,1311.0,0,0,0,0,0,0,0,0,0,1,0,,67,9,2020,4,39.9461,-75.1896,1305.0,6,0,0,0,0,0,0,1,0,,0,0,0.0,13,1,0,6,N,0,39 56:45.818,,2,75 11:22.661,0,0,0,0,67301,0,0,0,N,0,0,0,3,68K01,0,,1,1,,N,N,N,1,,0,0,1,0,0,,1303,0,2,0,0,0,0,0,3,4,0,2,3,,N,,,,,,,,,,,
2020037888,1834.0,1,0,0,0,0,0,0,0,0,4,0,,67,5,2020,2,40.0275,-75.0991,1829.0,6,0,0,0,0,0,1,0,0,,0,0,0.0,18,1,4,1,,1,40 01:39.097,1.0,0,75 05:56.781,3,0,0,0,67301,0,0,0,N,0,0,0,5,67301,0,,1,1,1915.0,N,N,N,0,,4,0,0,3,2,N,1824,4,2,0,0,1,0,0,3,4,1,2,3,,N,,,,,,,,,,,
2020037045,1025.0,1,0,0,0,0,0,0,0,0,4,0,,67,5,2020,1,40.027,-75.0977,1017.0,6,0,0,0,0,0,0,0,0,,0,0,0.0,10,1,2,0,N,2,40 01:37.299,2.0,0,75 05:51.841,3,0,0,0,67301,0,0,0,N,0,0,0,2,67301,0,,1,1,1235.0,N,N,N,0,,2,0,1,3,8,Y,1009,2,2,0,0,1,0,0,3,4,0,2,4,,N,,,,,,,,,,,
2020037048,2330.0,1,0,0,0,0,0,0,0,0,4,0,,67,5,2020,3,40.0312,-75.1458,2327.0,6,0,0,0,0,0,0,0,0,,0,0,0.0,22,3,2,1,,0,40 01:52.420,,0,75 08:44.761,3,0,0,0,67301,0,0,0,N,0,0,0,3,67301,0,,1,1,,N,N,N,0,,2,0,1,3,2,,2229,2,2,0,0,0,0,0,3,4,0,2,3,3.0,N,,,,,,,,,,,
2020037791,1255.0,3,0,0,0,0,0,0,0,0,4,0,,67,5,2020,7,39.9893,-75.1556,1252.0,6,0,0,0,0,0,0,0,0,,0,0,0.0,12,1,0,0,N,0,39 59:21.289,,7,75 09:20.217,0,0,0,0,67301,0,0,0,N,0,0,0,2,67301,0,,1,1,,N,N,N,0,,0,0,0,0,0,,1250,0,3,0,0,0,0,0,3,4,0,3,3,3.0,N,,,,,,,,,,,
2020030937,1458.0,1,0,0,0,0,0,0,0,0,7,0,,67,3,2020,1,40.0338,-75.0202,1440.0,6,0,0,0,0,0,0,0,0,,0,0,0.0,14,1,1,0,N,1,40 02:01.560,2.0,0,75 01:12.641,4,0,0,0,67301,0,0,0,N,0,0,0,1,68K01,1,,4,1,1546.0,N,N,N,0,,0,0,0,0,0,Y,1431,1,1,0,0,0,0,0,3,4,0,1,3,,N,,,,,,,,,,,
2020068091,640.0,1,0,0,0,0,0,0,0,0,2,0,,67,8,2020,1,39.8991,-75.174,629.0,6,0,0,1,0,0,0,0,0,,0,0,0.0,6,5,3,0,N,1,39 53:55.826,2.0,0,75 10:15.671,3,0,0,0,67301,0,0,0,N,0,0,0,4,68K01,1,,1,9,650.0,N,N,N,0,,2,0,1,0,0,N,623,3,2,0,0,0,0,0,3,4,0,2,7,7.0,N,,,,,,,,,,,
2020028823,1757.0,1,0,0,0,0,0,0,0,0,4,0,,67,3,2020,2,40.0506,-75.1775,1747.0,6,0,0,0,0,0,0,0,0,,0,0,0.0,17,1,1,1,,0,40 03:02.195,,0,75 10:38.823,3,0,0,0,67301,0,0,0,N,0,0,0,3,67301,0,,1,9,,N,N,N,0,,1,0,0,3,2,,1744,1,2,0,0,0,0,0,3,4,0,2,7,7.0,N,,,,,,,,,,,
2020034037,453.0,1,0,0,0,0,0,0,0,0,7,0,,67,3,2020,1,40.0075,-75.2012,446.0,6,0,0,0,0,0,0,0,0,,0,0,0.0,4,3,1,0,N,1,40 00:27.175,3.0,0,75 12:04.404,4,0,0,0,67301,0,0,0,N,0,0,0,1,68K01,1,,4,9,520.0,N,N,N,0,,0,0,0,0,0,N,445,1,1,0,0,0,0,0,3,4,0,1,3,3.0,N,,,,,,,,,,,
2020069347,1530.0,1,0,0,0,0,0,0,0,0,5,0,,67,8,2020,5,39.8956,-75.193,1511.0,6,0,0,0,0,0,0,1,0,,0,0,0.0,15,1,1,0,N,2,39 53:48.737,2.0,3,75 11:23.832,8,0,0,0,67301,0,0,0,N,0,0,0,2,68K01,0,,3,1,30.0,N,N,N,0,,0,0,0,0,0,N,1510,1,1,0,0,0,1,0,3,4,0,1,3,,N,,,,,,,,,,,
2020032323,1702.0,0,0,0,0,0,0,0,0,0,7,0,,67,3,2020,2,39.9825,-75.2077,1702.0,6,0,0,0,0,0,0,0,0,,0,0,0.0,17,1,0,0,N,1,39 58:56.855,4.0,0,75 12:27.658,0,0,0,0,67301,0,0,0,N,0,0,0,1,68K01,0,,2,9,1740.0,N,N,N,1,,0,0,0,0,0,N,1702,0,1,0,0,0,0,0,3,4,0,1,7,7.0,N,,,,,,,,,,,
2020028992,1640.0,1,0,0,0,0,0,0,0,0,4,0,,67,3,2020,2,40.0489,-75.0451,1638.0,6,0,0,0,0,0,1,0,0,,0,0,0.0,16,1,1,1,,1,40 02:56.000,3.0,0,75 02:42.442,3,0,0,0,67301,0,0,0,N,0,0,0,3,67301,0,,1,9,1730.0,N,N,N,0,,1,0,0,9,2,Y,1637,1,2,0,0,0,0,0,3,4,1,2,7,4.0,N,,,,,,,,,,,
2020039857,2100.0,2,0,0,0,0,0,0,0,0,7,0,,67,5,2020,7,39.9778,-75.1114,2057.0,6,0,0,0,0,0,0,0,0,,0,0,0.0,20,3,1,0,N,2,39 58:40.039,2.0,0,75 06:40.936,3,0,0,0,67301,0,0,0,N,0,0,0,2,68K01,0,,4,1,45.0,N,N,N,0,,1,0,0,0,0,N,2056,1,2,0,0,0,0,0,3,4,0,2,3,,N,,,,,,,,,,,
2020037263,1629.0,1,0,0,0,0,0,0,0,0,4,0,,67,5,2020,5,40.0624,-75.1553,1626.0,6,0,0,0,0,0,0,0,1,,0,0,0.0,15,1,2,1,,1,40 03:44.765,4.0,0,75 09:18.950,3,0,0,0,67301,0,0,0,N,0,0,0,2,67301,0,,1,1,1711.0,N,N,N,0,,2,0,1,3,2,Y,1550,2,2,0,0,2,0,0,3,4,0,2,3,3.0,N,,,,,,,,,,,
2020037264,1156.0,2,0,0,0,0,0,0,0,0,6,0,,67,5,2020,5,39.994,-75.1123,1148.0,6,0,0,0,0,0,0,0,0,,0,0,0.0,11,1,0,0,N,0,39 59:38.290,,0,75 06:44.430,0,0,0,0,67301,0,0,0,N,0,0,0,1,67301,0,,6,1,,N,N,N,1,,0,0,0,0,0,,1141,0,3,0,0,0,0,0,3,4,0,3,3,3.0,N,,,,,,,,,,,
2020036493,1637.0,1,0,0,0,0,0,0,0,0,4,0,,67,5,2020,2,40.0672,-75.1661,1637.0,6,0,0,0,0,0,0,0,1,,0,0,0.0,16,1,0,2,,0,40 04:01.893,,0,75 09:57.821,0,0,0,0,67301,0,0,0,N,0,0,0,2,67301,0,,1,1,,N,N,N,1,,0,0,0,0,0,,1637,0,2,0,0,0,0,0,3,4,0,2,3,3.0,N,,,,,,,,,,,
2020078236,249.0,1,0,0,0,0,0,0,0,0,7,0,,67,9,2020,5,39.9809,-75.2065,249.0,6,0,0,0,0,0,1,0,0,,0,0,0.0,2,3,1,0,N,1,39 58:51.367,3.0,0,75 12:23.366,8,0,0,0,67301,0,0,0,N,0,0,0,1,68K01,0,,4,9,315.0,N,N,N,0,,0,0,0,0,0,N,249,1,1,0,0,0,1,0,3,4,0,1,7,,N,,,,,,,,,,,
2020063963,229.0,0,0,0,0,0,0,0,0,0,6,0,,67,8,2020,1,40.0096,-75.0957,229.0,6,0,0,0,0,0,0,0,0,,0,0,0.0,2,3,1,0,Y,0,40 00:34.470,,0,75 05:44.500,3,0,0,1,67301,0,0,0,N,0,0,0,1,67301,0,,6,1,,N,N,N,0,,1,0,2,3,2,,217,1,3,0,0,0,0,0,3,4,0,3,3,3.0,N,,,,,,,,,,,
2020040497,1259.0,1,0,0,0,0,0,0,0,0,7,0,,67,5,2020,6,40.0385,-75.1447,1257.0,6,0,0,0,0,0,2,0,0,,0,0,0.0,12,1,0,0,N,0,40 02:18.483,,0,75 08:40.983,0,0,0,0,67301,0,0,0,N,0,0,0,3,67301,0,,4,1,,N,N,N,0,,0,0,2,0,0,,1253,0,3,0,0,0,0,0,3,4,0,3,4,,N,,,,,,,,,,,
2020035979,1041.0,1,0,0,0,0,0,0,0,0,5,0,,67,5,2020,6,39.9909,-75.1602,1041.0,6,0,0,0,0,0,0,1,0,,0,0,0.0,10,1,3,0,N,0,39 59:27.290,,0,75 09:36.660,3,0,0,0,67301,0,0,0,N,0,0,0,4,67301,2,,1,9,,N,N,N,1,,1,0,1,0,0,,1039,3,4,0,0,0,0,0,3,4,1,4,4,4.0,N,,,,,,,,,,,
2020076700,131.0,1,0,0,0,0,0,0,0,0,1,1,45.0,67,8,2020,7,39.9612,-75.1824,124.0,6,1,0,0,0,0,0,0,0,,0,1,0.0,1,3,2,0,N,1,39 57:40.397,3.0,0,75 10:56.651,3,0,0,0,67301,0,0,0,N,0,0,0,2,68K01,0,,1,1,230.0,N,N,N,0,,2,0,0,3,8,N,123,2,2,0,0,1,0,0,3,4,0,2,3,,Y,4.0,2.0,Y,N,N,Y,Y,N,N,N,Y
2020039557,1938.0,1,0,0,0,0,0,0,0,0,7,0,,67,5,2020,4,39.9809,-75.2064,1938.0,6,0,0,0,0,0,0,0,0,,0,0,0.0,19,1,1,0,N,0,39 58:51.181,,0,75 12:23.101,3,0,0,0,67301,0,0,0,N,0,0,0,1,68K01,0,,4,9,,N,N,N,0,,1,0,0,0,0,,1938,1,1,0,0,0,0,0,3,4,0,1,7,,N,,,,,,,,,,,
2020037534,2107.0,2,0,0,0,0,0,0,0,0,4,0,,67,3,2020,2,39.9812,-75.2068,2106.0,6,0,0,0,0,0,0,0,0,,0,0,0.0,21,2,1,0,N,1,39 58:52.326,3.0,3,75 12:24.564,4,0,0,0,67301,0,0,0,N,0,0,0,5,68K01,1,,2,9,2134.0,N,N,N,0,,0,0,1,0,0,N,2103,1,3,0,0,0,0,0,3,4,0,3,3,3.0,N,,,,,,,,,,,
2020030948,1452.0,1,0,0,0,0,0,0,0,0,0,0,,67,3,2020,4,39.9813,-75.2069,1452.0,6,0,0,0,0,0,0,1,0,,0,0,0.0,14,1,1,0,N,1,39 58:52.625,3.0,0,75 12:24.899,3,0,0,0,67301,0,0,0,N,0,0,0,3,68K01,0,,4,9,1445.0,N,N,Y,0,,1,0,0,0,0,Y,1452,1,1,0,0,0,0,0,3,4,0,1,4,,N,,,,,,,,,,,
2020029835,1159.0,0,0,0,0,0,0,0,0,0,4,0,,67,3,2020,5,39.9956,-75.1675,1156.0,6,0,0,0,0,0,0,0,0,,0,0,0.0,11,1,2,1,,0,39 59:44.232,,0,75 10:03.297,4,0,0,0,67301,0,0,0,N,0,0,0,3,67301,2,,1,1,,N,N,N,0,,0,0,1,3,2,,1156,2,2,0,0,0,0,0,3,4,1,2,3,,N,,,,,,,,,,,
2020069303,2224.0,0,0,0,0,0,0,0,0,0,5,0,,67,8,2020,3,39.9011,-75.1529,2224.0,6,0,0,0,0,0,0,0,0,,0,0,0.0,22,3,0,0,N,1,39 54:12.889,1.0,0,75 09:01.108,0,0,0,0,67301,0,0,0,N,0,0,0,1,68K01,0,,1,1,2230.0,N,N,N,0,,0,0,1,0,0,N,2202,0,2,0,0,0,0,0,3,4,0,2,3,3.0,N,,,,,,,,,,,
2020026551,20.0,1,0,0,0,0,0,0,0,0,4,0,,67,3,2020,1,40.0651,-75.1858,15.0,6,0,0,0,0,0,0,1,0,,0,0,0.0,0,3,1,1,,0,40 03:54.455,,0,75 11:08.790,3,0,0,0,67301,0,0,0,N,0,0,0,3,67301,0,,1,9,,N,N,N,0,,1,0,0,3,3,,5,1,2,0,0,0,0,0,3,4,1,2,7,,N,,,,,,,,,,,
2020034033,1452.0,1,0,0,0,0,0,0,0,0,1,0,,67,3,2020,2,39.8866,-75.2061,1442.0,6,0,0,0,0,0,0,0,0,,0,0,0.0,14,1,2,0,N,1,39 53:13.829,2.0,0,75 12:17.599,8,0,0,0,67301,0,0,0,N,0,0,0,2,68K01,0,,2,9,1532.0,N,N,N,0,,0,0,1,3,8,N,1441,2,2,0,0,0,2,0,3,4,0,2,7,,N,,,,,,,,,,,
2020027989,719.0,3,0,0,0,0,0,0,0,0,5,0,,67,3,2020,2,40.0191,-75.1343,718.0,6,0,0,0,0,0,0,0,0,,0,0,0.0,7,1,0,0,N,0,40 01:08.670,,0,75 08:03.450,9,0,0,0,67301,0,0,0,N,0,0,0,2,67301,0,,6,1,,N,N,N,0,,0,0,0,9,9,,715,0,4,0,0,1,0,1,3,4,0,3,3,3.0,N,,,,,,,,,,,