CRN,ARRIVAL_TM,AUTOMOBILE_COUNT,BELTED_DEATH_COUNT,BELTED_SUSP_SERIOUS_INJ_COUNT,BICYCLE_COUNT,BICYCLE_DEATH_COUNT,BICYCLE_SUSP_SERIOUS_INJ_COUNT,BUS_COUNT,CHLDPAS_DEATH_COUNT,CHLDPAS_SUSP_SERIOUS_INJ_COUNT,COLLISION_TYPE,COMM_VEH_COUNT,CONS_ZONE_SPD_LIM,COUNTY,CRASH_MONTH,CRASH_YEAR,DAY_OF_WEEK,DEC_LAT,DEC_LONG,DISPATCH_TM,DISTRICT,DRIVER_COUNT_16YR,DRIVER_COUNT_17YR,DRIVER_COUNT_18YR,DRIVER_COUNT_19YR,DRIVER_COUNT_20YR,DRIVER_COUNT_50_64YR,DRIVER_COUNT_65_74YR,DRIVER_COUNT_75PLUS,EST_HRS_CLOSED,FATAL_COUNT,HEAVY_TRUCK_COUNT,HORSE_BUGGY_COUNT,HOUR_OF_DAY,ILLUMINATION,INJURY_COUNT,INTERSECT_TYPE,INTERSECTION_RELATED,LANE_CLOSED,LATITUDE,LN_CLOSE_DIR,LOCATION_TYPE,LONGITUDE,MAX_SEVERITY_LEVEL,MCYCLE_DEATH_COUNT,MCYCLE_SUSP_SERIOUS_INJ_COUNT,MOTORCYCLE_COUNT,MUNICIPALITY,NONMOTR_COUNT,NONMOTR_DEATH_COUNT,NONMOTR_SUSP_SERIOUS_INJ_COUNT,NTFY_HIWY_MAINT,PED_COUNT,PED_DEATH_COUNT,PED_SUSP_SERIOUS_INJ_COUNT,PERSON_COUNT,POLICE_AGCY,POSSIBLE_INJ_COUNT,RDWY_SURF_TYPE_CD,RELATION_TO_ROAD,ROAD_CONDITION,ROADWAY_CLEARED,SCH_BUS_IND,SCH_ZONE_IND,SECONDARY_CRASH,SMALL_TRUCK_COUNT,SPEC_JURIS_CD,SUSP_MINOR_INJ_COUNT,SUSP_SERIOUS_INJ_COUNT,SUV_COUNT,TCD_FUNC_CD,TCD_TYPE,TFC_DETOUR_IND,TIME_OF_DAY,TOT_INJ_COUNT,TOTAL_UNITS,UNB_DEATH_COUNT,UNB_SUSP_SERIOUS_INJ_COUNT,UNBELTED_OCC_COUNT,UNK_INJ_DEG_COUNT,UNK_INJ_PER_COUNT,URBAN_AREA,URBAN_RURAL,VAN_COUNT,VEHICLE_COUNT,WEATHER1,WEATHER2,WORK_ZONE_IND,WORK_ZONE_LOC,WORK_ZONE_TYPE,WORKERS_PRES,WZ_CLOSE_DETOUR,WZ_FLAGGER,WZ_LAW_OFFCR_IND,WZ_LN_CLOSURE,WZ_MOVING,WZ_OTHER,WZ_SHLDER_MDN,WZ_WORKERS_INJ_KILLED
2020079319,820.0,1,0,0,0,0,0,0,0,0,4,0,,67,9,2020,6,40.0789,-75.0253,817.0,6,0,0,0,0,0,0,0,0,,0,0,0.0,8,1,0,0,N,0,40 04:44.093,,0,75 01:31.156,0,0,0,0,67301,0,0,0,N,0,0,0,1,67301,0,,6,1,,N,N,N,0,,0,0,1,0,0,,815,0,2,0,0,0,0,0,3,4,0,2,3,3.0,N,,,,,,,,,,,
2020040098,1510.0,1,0,0,0,0,0,0,0,0,4,0,,67,5,2020,5,40.0189,-75.0495,1458.0,6,0,0,0,0,0,0,0,0,,0,0,0.0,14,1,1,1,,0,40 01:08.120,,0,75 02:58.216,3,0,0,0,67301,0,0,0,N,0,0,0,2,67301,0,,1,1,,N,N,N,0,,1,0,1,3,3,,1440,1,2,0,0,2,0,0,3,4,0,2,3,3.0,N,,,,,,,,,,,
2020075843,815.0,0,0,0,0,0,0,0,0,0,7,0,,67,9,2020,7,40.0165,-75.1429,815.0,6,0,0,0,0,1,0,0,0,,0,0,0.0,8,1,1,0,N,0,40 00:59.560,,0,75 08:34.550,3,0,0,0,67301,0,0,0,N,0,0,0,1,67301,0,,5,1,,N,N,N,0,,1,0,0,0,0,,810,1,1,0,0,1,0,0,3,4,1,1,3,3.0,N,,,,,,,,,,,
2020079201,2246.0,2,0,0,0,0,0,0,0,0,2,0,,67,9,2020,6,39.9729,-75.1195,2244.0,6,0,0,0,0,1,0,0,0,,0,0,0.0,22,3,4,2,,2,39 58:22.820,7.0,0,75 07:10.856,4,0,0,0,67301,0,0,0,N,0,0,0,4,67301,4,,1,1,30.0,N,N,N,0,,0,0,0,3,2,Y,2244,4,2,0,0,0,0,0,3,4,0,2,3,3.0,N,,,,,,,,,,,
2020037727,140.0,2,0,0,0,0,0,0,0,0,4,0,,67,5,2020,1,40.0038,-75.1397,136.0,6,0,0,0,0,0,1,0,0,,0,0,0.0,1,3,3,1,,0,40 00:13.849,,0,75 08:22.793,3,0,0,0,67301,0,0,0,N,0,0,0,3,67301,0,,1,1,,N,N,N,0,,3,0,0,3,2,,136,3,2,0,0,1,0,0,3,4,0,2,3,3.0,N,,,,,,,,,,,
2020039117,2202.0,0,0,0,0,0,0,0,0,0,7,0,,67,5,2020,5,39.9003,-75.1569,2149.0,6,0,0,0,0,0,1,0,0,,0,0,0.0,21,3,0,0,N,2,39 54:05.572,1.0,0,75 09:07.030,0,0,0,0,67301,0,0,0,N,0,0,0,1,68K01,0,,4,1,30.0,N,N,N,0,,0,0,0,0,0,N,2147,0,1,0,0,0,0,0,3,4,1,1,3,3.0,N,,,,,,,,,,,
2020038764,1925.0,1,0,0,0,0,0,0,0,0,4,0,,67,5,2020,4,39.9441,-75.1535,1910.0,6,0,0,0,0,0,0,0,0,,0,0,0.0,19,1,1,1,,0,39 56:38.805,,0,75 09:12.654,3,0,0,0,67301,0,0,0,N,0,0,0,2,67301,0,,1,1,,N,N,N,0,,1,0,1,3,2,,1900,1,2,0,0,0,0,0,3,4,0,2,3,3.0,N,,,,,,,,,,,
2020078717,1442.0,0,0,0,0,0,0,0,0,0,5,1,,67,9,2020,4,40.0024,-75.1295,1437.0,6,0,0,0,0,0,1,0,0,,0,1,0.0,12,1,1,0,N,0,40 00:08.790,,0,75 07:46.260,3,0,0,0,67301,0,0,0,N,0,0,0,2,67301,0,,1,1,,N,N,N,0,,1,0,1,0,0,,1243,1,2,0,0,2,0,0,3,4,0,2,3,3.0,N,,,,,,,,,,,
2020036920,1420.0,1,0,0,0,0,0,0,0,0,4,0,,67,5,2020,3,40.0403,-75.0584,1417.0,6,0,0,0,0,0,1,0,0,,0,0,0.0,14,1,0,1,,2,40 02:24.930,1.0,0,75 03:30.344,0,0,0,0,67301,0,0,0,N,0,0,0,2,67301,0,,1,1,1405.0,N,N,N,0,,0,0,1,3,2,Y,1416,0,2,0,0,0,0,0,3,4,0,2,4,,N,,,,,,,,,,,
2020038334,1255.0,0,0,0,0,0,0,0,0,0,4,0,,67,5,2020,6,39.9257,-75.1686,1241.0,6,0,0,0,0,0,0,0,0,,0,0,0.0,9,1,0,3,,0,39 55:32.652,,0,75 10:06.868,0,0,0,0,67301,0,0,0,N,0,0,0,1,67301,0,,1,1,,N,N,N,0,,0,0,1,0,0,,953,0,2,0,0,0,0,0,3,4,0,2,4,7.0,N,,,,,,,,,,,
2020071209,1442.0,1,0,0,0,0,0,0,0,0,1,1,,67,8,2020,2,40.0217,-75.0514,1433.0,6,0,0,0,0,0,1,0,0,,0,1,0.0,14,1,1,0,N,0,40 01:18.211,,0,75 03:05.017,3,0,0,0,67301,0,0,0,N,0,0,0,3,67301,0,,1,9,,N,N,N,1,,1,0,0,0,0,,1428,1,3,0,0,0,0,0,3,4,0,3,4,7.0,N,,,,,,,,,,,
2020039198,514.0,1,0,0,0,0,0,0,0,0,4,0,,67,5,2020,6,39.9813,-75.1663,508.0,6,0,0,0,0,0,0,0,0,,0,0,0.0,5,3,0,1,,0,39 58:52.834,,0,75 09:58.741,9,0,0,0,67301,0,0,0,N,0,0,0,2,67301,0,,1,1,,N,N,N,0,,0,0,1,3,3,,506,0,2,0,0,0,0,1,3,4,0,2,3,3.0,N,,,,,,,,,,,
2020039000,1908.0,1,0,0,0,0,0,0,0,0,4,0,,67,5,2020,5,40.0282,-75.11,1903.0,6,0,0,0,1,0,0,0,0,,0,0,0.0,18,1,1,1,,0,40 01:41.536,,0,75 06:35.902,3,0,0,1,67301,0,0,0,N,0,0,0,2,67301,0,,1,1,,N,N,N,0,,1,0,0,3,2,,1850,1,2,0,0,0,0,0,3,4,0,2,3,3.0,N,,,,,,,,,,,
2020079688,1910.0,2,0,0,0,0,0,0,0,0,4,0,,67,9,2020,4,39.9633,-75.1885,1903.0,6,0,0,0,0,0,0,0,0,,0,0,0.0,18,4,1,1,,0,39 57:47.719,,0,75 11:18.596,8,0,0,0,67301,0,0,0,N,0,0,0,1,67301,0,,1,1,,N,N,N,0,,0,0,0,3,2,,1827,1,2,0,0,1,1,0,3,4,0,2,3,,N,,,,,,,,,,,
2020039878,1129.0,0,0,0,0,0,0,0,0,0,0,0,,67,5,2020,4,40.0422,-75.0037,1127.0,6,0,0,0,0,0,0,0,0,,0,0,0.0,11,1,1,0,N,0,40 02:31.811,,0,75 00:13.217,3,0,0,0,67301,0,0,0,N,0,0,0,1,68K01,0,,4,1,,N,N,N,0,,1,0,1,0,0,,1126,1,1,0,0,0,0,0,3,4,0,1,3,,N,,,,,,,,,,,
2020069926,1631.0,0,0,0,0,0,0,0,0,0,2,0,,67,8,2020,3,39.8977,-75.2267,1630.0,6,0,0,0,0,0,0,0,0,,0,0,0.0,16,1,1,0,N,0,39 53:51.833,,0,75 13:36.156,2,0,0,0,67301,0,0,0,N,0,0,0,2,67301,0,,1,1,,N,N,N,1,,0,1,0,0,0,,1608,1,2,0,1,2,0,0,3,4,1,2,3,3.0,N,,,,,,,,,,,
2020079603,1820.0,1,0,0,0,0,0,0,0,0,1,0,,67,9,2020,6,39.9398,-75.1437,1753.0,6,0,0,0,0,0,0,0,0,,0,0,0.0,17,1,0,0,N,0,39 56:23.436,,0,75 08:37.256,0,0,0,0,67301,0,0,0,N,0,0,0,4,68K01,0,,1,1,,N,N,N,1,,0,0,0,0,0,,1746,0,2,0,0,0,0,0,3,4,0,2,3,,N,,,,,,,,,,,
2020044993,1715.0,1,0,0,0,0,0,0,0,0,1,0,,67,5,2020,7,39.9598,-75.1784,1715.0,6,0,0,0,0,0,1,0,0,,0,0,0.0,16,1,1,0,N,2,39 57:35.371,3.0,0,75 10:42.262,3,0,0,0,67301,0,0,0,N,0,0,0,10,68K01,0,,1,1,1735.0,N,N,N,1,,1,0,2,0,0,N,1642,1,5,0,0,0,0,0,3,4,1,5,3,3.0,N,,,,,,,,,,,
2020080641,1307.0,1,0,0,0,0,0,0,0,0,8,0,,67,9,2020,3,40.0215,-75.0518,1256.0,6,0,0,0,0,0,0,0,0,,0,0,0.0,12,1,1,1,,0,40 01:17.505,,0,75 03:06.381,3,0,0,0,67301,1,0,0,N,1,0,0,1,67301,0,,1,1,,N,N,N,0,,1,0,0,3,2,,1250,1,2,0,0,0,0,0,3,4,0,1,4,4.0,N,,,,,,,,,,,
2020038385,1308.0,1,0,0,0,0,0,0,0,0,8,0,,67,5,2020,3,39.9669,-75.1288,1307.0,6,0,0,0,0,0,0,0,0,,0,0,0.0,12,1,1,0,N,0,39 58:01.010,,7,75 07:43.650,3,0,0,0,67301,1,0,0,N,1,0,0,2,67301,0,,1,1,,N,N,N,0,,1,0,0,9,9,,1247,1,2,0,0,0,0,0,3,4,0,1,3,,N,,,,,,,,,,,
2020038732,2256.0,1,0,0,0,0,0,0,0,0,7,0,,67,5,2020,2,40.0331,-75.0207,2242.0,6,0,0,0,0,0,0,0,0,,0,0,0.0,22,3,0,0,N,0,40 01:59.234,,0,75 01:14.575,0,0,0,0,67301,0,0,0,N,0,0,0,1,68K01,0,,4,1,,N,N,N,0,,0,0,0,0,0,,2233,0,1,0,0,0,0,0,3,4,0,1,3,,N,,,,,,,,,,,
2020039960,2150.0,1,0,0,0,0,0,0,0,0,8,0,,67,5,2020,7,39.9227,-75.185,2142.0,6,0,0,0,0,0,0,0,0,,0,0,0.0,21,3,1,0,N,0,39 55:21.642,,0,75 11:05.991,2,0,0,0,67301,1,0,1,N,1,0,1,2,67301,0,,1,1,,N,N,N,0,,0,1,0,0,0,,2141,1,2,0,0,0,0,0,3,4,0,1,3,3.0,N,,,,,,,,,,,
2020040099,1328.0,1,0,0,0,0,0,0,0,0,7,0,,67,5,2020,7,40.0057,-75.0995,1325.0,6,0,0,0,0,0,0,0,0,,0,0,0.0,13,1,1,0,N,0,40 00:20.630,,0,75 05:58.273,3,0,0,0,67301,0,0,0,N,0,0,0,1,67301,0,,5,1,,N,N,N,0,,1,0,0,0,0,,1323,1,1,0,0,0,0,0,3,4,0,1,3,3.0,N,,,,,,,,,,,
2020039937,1500.0,2,0,0,0,0,0,0,0,0,2,0,,67,5,2020,7,39.9358,-75.2199,1440.0,6,0,0,0,0,0,0,0,0,,0,0,0.0,0,3,0,0,N,0,39 56:08.710,,0,75 13:11.610,0,0,0,0,67301,0,0,0,N,0,0,0,2,67301,0,,1,99,,N,N,N,0,,0,0,0,0,0,,41,0,2,0,0,0,0,0,3,4,0,2,3,3.0,N,,,,,,,,,,,
2020063346,159.0,2,0,0,0,0,0,0,0,0,4,1,,67,8,2020,4,39.9588,-75.2278,148.0,6,0,0,0,0,0,0,0,0,,0,1,0.0,1,3,0,2,,0,39 57:31.706,,0,75 13:40.006,0,0,0,0,67301,0,0,0,N,0,0,0,4,67301,0,,1,1,,N,N,N,0,,0,0,0,0,0,,148,0,3,0,0,3,0,0,3,4,0,3,3,3.0,N,,,,,,,,,,,
2020040096,1650.0,2,0,0,0,0,0,0,0,0,4,0,,67,5,2020,5,39.9239,-75.2221,1650.0,6,0,0,0,0,0,1,0,0,,0,0,0.0,16,1,1,1,,0,39 55:26.137,,0,75 13:19.522,8,0,0,0,67301,0,0,0,N,0,0,0,4,67301,0,,1,1,,N,N,Y,1,,0,0,0,3,2,,1647,1,3,0,0,0,1,3,3,4,0,3,3,3.0,N,,,,,,,,,,,
2020035935,1000.0,0,0,0,0,0,0,0,0,0,8,0,,67,5,2020,6,40.0475,-75.1428,947.0,6,0,0,0,0,0,0,0,0,,0,0,0.0,9,1,1,1,,0,40 02:51.028,,0,75 08:34.417,2,0,0,0,67301,1,0,1,N,1,0,1,2,67301,0,,1,1,,N,N,N,0,,0,1,1,3,2,,947,1,2,0,0,0,0,0,3,4,0,1,3,3.0,N,,,,,,,,,,,
2020037789,815.0,1,0,0,0,0,0,0,0,0,4,0,,67,5,2020,1,40.0875,-74.9711,807.0,6,0,0,0,0,0,1,0,0,,0,0,0.0,8,1,1,1,,0,40 05:15.133,,2,74 58:16.083,3,0,0,0,67301,0,0,0,N,0,0,0,2,67301,0,,1,1,,N,N,N,0,,1,0,1,3,2,,803,1,2,0,0,0,0,0,3,4,0,2,3,3.0,N,,,,,,,,,,,
2020038135,1235.0,1,0,0,0,0,0,0,0,0,7,0,,67,5,2020,2,39.9182,-75.1416,1233.0,6,0,0,0,0,0,0,0,1,,0,0,0.0,12,1,1,0,N,1,39 55:05.600,3.0,7,75 08:29.800,3,0,0,0,67301,0,0,0,N,0,0,0,1,67301,0,,5,1,1300.0,N,N,N,0,,1,0,0,0,0,N,1230,1,1,0,0,0,0,0,3,4,0,1,3,3.0,N,,,,,,,,,,,
2020038566,1440.0,1,0,0,0,0,0,0,0,0,1,0,,67,5,2020,1,40.0514,-75.153,1440.0,6,0,0,0,0,0,1,1,0,,0,0,0.0,13,1,0,0,N,0,40 03:05.050,,0,75 09:10.890,9,0,0,0,67301,0,0,0,N,0,0,0,3,67301,0,,1,1,,N,N,N,0,,0,0,1,0,0,,1348,0,3,0,0,0,0,2,3,4,1,3,3,3.0,N,,,,,,,,,,,
2020041383,1236.0,1,0,0,0,0,0,0,0,0,7,0,,67,5,2020,3,39.933,-75.2,1226.0,6,0,0,0,0,0,0,0,0,,0,0,0.0,12,1,3,0,N,1,39 55:58.884,4.0,0,75 12:00.078,8,0,0,0,67301,0,0,0,N,0,0,0,3,68K01,0,,2,1,1310.0,N,N,N,0,,0,0,0,0,0,N,1207,3,1,0,0,0,3,0,3,4,0,1,3,3.0,N,,,,,,,,,,,
2020038335,1540.0,2,0,0,0,0,0,0,0,0,5,0,,67,5,2020,2,39.9337,-75.1458,1534.0,6,0,0,0,0,0,0,0,0,,0,0,0.0,15,1,0,0,N,1,39 56:01.190,4.0,0,75 08:45.022,0,0,0,0,67301,0,0,0,N,0,0,0,7,67301,0,,1,1,1750.0,N,N,Y,1,,0,0,1,0,0,Y,1500,0,4,0,0,7,0,0,3,4,0,4,3,3.0,N,,,,,,,,,,,
2020038446,1634.0,1,0,0,0,0,0,0,0,0,1,0,,67,5,2020,3,40.058,-75.2368,1634.0,6,0,0,0,0,0,0,0,0,,0,0,0.0,16,1,0,0,N,1,40 03:28.693,2.0,0,75 14:12.591,0,0,0,0,67301,0,0,0,N,0,0,0,2,67301,0,,1,1,1735.0,N,N,N,0,,0,0,1,0,0,Y,1633,0,2,0,0,0,0,0,3,4,0,2,3,3.0,N,,,,,,,,,,,
2020039143,2030.0,1,0,0,0,0,0,0,0,0,5,0,,67,5,2020,6,40.0288,-75.0897,2026.0,6,0,0,0,0,0,0,0,0,,0,0,0.0,20,3,0,0,N,0,40 01:43.838,,0,75 05:22.979,0,0,0,0,67301,0,0,0,N,0,0,0,2,67301,0,,1,1,,N,N,N,0,,0,0,0,0,0,,2020,0,2,0,0,2,0,0,3,4,1,2,3,3.0,N,,,,,,,,,,,
2020039190,625.0,2,0,0,0,0,0,0,0,0,5,0,,67,5,2020,7,39.9663,-75.146,619.0,6,0,0,0,0,0,0,0,0,,0,0,0.0,6,1,0,0,N,0,39 57:58.690,,0,75 08:45.420,0,0,0,0,67301,0,0,0,N,0,0,0,1,67301,0,,6,1,,N,N,N,0,,0,0,0,0,0,,600,0,2,0,0,0,0,0,3,4,0,2,3,3.0,N,,,,,,,,,,,
2020079554,1920.0,2,0,0,0,0,0,0,0,0,4,0,,67,9,2020,6,40.0827,-75.0494,1918.0,6,0,0,0,0,0,1,0,0,,0,0,0.0,19,4,1,0,N,0,40 04:57.890,,7,75 02:57.950,3,0,0,0,67301,0,0,0,N,0,0,0,2,67301,0,,1,1,,N,N,N,0,,1,0,0,0,0,,1905,1,2,0,0,0,0,0,3,4,0,2,3,3.0,N,,,,,,,,,,,
2020036666,1155.0,1,0,0,0,0,0,0,0,0,4,0,,67,5,2020,1,40.0567,-75.0469,1151.0,6,0,0,0,0,0,0,1,0,,0,0,0.0,11,1,3,1,,2,40 03:24.250,2.0,0,75 02:48.711,4,0,0,0,67301,0,0,0,N,0,0,0,3,67301,3,,1,1,1230.0,N,N,N,0,,0,0,1,3,2,Y,1145,3,2,0,0,0,0,0,3,4,0,2,3,3.0,N,,,,,,,,,,,
2020078055,1540.0,0,0,0,0,0,0,0,0,0,1,1,,67,7,2020,2,39.9783,-75.2025,1534.0,6,0,0,0,0,0,0,0,0,,0,1,0.0,15,1,0,0,N,1,39 58:41.919,3.0,0,75 12:08.903,0,0,0,0,67301,0,0,0,N,0,0,0,2,68K01,0,,1,1,1630.0,N,N,N,0,,0,0,0,0,0,N,1522,0,2,0,0,0,0,0,3,4,1,2,3,3.0,N,,,,,,,,,,,
2020076014,1120.0,1,0,0,0,0,0,0,0,0,4,1,,67,9,2020,2,39.993,-75.2176,1020.0,6,0,0,0,0,0,0,0,0,,0,1,0.0,10,1,1,1,,0,39 59:34.723,,0,75 13:03.338,3,0,0,0,67301,0,0,0,N,0,0,0,2,67301,0,,1,1,,N,N,N,0,,1,0,0,9,9,,1010,1,2,0,0,0,0,1,3,4,0,2,3,,N,,,,,,,,,,,
2020058419,1620.0,0,0,0,0,0,0,0,0,0,4,0,,67,7,2020,5,39.904,-75.2401,1615.0,6,0,0,0,0,0,1,0,0,,0,0,0.0,15,1,0,1,,0,39 54:14.619,,0,75 14:25.049,9,0,0,0,67301,0,0,0,N,0,0,0,2,67301,0,,1,1,,N,N,N,1,,0,0,1,3,2,,1508,0,2,0,0,0,0,2,3,4,0,2,3,3.0,N,,,,,,,,,,,
2020078382,1525.0,0,0,0,0,0,0,0,0,0,5,1,,67,9,2020,3,39.9008,-75.1538,1515.0,6,0,0,0,0,0,1,0,0,,0,1,0.0,15,1,0,0,N,0,39 54:11.014,,0,75 09:01.928,0,0,0,0,67301,0,0,0,N,0,0,0,2,68K01,0,,1,1,,N,N,N,0,,0,0,0,0,0,,1515,0,2,0,0,0,0,0,3,4,1,2,3,,N,,,,,,,,,,,
2020080055,1609.0,1,0,0,0,0,0,0,0,0,4,0,,67,9,2020,1,39.9453,-75.2396,1607.0,6,0,0,0,0,0,1,0,0,,0,0,0.0,16,1,0,0,Y,0,39 56:43.103,,7,75 14:22.516,0,0,0,0,67301,0,0,0,N,0,0,0,3,67301,0,,4,99,,N,N,N,0,,0,0,1,0,0,,1600,0,2,0,0,0,0,0,3,4,0,2,4,,N,,,,,,,,,,,
2020038387,1105.0,2,0,0,0,0,0,0,0,0,4,0,,67,5,2020,4,39.9841,-75.1601,1058.0,6,0,0,0,0,0,0,1,0,,0,0,0.0,10,1,1,1,N,0,39 59:02.710,,0,75 09:36.190,4,0,0,0,67301,0,0,0,N,0,0,0,3,67505,1,,1,1,,N,N,N,0,,0,0,0,3,3,N,1058,1,2,0,0,0,0,0,3,4,0,2,3,3.0,N,,,,,,,,,,,
2020038032,1849.0,0,0,0,0,0,0,0,0,0,4,0,,67,5,2020,2,39.996,-75.0782,1846.0,6,0,0,1,0,0,0,0,0,,0,0,0.0,18,1,1,1,,0,39 59:45.463,,0,75 04:41.444,3,0,0,1,67301,0,0,0,N,0,0,0,2,67301,0,,1,1,,N,N,N,1,,1,0,0,3,3,,1845,1,2,0,0,0,0,0,3,4,0,2,3,3.0,N,,,,,,,,,,,
2020038982,1850.0,2,0,0,0,0,0,0,0,0,4,0,,67,5,2020,6,39.9883,-75.135,1845.0,6,0,0,0,1,0,1,0,0,,0,0,0.0,18,1,1,1,,0,39 59:17.703,,0,75 08:06.003,3,0,0,0,67301,1,0,0,N,0,0,0,3,67301,0,,1,1,,N,N,N,0,,1,0,1,3,3,,1842,1,3,0,0,0,0,0,3,4,0,3,3,,N,,,,,,,,,,,
2020037313,1820.0,0,0,0,0,0,0,0,0,0,4,0,,67,5,2020,5,40.0111,-75.1533,1815.0,6,0,0,0,0,0,1,0,0,,0,0,0.0,18,1,1,1,,0,40 00:40.096,,0,75 09:11.959,3,0,0,0,67301,0,0,0,N,0,0,0,2,67301,0,,1,1,,N,N,N,0,,1,0,0,3,3,,1815,1,2,0,0,1,0,0,3,4,1,2,3,3.0,N,,,,,,,,,,,
2020037177,858.0,1,0,0,0,0,0,0,0,0,2,0,,67,5,2020,2,39.9956,-75.126,857.0,6,0,0,0,0,0,1,0,0,,0,0,0.0,8,1,1,0,N,0,39 59:44.208,,0,75 07:33.440,3,0,0,0,67301,0,0,0,N,0,0,0,1,67301,0,,6,1,,N,N,N,0,,1,0,1,3,8,,852,1,2,0,0,0,0,0,3,4,0,2,3,3.0,N,,,,,,,,,,,
2020036488,1829.0,4,0,0,0,0,0,0,0,0,4,0,,67,5,2020,7,39.9237,-75.1844,1821.0,6,0,0,0,0,0,0,0,0,,0,0,0.0,18,1,2,1,,0,39 55:25.413,,0,75 11:03.692,4,0,0,0,67301,0,0,0,N,0,0,0,2,67301,2,,1,1,,N,N,N,0,,0,0,0,3,3,,1807,2,4,0,0,0,0,0,3,4,0,4,3,,N,,,,,,,,,,,
2020039853,2046.0,1,0,0,0,0,0,0,0,0,7,0,,67,5,2020,6,39.9584,-75.1661,2039.0,6,0,0,0,0,0,0,0,0,,0,0,0.0,20,3,1,0,N,0,39 57:30.317,,0,75 09:58.104,4,0,0,0,67301,0,0,0,N,0,0,0,2,68K01,1,,2,9,,N,N,N,0,,0,0,0,0,0,,2038,1,1,0,0,0,0,0,3,4,0,1,7,,N,,,,,,,,,,,
2020036303,2235.0,1,0,0,0,0,0,0,0,0,8,0,,67,5,2020,1,40.0408,-75.1463,2230.0,6,0,0,0,0,0,0,0,0,,0,0,0.0,17,1,1,1,,0,40 02:26.763,,0,75 08:46.806,3,0,0,0,67301,1,0,0,N,1,0,0,2,67301,0,,1,1,,N,N,N,0,,1,0,0,3,3,,1730,1,2,0,0,0,0,0,3,4,0,1,3,3.0,N,,,,,,,,,,,
2020078267,721.0,0,0,0,0,0,0,0,0,0,1,0,,67,9,2020,3,39.9792,-75.2039,721.0,6,0,0,0,0,0,0,0,0,,0,0,0.0,7,1,0,0,N,2,39 58:45.181,3.0,0,75 12:13.908,0,0,0,0,67301,0,0,0,N,0,0,0,2,68K01,0,,1,1,724.0,N,N,N,0,,0,0,2,0,0,N,720,0,2,0,0,0,0,0,3,4,0,2,3,3.0,N,,,,,,,,,,,
2020078869,1842.0,1,0,0,0,0,0,0,0,0,8,0,,67,9,2020,5,39.9864,-75.1816,1827.0,6,0,0,0,0,0,0,0,0,,0,0,0.0,18,1,1,0,N,0,39 59:11.010,,0,75 10:53.860,3,0,0,0,67301,1,0,0,N,1,0,0,1,67301,0,,9,1,,N,N,N,0,,1,0,0,0,0,,1820,1,2,0,0,0,0,0,3,4,0,1,3,3.0,N,,,,,,,,,,,
2020036496,1845.0,1,0,0,0,0,0,0,0,0,5,0,,67,5,2020,1,39.9718,-75.1617,1841.0,6,0,0,0,0,0,0,0,0,,0,0,0.0,18,1,0,0,N,1,39 58:18.316,3.0,0,75 09:42.267,9,0,0,0,67301,0,0,0,N,0,0,0,1,67301,0,,6,1,1938.0,N,N,N,0,,0,0,2,0,0,N,1838,0,3,0,0,0,0,1,3,4,0,3,3,,N,,,,,,,,,,,
2020039001,2125.0,1,0,0,0,0,0,0,0,0,6,0,,67,5,2020,5,39.9661,-75.246,2117.0,6,0,0,0,0,0,1,0,0,,0,0,0.0,21,3,1,0,N,0,39 57:58.031,,0,75 14:45.578,3,0,0,0,67301,0,0,0,N,0,0,0,2,67301,0,,6,1,,N,N,Y,0,,1,0,1,0,0,,2111,1,2,0,0,2,0,0,3,4,0,2,3,,N,,,,,,,,,,,
2020038094,1011.0,3,0,0,0,0,0,0,0,0,1,0,,67,5,2020,2,39.9597,-75.2352,1010.0,6,0,0,0,0,0,2,0,0,,0,0,0.0,10,1,3,1,,0,39 57:35.009,,0,75 14:06.680,3,0,0,0,67301,0,0,0,N,0,0,0,4,67301,0,,1,1,,N,N,N,0,,3,0,0,3,2,,1005,3,3,0,0,0,0,0,3,4,0,3,3,,N,,,,,,,,,,,
2020037869,1527.0,1,0,0,0,0,0,0,0,0,4,0,,67,5,2020,1,40.0518,-75.1554,1527.0,6,0,0,0,0,1,0,0,0,,0,0,0.0,14,1,0,1,,0,40 03:06.634,,0,75 09:19.274,9,0,0,0,67301,0,0,0,N,0,0,0,2,67301,0,,1,1,,N,N,N,0,,0,0,1,9,2,,1425,0,2,0,0,0,0,2,3,4,0,2,3,3.0,N,,,,,,,,,,,
2020053556,208.0,2,0,0,0,0,0,0,0,0,5,1,,67,7,2020,1,39.9917,-75.2025,208.0,6,0,0,0,0,0,0,0,0,,0,1,0.0,2,3,1,0,Y,0,39 59:30.180,,0,75 12:08.955,8,0,0,0,67301,0,0,0,N,0,0,0,2,68K01,0,,2,1,,N,N,N,0,,0,0,0,0,0,,208,1,3,0,0,0,1,0,3,4,0,3,3,,N,,,,,,,,,,,
2020036896,600.0,1,0,0,0,0,0,0,0,0,5,0,,67,5,2020,2,40.0139,-75.1694,534.0,6,0,0,0,0,0,0,0,0,,0,0,0.0,5,3,0,0,N,0,40 00:50.070,,0,75 10:09.906,0,0,0,0,67301,0,0,0,N,0,0,0,1,67508,0,,6,1,,N,N,N,1,,0,0,0,0,0,,534,0,2,0,0,0,0,0,3,4,0,2,3,,N,,,,,,,,,,,