CRN,ARRIVAL_TM,AUTOMOBILE_COUNT,BELTED_DEATH_COUNT,BELTED_SUSP_SERIOUS_INJ_COUNT,BICYCLE_COUNT,BICYCLE_DEATH_COUNT,BICYCLE_SUSP_SERIOUS_INJ_COUNT,BUS_COUNT,CHLDPAS_DEATH_COUNT,CHLDPAS_SUSP_SERIOUS_INJ_COUNT,COLLISION_TYPE,COMM_VEH_COUNT,CONS_ZONE_SPD_LIM,COUNTY,CRASH_MONTH,CRASH_YEAR,DAY_OF_WEEK,DEC_LAT,DEC_LONG,DISPATCH_TM,DISTRICT,DRIVER_COUNT_16YR,DRIVER_COUNT_17YR,DRIVER_COUNT_18YR,DRIVER_COUNT_19YR,DRIVER_COUNT_20YR,DRIVER_COUNT_50_64YR,DRIVER_COUNT_65_74YR,DRIVER_COUNT_75PLUS,EST_HRS_CLOSED,FATAL_COUNT,HEAVY_TRUCK_COUNT,HORSE_BUGGY_COUNT,HOUR_OF_DAY,ILLUMINATION,INJURY_COUNT,INTERSECT_TYPE,INTERSECTION_RELATED,LANE_CLOSED,LATITUDE,LN_CLOSE_DIR,LOCATION_TYPE,LONGITUDE,MAX_SEVERITY_LEVEL,MCYCLE_DEATH_COUNT,MCYCLE_SUSP_SERIOUS_INJ_COUNT,MOTORCYCLE_COUNT,MUNICIPALITY,NONMOTR_COUNT,NONMOTR_DEATH_COUNT,NONMOTR_SUSP_SERIOUS_INJ_COUNT,NTFY_HIWY_MAINT,PED_COUNT,PED_DEATH_COUNT,PED_SUSP_SERIOUS_INJ_COUNT,PERSON_COUNT,POLICE_AGCY,POSSIBLE_INJ_COUNT,RDWY_SURF_TYPE_CD,RELATION_TO_ROAD,ROAD_CONDITION,ROADWAY_CLEARED,SCH_BUS_IND,SCH_ZONE_IND,SECONDARY_CRASH,SMALL_TRUCK_COUNT,SPEC_JURIS_CD,SUSP_MINOR_INJ_COUNT,SUSP_SERIOUS_INJ_COUNT,SUV_COUNT,TCD_FUNC_CD,TCD_TYPE,TFC_DETOUR_IND,TIME_OF_DAY,TOT_INJ_COUNT,TOTAL_UNITS,UNB_DEATH_COUNT,UNB_SUSP_SERIOUS_INJ_COUNT,UNBELTED_OCC_COUNT,UNK_INJ_DEG_COUNT,UNK_INJ_PER_COUNT,URBAN_AREA,URBAN_RURAL,VAN_COUNT,VEHICLE_COUNT,WEATHER1,WEATHER2,WORK_ZONE_IND,WORK_ZONE_LOC,WORK_ZONE_TYPE,WORKERS_PRES,WZ_CLOSE_DETOUR,WZ_FLAGGER,WZ_LAW_OFFCR_IND,WZ_LN_CLOSURE,WZ_MOVING,WZ_OTHER,WZ_SHLDER_MDN,WZ_WORKERS_INJ_KILLED
2020038929,1325.0,1,0,0,0,0,0,0,0,0,7,0,,67,4,2020,1,39.9602,-75.1809,1318.0,6,0,0,0,0,0,0,0,0,,0,0,0.0,13,1,0,0,N,1,39 57:36.647,3.0,3,75 10:51.172,0,0,0,0,67301,0,0,0,N,0,0,0,2,68K01,0,,2,9,1335.0,N,N,N,0,,0,0,0,0,0,N,1315,0,1,0,0,2,0,0,3,4,0,1,7,,N,,,,,,,,,,,
2020035857,1947.0,1,0,0,0,0,0,0,0,0,0,0,,67,4,2020,5,40.0812,-74.9659,1942.0,6,0,0,0,0,0,0,0,0,,0,0,0.0,19,3,1,0,N,1,40 04:52.312,4.0,0,74 57:57.329,3,0,0,0,67301,0,0,0,N,0,0,0,1,67301,0,,1,9,2010.0,N,N,N,0,,1,0,0,0,0,N,1940,1,1,0,0,0,0,0,3,4,0,1,7,,N,,,,,,,,,,,
2020036117,1930.0,1,0,0,0,0,0,0,0,0,8,0,,67,5,2020,6,39.9207,-75.1411,1927.0,6,0,0,0,0,0,0,0,0,,0,0,0.0,16,1,1,1,,0,39 55:14.471,,0,75 08:27.940,2,0,0,0,67301,1,0,1,N,1,0,1,2,67301,0,,1,1,,N,N,N,0,,0,1,0,3,2,,1643,1,2,0,0,0,0,1,3,4,0,1,3,,N,,,,,,,,,,,
2020076753,804.0,0,0,0,0,0,0,0,0,0,2,1,,67,9,2020,5,39.9499,-75.1839,754.0,6,0,0,0,0,0,0,0,0,,0,1,0.0,7,1,1,0,N,1,39 56:59.593,3.0,0,75 11:01.922,3,0,0,0,67301,0,0,0,N,0,0,0,2,68K01,0,,1,1,810.0,N,N,N,1,,1,0,0,0,0,N,747,1,2,0,0,0,0,0,3,4,0,2,3,3.0,N,,,,,,,,,,,
2020035531,1056.0,2,0,0,0,0,0,0,0,0,4,0,,67,4,2020,4,40.0464,-75.1621,1056.0,6,0,0,0,0,0,1,0,0,,0,0,0.0,10,1,1,1,,0,40 02:47.108,,0,75 09:43.527,3,0,0,0,67301,0,0,0,N,0,0,0,3,67301,0,,1,1,,N,N,N,0,,1,0,2,3,3,,1055,1,4,0,0,0,0,0,3,4,0,4,3,3.0,N,,,,,,,,,,,
2020035012,2027.0,1,0,0,0,0,0,0,0,0,4,0,,67,4,2020,6,39.9702,-75.2072,2027.0,6,0,0,0,0,0,0,0,0,,0,0,0.0,20,3,0,1,,0,39 58:12.558,,0,75 12:25.830,0,0,0,0,67301,0,0,0,N,0,0,0,3,67301,0,,1,9,,N,N,N,0,,0,0,2,0,0,,2027,0,3,0,0,0,0,0,3,4,0,3,3,,N,,,,,,,,,,,
2020034817,1112.0,2,0,0,0,0,0,0,0,0,4,0,,67,4,2020,1,39.9837,-75.1365,111.0,6,0,0,0,0,0,0,0,0,,0,0,0.0,1,3,0,1,,0,39 59:01.456,,0,75 08:11.439,9,0,0,0,67301,0,0,0,N,0,0,0,2,67301,0,,1,9,,N,N,N,0,,0,0,0,3,2,,100,0,2,0,0,0,0,1,3,4,0,2,7,,N,,,,,,,,,,,
2020036862,1338.0,1,0,0,0,0,0,0,0,0,7,0,,67,4,2020,6,39.9582,-75.1415,1324.0,6,0,0,0,0,0,1,0,0,,0,0,0.0,13,1,1,0,N,1,39 57:29.558,2.0,8,75 08:29.432,3,0,0,0,67301,0,0,0,N,0,0,0,2,68K01,0,,4,9,1436.0,N,N,N,0,,1,0,0,0,0,N,1322,1,1,0,0,0,0,0,3,4,0,1,7,,N,,,,,,,,,,,
2020037817,2259.0,1,0,0,0,0,0,0,0,0,7,0,,67,4,2020,2,39.9415,-75.1431,2252.0,6,0,0,0,0,0,0,0,0,,0,0,0.0,22,3,4,0,N,2,39 56:29.342,1.0,0,75 08:34.996,2,0,0,0,67301,0,0,0,N,0,0,0,4,68K01,0,,4,1,2330.0,N,N,N,0,,2,1,0,0,0,N,2232,4,1,0,1,4,1,0,3,4,0,1,3,,N,,,,,,,,,,,
2020075628,1654.0,0,0,0,0,0,0,0,0,0,5,1,,67,9,2020,2,39.945,-75.2318,1638.0,6,0,0,0,0,0,0,0,0,,0,1,0.0,16,1,1,0,N,0,39 56:42.110,,0,75 13:54.360,3,0,0,1,67301,0,0,0,N,0,0,0,1,67301,0,,1,1,,N,N,N,0,,1,0,0,0,0,,1638,1,2,0,0,0,0,0,3,4,0,2,3,3.0,N,,,,,,,,,,,
2020076727,625.0,1,0,0,0,0,0,0,0,0,0,0,,67,8,2020,7,40.0546,-74.9851,615.0,6,0,0,0,0,0,0,0,0,,0,0,0.0,6,5,1,0,N,0,40 03:16.442,,0,74 59:06.242,8,0,0,0,67301,0,0,0,N,0,0,0,2,68K01,0,,1,1,,N,N,N,1,,0,0,0,0,0,,615,1,2,0,0,0,1,0,3,4,0,2,3,3.0,N,,,,,,,,,,,
2020035213,220.0,1,0,0,0,0,0,0,0,0,7,0,,67,4,2020,2,39.9979,-75.185,220.0,6,0,0,0,0,0,0,0,0,,0,0,0.0,2,3,4,2,,2,39 59:52.314,7.0,0,75 11:06.061,2,0,0,0,67301,0,0,0,Y,0,0,0,4,67301,0,,4,9,345.0,N,N,N,0,,1,3,0,3,2,Y,220,4,1,0,3,4,0,0,3,4,0,1,7,4.0,N,,,,,,,,,,,
2020036395,1513.0,1,0,0,0,0,0,0,0,0,4,0,,67,5,2020,6,39.9582,-75.2232,1512.0,6,0,0,1,1,0,0,0,0,,0,0,0.0,15,1,3,1,,1,39 57:29.691,3.0,0,75 13:23.712,3,0,0,2,67301,0,0,0,N,0,0,0,5,67301,0,,1,1,1400.0,N,N,Y,1,,3,0,0,3,2,N,1511,3,4,0,0,0,0,0,3,4,0,4,3,,N,,,,,,,,,,,
2020076703,1452.0,2,0,0,0,0,0,0,0,0,1,0,,67,8,2020,1,39.9456,-75.1426,1452.0,6,0,0,0,0,0,0,0,0,,0,0,0.0,14,1,0,0,N,1,39 56:44.042,2.0,0,75 08:33.358,0,0,0,0,67301,0,0,0,N,0,0,0,2,68K01,0,,1,9,1455.0,N,N,N,0,,0,0,0,0,0,N,1448,0,2,0,0,0,0,0,3,4,0,2,3,3.0,N,,,,,,,,,,,
2020035980,1055.0,1,0,0,0,0,0,0,0,0,4,0,,67,5,2020,6,39.9905,-75.1687,1048.0,6,0,0,0,0,0,0,0,0,,0,0,0.0,10,1,0,1,,0,39 59:25.969,,0,75 10:07.230,0,0,0,0,67301,0,0,0,N,0,0,0,2,67301,0,,1,1,,N,N,N,0,,0,0,0,3,2,,1048,0,2,0,0,0,0,0,3,4,1,2,3,3.0,N,,,,,,,,,,,
2020035614,1643.0,0,0,0,0,0,0,0,0,0,4,0,,67,4,2020,4,40.0371,-75.0112,1640.0,6,0,0,0,0,0,1,0,0,,0,0,0.0,16,1,0,2,,0,40 02:13.421,,7,75 00:40.242,0,0,0,0,67301,0,0,0,N,0,0,0,5,67301,0,,1,1,,N,N,N,0,,0,0,1,3,2,,1635,0,2,0,0,0,0,0,3,4,1,2,4,4.0,N,,,,,,,,,,,
2020035802,2235.0,1,0,0,0,0,0,0,0,0,2,0,,67,4,2020,2,40.031,-75.1495,2221.0,6,0,0,0,0,0,1,0,0,,0,0,0.0,21,3,0,0,N,0,40 01:51.670,,0,75 08:58.170,9,0,0,0,67301,0,0,0,N,0,0,0,1,67301,0,,6,1,,N,N,N,0,,0,0,0,0,0,,2142,0,3,0,0,0,0,1,3,4,2,3,3,,N,,,,,,,,,,,
2020036071,1623.0,1,0,0,0,0,0,0,0,0,4,0,,67,5,2020,6,40.0355,-75.1086,1623.0,6,0,0,0,0,0,0,0,1,,0,0,0.0,16,1,1,1,,0,40 02:07.600,,0,75 06:30.933,3,0,0,0,67301,0,0,0,N,0,0,0,3,67301,0,,1,1,,N,N,N,0,,1,0,1,3,2,,1620,1,2,0,0,0,0,0,3,4,0,2,4,4.0,N,,,,,,,,,,,
2020035010,1945.0,0,0,0,0,0,0,0,0,0,7,0,,67,4,2020,1,40.0656,-75.1691,1943.0,6,0,0,0,0,0,0,0,0,,0,0,0.0,19,3,0,0,N,0,40 03:56.310,,0,75 10:08.720,9,0,0,0,67301,0,0,0,N,0,0,0,1,67301,0,,5,9,,N,N,N,0,,0,0,1,0,0,,1930,0,1,0,0,0,0,1,3,4,0,1,7,3.0,N,,,,,,,,,,,
2020035077,1455.0,2,0,0,0,0,0,0,0,0,1,0,,67,4,2020,1,39.9227,-75.1565,1455.0,6,0,1,0,0,0,0,0,0,,0,0,0.0,14,1,1,1,N,1,39 55:21.702,4.0,0,75 09:23.890,4,0,0,0,67301,0,0,0,N,0,0,0,6,67301,1,,1,9,1545.0,N,N,N,0,,0,0,2,3,2,Y,1435,1,4,0,0,0,0,1,3,4,0,4,3,3.0,N,,,,,,,,,,,
2020075624,1554.0,2,0,0,0,0,0,0,0,0,1,0,,67,9,2020,3,39.9847,-75.1565,1554.0,6,0,0,0,0,0,1,0,0,,0,0,0.0,15,1,0,1,,0,39 59:04.850,,0,75 09:23.377,0,0,0,0,67301,0,0,0,N,0,0,0,2,67505,0,,1,1,,N,N,N,0,,0,0,0,3,2,,1553,0,2,0,0,0,0,0,3,4,0,2,3,3.0,N,,,,,,,,,,,
2020035436,1941.0,2,0,0,0,0,0,0,0,0,5,0,,67,4,2020,2,40.0494,-75.1445,1941.0,6,0,0,0,0,0,0,0,0,,0,0,0.0,19,1,2,0,N,0,40 02:57.781,,0,75 08:40.227,3,0,0,0,67301,0,0,0,N,0,0,0,2,67301,0,,1,1,,N,N,N,0,,2,0,0,0,0,,1931,2,2,0,0,0,0,0,3,4,0,2,3,,N,,,,,,,,,,,
2020074744,2149.0,0,0,0,0,0,0,0,0,0,4,0,,67,8,2020,7,40.019,-75.1107,2144.0,6,0,0,0,0,0,0,0,0,,0,0,0.0,21,3,1,0,N,0,40 01:08.240,,0,75 06:38.510,3,0,0,1,67301,0,0,0,N,0,0,0,1,67301,0,,1,1,,N,N,N,0,,1,0,1,0,0,,2133,1,2,0,0,0,0,0,3,4,0,2,3,3.0,N,,,,,,,,,,,
2020039816,1712.0,1,0,0,0,0,0,0,0,0,1,0,,67,4,2020,6,39.9601,-75.1807,1707.0,6,0,0,0,0,0,0,0,0,,0,0,0.0,17,1,0,0,N,2,39 57:36.490,3.0,3,75 10:50.441,0,0,0,0,67301,0,0,0,N,0,0,0,2,68K01,0,,1,9,40.0,N,N,N,0,,0,0,1,0,0,Y,1707,0,2,0,0,0,0,0,3,4,0,2,7,,N,,,,,,,,,,,
2020035150,147.0,0,0,0,0,0,0,0,0,0,7,0,,67,4,2020,6,39.8861,-75.208,138.0,6,0,0,0,0,0,1,0,0,,0,0,0.0,1,3,0,0,N,0,39 53:11.006,,3,75 12:24.666,9,0,0,0,67301,0,0,0,N,0,0,0,1,68K01,0,,4,9,,N,N,N,0,,0,0,1,0,0,,129,0,1,0,0,0,0,1,3,4,0,1,7,,N,,,,,,,,,,,
2020035355,420.0,1,0,0,0,0,0,0,0,0,2,0,,67,4,2020,2,40.0407,-75.1077,415.0,6,0,0,0,0,0,0,0,0,,0,0,0.0,4,5,0,0,N,0,40 02:26.517,,0,75 06:27.579,0,0,0,0,67301,0,0,0,N,0,0,0,1,67301,0,,6,1,,N,N,N,0,,0,0,3,3,2,,415,0,4,0,0,1,0,0,3,4,0,4,4,4.0,N,,,,,,,,,,,
2020036868,1244.0,1,0,0,0,0,0,0,0,0,7,0,,67,4,2020,1,39.9829,-75.2079,1243.0,6,0,0,0,0,0,1,0,0,,0,0,0.0,12,1,1,0,N,2,39 58:58.616,4.0,0,75 12:28.473,8,0,0,0,67301,0,0,0,N,0,0,0,1,68K01,0,,3,9,1250.0,N,N,N,0,,0,0,0,0,0,N,1243,1,1,0,0,0,1,0,3,4,0,1,7,,N,,,,,,,,,,,
2020071362,140.0,1,0,0,0,0,0,0,0,0,7,0,,67,8,2020,5,39.9532,-75.2487,140.0,6,0,0,0,0,1,0,0,0,,0,0,0.0,23,3,1,2,,0,39 57:11.451,,0,75 14:55.471,4,0,0,0,67301,0,0,0,N,0,0,0,1,67301,1,,4,1,,N,N,N,0,,0,0,0,3,1,,2321,1,1,0,0,1,0,0,3,4,0,1,3,3.0,N,,,,,,,,,,,
2020035406,2346.0,0,0,0,0,0,0,0,0,0,7,0,,67,4,2020,6,40.0506,-74.9912,2323.0,6,0,0,0,1,0,0,0,0,,0,0,0.0,23,3,1,0,N,0,40 03:02.299,,0,74 59:28.386,8,0,0,0,67301,0,0,0,N,0,0,0,3,68K01,0,,3,1,,N,N,N,0,,0,0,1,0,0,,2307,1,1,0,0,0,1,0,3,4,0,1,3,3.0,N,,,,,,,,,,,
2020076166,216.0,1,0,0,0,0,0,0,0,0,4,0,,67,9,2020,5,40.0529,-75.0692,215.0,6,0,0,0,0,0,0,0,0,,0,0,0.0,2,3,0,5,,1,40 03:10.583,1.0,0,75 04:09.078,0,0,0,0,67301,0,0,0,N,0,0,0,2,67301,0,,1,1,30.0,N,N,N,1,,0,0,0,0,0,Y,214,0,2,0,0,0,0,0,3,4,0,2,3,3.0,N,,,,,,,,,,,
2020036228,1755.0,0,0,0,0,0,0,0,0,0,8,0,,67,4,2020,5,39.9189,-75.1601,1752.0,6,0,0,0,0,0,0,0,0,,0,0,0.0,15,1,1,0,N,0,39 55:08.060,,0,75 09:36.390,3,0,0,0,67301,1,0,0,N,1,0,0,2,67301,0,,1,1,,N,N,N,0,,1,0,0,9,3,,1541,1,2,0,0,0,0,0,3,4,0,1,4,7.0,N,,,,,,,,,,,
2020035860,1801.0,2,0,0,0,0,0,0,0,0,4,0,,67,4,2020,2,39.9397,-75.2229,1801.0,6,0,0,0,0,0,0,0,0,,0,0,0.0,18,1,0,1,,0,39 56:22.826,,0,75 13:22.598,0,0,0,0,67301,0,0,0,N,0,0,0,3,67301,0,,1,1,,N,N,N,0,,0,0,0,3,2,,1800,0,2,0,0,0,0,0,3,4,0,2,3,3.0,N,,,,,,,,,,,
2020036866,1118.0,0,0,0,0,0,0,0,0,0,7,0,,67,4,2020,1,40.0315,-75.0216,1113.0,6,0,0,0,0,0,1,0,0,,0,0,0.0,11,1,0,0,N,1,40 01:53.299,2.0,0,75 01:17.615,0,0,0,0,67301,0,0,0,N,0,0,0,1,68K01,0,,2,9,15.0,N,N,N,1,,0,0,0,0,0,N,1110,0,1,0,0,0,0,0,3,4,0,1,7,7.0,N,,,,,,,,,,,
2020076723,1529.0,1,0,0,0,0,0,0,0,0,1,0,,67,8,2020,6,39.9585,-75.1675,1504.0,6,0,0,0,0,1,0,0,0,,0,0,0.0,14,8,0,0,N,1,39 57:30.472,3.0,0,75 10:02.989,0,0,0,0,67301,0,0,0,N,0,0,0,7,68K01,0,,1,1,1535.0,N,N,N,0,,0,0,2,0,0,N,1449,0,3,0,0,0,0,0,3,4,0,3,3,,N,,,,,,,,,,,
2020076142,642.0,0,0,0,0,0,0,0,0,0,4,0,,67,9,2020,2,39.9965,-75.0909,641.0,6,0,0,0,0,0,1,0,0,,0,0,0.0,6,1,1,0,N,0,39 59:47.419,,7,75 05:27.372,3,0,0,1,67301,0,0,0,N,0,0,0,2,67301,0,,1,1,,N,N,N,0,,1,0,1,0,0,,640,1,2,0,0,0,0,0,3,4,0,2,3,3.0,N,,,,,,,,,,,
2020037390,1431.0,2,0,0,0,0,0,0,0,0,1,0,,67,5,2020,6,40.0403,-75.0585,1423.0,6,0,0,0,0,0,0,0,0,,0,0,0.0,14,1,1,1,,1,40 02:25.164,1.0,0,75 03:30.737,3,0,0,0,67301,0,0,0,N,0,0,0,4,67301,0,,1,1,1530.0,N,N,N,0,,1,0,1,3,2,N,1422,1,3,0,0,0,0,0,3,4,0,3,3,3.0,N,,,,,,,,,,,
2020034786,1626.0,6,0,0,0,0,0,0,0,0,1,0,,67,4,2020,6,39.9385,-75.172,1625.0,6,0,0,0,0,0,1,0,0,,0,0,0.0,16,1,5,0,N,0,39 56:18.630,,0,75 10:19.270,3,0,0,0,67301,0,0,0,N,0,0,0,5,67301,0,,1,9,,N,N,N,0,,1,0,2,0,0,,1624,5,10,0,0,0,4,0,3,4,2,10,7,4.0,N,,,,,,,,,,,
2020056657,253.0,0,0,0,0,0,0,0,0,0,7,0,,67,7,2020,5,39.9743,-75.1948,253.0,6,0,0,0,0,0,0,0,0,,0,0,0.0,2,3,1,0,N,0,39 58:27.445,,0,75 11:41.168,4,0,0,0,67301,0,0,0,N,0,0,0,2,67301,1,,7,1,,N,N,N,0,,0,0,1,0,0,,241,1,1,0,0,1,0,0,3,4,0,1,3,,N,,,,,,,,,,,
2020035861,2002.0,1,0,0,0,0,0,0,0,0,8,0,,67,4,2020,3,39.9271,-75.2361,2002.0,6,0,0,0,0,0,0,0,0,,0,0,0.0,19,4,1,0,N,0,39 55:37.381,,0,75 14:09.885,3,0,0,0,67301,1,0,0,N,1,0,0,2,67301,0,,1,1,,N,N,N,0,,1,0,0,0,0,,1955,1,2,0,0,0,0,0,3,4,0,1,3,3.0,N,,,,,,,,,,,
2020035994,1818.0,1,0,0,0,0,0,0,0,0,4,0,,67,4,2020,5,39.9647,-75.2368,1806.0,6,0,0,0,0,0,0,0,0,,0,0,0.0,18,1,1,1,,0,39 57:52.743,,0,75 14:12.638,4,0,0,0,67301,0,0,0,N,0,0,0,2,67301,1,,1,9,,N,N,N,0,,0,0,3,3,3,,1803,1,4,0,0,0,0,0,3,4,0,4,7,7.0,N,,,,,,,,,,,
2020039826,747.0,0,0,0,0,0,0,0,0,0,5,0,,67,4,2020,4,40.0025,-75.195,746.0,6,0,0,0,0,0,0,0,0,,0,0,0.0,7,1,1,0,N,0,40 00:09.179,,0,75 11:42.057,8,0,0,0,67301,0,0,0,N,0,0,0,2,68K01,0,,1,1,,N,N,N,0,,0,0,2,0,0,,744,1,2,0,0,1,1,0,3,4,0,2,3,,N,,,,,,,,,,,
2020075335,1543.0,0,0,0,0,0,0,0,0,0,1,0,,67,9,2020,7,40.0154,-75.0532,1529.0,6,0,0,0,0,0,0,0,0,,0,0,0.0,15,1,0,0,N,0,40 00:55.548,,0,75 03:11.596,0,0,0,0,67301,0,0,0,N,0,0,0,4,68K01,0,,1,1,,N,N,N,0,,0,0,3,3,8,,1516,0,3,0,0,0,0,0,3,4,0,3,3,,N,,,,,,,,,,,
2020075026,2328.0,0,0,0,1,0,0,0,0,0,4,0,,67,9,2020,6,40.0279,-75.2073,2324.0,6,0,0,0,0,0,1,0,0,,0,0,0.0,21,3,1,1,,0,40 01:40.563,,0,75 12:26.257,8,0,0,0,67301,1,0,0,N,0,0,0,2,67301,0,,1,1,,N,N,N,0,,0,0,1,9,3,,2150,1,2,0,0,0,1,0,3,4,0,1,3,3.0,N,,,,,,,,,,,
2020034502,1521.0,2,0,0,0,0,0,0,0,0,4,0,,67,4,2020,5,40.0081,-75.0849,1513.0,6,0,1,0,0,0,0,1,0,,0,0,0.0,15,1,1,2,,0,40 00:28.981,,0,75 05:05.466,8,0,0,0,67301,0,0,0,N,0,0,0,3,67301,0,,1,1,,N,N,N,0,,0,0,0,3,3,,1501,1,2,0,0,0,1,0,3,4,0,2,3,3.0,N,,,,,,,,,,,
2020035011,1120.0,2,0,0,0,0,0,0,0,0,4,0,,67,4,2020,1,40.019,-75.0524,1110.0,6,0,0,0,0,0,0,0,0,,0,0,0.0,11,1,0,0,N,1,40 01:08.449,3.0,0,75 03:08.693,0,0,0,0,67301,0,0,0,N,0,0,0,2,67301,0,,1,9,1321.0,N,N,Y,2,,0,0,0,0,0,N,1100,0,4,0,0,2,0,0,3,4,0,4,7,4.0,N,,,,,,,,,,,
2020036227,105.0,1,0,0,0,0,0,0,0,0,7,0,,67,4,2020,2,39.912,-75.1505,100.0,6,0,0,0,1,0,0,0,0,,0,0,0.0,1,3,0,2,,0,39 54:43.164,,2,75 09:01.850,0,0,0,0,67301,0,0,0,N,0,0,0,2,67301,0,,4,9,,N,N,N,0,,0,0,0,3,2,,100,0,1,0,0,2,0,0,3,4,0,1,7,4.0,N,,,,,,,,,,,
2020040576,1848.0,1,0,0,0,0,0,0,0,0,5,0,,67,5,2020,6,39.9633,-75.1771,1848.0,6,0,0,0,0,0,0,0,0,,0,0,0.0,18,1,1,5,,0,39 57:47.711,,0,75 10:37.700,3,0,0,1,67301,0,0,0,N,0,0,0,2,67301,0,,1,1,,N,N,N,0,,1,0,0,3,2,,1847,1,2,0,0,0,0,0,3,4,0,2,3,3.0,N,,,,,,,,,,,
2020036133,1611.0,2,0,0,0,0,0,0,0,0,4,0,,67,4,2020,5,40.0141,-75.1404,1611.0,6,0,0,0,0,0,0,0,0,,0,0,0.0,15,1,3,1,,0,40 00:50.716,,0,75 08:25.609,3,0,0,0,67301,0,0,0,N,0,0,0,3,67301,2,,1,1,,N,N,N,0,,1,0,0,3,3,,1554,3,2,0,0,0,0,0,3,4,0,2,3,4.0,N,,,,,,,,,,,
2020041956,1454.0,0,0,0,0,0,0,0,0,0,7,0,,67,4,2020,1,39.96,-75.1797,1452.0,6,0,0,0,0,0,0,0,0,,0,0,0.0,14,1,0,0,N,2,39 57:35.974,3.0,0,75 10:46.901,0,0,0,0,67301,0,0,0,N,0,0,0,1,68K01,0,,4,9,1530.0,N,N,N,1,,0,0,0,0,0,Y,1451,0,1,0,0,0,0,0,3,4,0,1,7,,N,,,,,,,,,,,
2020034499,2004.0,2,0,0,0,0,0,0,0,0,3,0,,67,4,2020,5,40.0327,-75.0911,2004.0,6,0,0,0,0,0,0,0,0,,0,0,0.0,20,4,0,0,N,0,40 01:57.830,,0,75 05:28.050,0,0,0,0,67301,0,0,0,N,0,0,0,1,67301,0,,1,1,,N,N,N,0,,0,0,1,0,0,,2004,0,3,0,0,1,0,0,3,4,0,3,3,3.0,N,,,,,,,,,,,
2020037644,1958.0,0,0,0,0,0,0,0,0,0,1,0,,67,4,2020,5,40.0366,-75.0153,1958.0,6,0,0,1,0,0,0,0,0,,0,0,0.0,19,2,2,0,N,1,40 02:11.715,2.0,0,75 00:55.080,8,0,0,0,67301,2,0,0,N,2,0,0,3,68K01,0,,2,9,2200.0,N,N,Y,0,,0,0,2,0,0,N,1958,2,4,0,0,0,2,0,3,4,0,2,7,98.0,N,,,,,,,,,,,
2020036021,1327.0,1,0,0,0,0,0,0,0,0,4,0,,67,4,2020,5,39.9138,-75.1584,1327.0,6,0,0,0,0,0,0,0,0,,0,0,0.0,13,1,0,1,,0,39 54:49.737,,0,75 09:30.164,0,0,0,0,67301,0,0,0,N,0,0,0,2,67301,0,,1,1,,N,N,N,0,,0,0,3,3,3,,1325,0,4,0,0,0,0,0,3,4,0,4,3,,N,,,,,,,,,,,
2020075333,2230.0,1,0,1,0,0,0,0,0,0,5,0,,67,9,2020,5,40.0035,-75.0774,2214.0,6,0,0,0,0,0,0,0,0,,0,0,0.0,22,3,1,7,N,1,40 00:12.647,2.0,2,75 04:38.645,2,0,0,0,67301,0,0,0,N,0,0,0,2,68K01,0,,1,1,2230.0,N,N,N,0,,0,1,0,0,0,N,2201,1,2,0,0,0,0,1,3,4,0,2,3,,N,,,,,,,,,,,
2020035716,1155.0,2,0,0,0,0,0,0,0,0,1,0,,67,4,2020,1,39.9057,-75.1939,1148.0,6,0,0,0,0,0,0,0,0,,0,0,0.0,11,1,3,1,,0,39 54:20.725,,0,75 11:37.765,3,0,0,0,67301,0,0,0,N,0,0,0,9,67301,0,,1,9,,N,N,N,0,,3,0,2,3,2,,1147,3,4,0,0,0,0,0,3,4,0,4,7,4.0,N,,,,,,,,,,,
2020075075,1410.0,1,0,0,0,0,0,1,0,0,6,1,,67,9,2020,3,40.0389,-75.1442,1405.0,6,0,0,0,0,0,1,0,0,,0,0,0.0,14,1,3,0,N,0,40 02:20.193,,0,75 08:38.942,4,0,0,0,67301,0,0,0,N,0,0,0,5,67508,3,,1,1,,N,N,Y,0,,0,0,0,0,0,N,1405,3,2,0,0,0,0,0,3,4,0,2,3,3.0,N,,,,,,,,,,,
2020076444,2005.0,2,0,0,0,0,0,0,0,0,2,0,,67,9,2020,5,40.0331,-75.1069,1956.0,6,0,0,0,0,0,0,0,0,,0,0,0.0,19,3,2,0,N,0,40 01:59.060,,7,75 06:24.865,3,0,0,0,67301,0,0,0,N,0,0,0,3,67301,0,,1,1,,N,N,N,0,,2,0,0,0,0,,1931,2,2,0,0,0,0,0,3,4,0,2,3,,N,,,,,,,,,,,
2020034872,145.0,2,0,0,0,0,0,0,0,0,4,0,,67,4,2020,7,39.9804,-75.1709,145.0,6,0,0,0,0,0,0,0,0,,0,0,0.0,23,3,0,1,,0,39 58:49.320,,0,75 10:15.311,0,0,0,0,67301,0,0,0,N,0,0,0,2,67301,0,,1,9,,N,N,N,0,,0,0,0,3,1,,2355,0,2,0,0,0,0,0,3,4,0,2,7,4.0,N,,,,,,,,,,,
2020036072,1035.0,1,0,0,0,0,0,0,0,0,4,0,,67,4,2020,5,40.1099,-75.0251,1032.0,6,0,0,0,0,0,1,0,0,,0,0,0.0,10,1,1,2,,0,40 06:35.664,,7,75 01:30.406,4,0,0,0,67301,0,0,0,N,0,0,0,2,67301,1,,1,9,,N,N,N,0,,0,0,1,0,0,,1025,1,2,0,0,0,0,0,3,4,0,2,7,7.0,N,,,,,,,,,,,