CRN,ARRIVAL_TM,AUTOMOBILE_COUNT,BELTED_DEATH_COUNT,BELTED_SUSP_SERIOUS_INJ_COUNT,BICYCLE_COUNT,BICYCLE_DEATH_COUNT,BICYCLE_SUSP_SERIOUS_INJ_COUNT,BUS_COUNT,CHLDPAS_DEATH_COUNT,CHLDPAS_SUSP_SERIOUS_INJ_COUNT,COLLISION_TYPE,COMM_VEH_COUNT,CONS_ZONE_SPD_LIM,COUNTY,CRASH_MONTH,CRASH_YEAR,DAY_OF_WEEK,DEC_LAT,DEC_LONG,DISPATCH_TM,DISTRICT,DRIVER_COUNT_16YR,DRIVER_COUNT_17YR,DRIVER_COUNT_18YR,DRIVER_COUNT_19YR,DRIVER_COUNT_20YR,DRIVER_COUNT_50_64YR,DRIVER_COUNT_65_74YR,DRIVER_COUNT_75PLUS,EST_HRS_CLOSED,FATAL_COUNT,HEAVY_TRUCK_COUNT,HORSE_BUGGY_COUNT,HOUR_OF_DAY,ILLUMINATION,INJURY_COUNT,INTERSECT_TYPE,INTERSECTION_RELATED,LANE_CLOSED,LATITUDE,LN_CLOSE_DIR,LOCATION_TYPE,LONGITUDE,MAX_SEVERITY_LEVEL,MCYCLE_DEATH_COUNT,MCYCLE_SUSP_SERIOUS_INJ_COUNT,MOTORCYCLE_COUNT,MUNICIPALITY,NONMOTR_COUNT,NONMOTR_DEATH_COUNT,NONMOTR_SUSP_SERIOUS_INJ_COUNT,NTFY_HIWY_MAINT,PED_COUNT,PED_DEATH_COUNT,PED_SUSP_SERIOUS_INJ_COUNT,PERSON_COUNT,POLICE_AGCY,POSSIBLE_INJ_COUNT,RDWY_SURF_TYPE_CD,RELATION_TO_ROAD,ROAD_CONDITION,ROADWAY_CLEARED,SCH_BUS_IND,SCH_ZONE_IND,SECONDARY_CRASH,SMALL_TRUCK_COUNT,SPEC_JURIS_CD,SUSP_MINOR_INJ_COUNT,SUSP_SERIOUS_INJ_COUNT,SUV_COUNT,TCD_FUNC_CD,TCD_TYPE,TFC_DETOUR_IND,TIME_OF_DAY,TOT_INJ_COUNT,TOTAL_UNITS,UNB_DEATH_COUNT,UNB_SUSP_SERIOUS_INJ_COUNT,UNBELTED_OCC_COUNT,UNK_INJ_DEG_COUNT,UNK_INJ_PER_COUNT,URBAN_AREA,URBAN_RURAL,VAN_COUNT,VEHICLE_COUNT,WEATHER1,WEATHER2,WORK_ZONE_IND,WORK_ZONE_LOC,WORK_ZONE_TYPE,WORKERS_PRES,WZ_CLOSE_DETOUR,WZ_FLAGGER,WZ_LAW_OFFCR_IND,WZ_LN_CLOSURE,WZ_MOVING,WZ_OTHER,WZ_SHLDER_MDN,WZ_WORKERS_INJ_KILLED
2020032743,958.0,1,0,0,0,0,0,0,0,0,4,0,,67,4,2020,7,40.0276,-75.1206,947.0,6,0,0,0,0,0,1,0,0,,0,0,0.0,9,1,1,3,,0,40 01:38.773,,0,75 07:14.770,8,0,0,0,67301,0,0,0,N,0,0,0,2,67301,0,,1,1,,N,N,N,0,,0,0,1,3,2,,944,1,2,0,0,0,1,0,3,4,0,2,3,3.0,N,,,,,,,,,,,
2020032160,1757.0,1,0,0,0,0,0,0,0,0,5,0,,67,4,2020,6,39.9254,-75.2346,1757.0,6,0,0,0,0,0,1,1,0,,0,0,0.0,17,1,1,0,N,0,39 55:31.540,,0,75 14:04.390,3,0,0,0,67301,0,0,0,N,0,0,0,4,67301,0,,1,1,,N,N,N,1,,1,0,1,0,0,,1755,1,4,0,0,0,0,0,3,4,1,4,3,,N,,,,,,,,,,,
2020070138,805.0,0,0,0,0,0,0,0,0,0,1,0,,67,8,2020,6,40.079,-75.174,755.0,6,0,0,0,0,0,0,0,0,,0,0,0.0,7,3,3,1,,0,40 04:44.426,,0,75 10:26.416,8,0,0,0,67301,0,0,0,N,0,0,0,4,67301,0,,1,9,,N,N,N,0,,0,0,2,3,2,,715,3,2,0,0,0,3,1,3,4,0,2,7,7.0,N,,,,,,,,,,,
2020030540,1612.0,0,0,0,0,0,0,0,0,0,1,0,,67,3,2020,2,39.9579,-75.1642,1612.0,6,0,0,0,0,0,1,0,0,,0,0,0.0,16,1,0,0,Y,0,39 57:28.586,,0,75 09:51.198,0,0,0,0,67301,0,0,0,N,0,0,0,2,67301,0,,1,9,,N,N,N,2,,0,0,0,3,2,,1612,0,2,0,0,0,0,0,3,4,0,2,7,7.0,N,,,,,,,,,,,
2020038925,1535.0,1,0,0,0,0,0,0,0,0,7,0,,67,4,2020,6,40.0358,-75.0171,1528.0,6,0,0,0,0,0,0,0,0,,0,0,0.0,15,1,0,0,N,0,40 02:09.047,,0,75 01:01.408,0,0,0,0,67301,0,0,0,N,0,0,0,2,68K01,0,,2,9,,N,N,N,0,,0,0,0,0,0,,1527,0,1,0,0,0,0,0,3,4,0,1,7,,N,,,,,,,,,,,
2020036825,1829.0,1,0,0,0,0,0,0,0,0,8,0,,67,5,2020,6,39.9749,-75.1974,1730.0,6,0,0,0,0,0,0,0,0,,0,0,0.0,17,1,1,0,N,0,39 58:29.775,,0,75 11:50.655,3,0,0,0,67301,1,0,0,N,1,0,0,2,67301,0,,1,1,,N,N,N,0,,1,0,0,3,2,,1730,1,2,0,0,0,0,0,3,4,0,1,3,3.0,N,,,,,,,,,,,
2020036027,1006.0,2,0,0,0,0,0,0,0,0,4,0,,67,5,2020,6,39.9746,-75.1374,1005.0,6,0,0,0,0,0,0,0,0,,0,0,0.0,9,1,2,1,,0,39 58:28.592,,0,75 08:14.492,3,0,0,0,67301,0,0,0,N,0,0,0,2,67301,0,,1,1,,N,N,N,1,,2,0,0,3,3,,955,2,3,0,0,2,0,0,3,4,0,3,3,3.0,N,,,,,,,,,,,
2020035079,1818.0,1,0,0,0,0,0,0,0,0,7,0,,67,4,2020,6,39.9917,-75.1665,1818.0,6,0,0,1,0,0,0,0,0,,0,0,0.0,18,1,0,3,,0,39 59:30.004,,0,75 09:59.450,0,0,0,0,67301,0,0,0,N,0,0,0,4,67301,0,,4,9,,N,N,N,0,,0,0,0,0,0,,1818,0,1,0,0,0,0,0,3,4,0,1,7,98.0,N,,,,,,,,,,,
2020036164,2126.0,1,0,0,0,0,0,0,0,0,1,0,,67,4,2020,4,39.988,-75.2255,2125.0,6,0,0,0,0,0,0,0,0,,0,0,0.0,21,3,0,0,N,0,39 59:16.700,,0,75 13:31.930,0,0,0,0,67301,0,0,0,N,0,0,0,1,67301,0,,6,1,,N,N,N,0,,0,0,1,3,2,,2123,0,2,0,0,0,0,0,3,4,0,2,3,3.0,N,,,,,,,,,,,
2020035276,755.0,0,0,0,0,0,0,0,0,0,7,0,,67,4,2020,3,39.9844,-75.113,740.0,6,0,0,0,0,0,0,0,0,,0,0,0.0,6,1,0,2,,0,39 59:03.710,,0,75 06:46.713,0,0,0,0,67301,0,0,0,N,0,0,0,1,67301,0,,5,1,,N,N,N,0,,0,0,0,3,3,,630,0,1,0,0,0,0,0,3,4,1,1,3,,N,,,,,,,,,,,
2020035801,2120.0,1,0,0,0,0,0,0,0,0,4,0,,67,4,2020,2,40.0471,-75.1395,2115.0,6,0,0,0,0,0,0,0,0,,0,0,0.0,21,3,0,0,N,0,40 02:49.423,,0,75 08:22.232,0,0,0,0,67301,0,0,0,N,0,0,0,2,67301,0,,1,1,,N,N,N,0,,0,0,2,3,2,,2110,0,4,0,0,0,0,0,3,4,1,4,3,,N,,,,,,,,,,,
2020035533,2045.0,1,0,0,0,0,0,0,0,0,5,0,,67,4,2020,2,39.959,-75.2475,2023.0,6,0,0,0,0,0,0,0,0,,0,0,0.0,20,3,1,0,N,0,39 57:32.289,,0,75 14:51.006,2,0,0,0,67301,0,0,0,N,0,0,0,1,67301,0,,6,1,,N,N,N,0,,0,1,6,0,0,,2023,1,7,0,0,0,0,0,3,4,0,7,3,,N,,,,,,,,,,,
2020034744,1818.0,1,0,0,0,0,0,0,0,0,4,0,,67,4,2020,6,39.9893,-75.1673,1817.0,6,0,0,0,0,0,1,0,0,,0,0,0.0,18,1,0,1,,0,39 59:21.653,,0,75 10:02.305,0,0,0,0,67301,0,0,0,N,0,0,0,3,67301,0,,1,8,,N,N,N,0,,0,0,1,3,2,,1817,0,2,0,0,1,0,0,3,4,0,2,4,4.0,N,,,,,,,,,,,
2020032206,1550.0,1,0,0,0,0,0,0,0,0,4,0,,67,4,2020,2,39.9934,-75.1547,1547.0,6,0,0,0,0,0,0,0,0,,0,0,0.0,15,1,3,0,N,0,39 59:36.208,,0,75 09:16.957,3,0,0,0,67301,0,0,0,N,0,0,0,3,67301,1,,1,1,,N,N,N,0,,2,0,1,0,0,,1545,3,3,0,0,0,0,0,3,4,1,3,3,,N,,,,,,,,,,,
2020032619,45.0,2,0,0,0,0,0,0,0,0,5,0,,67,4,2020,1,39.9621,-75.1497,40.0,6,0,0,0,0,0,0,0,0,,0,0,0.0,22,3,0,0,N,0,39 57:43.650,,0,75 08:58.890,0,0,0,0,67301,0,0,0,N,0,0,0,1,67301,0,,6,9,,N,N,N,0,,0,0,0,9,3,,2200,0,2,0,0,0,0,0,3,4,0,2,7,,N,,,,,,,,,,,
2020031431,1810.0,2,0,0,0,0,0,0,0,0,1,0,,67,4,2020,2,39.9844,-75.16,1808.0,6,0,0,0,0,0,1,0,0,,0,0,0.0,18,1,1,0,N,0,39 59:03.920,,0,75 09:35.910,3,0,0,0,67301,0,0,0,N,0,0,0,1,67301,0,,6,1,,N,N,N,0,,1,0,0,0,0,,1807,1,2,0,0,0,0,0,3,4,0,2,3,3.0,N,,,,,,,,,,,
2020070050,1229.0,2,0,0,0,0,0,0,0,0,4,1,,67,8,2020,6,39.9419,-75.2255,1211.0,6,0,0,0,0,0,0,0,0,,0,1,0.0,12,1,2,1,,0,39 56:30.713,,0,75 13:31.922,3,0,0,0,67301,0,0,0,N,0,0,0,6,67301,0,,1,1,,N,N,N,0,,2,0,0,3,2,,1203,2,3,0,0,0,0,2,3,4,0,3,3,3.0,N,,,,,,,,,,,
2020034045,923.0,1,0,0,0,0,0,0,0,0,7,0,,67,4,2020,5,39.9683,-75.1287,911.0,6,0,0,0,0,1,0,0,0,,0,0,0.0,9,1,0,0,N,2,39 58:06.386,1.0,0,75 07:42.231,0,0,0,0,67301,0,0,0,N,0,0,0,1,68K01,0,,4,9,5.0,N,N,N,0,,0,0,0,0,0,N,909,0,1,0,0,0,0,0,3,4,0,1,7,,N,,,,,,,,,,,
2020031211,2310.0,2,0,0,0,0,0,0,0,0,4,0,,67,4,2020,7,40.0202,-75.0631,2309.0,6,0,0,0,0,0,0,0,0,,0,0,0.0,23,3,0,0,N,0,40 01:12.740,,0,75 03:47.200,0,0,0,0,67301,0,0,0,N,0,0,0,1,67301,0,,1,1,,N,N,N,1,,0,0,2,0,0,,2308,0,5,0,0,0,0,0,3,4,0,5,3,,N,,,,,,,,,,,
2020037637,1225.0,1,0,0,0,0,0,0,0,0,0,0,,67,4,2020,1,40.0391,-75.0084,1225.0,6,0,0,0,0,0,0,0,0,,0,0,0.0,12,1,0,0,N,0,40 02:20.782,,0,75 00:30.120,0,0,0,0,67301,0,0,0,N,0,0,0,1,68K01,0,,2,9,,N,N,N,0,,0,0,0,0,0,,1223,0,1,0,0,0,0,0,3,4,0,1,7,,N,,,,,,,,,,,
2020036122,2143.0,0,0,0,0,0,0,0,0,0,2,0,,67,4,2020,4,39.9975,-75.1023,2142.0,6,0,0,0,0,0,0,1,0,,0,0,0.0,21,3,1,0,N,0,39 59:51.021,,0,75 06:08.232,3,0,0,0,67301,0,0,0,N,0,0,0,2,67301,0,,1,1,,N,N,N,0,,1,0,1,9,9,,2142,1,2,0,0,0,0,0,3,4,0,2,3,3.0,N,,,,,,,,,,,
2020035724,2229.0,1,0,0,0,0,0,0,0,0,4,0,,67,4,2020,4,40.0285,-75.0581,2022.0,6,0,0,0,0,0,0,0,0,,0,0,0.0,20,3,0,0,N,0,40 01:42.477,,7,75 03:29.216,0,0,0,0,67301,0,0,0,N,0,0,0,3,67301,0,,1,1,,N,N,N,0,,0,0,1,0,0,,2020,0,2,0,0,0,0,0,3,4,0,2,3,,N,,,,,,,,,,,
2020035535,1343.0,1,0,0,0,0,0,0,0,0,5,0,,67,4,2020,3,40.0452,-75.1498,1343.0,6,0,0,0,0,0,0,0,0,,0,0,0.0,13,1,0,0,N,0,40 02:42.540,,0,75 08:59.160,0,0,0,0,67301,0,0,0,N,0,0,0,2,67301,0,,1,1,,N,N,N,0,,0,0,1,0,0,,1343,0,2,0,0,0,0,0,3,4,0,2,3,3.0,N,,,,,,,,,,,
2020034868,940.0,1,0,0,0,0,0,0,0,0,1,0,,67,4,2020,6,40.082,-75.1735,931.0,6,0,0,0,0,0,1,0,0,,0,0,0.0,9,1,0,0,N,0,40 04:55.040,,0,75 10:24.690,0,0,0,0,67301,0,0,0,N,0,0,0,1,67301,0,,6,9,,N,N,N,0,,0,0,1,0,0,,931,0,2,0,0,0,0,0,3,4,0,2,7,,N,,,,,,,,,,,
2020069890,1518.0,1,0,0,1,0,0,0,0,0,1,0,,67,8,2020,6,39.9543,-75.1918,1514.0,6,0,0,0,0,0,0,0,0,,0,0,0.0,15,1,1,1,,0,39 57:15.621,,0,75 11:30.428,3,0,0,0,67301,1,0,0,N,0,0,0,2,67504,0,,1,1,,N,N,N,0,,1,0,0,3,2,,1510,1,2,0,0,0,0,0,3,4,0,1,4,,N,,,,,,,,,,,
2020075108,937.0,1,0,0,0,0,0,1,0,0,4,1,,67,9,2020,4,39.9222,-75.153,930.0,6,0,0,0,0,0,1,0,0,,0,0,0.0,9,1,1,2,N,0,39 55:19.998,,0,75 09:10.775,4,0,0,0,67301,0,0,0,N,0,0,0,4,67508,1,,1,1,,N,N,Y,0,,0,0,0,3,2,,930,1,2,0,0,0,0,0,3,4,0,2,3,3.0,N,,,,,,,,,,,
2020076764,8.0,1,0,0,0,0,0,0,0,0,1,0,,67,9,2020,3,39.9906,-75.0866,2351.0,6,0,0,0,0,0,0,0,0,,0,0,0.0,23,3,1,0,N,1,39 59:26.082,1.0,0,75 05:11.678,4,0,0,0,67301,0,0,0,N,0,0,0,2,68K01,1,,1,1,30.0,N,N,N,0,,0,0,0,0,0,N,2350,1,2,0,0,0,0,1,3,4,0,2,3,,N,,,,,,,,,,,
2020035823,2311.0,0,0,0,0,0,0,0,0,0,8,0,,67,4,2020,5,39.9592,-75.2434,2310.0,6,0,0,0,0,0,0,0,0,,0,0,0.0,23,2,1,1,,0,39 57:33.025,,0,75 14:36.157,3,0,0,0,67301,1,0,0,N,1,0,0,2,67301,0,,1,9,,N,N,N,0,,1,0,1,3,2,,2306,1,2,0,0,0,0,0,3,4,0,1,7,,N,,,,,,,,,,,
2020036860,1142.0,1,0,0,0,0,0,0,0,0,7,0,,67,4,2020,6,39.9601,-75.1803,1141.0,6,0,0,0,0,0,1,0,0,,0,0,0.0,11,1,0,0,N,2,39 57:36.253,3.0,0,75 10:48.966,0,0,0,0,67301,0,0,0,N,0,0,0,1,68K01,0,,2,9,1200.0,N,N,N,0,,0,0,0,0,0,N,1140,0,1,0,0,0,0,0,3,4,0,1,7,7.0,N,,,,,,,,,,,
2020035722,1504.0,1,0,0,0,0,0,0,0,0,4,0,,67,4,2020,3,40.0296,-75.0868,1501.0,6,0,0,0,0,0,0,0,0,,0,0,0.0,14,1,2,1,,0,40 01:46.600,,0,75 05:12.554,3,0,0,0,67301,0,0,0,N,0,0,0,2,67301,0,,1,1,,N,N,N,0,,2,0,1,3,2,,1456,2,2,0,0,0,0,0,3,4,0,2,3,,N,,,,,,,,,,,
2020076729,1736.0,2,0,0,0,0,0,0,0,0,1,0,,67,8,2020,7,39.9766,-75.1144,1736.0,6,0,0,0,0,1,0,0,0,,0,0,0.0,17,1,3,0,N,0,39 58:35.636,,0,75 06:51.670,4,0,0,0,67301,0,0,0,N,0,0,0,3,68K01,3,,1,1,,N,N,N,0,,0,0,0,0,0,,1729,3,2,0,0,0,0,0,3,4,0,2,3,,N,,,,,,,,,,,
2020075900,1250.0,0,0,0,0,0,0,1,0,0,5,1,,67,9,2020,4,39.9514,-75.1684,1245.0,6,0,0,0,0,0,1,0,0,,0,0,0.0,12,1,1,0,N,0,39 57:05.073,,0,75 10:06.254,4,0,0,0,67301,0,0,0,N,0,0,0,3,67508,1,,1,1,,N,N,Y,1,,0,0,0,3,2,N,1245,1,2,0,0,0,0,0,3,4,0,2,3,3.0,N,,,,,,,,,,,
2020035081,1546.0,2,0,0,0,0,0,0,0,0,0,0,,67,4,2020,1,40.0007,-75.1268,1546.0,6,0,0,0,0,0,0,0,0,,0,0,0.0,15,1,0,0,N,0,40 00:02.380,,0,75 07:36.430,0,0,0,0,67301,0,0,0,N,0,0,0,1,67301,0,,1,9,,N,N,N,0,,0,0,1,0,0,,1546,0,4,0,0,0,0,0,3,4,1,4,7,4.0,N,,,,,,,,,,,
2020036627,2359.0,0,0,0,0,0,0,0,0,0,7,0,,67,4,2020,5,39.9829,-75.2079,2355.0,6,0,0,0,0,0,0,0,0,,0,0,0.0,23,3,0,0,N,1,39 58:58.482,4.0,0,75 12:28.425,0,0,0,0,67301,0,0,0,N,0,0,0,2,68K01,0,,2,9,10.0,N,N,N,1,,0,0,0,0,0,N,2353,0,1,0,0,0,0,0,3,4,0,1,7,7.0,N,,,,,,,,,,,
2020033284,1616.0,0,0,0,0,0,0,0,0,0,1,0,,67,4,2020,7,39.927,-75.2435,1613.0,6,0,0,0,0,0,0,1,0,,0,0,0.0,16,1,2,3,,1,39 55:37.155,5.0,0,75 14:36.586,4,0,0,0,67301,0,0,0,N,0,0,0,3,67301,2,,1,1,1720.0,N,N,N,0,,0,0,2,0,0,N,1612,2,3,0,0,0,0,1,3,4,0,3,3,,N,,,,,,,,,,,
2020032522,1300.0,1,0,0,0,0,0,0,0,0,4,0,,67,4,2020,7,40.0428,-75.0766,1249.0,6,0,0,0,0,0,1,0,0,,0,0,0.0,12,1,1,1,,1,40 02:34.015,1.0,0,75 04:35.655,4,0,0,0,67301,0,0,0,N,0,0,0,3,67301,1,,1,1,1335.0,N,N,N,0,,0,0,1,3,3,N,1240,1,2,0,0,0,0,1,3,4,0,2,3,3.0,N,,,,,,,,,,,
2020030496,2145.0,1,0,0,0,0,0,0,0,0,4,0,,67,3,2020,2,40.0566,-75.0132,2140.0,6,0,0,0,0,0,0,0,0,,0,0,0.0,21,3,0,1,,0,40 03:23.817,,0,75 00:47.353,9,0,0,0,67301,0,0,0,N,0,0,0,3,67301,0,,1,1,,N,N,N,0,,0,0,1,3,2,,2138,0,2,0,0,0,0,1,3,4,0,2,3,3.0,N,,,,,,,,,,,
2020069519,2031.0,3,0,0,1,1,0,0,0,0,4,0,,67,8,2020,4,39.9715,-75.2258,2030.0,6,0,0,0,0,0,0,0,0,,1,0,0.0,20,3,0,1,,2,39 58:17.106,7.0,0,75 13:33.004,1,0,0,0,67301,1,1,0,N,0,0,0,4,67301,0,2.0,1,1,100.0,N,N,Y,0,0.0,0,0,1,3,2,Y,2028,0,5,0,0,2,0,0,3,4,0,4,3,3.0,N,,,,,,,,,,,
2020036532,2245.0,2,0,0,0,0,0,0,0,0,4,0,,67,4,2020,4,40.0233,-75.1364,2230.0,6,0,0,0,0,0,1,0,0,,0,0,0.0,22,3,2,5,,0,40 01:23.980,,0,75 08:11.021,3,0,0,0,67301,0,0,0,N,0,0,0,3,67301,0,,1,1,,N,N,N,0,,2,0,1,3,2,,2226,2,3,0,0,0,0,0,3,4,0,3,3,3.0,N,,,,,,,,,,,
2020038928,1359.0,0,0,0,0,0,0,0,0,0,1,0,,67,4,2020,7,39.9601,-75.1797,1350.0,6,0,0,0,0,0,0,0,0,,0,0,0.0,13,1,0,0,N,0,39 57:36.357,,0,75 10:46.811,0,0,0,0,67301,0,0,0,N,0,0,0,4,68K01,0,,1,1,,N,N,N,0,,0,0,2,0,0,,1344,0,2,0,0,0,0,0,3,4,0,2,3,,N,,,,,,,,,,,
2020076728,1349.0,2,0,0,0,0,0,0,0,0,1,0,,67,8,2020,7,39.9594,-75.174,1349.0,6,0,0,0,0,0,0,1,0,,0,0,0.0,13,1,2,0,N,0,39 57:33.840,,0,75 10:26.484,3,0,0,0,67301,0,0,0,N,0,0,0,4,68K01,0,,1,1,,N,N,N,0,,2,0,0,0,0,,1344,2,2,0,0,0,0,0,3,4,0,2,3,,N,,,,,,,,,,,
2020034871,2245.0,1,0,0,0,0,0,0,0,0,7,0,,67,4,2020,7,39.9888,-75.187,2243.0,6,0,0,0,0,0,0,0,0,,0,0,0.0,22,3,0,1,,0,39 59:19.164,,0,75 11:13.413,0,0,0,0,67301,0,0,0,N,0,0,0,1,67301,0,,5,9,,N,N,N,0,,0,0,2,3,2,,2241,0,3,0,0,0,0,0,3,4,0,3,7,,N,,,,,,,,,,,
2020076714,1859.0,1,0,0,0,0,0,0,0,0,1,0,,67,8,2020,3,39.9592,-75.1723,1859.0,6,0,0,0,0,0,0,0,0,,0,0,0.0,18,1,0,0,N,1,39 57:33.025,4.0,0,75 10:20.434,9,0,0,0,67301,0,0,0,N,0,0,0,2,68K01,0,,1,1,1905.0,N,N,N,0,,0,0,0,0,0,N,1859,0,2,0,0,0,0,1,3,4,0,2,3,3.0,N,,,,,,,,,,,
2020058083,530.0,1,0,0,0,0,0,0,0,0,7,0,,67,7,2020,4,39.9573,-75.1707,405.0,6,0,0,0,0,0,0,0,0,,0,0,0.0,4,8,0,2,,0,39 57:26.453,,0,75 10:14.535,0,0,0,0,67301,0,0,0,N,0,0,0,1,67301,0,,3,1,,N,N,N,0,,0,0,0,9,9,,400,0,1,0,0,1,0,0,3,4,0,1,3,3.0,N,,,,,,,,,,,
2020035728,1315.0,1,0,0,0,0,0,0,0,0,4,0,,67,4,2020,4,40.0156,-75.1395,1312.0,6,0,0,0,0,0,1,0,0,,0,0,0.0,12,1,0,1,,2,40 00:56.160,4.0,0,75 08:22.070,0,0,0,0,67301,0,0,0,N,0,0,0,5,67301,0,,1,1,1410.0,N,N,N,2,,0,0,0,3,3,N,1215,0,3,0,0,0,0,0,3,4,0,3,3,,N,,,,,,,,,,,
2020039820,917.0,1,0,0,0,0,0,0,0,0,7,0,,67,4,2020,1,39.9833,-75.208,915.0,6,0,0,0,0,0,0,0,0,,0,0,0.0,9,1,1,0,N,0,39 58:59.918,,0,75 12:28.914,3,0,0,0,67301,0,0,0,N,0,0,0,2,68K01,0,,2,9,,N,N,N,0,,1,0,0,0,0,,915,1,1,0,0,0,0,0,3,4,0,1,7,,N,,,,,,,,,,,
2020075151,444.0,2,0,0,0,0,0,0,0,0,1,0,,67,8,2020,1,39.9748,-75.1944,439.0,6,0,1,0,0,0,0,0,0,,0,0,0.0,4,3,1,0,N,2,39 58:29.287,3.0,0,75 11:39.897,3,0,0,0,67301,0,0,0,N,0,0,0,2,68K01,0,,1,1,30.0,N,N,N,0,,1,0,0,0,0,Y,439,1,2,0,0,0,0,0,3,4,0,2,3,3.0,N,,,,,,,,,,,
2020035173,111.0,1,0,0,0,0,0,0,0,0,7,0,,67,4,2020,1,39.981,-75.2066,104.0,6,0,0,0,0,1,0,0,0,,0,0,0.0,1,3,1,0,N,2,39 58:51.689,3.0,0,75 12:23.781,3,0,0,0,67301,0,0,0,N,0,0,0,1,68K01,0,,4,98,145.0,N,N,N,0,,1,0,0,0,0,N,104,1,1,0,0,0,0,0,3,4,0,1,7,,N,,,,,,,,,,,
2020043796,2331.0,1,0,0,0,0,0,0,0,0,7,0,,67,6,2020,5,39.9897,-75.1716,2329.0,6,0,0,0,0,0,0,0,0,,0,0,0.0,22,3,1,0,N,0,39 59:22.840,,0,75 10:17.713,3,0,0,0,67301,0,0,0,N,0,0,0,1,67301,0,,5,9,,N,N,N,0,,1,0,0,0,0,,2245,1,1,0,0,1,0,0,3,4,0,1,7,4.0,N,,,,,,,,,,,
2020035859,500.0,1,0,0,0,0,0,0,0,0,7,0,,67,4,2020,2,39.9407,-75.2242,458.0,6,0,0,0,0,0,0,0,0,,0,0,0.0,4,3,0,1,,0,39 56:26.512,,0,75 13:26.950,9,0,0,0,67301,0,0,0,N,0,0,0,1,67301,0,,5,9,,N,N,N,0,,0,0,0,2,2,,457,0,1,0,0,0,0,1,3,4,0,1,7,,N,,,,,,,,,,,
2020035272,2116.0,1,0,0,0,0,0,0,0,0,4,0,,67,4,2020,7,39.9996,-75.1905,2113.0,6,0,0,0,0,0,0,0,0,,0,0,0.0,21,3,1,2,,0,39 59:58.649,,0,75 11:26.101,4,0,0,1,67301,0,0,0,N,0,0,0,2,67301,1,,1,1,,N,N,N,0,,0,0,0,3,2,,2110,1,2,0,0,0,0,0,3,4,0,2,3,3.0,N,,,,,,,,,,,
2020031683,2359.0,1,0,0,0,0,0,0,0,0,1,0,,67,4,2020,3,40.0613,-75.1398,2342.0,6,0,0,0,0,0,0,0,0,,0,0,0.0,23,3,1,1,,0,40 03:40.535,,0,75 08:23.366,3,0,0,0,67301,0,0,0,N,0,0,0,4,67301,0,,1,1,,N,N,N,0,,1,0,3,3,2,,2300,1,4,0,0,0,0,0,3,4,0,4,3,,N,,,,,,,,,,,
2020031213,1505.0,1,0,0,0,0,0,0,0,0,8,0,,67,4,2020,1,39.939,-75.1763,1505.0,6,0,0,0,0,0,1,0,0,,0,0,0.0,14,1,1,0,N,0,39 56:20.570,,0,75 10:34.570,8,0,0,0,67301,1,0,0,N,1,0,0,2,67301,0,,1,1,,N,N,N,0,,0,0,0,9,2,,1450,1,2,0,0,0,1,0,3,4,0,1,3,,N,,,,,,,,,,,
2020037115,2115.0,1,0,0,0,0,0,0,0,0,7,0,,67,4,2020,3,40.001,-75.0793,2104.0,6,0,0,0,0,0,0,0,0,,0,0,0.0,21,3,1,0,N,0,40 00:03.774,,0,75 04:45.418,4,0,0,0,67301,0,0,0,N,0,0,0,1,68K01,1,,4,1,,N,N,N,0,,0,0,0,0,0,,2102,1,1,0,0,0,0,0,3,4,0,1,3,,N,,,,,,,,,,,
2020035822,2353.0,3,0,0,0,0,0,0,0,0,5,0,,67,4,2020,5,39.9634,-75.1945,2348.0,6,0,0,0,0,0,0,0,0,,0,0,0.0,23,3,0,0,N,2,39 57:48.320,2.0,0,75 11:40.020,0,0,0,0,67301,0,0,0,N,0,0,0,1,67301,0,,6,9,15.0,N,N,N,0,,0,0,0,0,0,Y,2336,0,3,0,0,0,0,0,3,4,0,3,7,,N,,,,,,,,,,,
2020035932,1930.0,1,0,0,0,0,0,0,0,0,8,0,,67,4,2020,3,39.9964,-75.103,1923.0,6,0,0,0,0,0,0,0,0,,0,0,0.0,19,1,1,0,N,0,39 59:46.980,,0,75 06:10.790,3,0,0,0,67301,1,0,0,N,1,0,0,2,67301,0,,1,1,,N,N,N,0,,1,0,0,9,3,,1921,1,2,0,0,0,0,0,3,4,0,1,3,,N,,,,,,,,,,,
2020075065,403.0,0,0,0,0,0,0,0,0,0,3,0,,67,9,2020,4,40.033,-75.0483,403.0,6,0,0,0,0,0,0,0,0,,0,0,0.0,4,3,1,0,N,0,40 01:58.908,,0,75 02:53.957,8,0,0,0,67301,0,0,0,N,0,0,0,1,67301,0,,6,1,,N,N,N,0,,0,0,2,0,0,,400,1,2,0,0,0,1,0,3,4,0,2,3,3.0,N,,,,,,,,,,,
2020076720,1633.0,2,0,0,0,0,0,0,0,0,1,0,,67,8,2020,5,39.9581,-75.1633,1629.0,6,0,0,0,0,0,0,0,0,,0,0,0.0,15,1,2,0,N,0,39 57:29.024,,0,75 09:47.997,3,0,0,0,67301,0,0,0,N,0,0,0,3,68K01,0,,1,1,,N,N,N,0,,2,0,1,0,0,,1553,2,3,0,0,0,0,0,3,4,0,3,3,3.0,N,,,,,,,,,,,