CRN,ARRIVAL_TM,AUTOMOBILE_COUNT,BELTED_DEATH_COUNT,BELTED_SUSP_SERIOUS_INJ_COUNT,BICYCLE_COUNT,BICYCLE_DEATH_COUNT,BICYCLE_SUSP_SERIOUS_INJ_COUNT,BUS_COUNT,CHLDPAS_DEATH_COUNT,CHLDPAS_SUSP_SERIOUS_INJ_COUNT,COLLISION_TYPE,COMM_VEH_COUNT,CONS_ZONE_SPD_LIM,COUNTY,CRASH_MONTH,CRASH_YEAR,DAY_OF_WEEK,DEC_LAT,DEC_LONG,DISPATCH_TM,DISTRICT,DRIVER_COUNT_16YR,DRIVER_COUNT_17YR,DRIVER_COUNT_18YR,DRIVER_COUNT_19YR,DRIVER_COUNT_20YR,DRIVER_COUNT_50_64YR,DRIVER_COUNT_65_74YR,DRIVER_COUNT_75PLUS,EST_HRS_CLOSED,FATAL_COUNT,HEAVY_TRUCK_COUNT,HORSE_BUGGY_COUNT,HOUR_OF_DAY,ILLUMINATION,INJURY_COUNT,INTERSECT_TYPE,INTERSECTION_RELATED,LANE_CLOSED,LATITUDE,LN_CLOSE_DIR,LOCATION_TYPE,LONGITUDE,MAX_SEVERITY_LEVEL,MCYCLE_DEATH_COUNT,MCYCLE_SUSP_SERIOUS_INJ_COUNT,MOTORCYCLE_COUNT,MUNICIPALITY,NONMOTR_COUNT,NONMOTR_DEATH_COUNT,NONMOTR_SUSP_SERIOUS_INJ_COUNT,NTFY_HIWY_MAINT,PED_COUNT,PED_DEATH_COUNT,PED_SUSP_SERIOUS_INJ_COUNT,PERSON_COUNT,POLICE_AGCY,POSSIBLE_INJ_COUNT,RDWY_SURF_TYPE_CD,RELATION_TO_ROAD,ROAD_CONDITION,ROADWAY_CLEARED,SCH_BUS_IND,SCH_ZONE_IND,SECONDARY_CRASH,SMALL_TRUCK_COUNT,SPEC_JURIS_CD,SUSP_MINOR_INJ_COUNT,SUSP_SERIOUS_INJ_COUNT,SUV_COUNT,TCD_FUNC_CD,TCD_TYPE,TFC_DETOUR_IND,TIME_OF_DAY,TOT_INJ_COUNT,TOTAL_UNITS,UNB_DEATH_COUNT,UNB_SUSP_SERIOUS_INJ_COUNT,UNBELTED_OCC_COUNT,UNK_INJ_DEG_COUNT,UNK_INJ_PER_COUNT,URBAN_AREA,URBAN_RURAL,VAN_COUNT,VEHICLE_COUNT,WEATHER1,WEATHER2,WORK_ZONE_IND,WORK_ZONE_LOC,WORK_ZONE_TYPE,WORKERS_PRES,WZ_CLOSE_DETOUR,WZ_FLAGGER,WZ_LAW_OFFCR_IND,WZ_LN_CLOSURE,WZ_MOVING,WZ_OTHER,WZ_SHLDER_MDN,WZ_WORKERS_INJ_KILLED
2020045929,201.0,1,0,0,0,0,0,0,0,0,7,0,,67,5,2020,6,39.9152,-75.1477,155.0,6,0,0,0,0,0,0,0,0,,0,0,0.0,1,3,0,0,N,2,39 54:54.559,1.0,0,75 08:51.827,0,0,0,0,67301,0,0,0,N,0,0,0,1,68K01,0,,3,1,100.0,N,N,N,0,,0,0,0,0,0,N,152,0,1,0,0,0,0,0,3,4,0,1,3,,N,,,,,,,,,,,
2020041227,2218.0,1,0,0,0,0,0,0,0,0,4,0,,67,5,2020,7,39.9405,-75.2189,2216.0,6,0,0,0,0,0,0,0,0,,0,0,0.0,22,3,1,1,,1,39 56:25.922,1.0,0,75 13:08.059,3,0,0,0,67301,0,0,0,N,0,0,0,5,67301,0,,1,1,2300.0,N,N,N,1,,1,0,0,3,2,N,2216,1,2,0,0,0,0,0,3,4,0,2,3,3.0,N,,,,,,,,,,,
2020039419,927.0,3,0,0,0,0,0,0,0,0,5,0,,67,5,2020,1,39.9405,-75.1494,927.0,6,0,0,0,0,0,0,0,0,,0,0,0.0,9,1,0,0,N,2,39 56:25.820,7.0,0,75 08:57.940,0,0,0,0,67301,2,0,0,N,0,0,0,3,67301,0,,6,1,1000.0,N,N,N,0,,0,0,1,0,0,Y,925,0,4,0,0,0,0,0,3,4,0,4,3,3.0,N,,,,,,,,,,,
2020041418,2150.0,0,0,0,0,0,0,0,0,0,0,0,,67,5,2020,2,39.9549,-75.1474,2150.0,6,0,0,0,0,0,0,0,0,,0,0,0.0,21,3,0,0,N,2,39 57:17.600,3.0,2,75 08:50.600,0,0,0,1,67301,0,0,0,N,0,0,0,1,67501,0,,1,1,2200.0,N,N,N,0,,0,0,0,0,0,Y,2149,0,1,0,0,0,0,0,3,4,0,1,3,3.0,N,,,,,,,,,,,
2020041228,2119.0,2,0,0,0,0,0,0,0,0,1,0,,67,5,2020,1,39.904,-75.2401,2119.0,6,0,0,0,0,0,0,0,0,,0,0,0.0,21,3,1,1,,0,39 54:14.619,,0,75 14:25.049,4,0,0,0,67301,0,0,0,N,0,0,0,3,67301,1,,1,1,,N,N,N,0,,0,0,0,3,2,,2116,1,2,0,0,0,0,0,3,4,0,2,3,,N,,,,,,,,,,,
2020081951,2000.0,1,0,0,0,0,0,0,0,0,1,0,50.0,67,9,2020,6,39.9294,-75.1973,1952.0,6,0,1,0,0,0,1,0,0,,0,0,0.0,19,2,1,0,N,0,39 55:45.708,,0,75 11:50.437,2,0,1,1,67301,0,0,0,N,0,0,0,4,68K01,0,,1,1,,N,N,N,0,,0,1,0,0,0,,1951,1,2,0,0,0,0,0,3,4,0,2,3,3.0,Y,4.0,1.0,Y,N,N,Y,Y,N,N,N,N
2020041542,1528.0,0,0,1,0,0,0,0,0,0,2,0,,67,5,2020,7,40.0257,-75.2029,1524.0,6,0,0,0,0,0,0,0,0,,0,0,0.0,15,1,3,0,N,2,40 01:32.509,5.0,0,75 12:10.428,2,0,0,0,67301,0,0,0,N,0,0,0,5,67301,0,,1,9,400.0,N,N,N,1,,2,1,1,0,0,Y,1520,3,2,0,0,0,0,2,3,4,0,2,4,98.0,N,,,,,,,,,,,
2020040490,405.0,1,0,0,0,0,0,0,0,0,5,0,,67,5,2020,5,39.9552,-75.2483,342.0,6,0,0,0,0,0,1,0,0,,0,0,0.0,3,3,1,0,N,0,39 57:18.602,,0,75 14:53.962,3,0,0,0,67301,0,0,0,N,0,0,0,1,67301,0,,6,1,,N,N,N,0,,1,0,4,0,0,,340,1,5,0,0,0,0,0,3,4,0,5,3,3.0,N,,,,,,,,,,,
2020045201,700.0,1,0,0,0,0,0,0,0,0,7,0,,67,5,2020,3,39.9587,-75.1803,655.0,6,0,0,0,0,0,0,0,0,,0,0,0.0,6,1,0,0,N,2,39 57:31.175,4.0,0,75 10:49.204,0,0,0,0,67301,0,0,0,N,0,0,0,1,68K01,0,,2,1,45.0,N,N,N,0,,0,0,0,0,0,N,654,0,1,0,0,0,0,0,3,4,0,1,3,,N,,,,,,,,,,,
2020081857,1123.0,2,0,0,0,0,0,0,0,0,4,0,,67,10,2020,7,40.05,-74.9877,1116.0,6,0,0,0,0,0,1,0,0,,0,0,0.0,11,1,2,0,N,0,40 03:00.084,,0,74 59:15.798,3,0,0,0,67301,0,0,0,N,0,0,0,3,67301,0,,6,1,,N,N,N,0,,1,0,1,0,0,,1114,2,3,0,0,0,1,0,3,4,0,3,3,3.0,N,,,,,,,,,,,
2020083912,930.0,1,0,0,0,0,0,0,0,0,4,0,,67,10,2020,6,40.1025,-75.0287,924.0,6,0,0,0,0,0,0,0,0,,0,0,0.0,9,1,0,1,N,0,40 06:08.839,,0,75 01:43.524,0,0,0,0,67301,0,0,0,N,0,0,0,2,67301,0,,1,1,,N,N,N,0,,0,0,1,3,2,,923,0,2,0,0,0,0,0,3,4,0,2,3,,N,,,,,,,,,,,
2020046685,1304.0,3,0,0,0,0,0,0,0,0,1,0,,67,5,2020,7,39.9577,-75.1605,1304.0,6,0,0,0,0,0,0,0,0,,0,0,0.0,13,1,1,0,N,0,39 57:27.670,,0,75 09:37.637,3,0,0,0,67301,0,0,0,N,0,0,0,5,68K01,0,,1,1,,N,N,N,0,,1,0,0,0,0,,1304,1,3,0,0,0,0,0,3,4,0,3,3,,N,,,,,,,,,,,
2020042700,1849.0,1,0,0,1,0,0,0,0,0,4,0,,67,5,2020,5,40.0273,-75.1273,1839.0,6,0,0,0,0,0,0,0,0,,0,0,0.0,18,1,1,0,N,0,40 01:38.440,,0,75 07:38.450,3,0,0,0,67301,1,0,0,N,0,0,0,2,67301,0,,1,1,,N,N,N,0,,1,0,0,0,0,,1810,1,2,0,0,0,0,0,3,4,0,1,3,,N,,,,,,,,,,,
2020046666,944.0,0,0,0,0,0,0,0,0,0,7,0,,67,5,2020,4,40.0233,-75.035,935.0,6,0,0,0,0,0,0,0,0,,0,0,0.0,9,1,2,0,N,2,40 01:23.966,2.0,3,75 02:05.918,8,0,0,0,67301,0,0,0,N,0,0,0,2,68K01,0,,4,1,30.0,N,N,N,0,,0,0,1,0,0,N,933,2,1,0,0,0,2,0,3,4,0,1,3,3.0,N,,,,,,,,,,,
2020084396,1547.0,1,0,0,0,0,0,0,0,0,4,0,,67,10,2020,7,40.0585,-75.0088,1536.0,6,0,0,0,0,0,1,0,0,,0,0,0.0,15,1,1,2,,1,40 03:31.098,3.0,0,75 00:31.980,2,0,1,1,67301,0,0,0,N,0,0,0,6,67301,0,,1,1,1646.0,N,N,N,0,,0,1,0,3,3,Y,1531,1,2,0,0,0,0,0,3,4,0,2,3,,N,,,,,,,,,,,
2020041558,2132.0,1,0,0,0,0,0,0,0,0,8,0,,67,5,2020,2,40.0159,-75.1538,2131.0,6,0,0,0,0,0,0,0,0,,0,0,0.0,21,3,1,1,,0,40 00:57.350,,0,75 09:13.935,3,0,0,0,67301,1,0,0,N,1,0,0,2,67301,0,,1,1,,N,N,N,0,,1,0,0,3,2,,2122,1,2,0,0,0,0,0,3,4,0,1,3,,N,,,,,,,,,,,
2020045951,939.0,1,0,0,0,0,0,0,0,0,7,0,,67,5,2020,7,39.947,-75.1423,939.0,6,0,0,0,0,0,0,0,0,,0,0,0.0,9,1,0,0,N,0,39 56:49.287,,0,75 08:32.253,0,0,0,0,67301,0,0,0,N,0,0,0,1,68K01,0,,3,9,,N,N,Y,0,,0,0,0,0,0,,939,0,1,0,0,0,0,0,3,4,0,1,4,,N,,,,,,,,,,,
2020041247,1810.0,1,0,0,0,0,0,0,0,0,4,0,,67,5,2020,4,39.9671,-75.2438,1807.0,6,0,0,0,0,0,0,0,0,,0,0,0.0,18,1,0,1,,1,39 58:01.462,1.0,0,75 14:37.590,0,0,0,0,67301,0,0,0,N,0,0,0,2,67301,0,,1,1,1930.0,N,N,Y,0,,0,0,1,3,3,Y,1801,0,2,0,0,0,0,0,3,4,0,2,3,,N,,,,,,,,,,,
2020041262,2332.0,3,0,0,0,0,0,0,0,0,1,0,,67,5,2020,3,40.0436,-75.1529,2331.0,6,0,0,0,0,1,0,0,0,,0,0,0.0,22,3,1,0,N,2,40 02:37.080,6.0,0,75 09:10.500,3,0,0,0,67301,0,0,0,N,0,0,0,2,67301,0,,1,1,35.0,N,N,N,0,,1,0,0,0,0,Y,2227,1,3,0,0,0,0,0,3,4,0,3,3,3.0,N,,,,,,,,,,,
2020083030,1055.0,0,0,0,0,0,0,0,0,0,1,0,,67,10,2020,3,39.9841,-75.0992,1055.0,6,0,0,0,0,0,1,0,0,,0,0,0.0,10,1,0,0,N,0,39 59:02.920,,0,75 05:57.118,0,0,0,0,67301,0,0,0,N,0,0,0,1,67301,0,,1,1,,N,N,N,0,,0,0,2,3,1,,1055,0,2,0,0,0,0,0,3,4,0,2,3,3.0,N,,,,,,,,,,,
2020082392,2157.0,1,0,0,0,0,0,0,0,0,5,0,,67,9,2020,5,39.9805,-75.1039,2147.0,6,0,0,0,0,0,0,0,0,,0,0,0.0,21,6,0,0,N,0,39 58:49.923,,0,75 06:13.969,0,0,0,0,67301,0,0,0,N,0,0,0,1,68K01,0,,1,1,,N,N,N,0,,0,0,0,0,0,,2133,0,2,0,0,0,0,0,3,4,0,2,3,,N,,,,,,,,,,,
2020041424,1707.0,1,0,0,0,0,0,0,0,0,5,0,,67,5,2020,6,40.0363,-75.0159,1707.0,6,0,0,0,0,0,0,0,0,,0,0,0.0,17,1,0,0,N,0,40 02:10.835,,0,75 00:57.358,0,0,0,0,67301,0,0,0,N,0,0,0,3,68K01,0,,1,9,,N,N,N,0,,0,0,1,0,0,,1707,0,2,0,0,0,0,0,3,4,0,2,4,,N,,,,,,,,,,,
2020041547,1358.0,1,0,0,0,0,0,0,0,0,4,0,,67,5,2020,2,40.0308,-75.0455,1350.0,6,0,0,1,0,0,0,0,0,,0,0,0.0,13,1,2,1,,0,40 01:50.836,,0,75 02:43.907,4,0,0,0,67301,0,0,0,N,0,0,0,3,67301,2,,1,1,,N,N,N,0,,0,0,0,3,3,,1349,2,2,0,0,0,0,0,3,4,0,2,3,,N,,,,,,,,,,,
2020083659,1128.0,1,0,0,0,0,0,0,0,0,1,1,,67,10,2020,2,39.9582,-75.1645,1120.0,6,0,0,0,0,0,0,0,0,,0,1,0.0,11,1,1,0,N,2,39 57:29.550,4.0,0,75 09:52.165,8,0,0,0,67301,0,0,0,N,0,0,0,2,68K01,0,,1,1,1158.0,N,N,N,0,,0,0,0,0,0,N,1117,1,2,0,0,0,1,0,3,4,0,2,3,,N,,,,,,,,,,,
2020040656,1011.0,0,0,0,0,0,0,0,0,0,8,0,,67,5,2020,5,40.0553,-75.1581,1011.0,6,0,0,0,0,0,0,0,0,,0,0,0.0,17,1,1,0,N,0,40 03:19.119,,0,75 09:29.071,3,0,0,0,67301,1,0,0,N,1,0,0,2,67301,0,,1,99,,N,N,N,0,,1,0,1,0,0,,1730,1,2,0,0,0,0,0,3,4,0,1,99,,N,,,,,,,,,,,
2020040015,1430.0,0,0,0,0,0,0,0,0,0,8,0,,67,5,2020,2,39.9546,-75.1941,1430.0,6,0,0,0,0,0,0,0,0,,0,0,0.0,14,1,1,0,N,0,39 57:16.649,,0,75 11:38.694,8,0,0,0,67301,1,0,0,N,1,0,0,3,67504,0,,1,1,,N,N,N,0,,0,0,0,0,0,,1428,1,2,0,0,0,1,2,3,4,1,1,3,3.0,N,,,,,,,,,,,
2020083031,2144.0,1,0,0,0,0,0,0,0,0,4,0,,67,7,2020,1,40.015,-75.1352,2138.0,6,0,0,0,0,0,0,0,0,,1,0,0.0,21,3,3,1,,0,40 00:54.154,,0,75 08:06.604,1,1,1,1,67301,0,0,0,N,0,0,0,4,67301,0,2.0,1,1,,N,N,N,0,0.0,2,1,0,3,2,,2124,3,2,0,0,2,0,0,3,4,0,2,3,,N,,,,,,,,,,,
2020042960,425.0,0,0,0,0,0,0,0,0,0,7,0,,67,5,2020,4,39.9113,-75.2427,421.0,6,0,0,0,0,0,0,0,0,,0,0,0.0,2,3,0,5,,0,39 54:40.772,,0,75 14:34.179,0,0,0,0,67301,0,0,0,N,0,0,0,1,67301,0,,3,1,,N,N,N,0,,0,0,0,3,2,,249,0,1,0,0,0,0,0,3,4,0,1,3,3.0,N,,,,,,,,,,,
2020041252,2020.0,3,0,0,0,0,0,0,0,0,4,0,,67,5,2020,6,39.9914,-75.159,2018.0,6,0,0,0,0,0,1,0,0,,0,0,0.0,20,3,1,1,,0,39 59:29.000,,0,75 09:32.468,8,0,0,0,67301,0,0,0,N,0,0,0,2,67301,0,,1,1,,N,N,Y,0,,0,0,0,3,3,,2018,1,3,0,0,1,1,0,3,4,0,3,3,3.0,N,,,,,,,,,,,
2020083726,2238.0,1,0,0,0,0,0,0,0,0,8,0,,67,10,2020,5,40.0186,-75.148,2237.0,6,0,0,0,0,0,0,0,0,,0,0,0.0,22,3,1,0,N,2,40 01:06.869,3.0,0,75 08:52.680,2,0,0,0,67301,1,0,1,N,1,0,1,2,67301,0,,1,1,116.0,N,N,N,0,,0,1,0,3,2,Y,2236,1,2,0,0,0,0,0,3,4,0,1,3,3.0,N,,,,,,,,,,,
2020041251,1315.0,1,0,0,0,0,0,0,0,0,4,0,,67,5,2020,6,39.9819,-75.1706,1312.0,6,0,0,0,0,0,0,0,0,,0,0,0.0,12,1,0,1,,0,39 58:54.836,,0,75 10:14.109,9,0,0,0,67301,0,0,0,N,0,0,0,4,67301,0,,1,9,,N,N,N,0,,0,0,0,3,2,,1255,0,2,0,0,0,0,1,3,4,0,2,4,7.0,N,,,,,,,,,,,
2020083666,2311.0,0,0,0,0,0,0,0,0,0,7,0,,67,10,2020,2,39.9583,-75.1802,2248.0,6,0,0,0,0,0,0,0,0,,0,0,0.0,22,3,0,6,N,1,39 57:29.768,4.0,2,75 10:48.796,0,0,0,0,67301,0,0,0,Y,0,0,0,1,68K01,0,,4,1,2317.0,N,N,N,0,,0,0,1,0,0,N,2248,0,1,0,0,0,0,0,3,4,0,1,3,,N,,,,,,,,,,,
2020043544,31.0,0,0,0,0,0,0,0,0,0,7,0,,67,5,2020,3,39.9595,-75.1808,31.0,6,0,0,0,0,0,0,0,0,,0,0,0.0,0,3,0,3,,2,39 57:32.900,4.0,2,75 10:49.700,9,0,0,0,67301,0,0,0,Y,0,0,0,1,68K01,0,,4,1,115.0,N,N,N,1,,0,0,0,0,0,Y,17,0,1,0,0,0,0,1,3,4,0,1,3,3.0,N,,,,,,,,,,,
2020041234,456.0,3,0,0,0,0,0,0,0,0,6,0,,67,5,2020,7,40.0274,-75.0903,453.0,6,0,0,1,0,0,0,0,0,,0,0,0.0,4,3,0,0,N,1,40 01:38.600,6.0,0,75 05:24.920,0,0,0,0,67301,0,0,0,N,0,0,0,2,67301,0,,6,9,556.0,N,N,N,0,,0,0,1,0,0,N,453,0,4,0,0,0,0,0,3,4,0,4,7,7.0,N,,,,,,,,,,,
2020039696,1322.0,3,0,0,0,0,0,0,0,0,6,0,,67,5,2020,2,39.98,-75.227,1320.0,6,0,0,0,0,0,0,0,0,,0,0,0.0,12,1,1,0,Y,1,39 58:48.110,6.0,0,75 13:37.040,8,0,0,0,67301,0,0,0,N,0,0,0,3,67301,0,,1,1,1429.0,N,N,N,0,,0,0,0,3,3,N,1245,1,3,0,0,0,1,0,3,4,0,3,4,3.0,N,,,,,,,,,,,
2020041257,913.0,2,0,0,0,0,0,0,0,0,6,0,,67,5,2020,4,40.0138,-75.1378,913.0,6,0,0,0,0,0,0,0,0,,0,0,0.0,9,1,0,0,N,0,40 00:49.500,,0,75 08:15.900,0,0,0,0,67301,0,0,0,N,0,0,0,1,67301,0,,6,1,,N,N,N,0,,0,0,0,0,0,,913,0,2,0,0,0,0,0,3,4,0,2,3,3.0,N,,,,,,,,,,,
2020039654,150.0,2,0,0,0,0,0,0,0,0,5,0,,67,5,2020,3,39.9453,-75.1791,145.0,6,0,0,0,0,0,0,0,0,,0,0,0.0,1,3,0,0,N,0,39 56:43.190,,0,75 10:44.640,0,0,0,0,67301,0,0,0,N,0,0,0,2,67301,0,,6,1,,N,N,N,0,,0,0,1,0,0,,143,0,3,0,0,0,0,0,3,4,0,3,3,3.0,N,,,,,,,,,,,
2020039655,2257.0,3,0,0,0,0,0,0,0,0,6,0,,67,5,2020,1,39.9664,-75.2284,2256.0,6,0,0,0,1,0,0,0,0,,0,0,0.0,22,3,1,0,N,2,39 57:58.979,6.0,0,75 13:42.144,3,0,0,0,67301,0,0,0,N,0,0,0,1,67301,0,,6,1,2340.0,N,N,N,0,,1,0,1,0,0,Y,2255,1,5,0,0,0,0,0,3,4,1,5,3,3.0,N,,,,,,,,,,,
2020083297,2125.0,0,0,0,0,0,0,0,0,0,0,0,,67,10,2020,7,39.9881,-75.0892,2120.0,6,0,0,0,0,0,0,0,0,,0,0,0.0,21,3,1,0,N,2,39 59:17.027,2.0,0,75 05:21.065,8,0,0,1,67301,0,0,0,N,0,0,0,1,68K01,0,,1,1,15.0,N,N,N,0,,0,0,0,0,0,N,2110,1,1,0,0,0,1,0,3,4,0,1,3,,N,,,,,,,,,,,
2020045924,2020.0,3,0,1,0,0,0,0,0,0,5,0,,67,5,2020,4,39.9344,-75.1999,2012.0,6,0,0,0,0,0,1,0,0,,0,0,0.0,20,1,2,0,N,2,39 56:03.885,4.0,0,75 11:59.608,2,0,0,0,67301,0,0,0,N,0,0,0,5,68K01,0,,1,1,100.0,N,N,N,0,,1,1,2,0,0,N,2010,2,5,0,0,0,0,0,3,4,0,5,3,3.0,N,,,,,,,,,,,
2020039635,1621.0,2,0,0,0,0,0,0,0,0,1,0,,67,5,2020,1,40.0968,-74.9771,1620.0,6,0,0,0,0,0,2,1,0,,0,0,0.0,16,1,1,0,Y,2,40 05:48.440,3.0,0,74 58:37.630,3,0,0,0,67301,0,0,0,N,0,0,0,3,67301,0,,1,1,1730.0,N,N,N,0,,1,0,1,3,2,Y,1620,1,3,0,0,0,0,0,3,4,0,3,3,3.0,N,,,,,,,,,,,
2020083339,1635.0,1,0,0,0,0,0,0,0,0,1,0,,67,9,2020,5,39.9612,-75.1824,1622.0,6,0,0,0,0,0,0,0,0,,0,0,0.0,16,1,1,7,,9,39 57:40.397,,99,75 10:56.651,3,0,0,0,67301,0,0,0,N,0,0,0,1,67301,0,,9,99,,N,N,N,0,,1,0,0,0,0,U,1600,1,2,0,0,0,0,0,3,4,0,2,3,,N,,,,,,,,,,,
2020082375,1320.0,2,0,0,0,0,0,0,0,0,1,0,,67,9,2020,6,39.9649,-75.1854,1201.0,6,0,0,0,0,0,0,0,0,,0,0,0.0,11,1,1,0,N,0,39 57:53.548,,0,75 11:07.480,4,0,0,0,67301,0,0,0,N,0,0,0,3,68K01,1,,1,1,,N,N,N,0,,0,0,0,0,0,,1157,1,2,0,0,0,0,0,3,4,0,2,3,,N,,,,,,,,,,,
2020041242,2050.0,2,0,0,0,0,0,0,0,0,4,0,,67,5,2020,7,39.9473,-75.2391,2040.0,6,0,0,0,0,0,1,0,0,,0,0,0.0,20,3,0,1,,0,39 56:50.359,,0,75 14:20.716,0,0,0,0,67301,0,0,0,N,0,0,0,2,67301,0,,1,1,,N,N,N,0,,0,0,0,3,3,,2011,0,2,0,0,0,0,0,3,4,0,2,3,4.0,N,,,,,,,,,,,
2020041246,1135.0,2,0,0,0,0,0,0,0,0,1,0,,67,5,2020,4,39.9831,-75.2383,1133.0,6,0,0,0,0,0,0,0,0,,0,0,0.0,11,1,0,0,N,0,39 58:59.120,,3,75 14:18.050,9,0,0,0,67301,0,0,0,N,0,0,0,2,67301,0,,1,1,,N,N,N,0,,0,0,0,0,0,,1129,0,2,0,0,0,0,1,3,4,0,2,3,,N,,,,,,,,,,,
2020045958,648.0,1,0,0,0,0,0,0,0,0,7,0,,67,5,2020,2,40.0333,-75.0202,643.0,6,0,0,0,0,0,0,0,0,,0,0,0.0,6,1,0,0,N,1,40 01:59.845,1.0,0,75 01:12.818,0,0,0,0,67301,0,0,0,N,0,0,0,1,68K01,0,,4,9,720.0,N,N,N,0,,0,0,0,0,0,N,641,0,1,0,0,1,0,0,3,4,0,1,7,,N,,,,,,,,,,,
2020044514,1017.0,3,0,0,0,0,0,0,0,0,5,0,,67,5,2020,3,40.0383,-75.0549,1013.0,6,0,0,0,0,0,0,0,0,,0,0,0.0,10,1,0,0,N,0,40 02:17.770,,0,75 03:17.670,9,0,0,0,67301,2,0,0,N,0,0,0,3,67301,0,,6,1,,N,N,N,0,,0,0,0,0,0,,1013,0,3,0,0,0,0,1,3,4,0,3,3,3.0,N,,,,,,,,,,,
2020045949,922.0,0,0,0,0,0,0,0,0,0,7,0,,67,5,2020,7,39.9601,-75.1803,919.0,6,0,0,0,0,0,0,0,0,,0,0,0.0,9,1,1,0,N,2,39 57:36.253,3.0,3,75 10:48.966,3,0,0,0,67301,0,0,0,N,0,0,0,1,68K01,0,,2,9,45.0,N,N,N,0,,1,0,1,0,0,N,918,1,1,0,0,0,0,0,3,4,0,1,7,,N,,,,,,,,,,,
2020045950,932.0,1,0,0,0,0,0,0,0,0,7,0,,67,5,2020,7,39.9828,-75.2078,931.0,6,0,0,0,0,0,0,0,0,,0,0,0.0,9,1,1,0,N,1,39 58:57.991,4.0,0,75 12:28.224,4,0,0,0,67301,0,0,0,N,0,0,0,1,68K01,1,,3,9,950.0,N,N,N,0,,0,0,0,0,0,N,931,1,1,0,0,1,0,0,3,4,0,1,3,,N,,,,,,,,,,,
2020081743,30.0,2,0,0,0,0,0,0,0,0,4,0,,67,10,2020,7,40.0551,-75.1766,28.0,6,0,0,0,0,0,0,0,0,,0,0,0.0,0,3,0,1,,0,40 03:18.444,,0,75 10:35.869,0,0,0,0,67301,0,0,0,N,0,0,0,2,67301,0,,1,1,,N,N,Y,0,,0,0,1,0,0,,25,0,3,0,0,0,0,0,3,4,0,3,3,,N,,,,,,,,,,,
2020041239,29.0,0,0,0,0,0,0,0,0,0,8,0,,67,5,2020,1,39.9735,-75.2093,29.0,6,0,0,0,0,0,0,0,0,,0,0,0.0,22,3,1,0,N,0,39 58:24.624,,0,75 12:33.570,3,0,0,0,67301,1,0,0,N,1,0,0,2,67301,0,,1,1,,N,N,N,0,,1,0,0,0,0,,2225,1,2,0,0,0,0,0,3,4,0,1,3,3.0,N,,,,,,,,,,,
2020039331,1706.0,1,0,0,0,0,0,0,0,0,8,0,,67,5,2020,1,39.9776,-75.1828,1703.0,6,0,0,0,0,0,0,0,0,,0,0,0.0,17,1,1,1,,2,39 58:39.286,5.0,0,75 10:58.121,3,0,0,0,67301,1,0,0,N,1,0,0,2,67301,0,,1,1,1700.0,N,N,N,0,,1,0,0,3,2,Y,1700,1,2,0,0,0,0,0,3,4,0,1,3,4.0,N,,,,,,,,,,,
2020040003,1751.0,0,0,0,0,0,0,0,0,0,8,0,,67,5,2020,2,39.9953,-75.1124,1751.0,6,0,0,0,0,0,0,0,0,,0,0,0.0,17,1,1,0,N,0,39 59:43.247,,0,75 06:44.546,3,0,0,0,67301,1,0,0,N,1,0,0,2,67301,0,,1,1,,N,N,N,0,,1,0,1,0,0,,1751,1,2,0,0,0,0,1,3,4,0,1,3,,N,,,,,,,,,,,
2020041229,2225.0,1,0,0,0,0,0,0,0,0,4,0,,67,5,2020,1,39.9468,-75.2358,2220.0,6,0,0,0,0,0,0,0,0,,0,0,0.0,22,3,2,1,,2,39 56:48.484,6.0,0,75 14:09.027,8,0,0,0,67301,0,0,0,N,0,0,0,3,67301,0,,1,1,0.0,N,N,N,0,,0,0,1,3,2,Y,2220,2,2,0,0,0,2,1,3,4,0,2,3,3.0,N,,,,,,,,,,,
2020039187,830.0,1,0,0,0,0,0,0,0,0,4,0,,67,5,2020,7,40.0315,-75.1051,827.0,6,0,0,0,0,0,0,0,0,,0,0,0.0,8,1,6,0,N,1,40 01:53.352,3.0,7,75 06:18.321,8,0,0,0,67301,0,0,0,N,0,0,0,7,67301,0,,1,1,925.0,N,N,N,0,,0,0,1,0,0,N,825,6,2,0,0,0,6,1,3,4,0,2,3,3.0,N,,,,,,,,,,,
2020049284,2134.0,2,0,0,0,0,0,0,0,0,4,0,,67,5,2020,2,40.0484,-75.1376,2134.0,6,0,0,0,0,0,0,0,0,,0,0,0.0,23,3,0,1,,0,40 02:54.250,,0,75 08:15.522,0,0,0,0,67301,0,0,0,N,0,0,0,2,67301,0,,1,1,,N,N,N,0,,0,0,0,3,3,,2300,0,2,0,0,0,0,0,3,4,0,2,3,3.0,N,,,,,,,,,,,
2020039961,1100.0,4,0,0,0,0,0,0,0,0,4,0,,67,5,2020,1,39.916,-75.1655,1049.0,6,0,0,0,0,0,0,0,0,,0,0,0.0,9,1,1,2,,0,39 54:57.710,,0,75 09:55.889,3,0,0,0,67301,0,0,0,N,0,0,0,2,67301,0,,1,1,,N,N,N,0,,1,0,0,3,3,,955,1,5,0,0,0,0,0,3,4,1,5,3,3.0,N,,,,,,,,,,,
2020083257,854.0,3,0,0,0,0,0,0,0,0,1,0,,67,9,2020,2,39.9814,-75.1026,839.0,6,0,0,0,1,1,0,1,0,,0,0,0.0,8,1,1,0,N,0,39 58:53.155,,0,75 06:09.206,3,0,0,0,67301,0,0,0,N,0,0,0,4,68K01,0,,1,1,,N,N,N,0,,1,0,1,0,0,,837,1,4,0,0,0,0,0,3,4,0,4,3,,N,,,,,,,,,,,