CRN,ARRIVAL_TM,AUTOMOBILE_COUNT,BELTED_DEATH_COUNT,BELTED_SUSP_SERIOUS_INJ_COUNT,BICYCLE_COUNT,BICYCLE_DEATH_COUNT,BICYCLE_SUSP_SERIOUS_INJ_COUNT,BUS_COUNT,CHLDPAS_DEATH_COUNT,CHLDPAS_SUSP_SERIOUS_INJ_COUNT,COLLISION_TYPE,COMM_VEH_COUNT,CONS_ZONE_SPD_LIM,COUNTY,CRASH_MONTH,CRASH_YEAR,DAY_OF_WEEK,DEC_LAT,DEC_LONG,DISPATCH_TM,DISTRICT,DRIVER_COUNT_16YR,DRIVER_COUNT_17YR,DRIVER_COUNT_18YR,DRIVER_COUNT_19YR,DRIVER_COUNT_20YR,DRIVER_COUNT_50_64YR,DRIVER_COUNT_65_74YR,DRIVER_COUNT_75PLUS,EST_HRS_CLOSED,FATAL_COUNT,HEAVY_TRUCK_COUNT,HORSE_BUGGY_COUNT,HOUR_OF_DAY,ILLUMINATION,INJURY_COUNT,INTERSECT_TYPE,INTERSECTION_RELATED,LANE_CLOSED,LATITUDE,LN_CLOSE_DIR,LOCATION_TYPE,LONGITUDE,MAX_SEVERITY_LEVEL,MCYCLE_DEATH_COUNT,MCYCLE_SUSP_SERIOUS_INJ_COUNT,MOTORCYCLE_COUNT,MUNICIPALITY,NONMOTR_COUNT,NONMOTR_DEATH_COUNT,NONMOTR_SUSP_SERIOUS_INJ_COUNT,NTFY_HIWY_MAINT,PED_COUNT,PED_DEATH_COUNT,PED_SUSP_SERIOUS_INJ_COUNT,PERSON_COUNT,POLICE_AGCY,POSSIBLE_INJ_COUNT,RDWY_SURF_TYPE_CD,RELATION_TO_ROAD,ROAD_CONDITION,ROADWAY_CLEARED,SCH_BUS_IND,SCH_ZONE_IND,SECONDARY_CRASH,SMALL_TRUCK_COUNT,SPEC_JURIS_CD,SUSP_MINOR_INJ_COUNT,SUSP_SERIOUS_INJ_COUNT,SUV_COUNT,TCD_FUNC_CD,TCD_TYPE,TFC_DETOUR_IND,TIME_OF_DAY,TOT_INJ_COUNT,TOTAL_UNITS,UNB_DEATH_COUNT,UNB_SUSP_SERIOUS_INJ_COUNT,UNBELTED_OCC_COUNT,UNK_INJ_DEG_COUNT,UNK_INJ_PER_COUNT,URBAN_AREA,URBAN_RURAL,VAN_COUNT,VEHICLE_COUNT,WEATHER1,WEATHER2,WORK_ZONE_IND,WORK_ZONE_LOC,WORK_ZONE_TYPE,WORKERS_PRES,WZ_CLOSE_DETOUR,WZ_FLAGGER,WZ_LAW_OFFCR_IND,WZ_LN_CLOSURE,WZ_MOVING,WZ_OTHER,WZ_SHLDER_MDN,WZ_WORKERS_INJ_KILLED
2020044523,1100.0,2,0,0,0,0,0,0,0,0,6,0,,67,6,2020,6,39.9735,-75.2092,1100.0,6,0,0,0,0,0,0,0,0,,0,0,0.0,10,1,1,0,N,0,39 58:24.672,,0,75 12:33.148,8,0,0,0,67301,0,0,0,N,0,0,0,1,67301,0,,6,99,,N,N,N,0,,0,0,1,0,0,,1045,1,3,0,0,1,1,0,3,4,0,3,99,,N,,,,,,,,,,,
2020048038,1626.0,0,0,0,0,0,0,0,0,0,5,0,,67,6,2020,4,39.9514,-75.1827,1620.0,6,0,0,0,0,0,0,0,0,,0,0,0.0,16,1,1,7,,2,39 57:05.035,4.0,2,75 10:57.558,8,0,0,0,67301,0,0,0,N,0,0,0,6,68K01,0,,7,1,100.0,N,N,N,0,,0,0,2,0,0,Y,1618,1,2,0,0,0,1,4,3,4,0,2,3,3.0,N,,,,,,,,,,,
2020047855,52.0,3,0,0,0,0,0,0,0,0,4,0,,67,6,2020,2,39.9952,-75.128,52.0,6,0,0,0,0,0,0,0,0,,0,0,0.0,0,3,0,1,,0,39 59:42.730,,0,75 07:40.893,9,0,0,0,67301,1,0,0,N,0,0,0,4,67301,0,,1,1,,N,N,N,0,,0,0,0,3,3,,52,0,3,0,0,0,0,4,3,4,0,3,3,3.0,N,,,,,,,,,,,
2020046981,242.0,1,0,0,0,0,0,0,0,0,7,0,,67,6,2020,1,40.0021,-75.0783,234.0,6,0,0,0,0,0,0,0,0,,0,0,0.0,2,3,0,0,N,2,40 00:07.519,1.0,0,75 04:41.824,0,0,0,0,67301,0,0,0,N,0,0,0,1,68K01,0,,2,1,300.0,N,N,N,0,,0,0,0,0,0,N,232,0,1,0,0,0,0,0,3,4,0,1,3,,N,,,,,,,,,,,
2020043500,2121.0,1,0,0,0,0,0,0,0,0,6,0,,67,6,2020,3,40.0324,-75.1076,2116.0,6,0,0,0,0,0,0,0,0,,0,0,0.0,21,3,0,2,,0,40 01:56.776,,0,75 06:27.284,0,0,0,0,67301,0,0,0,N,0,0,0,1,67301,0,,1,1,,N,N,N,0,,0,0,1,0,0,,2114,0,2,0,0,0,0,0,3,4,0,2,3,,N,,,,,,,,,,,
2020046678,1943.0,0,0,0,0,0,0,0,0,0,5,0,,67,5,2020,6,39.9827,-75.2078,1940.0,6,0,0,0,0,0,1,0,0,,0,0,0.0,19,4,1,0,N,1,39 58:57.682,4.0,0,75 12:28.087,3,0,0,1,67301,0,0,0,N,0,0,0,2,68K01,0,,1,1,2000.0,N,N,N,1,,1,0,0,0,0,N,1938,1,2,0,0,0,0,0,3,4,0,2,3,3.0,N,,,,,,,,,,,
2020084163,1736.0,1,0,0,0,0,0,0,0,0,4,1,,67,10,2020,6,40.0215,-75.158,1736.0,6,0,0,0,0,0,0,1,0,,0,1,0.0,17,1,0,2,,2,40 01:17.509,5.0,0,75 09:28.691,0,0,0,0,67301,0,0,0,N,0,0,0,2,67301,0,,1,1,1800.0,N,N,N,0,,0,0,0,3,3,Y,1733,0,2,0,0,0,0,0,3,4,0,2,3,3.0,N,,,,,,,,,,,
2020042313,1338.0,0,0,0,0,0,0,0,0,0,4,0,,67,5,2020,4,40.0254,-75.0364,1336.0,6,0,0,0,0,0,1,0,0,,0,0,0.0,13,1,1,2,,0,40 01:31.323,,0,75 02:11.227,3,0,0,0,67301,0,0,0,N,0,0,0,2,67301,0,,1,1,,N,N,N,0,,1,0,2,3,3,,1336,1,2,0,0,0,0,0,3,4,0,2,3,3.0,N,,,,,,,,,,,
2020046015,1758.0,1,0,0,1,0,0,0,0,0,5,0,,67,5,2020,1,39.9335,-75.1509,1740.0,6,0,0,0,0,0,0,0,0,,0,0,0.0,17,1,1,0,N,0,39 56:00.660,,0,75 09:03.350,3,0,0,0,67301,1,0,0,N,0,0,0,2,67301,0,,1,1,,N,N,N,0,,1,0,0,0,0,,1700,1,2,0,0,0,0,0,3,4,0,1,3,98.0,N,,,,,,,,,,,
2020048717,1715.0,0,0,0,1,0,0,1,0,0,4,0,,67,5,2020,7,39.9578,-75.1602,1715.0,6,0,0,0,0,0,1,0,0,,0,0,0.0,17,1,1,1,,2,39 57:28.064,3.0,3,75 09:36.770,4,0,0,0,67301,1,0,0,N,0,0,0,3,67301,1,,1,1,100.0,N,N,N,0,,0,0,0,3,2,Y,1710,1,2,0,0,0,0,0,3,4,0,1,3,3.0,N,,,,,,,,,,,
2020045705,1640.0,2,0,0,0,0,0,0,0,0,4,0,,67,6,2020,5,39.9782,-75.2474,1640.0,6,0,0,0,0,0,1,0,0,,0,0,0.0,16,1,4,2,,0,39 58:41.401,,0,75 14:50.546,3,0,0,0,67301,0,0,0,N,0,0,0,6,67301,0,,1,1,,N,N,N,0,,4,0,0,3,3,,1630,4,2,0,0,0,0,0,3,4,0,2,3,,N,,,,,,,,,,,
2020046291,2143.0,0,0,0,0,0,0,0,0,0,4,0,,67,6,2020,3,40.0631,-75.022,2143.0,6,0,0,0,0,0,0,0,0,,0,0,0.0,21,3,1,1,,0,40 03:47.229,,0,75 01:19.196,3,0,0,1,67301,0,0,0,N,0,0,0,2,67301,0,,1,1,,N,N,N,0,,1,0,0,3,2,,2140,1,2,0,0,0,0,0,3,4,0,2,3,3.0,N,,,,,,,,,,,
2020046598,2143.0,1,0,0,0,0,0,0,0,0,5,0,,67,6,2020,6,39.9699,-75.1882,2136.0,6,0,0,0,0,0,0,0,0,,0,0,0.0,21,3,1,3,N,0,39 58:11.419,,0,75 11:17.551,3,0,0,0,67301,0,0,0,N,0,0,0,2,67301,0,,1,1,,N,N,N,0,,1,0,1,0,0,,2130,1,2,0,0,0,0,0,3,4,0,2,3,3.0,N,,,,,,,,,,,
2020043879,1513.0,1,0,0,0,0,0,0,0,0,4,0,,67,6,2020,3,40.062,-75.0848,1510.0,6,0,0,0,0,0,1,0,1,,0,0,0.0,14,1,3,2,,1,40 03:43.403,6.0,0,75 05:05.098,3,0,0,0,67301,0,0,0,N,0,0,0,3,67301,1,,1,1,1555.0,N,N,N,1,,2,0,1,3,2,N,1419,3,3,0,0,0,0,0,3,4,0,3,3,,N,,,,,,,,,,,
2020085476,1650.0,0,0,0,0,0,0,1,0,0,8,1,,67,10,2020,6,39.9454,-75.1532,1625.0,6,0,0,0,0,0,0,0,0,,0,0,0.0,14,1,1,0,N,0,39 56:43.500,,0,75 09:11.600,3,0,0,0,67301,1,0,0,N,1,0,0,2,67301,0,,1,1,,N,N,N,0,,1,0,0,0,0,,1435,1,2,0,0,0,0,0,3,4,0,1,3,,N,,,,,,,,,,,
2020043503,1620.0,1,0,0,0,0,0,0,0,0,4,0,,67,6,2020,4,40.113,-75.023,1613.0,6,0,0,0,0,0,1,1,0,,0,0,0.0,16,1,3,1,,1,40 06:46.657,4.0,0,75 01:22.840,3,0,0,0,67301,0,0,0,N,0,0,0,4,67301,1,,1,1,1520.0,N,N,Y,0,,1,0,2,1,2,N,1605,3,3,0,0,0,1,0,3,4,0,3,3,,N,,,,,,,,,,,
2020042324,1735.0,1,0,0,0,0,0,0,0,0,4,0,,67,5,2020,4,39.9921,-75.0993,1730.0,6,0,0,0,0,0,0,0,0,,0,0,0.0,17,1,0,1,,2,39 59:31.730,3.0,0,75 05:57.398,0,0,0,0,67301,0,0,0,N,0,0,0,2,67301,0,,1,1,1800.0,N,N,N,0,,0,0,1,3,2,Y,1725,0,2,0,0,2,0,0,3,4,0,2,3,3.0,N,,,,,,,,,,,
2020042584,918.0,1,0,0,0,0,0,0,0,0,5,0,,67,5,2020,4,40.0122,-75.0693,912.0,6,0,0,0,0,0,0,0,0,,0,0,0.0,9,1,1,1,,1,40 00:43.916,1.0,0,75 04:09.363,3,0,0,0,67301,0,0,0,N,0,0,0,2,67301,0,,1,1,1003.0,N,N,N,0,,1,0,1,3,2,N,912,1,2,0,0,0,0,0,3,4,0,2,3,,N,,,,,,,,,,,
2020084155,1428.0,1,0,0,0,0,0,0,0,0,1,0,,67,10,2020,6,39.9671,-75.1738,1426.0,6,0,0,0,0,0,0,0,0,,0,0,0.0,14,1,0,0,N,0,39 58:01.460,,0,75 10:25.560,0,0,0,0,67301,0,0,0,N,0,0,0,2,67301,0,,1,1,,N,N,N,0,,0,0,1,3,2,,1420,0,2,0,0,0,0,0,3,4,0,2,3,3.0,N,,,,,,,,,,,
2020086183,815.0,0,0,0,0,0,0,0,0,0,7,0,,67,10,2020,5,39.8832,-75.2164,801.0,6,0,0,0,0,0,0,0,0,,0,0,0.0,6,3,1,0,N,0,39 52:59.690,,0,75 12:59.010,3,0,0,0,67301,0,0,0,N,0,0,0,1,67301,0,,2,1,,N,N,N,0,,1,0,1,0,0,,622,1,1,0,0,0,0,0,3,4,0,1,3,3.0,N,,,,,,,,,,,
2020085158,1150.0,2,0,0,0,0,0,0,0,0,2,0,,67,10,2020,2,40.0754,-75.0558,1145.0,6,0,0,1,0,0,1,0,0,,0,0,0.0,11,1,2,0,N,0,40 04:31.320,,0,75 03:20.730,8,0,0,0,67301,0,0,0,N,0,0,0,2,67301,0,,1,9,,N,N,N,0,,0,0,0,0,0,,1145,2,2,0,0,0,2,0,3,4,0,2,7,7.0,N,,,,,,,,,,,
2020042299,115.0,1,0,0,0,0,0,0,0,0,7,0,,67,5,2020,7,39.906,-75.1935,112.0,6,0,0,0,0,0,0,0,0,,0,0,0.0,1,3,3,0,N,0,39 54:21.679,,0,75 11:36.611,3,0,0,0,67301,0,0,0,N,0,0,0,4,67301,0,,4,1,,N,N,Y,0,,3,0,0,0,0,,105,3,1,0,0,0,0,0,3,4,0,1,3,3.0,N,,,,,,,,,,,
2020045846,1650.0,1,0,0,0,0,0,0,0,0,4,0,,67,6,2020,7,39.9181,-75.1809,1645.0,6,0,0,0,0,0,1,0,0,,0,0,0.0,16,1,1,1,,0,39 55:05.152,,0,75 10:51.186,3,0,0,0,67301,0,0,0,N,0,0,0,6,67301,0,,1,1,,N,N,Y,0,,1,0,1,3,2,,1645,1,2,0,0,6,0,0,3,4,0,2,3,3.0,N,,,,,,,,,,,
2020086619,1053.0,1,0,0,0,0,0,0,0,0,4,0,,67,10,2020,6,39.9566,-75.2419,1052.0,6,0,0,0,0,0,1,0,0,,0,1,0.0,10,1,1,1,,0,39 57:23.616,,0,75 14:30.782,4,0,0,0,67301,0,0,0,N,0,0,0,4,67301,1,,1,9,,N,N,N,0,,0,0,0,3,2,,1052,1,2,0,0,1,0,0,3,4,0,2,7,4.0,N,,,,,,,,,,,
2020088996,37.0,0,0,0,0,0,0,0,0,0,7,0,,67,10,2020,7,39.8932,-75.2248,30.0,6,0,0,0,0,0,0,0,0,,0,0,0.0,23,3,2,0,N,0,39 53:35.360,,1,75 13:29.110,2,0,0,0,67301,0,0,0,N,0,0,0,3,67301,0,,4,1,,N,N,N,0,,0,2,1,0,0,,2355,2,1,0,0,0,0,0,3,4,0,1,3,3.0,N,,,,,,,,,,,
2020088000,620.0,1,0,0,0,0,0,0,0,0,2,0,,67,10,2020,3,40.0069,-75.0684,617.0,6,0,0,0,0,0,0,1,0,,0,0,0.0,6,3,1,2,N,0,40 00:24.918,,0,75 04:06.198,3,0,0,0,67301,0,0,0,N,0,0,0,2,67301,0,,1,9,,N,N,N,0,,1,0,1,0,0,,615,1,2,0,0,0,0,0,3,4,0,2,7,,N,,,,,,,,,,,
2020085322,1226.0,1,0,0,0,0,0,0,0,0,1,0,40.0,67,10,2020,1,39.9358,-75.1997,1211.0,6,0,0,0,0,1,0,0,0,,0,0,0.0,12,1,1,0,N,1,39 56:08.979,4.0,0,75 11:58.836,3,0,0,0,67301,0,0,0,N,0,0,0,2,68K01,0,,1,1,1339.0,N,N,N,0,,1,0,0,0,0,N,1210,1,2,0,0,0,0,0,3,4,1,2,3,3.0,Y,2.0,1.0,Y,N,N,N,Y,N,N,N,N
2020043438,2024.0,1,0,0,0,0,0,0,0,0,5,0,,67,5,2020,6,40.0224,-75.1336,2021.0,6,0,0,0,0,0,0,0,0,,0,0,0.0,20,1,1,0,N,0,40 01:20.660,,0,75 08:00.880,4,0,0,0,67301,2,0,0,N,0,0,0,3,67301,1,,6,1,,N,N,N,0,,0,0,0,0,0,,2019,1,2,0,0,1,0,0,3,4,1,2,3,3.0,N,,,,,,,,,,,
2020044515,228.0,1,0,0,0,0,0,0,0,0,4,0,,67,6,2020,2,40.0423,-75.0507,228.0,6,0,0,0,0,0,0,0,0,,0,0,0.0,2,3,0,1,N,0,40 02:32.336,,0,75 03:02.342,0,0,0,0,67301,0,0,0,N,0,0,0,1,67301,0,,1,1,,N,N,N,0,,0,0,1,3,2,,228,0,2,0,0,0,0,0,3,4,0,2,3,,N,,,,,,,,,,,
2020044540,1315.0,3,0,0,0,0,0,0,0,0,1,0,,67,6,2020,4,40.0078,-75.1314,1315.0,6,0,0,0,0,1,0,0,0,,0,0,0.0,13,1,1,0,N,0,40 00:28.080,,0,75 07:52.970,3,0,0,0,67301,0,0,0,N,0,0,0,3,67301,0,,1,9,,N,N,N,0,,1,0,0,0,0,,1310,1,3,0,0,0,0,0,3,4,0,3,3,3.0,N,,,,,,,,,,,
2020086210,247.0,0,0,0,0,0,0,0,0,0,8,0,,67,10,2020,1,40.0149,-75.118,245.0,6,0,0,0,0,0,0,0,0,,1,0,0.0,2,3,0,0,N,0,40 00:53.505,,0,75 07:04.916,1,0,0,0,67301,1,1,0,N,1,1,0,2,67301,0,2.0,1,1,,N,N,N,0,0.0,0,0,0,0,0,,244,0,2,0,0,0,0,1,3,4,0,1,3,3.0,N,,,,,,,,,,,
2020049850,1330.0,0,0,0,1,0,0,0,0,0,2,0,,67,6,2020,3,39.9782,-75.2468,1313.0,6,0,0,0,0,0,0,0,0,,0,0,0.0,9,1,1,0,N,0,39 58:41.600,,0,75 14:48.470,3,0,0,0,67301,1,0,0,N,0,0,0,2,67301,0,,1,1,,N,N,N,0,,1,0,0,0,0,,900,1,2,0,0,0,0,0,3,4,0,1,4,4.0,N,,,,,,,,,,,
2020027045,916.0,2,0,0,0,0,0,0,0,0,4,0,,67,3,2020,2,40.0317,-75.1425,916.0,6,0,0,0,0,0,0,0,0,,0,0,0.0,9,1,1,1,,0,40 01:54.177,,0,75 08:33.144,3,0,0,0,67301,0,0,0,N,0,0,0,2,67301,0,,1,1,,N,N,N,0,,1,0,0,3,3,,910,1,2,0,0,0,0,0,3,4,0,2,3,3.0,N,,,,,,,,,,,
2020027684,1105.0,1,0,0,1,0,0,0,0,0,4,0,,67,3,2020,4,39.9947,-75.1642,1100.0,6,0,0,0,0,0,0,0,0,,0,0,0.0,11,1,1,2,,0,39 59:40.869,,0,75 09:51.004,8,0,0,0,67301,1,0,0,N,0,0,0,2,67301,0,,1,1,,N,N,N,0,,0,0,0,3,3,,1100,1,2,0,0,0,1,0,3,4,0,1,3,3.0,N,,,,,,,,,,,
2020069621,1755.0,0,0,0,0,0,0,0,0,0,0,0,,67,8,2020,4,40.0469,-75.1384,1755.0,6,0,0,0,0,0,1,0,0,,1,0,0.0,17,1,0,0,N,2,40 02:48.909,6.0,0,75 08:18.254,1,1,0,1,67301,0,0,0,N,0,0,0,1,67301,0,2.0,1,1,1901.0,N,N,N,0,0.0,0,0,0,0,0,Y,1723,0,1,0,0,0,0,0,3,4,0,1,3,3.0,N,,,,,,,,,,,
2020029160,1825.0,3,0,0,0,0,0,0,0,0,2,0,,67,3,2020,3,40.0318,-75.0319,1822.0,6,0,0,0,0,0,0,0,0,,0,0,0.0,18,1,0,1,N,0,40 01:54.422,,0,75 01:54.962,0,0,0,1,67301,0,0,0,N,0,0,0,2,67301,0,,1,1,,N,N,N,0,,0,0,0,0,0,,1821,0,4,0,0,0,0,0,3,4,0,4,3,3.0,N,,,,,,,,,,,
2020029951,1535.0,0,0,0,1,0,0,0,0,0,4,0,,67,3,2020,4,40.0323,-75.1351,1531.0,6,0,0,0,0,0,1,0,0,,0,0,0.0,15,1,1,0,N,0,40 01:56.400,,0,75 08:06.360,3,0,0,0,67301,1,0,0,N,0,0,0,3,67301,0,,1,9,,N,N,N,0,,1,0,0,9,9,,1530,1,2,0,0,0,0,0,3,4,1,1,7,,N,,,,,,,,,,,
2020039332,1726.0,2,0,0,0,0,0,0,0,0,5,0,,67,5,2020,6,40.0072,-75.1421,1721.0,6,0,0,0,1,1,0,0,0,,0,0,0.0,16,1,1,0,N,0,40 00:25.830,,0,75 08:31.396,3,0,0,0,67301,0,0,0,N,0,0,0,2,67301,0,,1,1,,N,N,N,0,,1,0,0,0,0,,1603,1,2,0,0,1,0,1,3,4,0,2,3,,N,,,,,,,,,,,
2020076792,947.0,2,0,0,0,0,0,0,0,0,4,1,,67,9,2020,6,39.9587,-75.1621,947.0,6,0,0,0,0,0,0,0,0,,0,1,0.0,9,1,1,1,,2,39 57:31.362,2.0,0,75 09:43.713,3,0,0,0,67301,0,0,0,N,0,0,0,2,67301,0,,1,1,1050.0,N,N,N,0,,1,0,0,0,0,Y,934,1,3,0,0,0,0,0,3,4,0,3,3,3.0,N,,,,,,,,,,,
2020039871,1934.0,2,0,0,0,0,0,0,0,0,4,0,,67,5,2020,2,39.9686,-75.1289,1923.0,6,0,0,0,0,0,0,0,0,,0,0,0.0,19,3,2,0,N,2,39 58:06.925,2.0,0,75 07:43.940,3,0,0,0,67301,0,0,0,N,0,0,0,4,68K01,0,,1,1,50.0,N,N,N,1,,1,0,0,0,0,N,1918,2,3,0,0,0,1,0,3,4,0,3,3,,N,,,,,,,,,,,
2020053203,912.0,1,0,0,0,0,0,0,0,0,1,1,,67,6,2020,2,40.0105,-75.0632,906.0,6,0,0,0,0,0,0,0,0,,0,1,0.0,9,1,1,0,N,2,40 00:37.773,2.0,2,75 03:47.436,8,0,0,0,67301,0,0,0,N,0,0,0,4,68K01,0,,1,1,930.0,N,N,N,0,,0,0,0,0,0,Y,904,1,2,0,0,2,1,0,3,4,0,2,3,,N,,,,,,,,,,,
2020042964,324.0,0,0,0,0,0,0,0,0,0,7,0,,67,5,2020,2,39.9446,-75.2215,324.0,6,0,0,0,0,0,0,0,0,,0,0,0.0,3,3,1,11,,0,39 56:40.650,,0,75 13:17.550,3,0,0,0,67301,0,0,0,N,0,0,0,1,67301,0,,4,1,,N,N,N,0,,1,0,1,3,3,,322,1,1,0,0,0,0,0,3,4,0,1,3,3.0,N,,,,,,,,,,,
2020041254,20.0,3,0,0,0,0,0,0,0,0,4,0,,67,5,2020,2,39.99,-75.1604,14.0,6,0,0,0,0,0,0,0,0,,0,0,0.0,0,3,0,1,,2,39 59:24.010,4.0,0,75 09:37.328,0,0,0,0,67301,0,0,0,N,0,0,0,2,67301,0,,1,1,200.0,N,N,N,1,,0,0,0,3,2,Y,10,0,4,0,0,0,0,0,3,4,0,4,3,,N,,,,,,,,,,,
2020083275,1047.0,1,0,0,0,0,0,0,0,0,5,0,,67,9,2020,4,39.9572,-75.1573,1024.0,6,0,0,0,0,0,2,0,0,,0,0,0.0,10,1,1,0,N,2,39 57:25.833,3.0,0,75 09:26.332,8,0,0,0,67301,0,0,0,N,0,0,0,2,68K01,0,,1,1,100.0,N,N,N,1,,0,0,0,0,0,Y,1017,1,2,0,0,0,1,0,3,4,0,2,3,3.0,N,,,,,,,,,,,
2020083698,1630.0,2,0,0,0,0,0,0,0,0,4,0,,67,3,2020,1,40.0137,-75.1775,1625.0,6,0,0,0,0,0,0,0,1,,0,0,0.0,14,1,0,0,N,0,40 00:49.300,,7,75 10:38.900,9,0,0,0,67301,0,0,0,N,0,0,0,2,67301,0,,1,1,,N,N,N,0,,0,0,0,0,0,,1430,0,2,0,0,0,0,2,3,4,0,2,3,,N,,,,,,,,,,,
2020026634,1352.0,1,0,0,0,0,0,0,0,0,4,0,,67,3,2020,1,39.9543,-75.2281,1345.0,6,0,0,0,1,0,0,0,0,,0,0,0.0,13,1,1,1,,0,39 57:15.418,,0,75 13:41.167,8,0,0,0,67301,0,0,0,N,0,0,0,5,67301,0,,1,1,,N,N,N,0,,0,0,1,0,0,,1343,1,2,0,0,0,1,3,3,4,0,2,3,3.0,N,,,,,,,,,,,
2020029115,2010.0,1,0,0,0,0,0,0,0,0,7,0,,67,3,2020,1,39.881,-75.2287,2010.0,6,0,0,0,0,0,0,0,0,,0,0,0.0,20,3,2,11,,0,39 52:51.690,,0,75 13:43.280,2,0,0,0,67301,0,0,0,N,0,0,0,2,67301,0,,2,1,,N,N,N,0,,1,1,0,3,3,,2005,2,1,0,0,0,0,0,3,4,0,1,3,3.0,N,,,,,,,,,,,
2020031135,738.0,1,0,0,0,0,0,0,0,0,7,0,,67,3,2020,2,39.9823,-75.2076,734.0,6,0,0,0,0,0,0,0,0,,0,0,0.0,7,1,1,0,N,1,39 58:56.137,3.0,0,75 12:27.194,4,0,0,0,67301,0,0,0,N,0,0,0,1,68K01,1,,2,9,800.0,N,N,Y,0,,0,0,0,0,0,N,733,1,1,0,0,0,0,0,3,4,0,1,7,7.0,N,,,,,,,,,,,
2020068073,1255.0,1,0,0,0,0,0,0,0,0,1,0,,67,8,2020,3,39.9577,-75.1603,1251.0,6,0,0,0,0,0,0,0,1,,0,0,0.0,12,1,0,0,N,0,39 57:27.611,,0,75 09:37.195,0,0,0,0,67301,0,0,0,N,0,0,0,2,68K01,0,,1,1,,N,N,N,0,,0,0,1,0,0,,1243,0,2,0,0,0,0,0,3,4,0,2,3,,N,,,,,,,,,,,
2020027870,1230.0,1,0,0,0,0,0,0,0,0,8,0,,67,3,2020,4,40.0695,-75.0506,1228.0,6,0,0,0,0,0,0,0,1,,0,0,0.0,12,1,1,1,,0,40 04:10.162,,0,75 03:02.117,8,0,0,0,67301,1,0,0,N,1,0,0,2,67301,0,,1,1,,N,N,N,0,,0,0,0,9,2,,1225,1,2,0,0,0,1,0,3,4,0,1,3,3.0,N,,,,,,,,,,,
2020068247,46.0,2,0,0,0,0,0,0,0,0,4,0,,67,8,2020,6,39.9708,-75.2148,46.0,6,0,0,0,1,0,0,0,0,,0,0,0.0,0,3,2,0,N,0,39 58:15.035,,0,75 12:53.318,2,0,0,0,67301,0,0,0,N,0,0,0,2,67301,1,,1,1,,N,N,N,0,,0,1,2,0,0,,44,2,4,0,0,0,0,0,3,4,0,4,3,3.0,N,,,,,,,,,,,
2020045910,1723.0,1,0,0,0,0,0,0,0,0,1,0,,67,5,2020,7,40.033,-75.0208,1711.0,6,0,0,0,0,0,0,0,0,,0,0,0.0,17,1,4,0,N,1,40 01:58.732,2.0,0,75 01:14.938,4,0,0,0,67301,0,0,0,N,0,0,0,5,68K01,3,,1,1,1756.0,N,N,Y,0,,0,0,0,0,0,N,1708,4,2,0,0,0,1,1,3,4,1,2,3,3.0,N,,,,,,,,,,,
2020039193,1327.0,0,0,0,1,0,0,0,0,0,4,0,,67,5,2020,7,40.1165,-75.0366,1322.0,6,0,0,0,0,0,0,0,0,,0,0,0.0,13,1,1,2,,2,40 06:59.497,4.0,0,75 02:11.709,8,0,0,0,67301,1,0,0,N,0,0,0,2,67301,0,,1,1,1520.0,N,N,N,1,,0,0,0,0,0,N,1315,1,2,0,0,0,1,0,3,4,0,1,3,,N,,,,,,,,,,,
2020039570,36.0,1,0,0,0,0,0,0,0,0,7,0,,67,5,2020,2,39.9812,-75.2068,36.0,6,0,0,0,1,0,0,0,0,,0,0,0.0,0,3,0,0,N,1,39 58:52.185,3.0,0,75 12:24.405,0,0,0,0,67301,0,0,0,N,0,0,0,2,68K01,0,,4,1,24.0,N,N,N,0,,0,0,0,0,0,N,36,0,1,0,0,0,0,0,3,4,0,1,3,,N,,,,,,,,,,,
2020040211,1617.0,0,0,0,0,0,0,0,0,0,4,0,,67,5,2020,4,40.0294,-75.1247,1617.0,6,0,0,0,0,0,0,0,0,,0,0,0.0,15,1,0,1,,0,40 01:45.919,,0,75 07:28.901,0,0,0,0,67301,0,0,0,N,0,0,0,4,67301,0,,1,1,,N,N,Y,0,,0,0,2,3,2,,1530,0,3,0,0,0,0,0,3,4,1,3,3,,N,,,,,,,,,,,
2020083209,1727.0,1,0,0,0,0,0,0,0,0,1,0,,67,9,2020,1,39.977,-75.1982,1723.0,6,0,0,0,0,0,0,0,0,,0,0,0.0,17,1,0,0,N,0,39 58:37.211,,0,75 11:53.348,0,0,0,0,67301,0,0,0,N,0,0,0,3,68K01,0,,1,1,,N,N,Y,0,,0,0,2,0,0,,1720,0,3,0,0,0,0,0,3,4,0,3,3,3.0,N,,,,,,,,,,,
2020081741,10.0,1,0,0,0,0,0,0,0,0,7,0,,67,10,2020,6,39.9315,-75.2171,0.0,6,0,0,0,0,0,0,0,0,,0,0,0.0,23,3,1,0,N,0,39 55:53.447,,3,75 13:01.543,8,0,0,0,67301,0,0,0,N,0,0,0,2,67301,0,,4,1,,N,N,N,0,,0,0,0,0,0,,2332,1,1,0,0,2,1,1,3,4,0,1,3,3.0,N,,,,,,,,,,,
2020040097,400.0,1,0,0,0,0,0,0,0,0,3,0,,67,5,2020,3,39.9417,-75.2228,400.0,6,0,0,0,0,0,0,0,0,,0,0,0.0,3,3,2,1,,2,39 56:29.979,7.0,0,75 13:22.008,3,0,0,0,67301,0,0,0,N,0,0,0,2,67301,0,,1,1,200.0,N,N,N,0,,2,0,0,3,2,Y,343,2,2,0,0,0,0,0,3,4,1,2,3,3.0,N,,,,,,,,,,,