CRN,ARRIVAL_TM,AUTOMOBILE_COUNT,BELTED_DEATH_COUNT,BELTED_SUSP_SERIOUS_INJ_COUNT,BICYCLE_COUNT,BICYCLE_DEATH_COUNT,BICYCLE_SUSP_SERIOUS_INJ_COUNT,BUS_COUNT,CHLDPAS_DEATH_COUNT,CHLDPAS_SUSP_SERIOUS_INJ_COUNT,COLLISION_TYPE,COMM_VEH_COUNT,CONS_ZONE_SPD_LIM,COUNTY,CRASH_MONTH,CRASH_YEAR,DAY_OF_WEEK,DEC_LAT,DEC_LONG,DISPATCH_TM,DISTRICT,DRIVER_COUNT_16YR,DRIVER_COUNT_17YR,DRIVER_COUNT_18YR,DRIVER_COUNT_19YR,DRIVER_COUNT_20YR,DRIVER_COUNT_50_64YR,DRIVER_COUNT_65_74YR,DRIVER_COUNT_75PLUS,EST_HRS_CLOSED,FATAL_COUNT,HEAVY_TRUCK_COUNT,HORSE_BUGGY_COUNT,HOUR_OF_DAY,ILLUMINATION,INJURY_COUNT,INTERSECT_TYPE,INTERSECTION_RELATED,LANE_CLOSED,LATITUDE,LN_CLOSE_DIR,LOCATION_TYPE,LONGITUDE,MAX_SEVERITY_LEVEL,MCYCLE_DEATH_COUNT,MCYCLE_SUSP_SERIOUS_INJ_COUNT,MOTORCYCLE_COUNT,MUNICIPALITY,NONMOTR_COUNT,NONMOTR_DEATH_COUNT,NONMOTR_SUSP_SERIOUS_INJ_COUNT,NTFY_HIWY_MAINT,PED_COUNT,PED_DEATH_COUNT,PED_SUSP_SERIOUS_INJ_COUNT,PERSON_COUNT,POLICE_AGCY,POSSIBLE_INJ_COUNT,RDWY_SURF_TYPE_CD,RELATION_TO_ROAD,ROAD_CONDITION,ROADWAY_CLEARED,SCH_BUS_IND,SCH_ZONE_IND,SECONDARY_CRASH,SMALL_TRUCK_COUNT,SPEC_JURIS_CD,SUSP_MINOR_INJ_COUNT,SUSP_SERIOUS_INJ_COUNT,SUV_COUNT,TCD_FUNC_CD,TCD_TYPE,TFC_DETOUR_IND,TIME_OF_DAY,TOT_INJ_COUNT,TOTAL_UNITS,UNB_DEATH_COUNT,UNB_SUSP_SERIOUS_INJ_COUNT,UNBELTED_OCC_COUNT,UNK_INJ_DEG_COUNT,UNK_INJ_PER_COUNT,URBAN_AREA,URBAN_RURAL,VAN_COUNT,VEHICLE_COUNT,WEATHER1,WEATHER2,WORK_ZONE_IND,WORK_ZONE_LOC,WORK_ZONE_TYPE,WORKERS_PRES,WZ_CLOSE_DETOUR,WZ_FLAGGER,WZ_LAW_OFFCR_IND,WZ_LN_CLOSURE,WZ_MOVING,WZ_OTHER,WZ_SHLDER_MDN,WZ_WORKERS_INJ_KILLED
2020029130,102.0,1,0,0,0,0,0,0,0,0,7,0,,67,3,2020,4,40.0504,-75.0515,100.0,6,0,0,0,1,0,0,0,0,,0,0,0.0,0,3,1,2,,2,40 03:01.364,2.0,0,75 03:05.380,3,0,0,0,67301,0,0,0,N,0,0,0,1,67301,0,,3,1,220.0,N,N,N,0,,1,0,0,3,2,N,55,1,1,0,0,0,0,0,3,4,0,1,3,3.0,N,,,,,,,,,,,
2020029991,2340.0,1,0,0,0,0,0,0,0,0,7,0,,67,3,2020,7,40.0309,-75.0218,2328.0,6,0,0,1,0,0,0,0,0,,0,0,0.0,23,3,0,0,N,0,40 01:51.182,,0,75 01:18.491,0,0,0,0,67301,0,0,0,N,0,0,0,1,68K01,0,,4,9,,N,N,N,0,,0,0,0,0,0,,2313,0,1,0,0,0,0,0,3,4,0,1,7,,N,,,,,,,,,,,
2020031954,1251.0,0,0,0,0,0,0,0,0,0,2,0,,67,3,2020,7,39.9856,-75.2132,1245.0,6,0,0,0,0,0,0,0,0,,0,0,0.0,12,1,4,1,,0,39 59:08.260,,0,75 12:47.375,8,0,0,0,67301,0,0,0,N,0,0,0,4,67301,0,,1,9,,N,N,N,0,,0,0,2,0,0,,1241,4,2,0,0,0,4,0,3,4,0,2,7,7.0,N,,,,,,,,,,,
2020060570,1623.0,1,0,0,0,0,0,0,0,0,5,1,,67,7,2020,3,39.9879,-75.1319,1622.0,6,0,0,0,0,0,1,0,0,,0,1,0.0,16,1,0,0,N,0,39 59:16.260,,0,75 07:54.880,0,0,0,0,67301,0,0,0,N,0,0,0,4,67301,0,,1,1,,N,N,N,1,,0,0,2,9,9,,1612,0,6,0,0,0,0,0,3,4,1,6,3,,N,,,,,,,,,,,
2020039074,957.0,1,0,0,0,0,0,0,0,0,4,0,,67,5,2020,3,39.9294,-75.1503,953.0,6,0,0,0,0,1,0,0,0,,0,0,0.0,9,1,1,1,,0,39 55:45.739,,0,75 09:00.914,8,0,0,0,67301,0,0,0,N,0,0,0,2,67301,0,,1,1,,N,N,N,0,,0,0,1,3,2,,945,1,2,0,0,0,1,0,3,4,0,2,3,,N,,,,,,,,,,,
2020041758,1520.0,2,0,0,0,0,0,0,0,0,1,0,,67,5,2020,1,40.0139,-75.2059,1506.0,6,0,0,0,0,0,0,0,0,,0,0,0.0,14,1,1,0,N,0,40 00:50.117,,2,75 12:21.310,3,0,0,0,67301,0,0,0,N,0,0,0,4,67301,0,,1,1,,N,N,N,0,,1,0,0,0,0,,1430,1,3,0,0,0,0,0,3,4,1,3,3,,N,,,,,,,,,,,
2020078187,1123.0,2,0,0,0,0,0,0,0,0,4,0,,67,5,2020,2,40.0584,-75.0467,1113.0,6,0,0,0,0,0,0,0,0,,0,0,0.0,11,1,1,1,,0,40 03:30.351,,0,75 02:48.105,3,0,0,0,67301,0,0,0,N,0,0,0,3,67301,0,,1,1,,N,N,N,0,,1,0,0,3,3,,1112,1,2,0,0,2,0,0,3,4,0,2,3,3.0,N,,,,,,,,,,,
2020039775,345.0,1,0,0,0,0,0,0,0,0,7,0,,67,5,2020,3,40.063,-75.055,343.0,6,0,0,0,0,0,0,0,0,,0,0,0.0,3,3,0,1,N,0,40 03:46.848,,0,75 03:18.044,0,0,0,0,67301,0,0,0,N,0,0,0,1,67301,0,,4,1,,N,N,N,0,,0,0,0,0,0,,343,0,1,0,0,0,0,0,3,4,0,1,3,3.0,N,,,,,,,,,,,
2020083295,1441.0,1,0,0,0,0,0,0,0,0,1,0,,67,10,2020,7,39.9974,-75.082,1421.0,6,0,0,0,0,0,0,0,0,,0,0,0.0,14,1,0,7,N,0,39 59:50.669,,2,75 04:55.143,0,0,0,0,67301,0,0,0,N,0,0,0,2,68K01,0,,1,1,,N,N,N,1,,0,0,0,0,0,,1418,0,2,0,0,0,0,0,3,4,0,2,3,,N,,,,,,,,,,,
2020083242,2316.0,4,0,0,0,0,0,0,0,0,1,0,,67,9,2020,6,39.9592,-75.1806,2316.0,6,0,0,0,0,0,0,0,0,,0,0,0.0,23,3,1,0,N,1,39 57:32.968,4.0,0,75 10:50.090,3,0,0,0,67301,0,0,0,N,0,0,0,4,68K01,0,,1,1,45.0,N,N,N,0,,1,0,0,0,0,N,2313,1,4,0,0,0,0,0,3,4,0,4,3,,N,,,,,,,,,,,
2020045959,1509.0,1,0,0,0,0,0,0,0,0,7,0,,67,5,2020,2,40.0373,-75.0134,1508.0,6,0,0,0,0,0,0,0,0,,0,0,0.0,15,1,0,0,N,0,40 02:14.159,,0,75 00:48.359,0,0,0,0,67301,0,0,0,N,0,0,0,1,68K01,0,,2,1,,N,N,N,0,,0,0,0,0,0,,1505,0,1,0,0,0,0,0,3,4,0,1,3,,N,,,,,,,,,,,
2020045918,2218.0,2,0,0,0,0,0,0,0,0,5,0,,67,5,2020,3,39.958,-75.1417,2207.0,6,0,0,0,0,0,0,0,0,,0,0,0.0,22,3,0,0,N,2,39 57:28.658,2.0,8,75 08:29.959,0,0,0,0,67301,0,0,0,N,0,0,0,2,68K01,0,,1,1,2300.0,N,N,N,0,,0,0,0,0,0,N,2200,0,2,0,0,0,0,0,3,4,0,2,3,3.0,N,,,,,,,,,,,
2020083562,1823.0,0,0,0,0,0,0,0,0,0,7,0,,67,10,2020,4,39.9982,-75.1876,1819.0,6,0,0,0,0,0,0,0,0,,0,0,0.0,17,1,0,2,,1,39 59:53.504,2.0,0,75 11:15.514,0,0,0,0,67301,0,0,0,N,0,0,0,1,67301,0,,5,1,100.0,N,N,N,0,,0,0,1,3,2,Y,1748,0,1,0,0,0,0,0,3,4,0,1,3,,N,,,,,,,,,,,
2020039964,1625.0,0,0,0,0,0,0,0,0,0,4,0,,67,5,2020,3,40.0237,-75.0926,1625.0,6,0,0,0,0,1,1,0,0,,0,0,0.0,16,1,1,1,,0,40 01:25.020,,0,75 05:33.660,8,0,0,1,67301,0,0,0,N,0,0,0,2,67301,0,,1,1,,N,N,N,0,,0,0,0,3,2,,1620,1,2,0,0,0,1,0,3,4,1,2,3,3.0,N,,,,,,,,,,,
2020041865,1014.0,0,0,0,0,0,0,0,0,0,1,0,,67,5,2020,2,39.957,-75.1559,1010.0,6,0,0,0,0,0,1,0,0,,0,0,0.0,10,1,0,0,N,1,39 57:25.162,3.0,0,75 09:21.318,0,0,0,0,67301,0,0,0,N,0,0,0,4,68K01,0,,1,1,1046.0,N,N,N,1,,0,0,3,0,0,N,1009,0,4,0,0,0,0,0,3,4,0,4,3,,N,,,,,,,,,,,
2020033150,826.0,1,0,0,0,0,0,0,0,0,7,0,,67,3,2020,1,39.9808,-75.2062,825.0,6,0,0,0,0,0,0,0,0,,0,0,0.0,8,1,0,0,N,0,39 58:50.722,,0,75 12:22.449,0,0,0,0,67301,0,0,0,N,0,0,0,1,68K01,0,,5,1,,N,N,N,0,,0,0,0,0,0,,824,0,1,0,0,0,0,0,3,4,0,1,3,4.0,N,,,,,,,,,,,
2020067953,1752.0,0,0,0,1,0,0,1,0,0,5,1,,67,8,2020,5,39.9373,-75.1702,1742.0,6,0,0,0,0,0,1,0,0,,0,0,0.0,17,1,1,1,N,0,39 56:14.168,,0,75 10:12.813,4,0,0,0,67301,1,0,0,N,0,0,0,2,67508,1,,1,1,,N,N,Y,0,,0,0,0,0,0,,1742,1,2,0,0,0,0,0,3,4,0,1,3,,N,,,,,,,,,,,
2020031762,1628.0,2,0,0,0,0,0,0,0,0,5,0,,67,3,2020,6,39.8982,-75.1835,1628.0,6,0,0,0,0,0,0,0,0,,0,0,0.0,15,1,0,0,N,1,39 53:55.855,2.0,0,75 10:47.303,0,0,0,0,67301,0,0,0,N,0,0,0,2,68K01,0,,1,1,100.0,N,N,N,0,,0,0,0,0,0,N,1553,0,2,0,0,0,0,0,3,4,0,2,3,,N,,,,,,,,,,,
2020032319,1325.0,1,0,0,0,0,0,0,0,0,7,0,,67,3,2020,2,39.8864,-75.207,1315.0,6,0,0,0,0,0,0,0,0,,0,0,0.0,13,1,0,0,N,0,39 53:12.324,,0,75 12:20.833,0,0,0,0,67301,0,0,0,N,0,0,0,2,68K01,0,,2,9,,N,N,N,0,,0,0,0,0,0,,1312,0,1,0,0,0,0,0,3,4,0,1,7,7.0,N,,,,,,,,,,,
2020029647,1615.0,0,0,0,0,0,0,0,0,0,0,0,,67,3,2020,3,40.0146,-75.1782,1615.0,6,0,0,0,0,0,0,0,0,,0,0,0.0,16,1,1,0,N,2,40 00:52.405,2.0,0,75 10:41.625,8,0,0,0,67301,0,0,0,N,0,0,0,1,67301,0,,1,1,1650.0,N,N,N,0,,0,0,1,0,0,Y,1610,1,1,0,0,0,1,0,3,4,0,1,3,,N,,,,,,,,,,,
2020030863,1903.0,0,0,0,0,0,0,0,0,0,4,0,,67,3,2020,6,39.9447,-75.1652,1733.0,6,0,0,0,0,0,0,0,1,,0,0,0.0,17,1,1,1,,0,39 56:40.784,,0,75 09:54.813,3,0,0,1,67301,0,0,0,N,0,0,0,2,67301,0,,1,1,,N,N,N,0,,1,0,1,3,2,,1730,1,2,0,0,0,0,0,3,4,0,2,3,3.0,N,,,,,,,,,,,
2020031679,1025.0,1,0,0,0,0,0,0,0,0,7,0,,67,3,2020,5,40.0295,-75.1029,1015.0,6,0,0,0,0,0,0,0,0,,0,0,0.0,10,1,2,0,N,0,40 01:46.203,,0,75 06:11.949,8,0,0,0,67301,0,0,0,N,0,0,0,2,67301,0,,4,1,,N,N,N,0,,0,0,0,2,2,,1010,2,1,0,0,0,2,0,3,4,0,1,3,3.0,N,,,,,,,,,,,
2020028598,2007.0,1,0,0,0,0,0,0,0,0,8,0,,67,3,2020,1,40.0097,-75.1551,2005.0,6,0,0,0,0,0,0,0,0,,0,0,0.0,20,3,1,0,N,0,40 00:35.088,,0,75 09:18.274,3,0,0,0,67301,1,0,0,N,1,0,0,2,67301,0,,1,1,,N,N,N,0,,1,0,0,3,2,,2000,1,2,0,0,0,0,0,3,4,0,1,3,3.0,N,,,,,,,,,,,
2020029517,1402.0,0,0,0,0,0,0,0,0,0,4,0,,67,3,2020,2,39.9864,-75.1696,1354.0,6,0,0,0,0,0,0,0,0,,0,0,0.0,13,1,0,1,,0,39 59:11.054,,0,75 10:10.603,0,0,0,0,67301,0,0,0,N,0,0,0,4,67301,0,,1,9,,N,N,N,0,,0,0,2,3,2,,1348,0,2,0,0,0,0,0,3,4,0,2,7,4.0,N,,,,,,,,,,,
2020069350,1849.0,2,0,0,0,0,0,0,0,0,1,0,,67,8,2020,5,39.9802,-75.1047,1804.0,6,0,0,0,0,0,2,0,0,,0,0,0.0,17,1,1,0,N,2,39 58:48.611,1.0,3,75 06:17.060,4,0,0,0,67301,0,0,0,N,0,0,0,8,68K01,1,,3,1,45.0,N,N,N,0,,0,0,1,0,0,N,1759,1,3,0,0,0,0,0,3,4,0,3,3,,N,,,,,,,,,,,
2020068787,1459.0,1,0,0,0,0,0,0,0,0,5,1,,67,8,2020,2,40.0302,-75.0736,1459.0,6,0,0,0,0,0,0,0,0,,0,1,0.0,14,1,0,0,N,0,40 01:48.593,,0,75 04:25.001,0,0,0,0,67301,0,0,0,N,0,0,0,1,67301,0,,6,1,,N,N,N,1,,0,0,0,0,0,,1459,0,3,0,0,0,0,0,3,4,0,3,3,3.0,N,,,,,,,,,,,
2020039959,1926.0,0,0,0,0,0,0,0,0,0,8,0,,67,5,2020,7,39.9168,-75.1713,1915.0,6,0,0,0,0,0,0,0,0,,0,0,0.0,19,1,1,1,,0,39 55:00.583,,0,75 10:16.768,3,0,0,0,67301,1,0,0,N,1,0,0,2,67301,0,,1,1,,N,N,N,0,,1,0,0,3,2,,1910,1,2,0,0,0,0,0,3,4,0,1,3,,N,,,,,,,,,,,
2020041760,1825.0,1,0,0,0,0,0,0,0,0,8,0,,67,5,2020,3,39.9968,-75.1538,1819.0,6,0,0,0,0,0,0,0,0,,0,0,0.0,18,1,1,1,,0,39 59:48.618,,0,75 09:13.788,2,0,0,0,67301,1,0,1,N,1,0,1,2,67301,0,,1,1,,N,N,N,0,,0,1,0,3,2,,1800,1,2,0,0,0,0,0,3,4,0,1,3,3.0,N,,,,,,,,,,,
2020082125,1655.0,1,0,0,0,0,0,0,0,0,6,0,,67,10,2020,1,40.0954,-74.9597,1655.0,6,0,0,0,0,0,2,0,0,,0,0,0.0,16,1,2,1,,1,40 05:43.369,2.0,0,74 57:34.849,4,0,0,0,67301,0,0,0,N,0,0,0,2,67301,2,,1,1,1720.0,N,N,N,0,,0,0,1,3,3,N,1640,2,2,0,0,0,0,0,3,4,0,2,3,3.0,N,,,,,,,,,,,
2020045938,1635.0,1,0,0,0,0,0,0,0,0,7,0,,67,5,2020,6,39.8864,-75.2068,1630.0,6,0,0,0,0,0,0,0,0,,0,0,0.0,16,1,0,0,N,0,39 53:12.488,,0,75 12:20.413,0,0,0,0,67301,0,0,0,N,0,0,0,1,68K01,0,,2,9,,N,N,N,0,,0,0,0,0,0,,1622,0,1,0,0,0,0,0,3,4,0,1,7,7.0,N,,,,,,,,,,,
2020082244,1610.0,1,0,0,0,0,0,1,0,0,5,1,,67,9,2020,4,39.9794,-75.2253,1550.0,6,0,0,1,0,0,0,0,0,,0,0,0.0,15,1,1,1,N,0,39 58:45.940,,0,75 13:31.164,8,0,0,0,67301,0,0,0,N,0,0,0,3,67508,0,,1,1,,N,N,Y,0,,0,0,0,3,2,,1550,1,2,0,0,0,1,0,3,4,0,2,3,3.0,N,,,,,,,,,,,
2020027324,1950.0,1,0,0,1,0,0,0,0,0,4,0,,67,3,2020,2,39.9233,-75.1612,1949.0,6,0,0,0,0,0,0,0,0,,0,0,0.0,19,3,1,1,,0,39 55:23.877,,0,75 09:40.743,3,0,0,0,67301,1,0,0,N,0,0,0,2,67301,0,,1,1,,N,N,N,0,,1,0,0,3,2,,1948,1,2,0,0,0,0,0,3,4,0,1,3,,N,,,,,,,,,,,
2020069816,2359.0,2,0,0,0,0,0,0,0,0,4,0,,67,8,2020,6,40.0301,-75.0882,2359.0,6,0,0,0,0,1,0,0,0,,0,0,0.0,23,3,0,1,,0,40 01:48.790,,0,75 05:17.559,0,0,0,0,67301,0,0,0,N,0,0,0,2,67301,0,,1,1,,N,N,N,0,,0,0,0,3,2,,2358,0,2,0,0,1,0,0,3,4,0,2,3,,N,,,,,,,,,,,
2020030284,2154.0,0,0,0,0,0,0,0,0,0,5,0,,67,3,2020,6,39.9958,-75.1384,2144.0,6,0,0,0,0,0,0,0,0,,0,0,0.0,21,3,2,0,N,0,39 59:44.950,,0,75 08:18.330,2,0,1,1,67301,0,0,0,N,0,0,0,2,67301,0,,6,1,,N,N,N,0,,1,1,1,0,0,,2139,2,2,0,0,0,0,0,3,4,0,2,3,3.0,N,,,,,,,,,,,
2020030270,2316.0,2,0,0,0,0,0,0,0,0,4,0,,67,3,2020,6,40.0299,-75.1031,2314.0,6,0,0,0,0,0,0,0,0,,0,0,0.0,23,3,1,1,,0,40 01:47.679,,0,75 06:11.073,3,0,0,0,67301,0,0,0,N,0,0,0,2,67301,0,,1,1,,N,N,Y,0,,1,0,0,2,2,,2310,1,2,0,0,0,0,0,3,4,0,2,3,3.0,N,,,,,,,,,,,
2020035229,1011.0,1,0,0,0,0,0,0,0,0,4,0,,67,3,2020,6,40.0327,-75.0722,1009.0,6,0,0,0,0,0,1,1,0,,0,0,0.0,10,1,0,1,,1,40 01:57.808,6.0,0,75 04:19.924,0,0,0,0,67301,0,0,0,N,0,0,0,3,67301,0,,1,1,1045.0,N,N,N,0,,0,0,1,9,1,N,1009,0,2,0,0,0,0,0,3,4,0,2,3,3.0,N,,,,,,,,,,,
2020067007,2135.0,2,0,0,0,0,0,0,0,0,4,0,,67,8,2020,4,39.9512,-75.1991,2131.0,6,0,0,0,0,0,1,0,0,,0,0,0.0,21,3,1,1,,0,39 57:04.496,,0,75 11:56.898,4,0,0,0,67301,0,0,0,N,0,0,0,3,67504,1,,1,1,,N,N,N,0,,0,0,0,3,2,,2131,1,2,0,0,0,0,0,3,4,0,2,3,3.0,N,,,,,,,,,,,
2020069615,2007.0,1,0,0,0,0,0,0,0,0,4,0,,67,8,2020,6,40.0115,-75.0698,2003.0,6,0,0,0,0,0,1,0,0,,1,0,0.0,19,3,2,1,N,1,40 00:41.506,2.0,0,75 04:11.278,1,1,0,1,67301,0,0,0,N,0,0,0,5,67301,2,2.0,1,1,2330.0,N,N,N,0,0.0,0,0,0,3,2,N,1959,2,2,0,0,0,0,0,3,4,0,2,3,,N,,,,,,,,,,,
2020036589,908.0,1,0,0,0,0,0,0,0,0,1,0,25.0,67,3,2020,5,39.9819,-75.101,858.0,6,0,0,0,0,0,0,0,0,,0,0,0.0,8,1,0,0,N,1,39 58:57.601,1.0,2,75 05:55.336,0,0,0,0,67301,0,0,0,N,0,0,0,2,68K01,0,,1,1,925.0,N,N,N,0,,0,0,1,0,0,N,842,0,2,0,0,0,0,0,3,4,0,2,3,,Y,5.0,1.0,N,,,N,,,Y,,N
2020038828,1455.0,1,0,0,0,0,0,0,0,0,4,0,,67,5,2020,4,39.9897,-75.1073,1452.0,6,0,0,0,0,0,0,0,0,,0,0,0.0,14,1,0,1,,0,39 59:22.742,,0,75 06:26.442,0,0,0,0,67301,0,0,0,Y,0,0,0,6,67301,0,,1,1,,N,N,N,0,,0,0,1,3,2,,1445,0,2,0,0,6,0,0,3,4,0,2,3,3.0,N,,,,,,,,,,,
2020051480,1435.0,1,0,0,0,0,0,0,0,0,7,0,,67,6,2020,2,40.0066,-75.1916,1410.0,6,0,0,0,0,0,0,0,0,,0,0,0.0,14,1,0,0,N,0,40 00:23.740,,1,75 11:29.584,0,0,0,0,67301,0,0,0,N,0,0,0,2,67301,0,,5,1,,N,N,N,0,,0,0,0,0,0,,1405,0,2,0,0,0,0,0,3,4,1,2,3,3.0,N,,,,,,,,,,,
2020065131,950.0,1,0,0,0,0,0,0,0,0,4,0,,67,8,2020,5,40.0276,-75.1832,940.0,6,0,0,0,0,0,1,0,0,,0,0,0.0,9,1,0,0,N,2,40 01:39.340,3.0,7,75 10:59.380,0,0,0,0,67301,0,0,0,N,0,0,0,2,67301,0,,1,1,958.0,N,N,N,1,,0,0,0,0,0,N,930,0,2,0,0,0,0,0,3,4,0,2,3,,N,,,,,,,,,,,
2020081407,103.0,1,0,0,0,0,0,0,0,0,4,0,,67,9,2020,2,40.0417,-75.0041,46.0,6,0,0,0,0,0,0,0,0,,0,0,0.0,0,3,1,0,N,0,40 02:30.068,,0,75 00:14.733,8,0,0,0,67301,0,0,0,N,0,0,0,2,68K01,0,,1,9,,N,N,N,1,,0,0,0,0,0,,45,1,2,0,0,0,1,0,3,4,0,2,7,7.0,N,,,,,,,,,,,
2020038479,1655.0,1,0,0,0,0,0,0,0,0,4,0,,67,5,2020,4,40.0032,-75.1525,1650.0,6,0,0,0,0,1,0,1,0,,0,0,0.0,16,1,0,5,,0,40 00:11.393,,0,75 09:08.837,0,0,0,0,67301,0,0,0,N,0,0,0,3,67505,0,,1,1,,N,N,Y,1,,0,0,0,3,2,,1645,0,2,0,0,0,0,0,3,4,0,2,3,3.0,N,,,,,,,,,,,
2020038825,1035.0,0,0,0,0,0,0,0,0,0,1,0,,67,5,2020,5,39.9507,-75.1507,1032.0,6,0,0,0,0,0,0,0,0,,0,0,0.0,10,1,1,0,N,1,39 57:02.699,4.0,0,75 09:02.607,4,0,0,0,67301,0,0,0,N,0,0,0,2,67301,1,,1,1,1230.0,N,N,Y,0,,0,0,0,3,2,N,1030,1,2,0,0,2,0,0,3,4,2,2,3,3.0,N,,,,,,,,,,,
2020058912,915.0,0,0,0,0,0,0,0,0,0,5,0,,67,7,2020,7,39.9214,-75.1752,914.0,6,0,0,0,0,0,0,0,0,,0,0,0.0,9,1,0,0,N,0,39 55:17.040,,0,75 10:30.880,0,0,0,0,67301,0,0,0,N,0,0,0,1,67301,0,,6,1,,N,N,N,1,,0,0,2,9,1,,903,0,3,0,0,1,0,0,3,4,0,3,3,3.0,N,,,,,,,,,,,
2020029488,652.0,1,0,0,0,0,0,0,0,0,7,0,,67,3,2020,5,40.0322,-75.0213,632.0,6,0,0,0,1,0,0,0,0,,0,0,0.0,6,3,0,0,N,0,40 01:55.839,,0,75 01:16.548,0,0,0,0,67301,0,0,0,N,0,0,0,2,68K01,0,,4,9,,N,N,N,0,,0,0,0,0,0,,630,0,1,0,0,0,0,0,3,4,0,1,7,,N,,,,,,,,,,,
2020069613,810.0,2,0,0,0,0,0,0,0,0,4,0,,67,8,2020,5,40.0783,-75.0242,807.0,6,0,0,0,0,0,1,0,0,,0,0,0.0,8,1,1,0,N,0,40 04:41.910,,7,75 01:27.268,4,0,0,0,67301,0,0,0,N,0,0,0,2,67301,1,,2,1,,N,N,N,0,,0,0,0,0,0,,806,1,2,0,0,2,0,0,3,4,0,2,3,3.0,N,,,,,,,,,,,
2020030064,1340.0,1,0,0,0,0,0,0,0,0,1,0,,67,3,2020,4,39.9391,-75.1438,1337.0,6,0,0,0,0,0,1,0,0,,0,0,0.0,13,1,1,0,N,0,39 56:20.692,,0,75 08:37.853,3,0,0,0,67301,0,0,0,N,0,0,0,2,67301,0,,1,9,,N,N,N,0,,1,0,1,0,0,,1337,1,2,0,0,2,0,0,3,4,0,2,7,7.0,N,,,,,,,,,,,
2020029157,2126.0,2,0,0,0,0,0,0,0,0,4,0,,67,3,2020,2,40.035,-75.0694,2118.0,6,0,0,0,0,0,0,0,0,,0,0,0.0,21,3,0,1,,1,40 02:06.097,1.0,0,75 04:09.909,0,0,0,0,67301,0,0,0,N,0,0,0,2,67301,0,,1,1,100.0,N,N,N,0,,0,0,0,3,2,N,2117,0,2,0,0,0,0,0,3,4,0,2,3,,N,,,,,,,,,,,
2020069954,738.0,1,0,0,0,0,0,0,0,0,4,0,,67,8,2020,2,39.9704,-75.15,733.0,6,0,0,0,0,0,0,0,0,,0,0,0.0,6,1,0,1,,0,39 58:14.012,,0,75 08:59.857,0,0,0,0,67301,0,0,0,N,0,0,0,2,67301,0,,1,1,,N,N,N,0,,0,0,1,3,2,,631,0,2,0,0,1,0,0,3,4,0,2,3,3.0,N,,,,,,,,,,,
2020028826,1612.0,3,0,0,0,0,0,0,0,0,5,0,,67,3,2020,1,39.9952,-75.1446,1605.0,6,0,0,0,0,0,0,0,0,,0,0,0.0,14,1,0,0,N,0,39 59:42.810,,0,75 08:40.450,0,0,0,0,67301,0,0,0,N,0,0,0,1,67301,0,,6,1,,N,N,N,0,,0,0,1,0,0,,1420,0,4,0,0,0,0,0,3,4,0,4,3,3.0,N,,,,,,,,,,,
2020027528,847.0,1,0,0,0,0,0,0,0,0,4,0,,67,3,2020,4,39.9581,-75.1505,846.0,6,0,0,0,0,0,0,0,0,,0,0,0.0,8,1,1,1,,1,39 57:29.275,1.0,0,75 09:01.648,3,0,0,0,67301,0,0,0,N,0,0,0,2,67301,0,,1,1,1020.0,N,N,N,0,,1,0,1,3,8,Y,845,1,2,0,0,0,0,0,3,4,0,2,3,3.0,N,,,,,,,,,,,
2020069515,1604.0,0,0,0,0,0,0,0,0,0,8,0,,67,8,2020,4,39.92,-75.1556,1601.0,6,0,0,0,0,0,0,1,0,,0,0,0.0,15,1,1,1,,0,39 55:12.050,,0,75 09:20.163,4,0,0,0,67301,1,0,0,N,1,0,0,2,67301,1,,1,1,,N,N,N,0,,0,0,1,3,3,,1555,1,2,0,0,0,0,0,3,4,0,1,3,3.0,N,,,,,,,,,,,
2020069942,102.0,2,0,0,0,0,0,0,0,0,5,0,,67,8,2020,7,39.9205,-75.2141,102.0,6,0,0,0,0,0,0,0,0,,0,0,0.0,1,3,1,0,N,0,39 55:13.970,,0,75 12:50.890,3,0,0,0,67301,0,0,0,N,0,0,0,2,67301,0,,1,1,,N,N,N,0,,1,0,0,0,0,,100,1,3,0,0,0,0,1,3,4,0,3,3,3.0,N,,,,,,,,,,,
2020069741,2322.0,2,0,0,0,0,0,0,0,0,4,0,,67,8,2020,4,39.9946,-75.218,2319.0,6,0,0,0,0,0,1,0,0,,0,0,0.0,23,3,2,1,,0,39 59:40.735,,0,75 13:04.933,8,0,0,0,67301,0,0,0,N,0,0,0,3,67301,0,,1,1,,N,N,N,0,,0,0,0,3,2,,2319,2,2,0,0,0,2,0,3,4,0,2,3,3.0,N,,,,,,,,,,,
2020031513,1932.0,1,0,0,0,0,0,0,0,0,7,0,,67,3,2020,1,40.034,-75.0196,1923.0,6,0,0,0,0,1,0,0,0,,0,0,0.0,19,4,0,0,N,0,40 02:02.241,,0,75 01:10.558,0,0,0,0,67301,0,0,0,N,0,0,0,2,68K01,0,,2,9,,N,N,N,0,,0,0,0,0,0,,1921,0,1,0,0,0,0,0,3,4,0,1,7,,N,,,,,,,,,,,
2020031116,1705.0,0,0,0,0,0,0,0,0,0,7,0,,67,3,2020,4,40.0731,-75.2429,1700.0,6,0,0,0,0,0,0,0,0,,0,0,0.0,16,1,0,0,N,0,40 04:23.050,,99,75 14:34.290,0,0,0,0,67301,0,0,0,N,0,0,0,1,67301,0,,5,1,,N,N,N,0,,0,0,1,9,9,,1657,0,1,0,0,0,0,0,3,4,0,1,4,3.0,N,,,,,,,,,,,