CRN,ARRIVAL_TM,AUTOMOBILE_COUNT,BELTED_DEATH_COUNT,BELTED_SUSP_SERIOUS_INJ_COUNT,BICYCLE_COUNT,BICYCLE_DEATH_COUNT,BICYCLE_SUSP_SERIOUS_INJ_COUNT,BUS_COUNT,CHLDPAS_DEATH_COUNT,CHLDPAS_SUSP_SERIOUS_INJ_COUNT,COLLISION_TYPE,COMM_VEH_COUNT,CONS_ZONE_SPD_LIM,COUNTY,CRASH_MONTH,CRASH_YEAR,DAY_OF_WEEK,DEC_LAT,DEC_LONG,DISPATCH_TM,DISTRICT,DRIVER_COUNT_16YR,DRIVER_COUNT_17YR,DRIVER_COUNT_18YR,DRIVER_COUNT_19YR,DRIVER_COUNT_20YR,DRIVER_COUNT_50_64YR,DRIVER_COUNT_65_74YR,DRIVER_COUNT_75PLUS,EST_HRS_CLOSED,FATAL_COUNT,HEAVY_TRUCK_COUNT,HORSE_BUGGY_COUNT,HOUR_OF_DAY,ILLUMINATION,INJURY_COUNT,INTERSECT_TYPE,INTERSECTION_RELATED,LANE_CLOSED,LATITUDE,LN_CLOSE_DIR,LOCATION_TYPE,LONGITUDE,MAX_SEVERITY_LEVEL,MCYCLE_DEATH_COUNT,MCYCLE_SUSP_SERIOUS_INJ_COUNT,MOTORCYCLE_COUNT,MUNICIPALITY,NONMOTR_COUNT,NONMOTR_DEATH_COUNT,NONMOTR_SUSP_SERIOUS_INJ_COUNT,NTFY_HIWY_MAINT,PED_COUNT,PED_DEATH_COUNT,PED_SUSP_SERIOUS_INJ_COUNT,PERSON_COUNT,POLICE_AGCY,POSSIBLE_INJ_COUNT,RDWY_SURF_TYPE_CD,RELATION_TO_ROAD,ROAD_CONDITION,ROADWAY_CLEARED,SCH_BUS_IND,SCH_ZONE_IND,SECONDARY_CRASH,SMALL_TRUCK_COUNT,SPEC_JURIS_CD,SUSP_MINOR_INJ_COUNT,SUSP_SERIOUS_INJ_COUNT,SUV_COUNT,TCD_FUNC_CD,TCD_TYPE,TFC_DETOUR_IND,TIME_OF_DAY,TOT_INJ_COUNT,TOTAL_UNITS,UNB_DEATH_COUNT,UNB_SUSP_SERIOUS_INJ_COUNT,UNBELTED_OCC_COUNT,UNK_INJ_DEG_COUNT,UNK_INJ_PER_COUNT,URBAN_AREA,URBAN_RURAL,VAN_COUNT,VEHICLE_COUNT,WEATHER1,WEATHER2,WORK_ZONE_IND,WORK_ZONE_LOC,WORK_ZONE_TYPE,WORKERS_PRES,WZ_CLOSE_DETOUR,WZ_FLAGGER,WZ_LAW_OFFCR_IND,WZ_LN_CLOSURE,WZ_MOVING,WZ_OTHER,WZ_SHLDER_MDN,WZ_WORKERS_INJ_KILLED
2020039695,1343.0,0,0,0,0,0,0,0,0,0,4,0,,67,5,2020,2,40.0441,-75.0619,1338.0,6,0,0,0,0,0,0,0,0,,0,0,0.0,13,1,4,1,,0,40 02:38.785,,0,75 03:43.094,3,0,0,0,67301,0,0,0,N,0,0,0,4,67301,0,,1,1,,N,N,Y,1,,4,0,2,3,2,,1338,4,3,0,0,4,0,0,3,4,0,3,4,,N,,,,,,,,,,,
2020041223,1926.0,0,0,0,0,0,0,0,0,0,2,0,,67,5,2020,1,40.0625,-74.9838,1923.0,6,0,0,0,0,0,0,0,0,,0,0,0.0,19,1,2,2,,0,40 03:44.940,,0,74 59:01.820,3,0,0,0,67301,0,0,0,N,0,0,0,2,67301,0,,1,1,,N,N,N,1,,2,0,1,0,0,,1920,2,2,0,0,0,0,0,3,4,0,2,3,,N,,,,,,,,,,,
2020081736,1312.0,1,0,0,0,0,0,0,0,0,1,0,,67,9,2020,3,39.9451,-75.2424,1310.0,6,0,0,0,0,0,1,0,1,,0,0,0.0,13,1,1,0,N,0,39 56:42.296,,0,75 14:32.727,3,0,0,0,67301,0,0,0,N,0,0,0,3,67301,0,,1,9,,N,N,N,1,,1,0,0,0,0,,1309,1,2,0,0,0,0,0,3,4,0,2,7,7.0,N,,,,,,,,,,,
2020068651,1435.0,2,0,0,0,0,0,0,0,0,4,0,,67,8,2020,2,40.0278,-75.1761,1432.0,6,0,0,0,0,0,1,0,0,,0,0,0.0,14,1,2,1,,0,40 01:40.105,,0,75 10:33.790,3,0,0,0,67301,0,0,0,N,0,0,0,2,67301,0,,1,1,,N,N,N,0,,2,0,0,3,3,,1427,2,2,0,0,0,0,0,3,4,0,2,3,,N,,,,,,,,,,,
2020069619,1445.0,2,0,0,0,0,0,0,0,0,1,0,,67,8,2020,4,39.9559,-75.1982,1444.0,6,0,0,0,0,0,0,0,0,,0,0,0.0,13,1,1,1,,0,39 57:21.154,,0,75 11:53.426,3,0,0,0,67301,0,0,0,N,0,0,0,3,67301,0,,1,1,,N,N,N,0,,1,0,0,3,3,,1344,1,2,0,0,0,0,1,3,4,0,2,3,3.0,N,,,,,,,,,,,
2020030281,1637.0,1,0,0,0,0,0,0,0,0,4,0,,67,3,2020,7,39.9844,-75.2344,1635.0,6,0,0,0,0,0,0,0,0,,0,0,0.0,16,1,1,2,,0,39 59:03.700,,0,75 14:03.800,4,0,0,0,67301,0,0,0,N,0,0,0,1,67301,1,,1,9,,N,N,N,1,,0,0,0,0,0,,1634,1,2,0,0,0,0,0,3,4,0,2,7,4.0,N,,,,,,,,,,,
2020027403,1453.0,0,0,0,0,0,0,0,0,0,4,0,,67,3,2020,3,40.0521,-75.1418,1429.0,6,0,0,0,0,1,1,0,0,,0,0,0.0,14,1,2,1,,1,40 03:07.476,1.0,0,75 08:30.412,3,0,0,0,67301,0,0,0,N,0,0,0,3,67301,0,,1,1,1431.0,N,N,N,0,,1,0,2,3,2,N,1415,2,2,0,0,2,1,0,3,4,0,2,3,3.0,N,,,,,,,,,,,
2020069348,1606.0,0,0,0,0,0,0,0,0,0,1,0,,67,8,2020,5,39.9087,-75.1494,1556.0,6,0,0,0,0,0,0,0,0,,0,0,0.0,15,1,0,0,N,2,39 54:32.865,2.0,0,75 08:57.624,0,0,0,0,67301,0,0,0,N,0,0,0,2,68K01,0,,1,1,20.0,N,N,N,0,,0,0,2,0,0,N,1552,0,2,0,0,0,0,0,3,4,0,2,3,,N,,,,,,,,,,,
2020029161,110.0,0,0,0,0,0,0,0,0,0,7,0,,67,3,2020,4,39.9887,-75.1246,109.0,6,0,0,0,0,0,0,0,0,,0,0,0.0,1,3,0,0,N,0,39 59:19.454,,0,75 07:28.511,0,0,0,0,67301,0,0,0,N,0,0,0,1,67301,0,,2,1,,N,N,N,0,,0,0,0,3,3,,105,0,1,0,0,0,0,0,3,4,1,1,3,3.0,N,,,,,,,,,,,
2020030010,1348.0,1,0,0,0,0,0,0,0,0,4,0,,67,3,2020,7,40.0393,-75.1848,1324.0,6,0,0,0,0,0,0,0,0,,0,0,0.0,13,1,2,1,,0,40 02:21.627,,0,75 11:05.396,3,0,0,0,67301,0,0,0,N,0,0,0,2,67301,0,,1,9,,N,N,N,0,,2,0,1,3,2,,1320,2,2,0,0,0,0,0,3,4,0,2,7,4.0,N,,,,,,,,,,,
2020030539,1100.0,2,0,0,0,0,0,0,0,0,4,0,,67,3,2020,1,40.0282,-75.11,1057.0,6,0,0,0,0,0,0,1,0,,0,0,0.0,10,1,0,1,,0,40 01:41.536,,0,75 06:35.902,0,0,0,0,67301,0,0,0,N,0,0,0,2,67301,0,,1,1,,N,N,N,0,,0,0,0,3,2,,1055,0,2,0,0,0,0,0,3,4,0,2,3,3.0,N,,,,,,,,,,,
2020031445,240.0,3,0,0,0,0,0,0,0,0,4,0,,67,3,2020,1,40.0327,-75.0722,231.0,6,0,0,0,0,0,1,0,0,,0,0,0.0,2,3,0,1,,0,40 01:58.001,,0,75 04:20.252,0,0,0,0,67301,0,0,0,N,0,0,0,2,67301,0,,1,9,,N,N,N,1,,0,0,1,3,2,,220,0,5,0,0,0,0,0,3,4,0,5,7,,N,,,,,,,,,,,
2020029162,1622.0,1,0,0,0,0,0,0,0,0,8,0,,67,3,2020,3,40.0399,-75.1204,1622.0,6,0,0,0,0,0,0,0,0,,0,0,0.0,15,1,1,1,,0,40 02:23.726,,0,75 07:13.540,4,0,0,0,67301,1,0,0,N,1,0,0,2,67301,1,,1,1,,N,N,N,0,,0,0,0,9,2,,1539,1,2,0,0,0,0,1,3,4,0,1,3,3.0,N,,,,,,,,,,,
2020032174,1417.0,1,0,0,0,0,0,0,0,0,7,0,,67,3,2020,2,39.8866,-75.2061,1410.0,6,0,0,0,0,0,0,0,0,,0,0,0.0,14,1,0,0,Y,2,39 53:13.841,2.0,0,75 12:17.578,0,0,0,0,67301,0,0,0,N,0,0,0,1,68K01,0,,2,9,1427.0,N,N,N,0,,0,0,0,0,0,N,1409,0,1,0,0,0,0,0,3,4,0,1,7,5.0,N,,,,,,,,,,,
2020029077,1134.0,1,0,0,0,0,0,0,0,0,7,0,,67,3,2020,2,39.8859,-75.2431,1114.0,6,0,0,0,0,0,0,0,0,,0,0,0.0,11,1,0,0,N,1,39 53:09.546,1.0,0,75 14:34.759,0,0,0,0,67301,0,0,0,N,0,0,0,1,68K01,0,,4,9,1215.0,N,N,N,0,,0,0,0,0,0,N,1112,0,1,0,0,0,0,0,3,4,0,1,7,7.0,N,,,,,,,,,,,
2020038038,850.0,1,0,0,0,0,0,0,0,0,0,0,,67,5,2020,2,40.0193,-75.1909,845.0,6,0,0,0,0,0,0,0,0,,0,0,0.0,8,1,0,0,N,0,40 01:09.300,,0,75 11:27.190,0,0,0,0,67301,0,0,0,N,0,0,0,1,67301,0,,1,9,,N,N,N,0,,0,0,0,0,0,,835,0,1,0,0,0,0,0,3,4,0,1,7,7.0,N,,,,,,,,,,,
2020038621,1730.0,2,0,0,0,0,0,0,0,0,4,0,,67,5,2020,4,39.9909,-75.1551,1730.0,6,0,0,0,0,0,0,0,0,,0,0,0.0,17,1,5,1,,0,39 59:27.061,,0,75 09:18.508,3,0,0,0,67301,0,0,0,N,0,0,0,6,67301,0,,1,1,,N,N,N,0,,5,0,0,3,2,,1700,5,2,0,0,0,0,0,3,4,0,2,3,3.0,N,,,,,,,,,,,
2020042962,1816.0,2,0,0,0,0,0,0,0,0,1,0,,67,5,2020,6,39.8939,-75.2204,1800.0,6,0,0,0,0,0,1,0,0,,0,0,0.0,5,1,1,0,N,0,39 53:38.087,,3,75 13:13.299,4,0,0,0,67301,0,0,0,N,0,0,0,4,67301,1,,1,9,,N,N,N,0,,0,0,1,0,0,,553,1,3,0,0,0,0,0,3,4,0,3,7,7.0,N,,,,,,,,,,,
2020041226,1819.0,2,0,0,0,0,0,0,0,0,4,0,,67,5,2020,7,39.9239,-75.2221,1819.0,6,0,0,0,0,0,0,0,0,,0,0,0.0,18,1,0,1,,0,39 55:26.137,,0,75 13:19.522,9,0,0,0,67301,0,0,0,N,0,0,0,2,67301,0,,1,1,,N,N,N,0,,0,0,0,3,2,,1810,0,2,0,0,0,0,1,3,4,0,2,3,3.0,N,,,,,,,,,,,
2020039324,1900.0,1,0,0,0,0,0,0,0,0,4,0,,67,5,2020,1,39.9572,-75.1587,1900.0,6,0,0,0,0,0,1,0,0,,0,0,0.0,18,1,0,1,,1,39 57:25.888,2.0,3,75 09:31.377,0,0,0,0,67301,0,0,0,N,0,0,0,2,67301,0,,1,1,1930.0,N,N,N,0,,0,0,0,3,2,Y,1830,0,2,0,0,1,0,0,3,4,1,2,3,3.0,N,,,,,,,,,,,
2020030500,1850.0,3,0,0,0,0,0,0,0,0,4,0,,67,3,2020,1,40.0179,-75.0807,1842.0,6,0,0,0,0,0,0,1,0,,0,0,0.0,18,3,2,1,,0,40 01:04.360,,0,75 04:50.469,3,0,0,0,67301,0,0,0,N,0,0,0,3,67301,0,,1,1,,N,N,Y,0,,2,0,0,0,0,,1841,2,3,0,0,0,0,0,3,4,0,3,3,,N,,,,,,,,,,,
2020069151,350.0,0,0,0,0,0,0,1,0,0,1,1,,67,8,2020,4,40.0092,-75.1511,340.0,6,0,0,0,0,0,1,0,0,,0,0,0.0,3,3,2,1,N,0,40 00:33.325,,0,75 09:04.460,4,0,0,0,67301,0,0,0,N,0,0,0,3,67508,2,,1,1,,N,N,Y,0,,0,0,1,3,2,N,340,2,2,0,0,0,0,0,3,4,0,2,3,3.0,N,,,,,,,,,,,
2020068068,2144.0,1,0,0,0,0,0,0,0,0,1,0,,67,7,2020,1,39.9681,-75.1294,2138.0,6,0,0,0,0,0,0,0,0,,0,0,0.0,20,3,0,0,N,0,39 58:05.565,,0,75 07:44.909,9,0,0,0,67301,0,0,0,N,0,0,0,2,68K01,0,,1,1,,N,N,N,0,,0,0,1,0,0,,2035,0,2,0,0,0,0,1,3,4,0,2,3,3.0,N,,,,,,,,,,,
2020030008,1540.0,1,0,0,0,0,0,0,0,0,4,0,,67,3,2020,6,39.9182,-75.2088,1530.0,6,0,0,0,0,0,1,0,0,,0,0,0.0,15,1,2,2,,0,39 55:05.610,,6,75 12:31.544,3,0,0,0,67301,0,0,0,N,0,0,0,2,67301,0,,1,1,,N,N,N,0,,2,0,1,3,2,,1520,2,2,0,0,0,0,0,3,4,0,2,3,3.0,N,,,,,,,,,,,
2020033724,1502.0,2,0,0,0,0,0,0,0,0,7,0,,67,3,2020,4,39.9741,-75.1183,1500.0,6,0,0,0,0,0,0,0,0,,0,0,0.0,14,1,0,0,N,1,39 58:26.769,2.0,0,75 07:05.857,0,0,0,0,67301,0,0,0,N,0,0,0,4,68K01,0,,3,9,30.0,N,N,N,0,,0,0,0,0,0,N,1448,0,2,0,0,0,0,0,3,4,0,2,4,7.0,N,,,,,,,,,,,
2020030109,1747.0,1,0,0,0,0,0,0,0,0,6,0,,67,3,2020,1,39.9877,-75.1057,1747.0,6,0,0,0,0,0,0,0,0,,0,0,0.0,17,1,0,0,N,0,39 59:15.891,,0,75 06:20.349,0,0,0,0,67301,0,0,0,N,0,0,0,2,67301,0,,1,1,,N,N,N,0,,0,0,0,0,0,,1747,0,2,0,0,1,0,0,3,4,1,2,4,4.0,N,,,,,,,,,,,
2020067870,1530.0,0,0,0,0,0,0,0,0,0,1,0,,67,8,2020,6,39.9266,-75.1948,1530.0,6,0,0,0,0,0,0,0,0,,0,0,0.0,15,1,2,0,N,0,39 55:35.620,,0,75 11:41.151,3,0,0,0,67301,0,0,0,N,0,0,0,2,68K01,0,,1,1,,N,N,N,0,,2,0,2,0,0,,1530,2,2,0,0,0,0,0,3,4,0,2,3,,N,,,,,,,,,,,
2020027531,1225.0,0,0,0,0,0,0,0,0,0,4,1,,67,3,2020,4,39.9672,-75.1457,1220.0,6,0,0,0,0,0,0,0,0,,0,1,0.0,12,1,0,0,N,0,39 58:01.950,,7,75 08:44.670,0,0,0,0,67301,0,0,0,N,0,0,0,1,67301,0,,6,1,,N,N,N,0,,0,0,1,0,0,,1215,0,2,0,0,1,0,0,3,4,0,2,3,3.0,N,,,,,,,,,,,
2020045702,1208.0,0,0,0,0,0,0,0,0,0,1,1,,67,6,2020,5,40.0908,-75.0644,1208.0,6,0,0,0,0,0,1,0,0,,0,1,0.0,12,1,1,2,,0,40 05:26.876,,0,75 03:51.699,3,0,0,0,67301,0,0,0,N,0,0,0,3,67301,0,,1,9,,N,N,N,0,,1,0,1,3,3,,1200,1,2,0,0,1,0,0,3,4,0,2,3,,N,,,,,,,,,,,
2020037890,43.0,3,0,0,0,0,0,0,0,0,6,0,,67,5,2020,2,40.0156,-75.1388,38.0,6,0,0,0,0,0,0,0,0,,0,0,0.0,0,3,0,0,N,2,40 00:56.260,1.0,0,75 08:19.670,9,0,0,0,67301,0,0,0,N,0,0,0,1,67301,0,,6,1,200.0,N,N,N,1,,0,0,0,0,0,N,15,0,4,0,0,0,0,1,3,4,0,4,3,3.0,N,,,,,,,,,,,
2020039962,2349.0,1,0,0,0,0,0,0,0,0,4,0,,67,5,2020,7,40.0313,-75.0291,2349.0,6,0,0,0,0,0,0,0,0,,0,0,0.0,23,3,0,2,N,0,40 01:52.651,,0,75 01:44.662,0,0,0,0,67301,0,0,0,N,0,0,0,4,67301,0,,1,1,,N,N,N,0,,0,0,1,0,0,,2349,0,2,0,0,0,0,0,3,4,0,2,3,,N,,,,,,,,,,,
2020041545,2030.0,0,0,0,0,0,0,0,0,0,6,0,,67,5,2020,2,40.0563,-75.1831,2020.0,6,0,0,0,0,0,0,0,0,,0,0,0.0,20,4,0,0,N,0,40 03:22.600,,0,75 10:59.150,0,0,0,0,67301,0,0,0,N,0,0,0,1,67301,0,,6,1,,N,N,N,0,,0,0,3,0,0,,2010,0,3,0,0,0,0,0,3,4,0,3,3,3.0,N,,,,,,,,,,,
2020045943,730.0,0,0,0,0,0,0,0,0,0,7,0,,67,5,2020,7,39.9604,-75.1815,725.0,6,0,0,0,0,0,0,0,0,,0,0,0.0,7,1,1,0,N,1,39 57:37.551,3.0,0,75 10:53.303,4,0,0,0,67301,0,0,0,N,0,0,0,1,68K01,1,,2,9,100.0,N,N,N,0,,0,0,1,0,0,N,721,1,1,0,0,0,0,0,3,4,0,1,7,,N,,,,,,,,,,,
2020043188,56.0,1,0,2,0,0,0,0,0,0,7,0,,67,5,2020,7,39.9005,-75.1557,45.0,6,0,1,0,0,0,0,0,0,,0,0,0.0,0,3,2,0,N,1,39 54:07.439,1.0,0,75 09:04.707,2,0,0,0,67301,0,0,0,N,0,0,0,2,68K01,0,,3,9,150.0,N,N,N,0,,0,2,0,0,0,N,45,2,1,0,0,0,0,0,3,4,0,1,3,3.0,N,,,,,,,,,,,
2020030947,1437.0,1,0,0,0,0,0,0,0,0,7,0,,67,3,2020,4,39.9812,-75.2069,1426.0,6,0,0,0,0,0,1,0,0,,0,0,0.0,14,1,1,0,N,1,39 58:52.446,3.0,0,75 12:24.698,8,0,0,0,67301,0,0,0,N,0,0,0,1,68K01,0,,4,9,1445.0,N,N,N,0,,0,0,0,0,0,Y,1426,1,1,0,0,0,1,0,3,4,0,1,4,,N,,,,,,,,,,,
2020029674,1423.0,0,0,0,0,0,0,0,0,0,7,0,,67,3,2020,4,39.9599,-75.1792,1417.0,6,0,0,0,0,0,0,0,0,,0,0,0.0,14,1,1,0,N,2,39 57:35.752,3.0,0,75 10:45.275,3,0,0,0,67301,0,0,0,N,0,0,0,1,68K01,0,,2,9,30.0,N,N,N,0,,1,0,1,0,0,N,1415,1,1,0,0,0,0,0,3,4,0,1,7,,N,,,,,,,,,,,
2020032556,1712.0,1,0,0,0,0,0,0,0,0,7,0,,67,3,2020,1,40.0549,-74.9851,1710.0,6,0,0,0,0,0,0,0,0,,0,0,0.0,17,1,0,0,N,0,40 03:17.799,,0,74 59:06.527,0,0,0,0,67301,0,0,0,N,0,0,0,1,68K01,0,,4,1,,N,N,N,0,,0,0,0,0,0,,1701,0,1,0,0,0,0,0,3,4,0,1,3,,N,,,,,,,,,,,
2020069332,411.0,1,0,0,0,0,0,0,0,0,7,0,,67,8,2020,3,39.9583,-75.1804,350.0,6,0,0,0,0,0,0,0,0,,0,0,0.0,3,3,2,7,N,2,39 57:30.041,4.0,2,75 10:49.395,3,0,0,0,67301,0,0,0,Y,0,0,0,2,68K01,0,,7,1,455.0,N,N,N,0,,1,0,0,0,0,N,345,2,1,0,0,2,1,0,3,4,0,1,3,,N,,,,,,,,,,,
2020029836,910.0,0,0,0,0,0,0,0,0,0,4,0,,67,3,2020,7,39.9893,-75.1673,908.0,6,0,0,0,0,0,1,0,0,,0,0,0.0,9,1,0,1,N,0,39 59:21.653,,0,75 10:02.305,0,0,0,0,67301,0,0,0,N,0,0,0,2,67301,0,,1,9,,N,N,N,0,,0,0,1,3,2,,905,0,2,0,0,0,0,0,3,4,0,2,7,4.0,N,,,,,,,,,,,
2020032228,1203.0,1,0,0,0,0,0,0,0,0,7,0,,67,3,2020,2,40.0352,-75.0177,1200.0,6,0,0,0,0,0,0,0,0,,0,0,0.0,11,1,0,0,N,0,40 02:06.894,,0,75 01:03.565,0,0,0,0,67301,0,0,0,N,0,0,0,1,68K01,0,,3,9,,N,N,N,0,,0,0,0,0,0,,1154,0,1,0,0,0,0,0,3,4,0,1,7,4.0,N,,,,,,,,,,,
2020068082,1201.0,1,0,0,0,0,0,0,0,0,0,1,,67,8,2020,6,40.0214,-75.0403,1157.0,6,0,0,0,1,0,1,0,0,,0,1,0.0,11,1,1,0,N,2,40 01:16.911,1.0,0,75 02:25.141,8,0,0,0,67301,0,0,0,N,0,0,0,2,68K01,0,,1,1,30.0,N,N,N,0,,0,0,0,0,0,N,1155,1,2,0,0,0,1,0,3,4,0,2,3,,N,,,,,,,,,,,
2020033726,1726.0,1,0,0,0,0,0,0,0,0,7,0,,67,3,2020,7,39.9602,-75.1808,1726.0,6,0,0,0,0,0,0,0,0,,0,0,0.0,17,1,1,0,N,1,39 57:36.559,3.0,0,75 10:50.783,4,0,0,0,67301,0,0,0,N,0,0,0,3,68K01,1,,3,9,30.0,N,N,N,0,,0,0,0,0,0,N,1720,1,1,0,0,0,0,0,3,4,0,1,7,4.0,N,,,,,,,,,,,
2020039194,36.0,1,0,0,0,0,0,0,0,0,7,0,,67,5,2020,7,39.9741,-75.2044,32.0,6,0,0,0,0,0,0,0,0,,0,0,0.0,0,3,0,0,N,1,39 58:26.621,4.0,0,75 12:15.907,0,0,0,0,67301,0,0,0,N,0,0,0,1,67301,0,,4,1,128.0,N,N,N,0,,0,0,0,0,0,Y,25,0,1,0,0,0,0,0,3,4,0,1,3,,N,,,,,,,,,,,
2020080414,936.0,1,0,0,0,0,0,0,0,0,1,0,,67,9,2020,7,39.9595,-75.1748,926.0,6,0,0,0,0,0,1,0,0,,0,0,0.0,9,1,0,0,N,0,39 57:34.205,,0,75 10:29.428,0,0,0,0,67301,0,0,0,N,0,0,0,3,68K01,0,,1,1,,N,N,N,1,,0,0,0,0,0,,924,0,2,0,0,0,0,0,3,4,0,2,3,,N,,,,,,,,,,,
2020038449,2249.0,1,0,0,0,0,0,0,0,0,1,0,,67,5,2020,3,39.9911,-75.1045,2224.0,6,0,0,0,0,0,0,0,0,,0,0,0.0,21,2,0,0,N,0,39 59:28.130,,0,75 06:16.060,0,0,0,0,67301,1,0,0,N,0,0,0,2,67301,0,,6,1,,N,N,N,0,,0,0,1,9,9,,2110,0,2,0,0,1,0,0,3,4,0,2,3,3.0,N,,,,,,,,,,,
2020079692,31.0,1,0,0,0,0,0,0,0,0,4,1,,67,9,2020,1,40.024,-75.1596,25.0,6,0,0,0,0,0,0,0,0,,0,1,0.0,23,3,0,1,N,1,40 01:26.350,1.0,0,75 09:34.481,0,0,0,0,67301,0,0,0,N,0,0,0,1,67301,0,,4,9,218.0,N,N,N,0,,0,0,0,0,0,N,2302,0,2,0,0,0,0,0,3,4,0,2,7,7.0,N,,,,,,,,,,,
2020042963,1743.0,2,0,0,0,0,0,0,0,0,4,0,,67,5,2020,7,39.9228,-75.2357,1740.0,6,0,0,0,0,0,0,0,0,,0,0,0.0,17,3,1,1,,0,39 55:21.979,,99,75 14:08.429,8,0,0,0,67301,0,0,0,N,0,0,0,3,67301,0,,1,1,,N,N,N,0,,0,0,0,3,2,,1735,1,2,0,0,0,1,0,3,4,0,2,3,3.0,N,,,,,,,,,,,
2020039240,547.0,1,0,0,0,0,0,0,0,0,4,0,,67,5,2020,1,40.0517,-75.1503,545.0,6,0,0,0,0,0,0,0,0,,0,0,0.0,5,1,1,3,,0,40 03:05.995,,0,75 09:01.207,3,0,0,0,67301,0,0,0,N,0,0,0,2,67301,0,,1,1,,N,N,N,0,,1,0,1,3,8,,534,1,2,0,0,0,0,0,3,4,0,2,3,3.0,N,,,,,,,,,,,
2020040101,742.0,0,0,0,0,0,0,0,0,0,4,0,,67,5,2020,3,40.0449,-75.1434,742.0,6,0,0,0,0,1,1,0,0,,0,0,0.0,7,1,1,0,N,1,40 02:41.498,1.0,7,75 08:36.077,3,0,0,0,67301,0,0,0,N,0,0,0,2,67301,0,,1,1,820.0,N,N,N,0,,1,0,1,0,0,N,715,1,2,0,0,0,0,0,3,4,1,2,3,3.0,N,,,,,,,,,,,
2020039356,1523.0,0,0,0,0,0,0,0,0,0,4,0,,67,5,2020,1,40.0113,-75.0771,1523.0,6,0,0,0,0,0,1,0,0,,0,0,0.0,15,1,1,1,,2,40 00:40.802,2.0,0,75 04:37.448,3,0,0,1,67301,0,0,0,N,0,0,0,3,67301,0,,1,1,1530.0,N,N,N,0,,1,0,1,3,2,N,1520,1,2,0,0,0,0,1,3,4,0,2,3,,N,,,,,,,,,,,
2020040658,1726.0,1,0,0,1,0,0,0,0,0,4,0,,67,5,2020,3,40.0034,-75.1303,1723.0,6,0,0,0,0,0,0,0,0,,0,0,0.0,17,1,1,1,,0,40 00:12.164,,0,75 07:48.975,4,0,0,0,67301,1,0,0,N,0,0,0,2,67301,1,,1,1,,N,N,N,0,,0,0,0,3,2,,1700,1,2,0,0,0,0,0,3,4,0,1,3,3.0,N,,,,,,,,,,,
2020029159,1201.0,1,0,0,0,0,0,0,0,0,4,1,,67,3,2020,3,40.0239,-75.0354,1200.0,6,0,0,0,0,0,0,0,0,,0,1,0.0,11,1,2,1,,2,40 01:26.170,7.0,2,75 02:07.540,8,0,0,0,67301,0,0,0,N,0,0,0,5,67301,0,,1,1,100.0,N,N,N,0,,0,0,1,3,2,Y,1159,2,3,0,0,1,2,0,3,4,0,3,3,,N,,,,,,,,,,,
2020069372,1637.0,0,0,0,0,0,0,0,0,0,1,0,,67,8,2020,1,39.9585,-75.1669,1629.0,6,0,0,0,0,1,0,1,0,,0,0,0.0,16,1,1,0,N,0,39 57:30.666,,1,75 10:00.953,3,0,0,0,67301,0,0,0,N,0,0,0,3,68K01,0,,1,1,,N,N,N,0,,1,0,2,0,0,,1628,1,2,0,0,0,0,0,3,4,0,2,3,3.0,N,,,,,,,,,,,
2020030944,2148.0,1,0,0,0,0,0,0,0,0,7,0,,67,3,2020,2,39.9892,-75.2063,2148.0,6,0,0,0,0,0,0,0,0,,0,0,0.0,21,3,1,0,N,0,39 59:21.245,,0,75 12:22.728,8,0,0,0,67301,0,0,0,N,0,0,0,1,68K01,0,,2,9,,N,N,N,0,,0,0,0,0,0,,2148,1,1,0,0,0,1,0,3,4,0,1,3,,N,,,,,,,,,,,
2020068074,1452.0,0,0,0,0,0,0,0,0,0,5,0,,67,8,2020,3,39.9842,-75.2083,1449.0,6,0,0,0,0,0,1,0,0,,0,0,0.0,14,1,0,0,N,0,39 59:02.942,,0,75 12:29.993,0,0,0,0,67301,0,0,0,N,0,0,0,2,68K01,0,,1,1,,N,N,N,1,,0,0,1,0,0,,1433,0,2,0,0,0,0,0,3,4,0,2,3,3.0,N,,,,,,,,,,,
2020070049,1605.0,2,0,0,0,0,0,0,0,0,2,0,,67,8,2020,5,39.9326,-75.2302,1605.0,6,0,0,0,1,0,1,0,0,,0,0,0.0,16,1,1,1,,2,39 55:57.258,7.0,0,75 13:48.778,3,0,0,0,67301,0,0,0,N,0,0,0,4,67301,0,,1,1,200.0,N,N,N,0,,1,0,0,3,2,Y,1600,1,2,0,0,0,0,0,3,4,0,2,3,3.0,N,,,,,,,,,,,
2020030009,1153.0,2,0,0,0,0,0,0,0,0,4,0,,67,3,2020,7,39.9429,-75.233,1148.0,6,0,0,0,0,0,1,0,0,,0,0,0.0,11,1,0,1,N,0,39 56:34.327,,0,75 13:58.969,9,0,0,0,67301,0,0,0,N,0,0,0,3,67301,0,,1,9,,N,N,N,0,,0,0,1,3,3,,1143,0,3,0,0,0,0,2,3,4,0,3,7,,N,,,,,,,,,,,
2020039139,216.0,0,0,0,0,0,0,0,0,0,4,0,,67,5,2020,6,39.9612,-75.1466,213.0,6,0,0,0,0,0,0,0,0,,0,0,0.0,2,3,0,1,,1,39 57:40.427,3.0,0,75 08:47.691,0,0,0,1,67301,0,0,0,N,0,0,0,2,67301,0,,1,1,330.0,N,N,N,0,,0,0,1,3,2,Y,212,0,2,0,0,0,0,0,3,4,0,2,3,3.0,N,,,,,,,,,,,