CRN,ARRIVAL_TM,AUTOMOBILE_COUNT,BELTED_DEATH_COUNT,BELTED_SUSP_SERIOUS_INJ_COUNT,BICYCLE_COUNT,BICYCLE_DEATH_COUNT,BICYCLE_SUSP_SERIOUS_INJ_COUNT,BUS_COUNT,CHLDPAS_DEATH_COUNT,CHLDPAS_SUSP_SERIOUS_INJ_COUNT,COLLISION_TYPE,COMM_VEH_COUNT,CONS_ZONE_SPD_LIM,COUNTY,CRASH_MONTH,CRASH_YEAR,DAY_OF_WEEK,DEC_LAT,DEC_LONG,DISPATCH_TM,DISTRICT,DRIVER_COUNT_16YR,DRIVER_COUNT_17YR,DRIVER_COUNT_18YR,DRIVER_COUNT_19YR,DRIVER_COUNT_20YR,DRIVER_COUNT_50_64YR,DRIVER_COUNT_65_74YR,DRIVER_COUNT_75PLUS,EST_HRS_CLOSED,FATAL_COUNT,HEAVY_TRUCK_COUNT,HORSE_BUGGY_COUNT,HOUR_OF_DAY,ILLUMINATION,INJURY_COUNT,INTERSECT_TYPE,INTERSECTION_RELATED,LANE_CLOSED,LATITUDE,LN_CLOSE_DIR,LOCATION_TYPE,LONGITUDE,MAX_SEVERITY_LEVEL,MCYCLE_DEATH_COUNT,MCYCLE_SUSP_SERIOUS_INJ_COUNT,MOTORCYCLE_COUNT,MUNICIPALITY,NONMOTR_COUNT,NONMOTR_DEATH_COUNT,NONMOTR_SUSP_SERIOUS_INJ_COUNT,NTFY_HIWY_MAINT,PED_COUNT,PED_DEATH_COUNT,PED_SUSP_SERIOUS_INJ_COUNT,PERSON_COUNT,POLICE_AGCY,POSSIBLE_INJ_COUNT,RDWY_SURF_TYPE_CD,RELATION_TO_ROAD,ROAD_CONDITION,ROADWAY_CLEARED,SCH_BUS_IND,SCH_ZONE_IND,SECONDARY_CRASH,SMALL_TRUCK_COUNT,SPEC_JURIS_CD,SUSP_MINOR_INJ_COUNT,SUSP_SERIOUS_INJ_COUNT,SUV_COUNT,TCD_FUNC_CD,TCD_TYPE,TFC_DETOUR_IND,TIME_OF_DAY,TOT_INJ_COUNT,TOTAL_UNITS,UNB_DEATH_COUNT,UNB_SUSP_SERIOUS_INJ_COUNT,UNBELTED_OCC_COUNT,UNK_INJ_DEG_COUNT,UNK_INJ_PER_COUNT,URBAN_AREA,URBAN_RURAL,VAN_COUNT,VEHICLE_COUNT,WEATHER1,WEATHER2,WORK_ZONE_IND,WORK_ZONE_LOC,WORK_ZONE_TYPE,WORKERS_PRES,WZ_CLOSE_DETOUR,WZ_FLAGGER,WZ_LAW_OFFCR_IND,WZ_LN_CLOSURE,WZ_MOVING,WZ_OTHER,WZ_SHLDER_MDN,WZ_WORKERS_INJ_KILLED
2020038766,1724.0,0,0,0,0,0,0,0,0,0,7,0,,67,5,2020,1,40.0027,-75.1488,1711.0,6,0,0,0,0,0,0,0,0,,0,0,0.0,15,1,1,1,,0,40 00:09.644,,0,75 08:55.708,4,0,0,0,67301,0,0,0,N,0,0,0,1,67301,1,,5,1,,N,N,N,0,,0,0,1,3,2,,1534,1,1,0,0,0,0,0,3,4,0,1,3,98.0,N,,,,,,,,,,,
2020042325,2349.0,1,0,0,1,0,1,0,0,0,4,0,,67,5,2020,6,39.9972,-75.1193,2349.0,6,0,0,0,0,0,0,0,0,,0,0,0.0,23,3,1,1,,0,39 59:49.981,,0,75 07:09.644,2,0,0,0,67301,1,0,1,N,0,0,0,2,67301,0,,1,1,,N,N,N,0,,0,1,0,3,2,,2349,1,2,0,0,0,0,0,3,4,0,1,3,3.0,N,,,,,,,,,,,
2020039141,1640.0,2,0,0,0,0,0,0,0,0,6,0,,67,5,2020,5,39.9963,-75.0754,1627.0,6,0,0,0,0,0,0,0,0,,0,0,0.0,15,1,1,0,N,2,39 59:46.710,5.0,0,75 04:31.575,3,0,0,0,67301,0,0,0,N,0,0,0,2,67301,0,,1,1,130.0,N,N,N,0,,1,0,0,3,2,Y,1555,1,2,0,0,0,0,0,3,4,0,2,3,3.0,N,,,,,,,,,,,
2020045939,1659.0,1,0,0,0,0,0,0,0,0,7,0,,67,5,2020,6,39.9216,-75.1906,1650.0,6,0,0,0,0,0,0,0,0,,0,0,0.0,16,1,2,0,N,2,39 55:17.902,3.0,1,75 11:26.067,8,0,0,0,67301,0,0,0,N,0,0,0,2,68K01,0,,4,9,1732.0,N,N,N,0,,0,0,0,0,0,Y,1649,2,1,0,0,0,2,0,3,4,0,1,3,,N,,,,,,,,,,,
2020082410,1927.0,1,0,0,0,0,0,0,0,0,5,0,,67,9,2020,7,39.9106,-75.1491,1917.0,6,0,0,0,0,0,0,0,0,,0,0,0.0,19,3,1,6,N,1,39 54:44.540,1.0,2,75 08:55.289,3,0,0,0,67301,0,0,0,N,0,0,0,4,68K01,0,,1,1,2015.0,N,N,N,1,,1,0,0,0,0,N,1914,1,3,0,0,0,0,1,3,4,0,3,3,,N,,,,,,,,,,,
2020083263,1100.0,2,0,0,0,0,0,0,0,0,5,0,,67,9,2020,3,40.0424,-75.0038,1049.0,6,0,0,0,0,0,0,0,0,,0,0,0.0,10,1,1,0,N,0,40 02:32.624,,0,75 00:13.689,4,0,0,0,67301,0,0,0,N,0,0,0,2,68K01,1,,1,9,,N,N,N,0,,0,0,0,0,0,,1044,1,2,0,0,0,0,0,3,4,0,2,3,,N,,,,,,,,,,,
2020081745,1820.0,1,0,0,0,0,0,0,0,0,6,0,,67,10,2020,6,39.9973,-75.0894,1817.0,6,0,0,0,0,0,0,1,0,,0,0,0.0,18,4,1,1,,0,39 59:50.247,,0,75 05:21.971,3,0,0,0,67301,0,0,0,N,0,0,0,2,67301,0,,1,1,,N,N,N,0,,1,0,1,3,2,,1814,1,2,0,0,0,0,0,3,4,0,2,3,3.0,N,,,,,,,,,,,
2020043702,201.0,0,0,0,0,0,0,0,0,0,4,0,,67,6,2020,4,40.0821,-75.2198,200.0,6,0,0,0,0,0,0,0,0,,0,0,0.0,17,2,1,1,,0,40 04:55.491,,0,75 13:11.348,3,0,0,0,67301,0,0,0,N,0,0,0,2,67301,0,,1,9,,N,N,N,0,,1,0,1,1,2,,1745,1,2,0,0,0,0,0,3,4,0,2,7,,N,,,,,,,,,,,
2020039642,1530.0,1,0,0,0,0,0,0,0,0,7,0,,67,5,2020,2,40.0304,-75.1537,1525.0,6,0,0,0,0,0,1,0,0,,0,0,0.0,15,1,1,0,N,2,40 01:49.430,6.0,0,75 09:13.310,8,0,0,0,67301,0,0,0,N,0,0,0,1,67301,0,,4,1,1510.0,N,N,N,0,,0,0,0,0,0,Y,1500,1,1,0,0,0,1,0,3,4,0,1,4,,N,,,,,,,,,,,
2020027991,231.0,2,0,0,0,0,0,0,0,0,5,0,,67,3,2020,6,40.0052,-75.1567,229.0,6,0,0,0,0,0,0,0,0,,0,0,0.0,2,3,0,0,N,0,40 00:18.720,,0,75 09:23.960,0,0,0,0,67301,0,0,0,N,0,0,0,3,67301,0,,6,1,,N,N,N,0,,0,0,1,0,0,,228,0,3,0,0,0,0,0,3,4,0,3,3,3.0,N,,,,,,,,,,,
2020037532,1926.0,2,0,0,0,0,0,0,0,0,7,0,,67,3,2020,2,39.9824,-75.2077,1913.0,6,0,0,0,0,0,0,0,0,,0,0,0.0,19,2,2,0,N,1,39 58:56.666,4.0,3,75 12:27.544,4,0,0,0,67301,0,0,0,N,0,0,0,3,68K01,2,,2,9,2030.0,N,N,N,0,,0,0,0,0,0,N,1910,2,2,0,0,0,0,0,3,4,0,2,3,3.0,N,,,,,,,,,,,
2020029952,40.0,1,0,0,0,0,0,0,0,0,7,0,,67,3,2020,6,39.9971,-75.1724,34.0,6,0,0,0,0,0,0,0,0,,0,0,0.0,23,3,0,0,N,0,39 59:49.550,,0,75 10:20.690,0,0,0,0,67301,0,0,0,N,0,0,0,1,67301,0,,4,1,,N,N,N,0,,0,0,0,0,0,,2330,0,1,0,0,0,0,0,3,4,0,1,3,3.0,N,,,,,,,,,,,
2020069947,1425.0,1,0,0,0,0,0,0,0,0,8,0,,67,8,2020,2,39.921,-75.2289,1417.0,6,0,0,0,0,0,0,0,0,,0,0,0.0,14,1,1,1,,1,39 55:15.723,2.0,0,75 13:44.082,3,0,0,0,67301,1,0,0,N,1,0,0,2,67301,0,,1,1,1445.0,N,N,N,0,,1,0,0,3,2,U,1416,1,2,0,0,0,0,0,3,4,0,1,3,,N,,,,,,,,,,,
2020028844,2318.0,3,0,0,0,0,0,0,0,0,1,0,,67,3,2020,2,40.1248,-75.0149,2309.0,6,0,0,0,0,0,0,0,0,,0,0,0.0,23,3,1,0,N,0,40 07:29.130,,0,75 00:53.721,3,0,0,0,67301,0,0,0,N,0,0,0,3,67301,0,,1,9,,N,N,N,0,,1,0,0,0,0,,2301,1,3,0,0,0,0,0,3,4,0,3,3,3.0,N,,,,,,,,,,,
2020069614,1945.0,1,0,0,0,0,0,0,0,0,8,0,,67,8,2020,7,39.9185,-75.2093,1945.0,6,0,0,0,0,0,0,0,0,,1,0,0.0,19,1,0,0,N,0,39 55:06.600,,0,75 12:33.400,1,0,0,0,67301,1,1,0,N,1,1,0,3,67301,0,2.0,1,1,,N,N,N,0,0.0,0,0,0,0,0,,1945,0,2,0,0,1,0,0,3,4,0,1,3,3.0,N,,,,,,,,,,,
2020027936,2155.0,1,0,0,0,0,0,0,0,0,6,0,,67,3,2020,4,40.0838,-75.2078,2145.0,6,0,0,0,0,0,1,0,0,,0,0,0.0,21,6,1,0,N,0,40 05:01.753,,0,75 12:28.202,4,0,0,0,67301,0,0,0,N,0,0,0,2,67301,1,,1,1,,N,N,N,0,,0,0,1,0,0,,2130,1,2,0,0,0,0,0,3,4,0,2,3,,N,,,,,,,,,,,
2020028101,758.0,4,0,0,0,0,0,0,0,0,5,0,,67,3,2020,6,39.9883,-75.1846,752.0,6,0,0,0,0,0,0,0,0,,0,0,0.0,7,1,2,0,N,0,39 59:18.040,,0,75 11:04.680,4,0,0,0,67301,0,0,0,N,0,0,0,4,67301,1,,6,9,,N,N,N,0,,0,0,0,0,0,,750,2,4,0,0,1,1,2,3,4,0,4,5,4.0,N,,,,,,,,,,,
2020067835,1443.0,1,0,0,0,0,0,0,0,0,5,0,,67,8,2020,4,39.9583,-75.2361,1442.0,6,0,0,0,0,0,0,0,0,,0,0,0.0,14,1,1,0,N,0,39 57:29.780,,0,75 14:09.904,4,0,0,0,67301,0,0,0,N,0,0,0,2,67301,1,,1,9,,N,N,N,0,,0,0,1,0,0,,1440,1,2,0,0,0,0,0,3,4,0,2,3,3.0,N,,,,,,,,,,,
2020079783,130.0,2,0,0,0,0,0,0,0,0,2,0,,67,9,2020,7,39.9937,-75.127,127.0,6,0,0,0,0,0,0,0,0,,0,0,0.0,1,3,0,0,Y,0,39 59:37.360,,0,75 07:37.210,0,0,0,0,67301,0,0,0,N,0,0,0,2,67301,0,,1,1,,N,N,N,0,,0,0,0,0,0,,117,0,2,0,0,2,0,0,3,4,0,2,3,,N,,,,,,,,,,,
2020080422,1155.0,1,0,0,0,0,0,0,0,0,1,0,,67,9,2020,1,39.967,-75.1882,1143.0,6,0,0,0,0,0,0,0,0,,0,0,0.0,11,1,2,0,N,2,39 58:01.295,3.0,0,75 11:17.684,8,0,0,0,67301,0,0,0,N,0,0,0,2,68K01,0,,1,1,1210.0,N,N,N,0,,0,0,1,0,0,N,1140,2,2,0,0,0,2,0,3,4,0,2,3,,N,,,,,,,,,,,
2020083029,1405.0,0,0,0,0,0,0,0,0,0,8,0,,67,10,2020,2,39.9906,-75.129,1356.0,6,0,0,0,0,0,0,1,0,,0,0,0.0,13,1,1,1,,9,39 59:26.114,,0,75 07:44.309,8,0,0,0,67301,1,0,0,N,1,0,0,2,67301,0,,1,1,,N,N,N,0,,0,0,1,0,0,U,1318,1,2,0,0,0,1,0,3,4,0,1,3,3.0,N,,,,,,,,,,,
2020045931,942.0,1,0,0,0,0,0,0,0,0,5,0,,67,5,2020,6,39.8923,-75.1976,931.0,6,0,0,0,0,0,0,0,0,,0,0,0.0,9,1,0,0,N,1,39 53:53.320,1.0,0,75 10:58.896,0,0,0,0,67301,0,0,0,N,0,0,0,3,68K01,0,,1,1,30.0,N,N,N,0,,0,0,1,0,0,N,929,0,2,0,0,0,0,0,3,4,0,2,3,,N,,,,,,,,,,,
2020039329,1841.0,0,0,0,0,0,0,0,0,0,4,0,,67,5,2020,1,39.9461,-75.2421,1840.0,6,0,0,0,0,0,1,0,0,,0,0,0.0,18,1,0,1,,0,39 56:45.810,,0,75 14:30.870,0,0,0,0,67301,0,0,0,N,0,0,0,2,67301,0,,1,1,,N,N,N,1,,0,0,1,3,2,,1840,0,2,0,0,0,0,0,3,4,0,2,3,3.0,N,,,,,,,,,,,
2020040577,1412.0,0,0,0,0,0,0,0,0,0,4,0,,67,5,2020,1,39.9502,-75.1641,1408.0,6,0,0,0,0,0,0,0,0,,0,0,0.0,14,1,1,0,N,1,39 57:00.884,1.0,0,75 09:50.802,2,0,1,1,67301,0,0,0,N,0,0,0,2,67301,0,,1,1,1500.0,N,N,N,0,,0,1,1,0,0,N,1408,1,2,0,0,0,0,0,3,4,0,2,3,3.0,N,,,,,,,,,,,
2020029400,1812.0,1,0,0,0,0,0,0,0,0,8,0,,67,3,2020,4,39.9444,-75.2098,1812.0,6,0,0,0,0,0,0,0,0,,0,0,0.0,18,1,1,1,,0,39 56:39.897,,0,75 12:35.157,3,0,0,0,67301,1,0,0,N,1,0,0,2,67301,0,,1,1,,N,N,N,0,,1,0,0,3,2,,1812,1,2,0,0,0,0,0,3,4,0,1,3,3.0,N,,,,,,,,,,,
2020029256,1149.0,1,0,0,0,0,0,0,0,0,8,0,,67,3,2020,4,40.0744,-75.1661,1149.0,6,0,0,0,0,0,0,1,0,,0,0,0.0,11,1,1,1,,0,40 04:27.685,,0,75 09:57.859,3,0,0,0,67301,1,0,0,N,1,0,0,2,67301,0,,1,1,,N,N,N,0,,1,0,0,3,3,,1148,1,2,0,0,0,0,0,3,4,0,1,7,3.0,N,,,,,,,,,,,
2020068439,1552.0,1,0,0,0,0,0,0,0,0,1,1,,67,8,2020,2,39.9476,-75.1913,1550.0,6,0,0,0,0,0,0,0,0,,0,1,0.0,15,1,0,2,N,0,39 56:51.200,,0,75 11:28.700,0,0,0,0,67301,0,0,0,N,0,0,0,2,67504,0,,1,1,,N,N,N,0,,0,0,0,3,2,,1548,0,2,0,0,1,0,0,3,4,0,2,3,,N,,,,,,,,,,,
2020069370,1424.0,0,0,0,0,0,0,0,0,0,1,0,,67,8,2020,1,39.9483,-75.1421,1411.0,6,0,0,0,0,0,0,0,0,,0,0,0.0,14,1,0,0,N,0,39 56:53.873,,1,75 08:31.496,0,0,0,0,67301,0,0,0,N,0,0,0,2,68K01,0,,1,9,,N,N,N,0,,0,0,2,0,0,,1405,0,2,0,0,0,0,0,3,4,0,2,7,7.0,N,,,,,,,,,,,
2020028100,1841.0,1,0,0,0,0,0,0,0,0,7,0,,67,3,2020,5,40.0336,-75.024,1831.0,6,0,0,0,0,0,0,0,0,,0,0,0.0,18,1,1,0,N,0,40 02:00.781,,0,75 01:26.360,3,0,0,0,67301,0,0,0,N,0,0,0,1,67301,0,,4,1,,N,N,N,0,,1,0,0,0,0,,1815,1,1,0,0,0,0,0,3,4,0,1,3,,N,,,,,,,,,,,
2020033702,2318.0,0,0,0,0,0,0,0,0,0,5,0,,67,3,2020,6,39.9081,-75.1563,2315.0,6,0,0,0,0,0,0,0,0,,0,0,0.0,23,3,1,0,N,1,39 54:29.266,6.0,0,75 09:22.548,8,0,0,0,67301,0,0,0,N,0,0,0,3,67301,0,,1,1,130.0,N,N,N,1,,0,0,1,0,0,Y,2315,1,2,0,0,0,1,2,3,4,0,2,3,,N,,,,,,,,,,,
2020069024,523.0,1,0,0,0,0,0,0,0,0,7,0,,67,8,2020,2,39.9741,-75.2045,523.0,6,0,0,0,0,0,0,0,0,,0,0,0.0,5,3,0,0,N,1,39 58:26.606,3.0,0,75 12:16.048,0,0,0,0,67301,0,0,0,N,0,0,0,1,67301,0,,3,1,605.0,N,N,N,0,,0,0,0,0,0,Y,520,0,1,0,0,0,0,0,3,4,0,1,3,,N,,,,,,,,,,,
2020029928,0.0,1,0,0,0,0,0,0,0,0,4,0,,67,3,2020,5,40.0305,-75.1182,2357.0,6,0,0,0,0,1,1,0,0,,0,0,0.0,23,3,0,1,,2,40 01:49.943,5.0,0,75 07:05.511,0,0,0,0,67301,0,0,0,N,0,0,0,2,67301,0,,1,1,100.0,N,N,N,0,,0,0,1,3,1,Y,2340,0,2,0,0,0,0,0,3,4,0,2,98,,N,,,,,,,,,,,
2020029340,338.0,1,0,0,0,0,0,0,0,0,7,0,,67,3,2020,5,39.8909,-75.1997,319.0,6,0,0,0,0,0,0,0,0,,0,0,0.0,3,3,0,0,N,1,39 53:31.824,2.0,0,75 11:52.604,0,0,0,0,67301,0,0,0,N,0,0,0,1,68K01,0,,4,9,345.0,N,N,N,0,,0,0,0,0,0,N,317,0,1,0,0,0,0,0,3,4,0,1,7,,N,,,,,,,,,,,
2020027759,2123.0,1,0,0,0,0,0,0,0,0,4,0,,67,3,2020,4,39.95,-75.2229,2123.0,6,0,0,0,0,0,0,1,0,,0,0,0.0,21,3,1,1,,0,39 56:59.928,,0,75 13:22.562,3,0,0,0,67301,0,0,0,N,0,0,0,3,67301,0,,1,1,,N,N,N,0,,1,0,1,3,3,,2123,1,2,0,0,3,0,0,3,4,0,2,3,3.0,N,,,,,,,,,,,
2020069375,2329.0,1,0,0,0,0,0,0,0,0,1,0,,67,8,2020,1,39.9502,-75.1417,2322.0,6,0,0,0,0,0,1,0,0,,0,0,0.0,23,3,0,0,N,0,39 57:00.610,,0,75 08:30.136,0,0,0,0,67301,0,0,0,N,0,0,0,4,68K01,0,,1,9,,N,N,N,0,,0,0,1,0,0,,2322,0,2,0,0,0,0,0,3,4,0,2,7,,N,,,,,,,,,,,
2020032324,1940.0,1,0,0,0,0,0,0,0,0,7,0,,67,3,2020,2,39.96,-75.1795,1918.0,6,0,0,0,0,0,0,0,0,,0,0,0.0,19,4,0,0,N,2,39 57:35.869,3.0,0,75 10:46.140,0,0,0,0,67301,0,0,0,N,0,0,0,2,68K01,0,,4,9,1945.0,N,N,Y,0,,0,0,1,0,0,N,1917,0,2,0,0,0,0,0,3,4,0,2,7,7.0,N,,,,,,,,,,,
2020039420,1142.0,1,0,0,0,0,0,0,0,0,4,0,,67,5,2020,7,40.0316,-75.2076,1138.0,6,0,0,0,0,0,1,0,0,,0,0,0.0,11,1,3,1,,0,40 01:53.795,,0,75 12:27.467,3,0,0,0,67301,0,0,0,N,0,0,0,5,67301,0,,1,1,,N,N,N,0,,3,0,0,3,2,,1135,3,2,0,0,1,0,0,3,4,1,2,3,3.0,N,,,,,,,,,,,
2020061259,1151.0,0,0,0,0,0,0,0,0,0,1,1,,67,7,2020,5,40.0917,-74.9824,1141.0,6,0,0,0,0,0,1,0,0,,0,1,0.0,10,1,0,2,,0,40 05:30.069,,0,74 58:56.779,0,0,0,0,67301,0,0,0,N,0,0,0,2,67301,0,,1,1,,N,N,N,0,,0,0,1,3,2,,1000,0,2,0,0,0,0,0,3,4,0,2,3,3.0,N,,,,,,,,,,,
2020039003,2311.0,1,0,0,0,0,0,0,0,0,4,0,,67,5,2020,5,40.0029,-75.127,2306.0,6,0,0,0,0,0,0,0,0,,0,0,0.0,23,3,0,1,,0,40 00:10.612,,0,75 07:37.329,0,0,0,0,67301,0,0,0,N,0,0,0,3,67301,0,,1,1,,N,N,N,0,,0,0,0,3,3,,2304,0,2,0,0,0,0,0,3,4,0,2,3,3.0,N,,,,,,,,,,,
2020037892,624.0,1,0,1,0,0,0,0,0,0,7,0,,67,5,2020,1,40.0163,-75.1754,622.0,6,0,0,0,0,0,0,0,0,,0,0,0.0,6,1,1,0,N,2,40 00:58.729,2.0,0,75 10:31.607,2,0,0,0,67301,0,0,0,N,0,0,0,1,67301,0,,4,1,645.0,N,N,N,0,,0,1,0,0,0,N,620,1,1,0,0,0,0,0,3,4,0,1,3,3.0,N,,,,,,,,,,,
2020039037,256.0,1,0,0,0,0,0,0,0,0,1,0,,67,5,2020,7,40.0395,-75.1757,253.0,6,0,0,0,0,0,0,0,0,,0,0,0.0,2,3,2,0,N,0,40 02:22.220,,0,75 10:32.660,4,0,0,0,67301,0,0,0,N,0,0,0,2,67301,2,,6,1,,N,N,N,1,,0,0,1,0,0,,245,2,3,0,0,0,0,0,3,4,0,3,3,3.0,N,,,,,,,,,,,
2020081350,939.0,0,0,0,0,0,0,0,0,0,8,0,,67,9,2020,6,39.9964,-75.1135,939.0,6,0,0,0,0,0,0,0,0,,0,0,0.0,9,8,1,1,,0,39 59:47.175,,1,75 06:48.425,8,0,0,0,67301,1,0,0,N,1,0,0,1,67301,0,,1,1,,N,N,N,0,,0,0,0,3,2,,939,1,2,0,0,0,1,0,3,4,0,1,3,3.0,N,,,,,,,,,,,
2020041241,558.0,1,0,0,0,0,0,0,0,0,5,0,,67,5,2020,2,39.9663,-75.2135,538.0,6,0,0,0,0,0,0,0,0,,0,0,0.0,4,3,0,0,N,1,39 57:58.640,5.0,0,75 12:48.570,9,0,0,0,67301,0,0,0,N,0,0,0,1,67301,0,,6,1,640.0,N,N,N,0,,0,0,1,0,0,Y,430,0,2,0,0,0,0,1,3,4,0,2,3,,N,,,,,,,,,,,
2020067669,1903.0,1,0,0,0,0,0,0,0,0,8,0,,67,8,2020,4,39.9616,-75.2245,1900.0,6,0,0,0,0,0,0,0,0,,0,0,0.0,18,1,2,1,,1,39 57:41.589,1.0,0,75 13:28.343,3,0,0,0,67301,2,0,0,N,2,0,0,3,67301,0,,1,1,1920.0,N,N,N,0,,1,0,0,3,2,Y,1857,2,3,0,0,0,1,0,3,4,0,1,3,,N,,,,,,,,,,,
2020028996,45.0,1,0,0,0,0,0,0,0,0,7,0,,67,3,2020,2,39.9681,-75.1969,45.0,6,0,0,0,0,0,0,0,0,,0,0,0.0,0,3,1,0,N,0,39 58:05.100,,0,75 11:48.960,3,0,0,0,67301,0,0,0,N,0,0,0,2,67301,0,,5,1,,N,N,N,0,,1,0,0,0,0,,44,1,1,0,0,2,0,1,3,4,0,1,3,3.0,N,,,,,,,,,,,
2020031709,1906.0,2,0,0,0,0,0,0,0,0,4,0,,67,3,2020,1,39.9736,-75.2089,1904.0,6,0,0,0,0,0,0,0,0,,0,0,0.0,19,4,0,2,,0,39 58:24.799,,0,75 12:32.023,9,0,0,0,67301,0,0,0,N,0,0,0,3,67301,0,,1,1,,N,N,N,0,,0,0,0,3,2,,1900,0,2,0,0,0,0,1,3,4,0,2,3,3.0,N,,,,,,,,,,,
2020033547,1110.0,0,0,0,0,0,0,0,0,0,8,0,,67,3,2020,4,39.9741,-75.2277,1109.0,6,0,0,0,0,0,0,0,0,,0,0,0.0,11,1,1,1,,0,39 58:26.615,,6,75 13:39.827,3,0,0,0,67301,1,0,0,N,1,0,0,2,67301,0,,1,1,,N,N,N,0,,1,0,0,3,3,,1109,1,2,0,0,0,0,0,3,4,0,1,3,3.0,N,,,,,,,,,,,
2020027682,1117.0,1,0,0,0,0,0,0,0,0,4,0,,67,3,2020,4,40.0746,-75.0351,1115.0,6,0,0,0,0,0,0,1,1,,0,0,0.0,11,1,2,1,,0,40 04:28.594,,0,75 02:06.267,3,0,0,0,67301,0,0,0,N,0,0,0,3,67301,0,,1,1,,N,N,N,0,,2,0,2,3,2,,1110,2,3,0,0,0,0,0,3,4,0,3,3,3.0,N,,,,,,,,,,,
2020033149,1005.0,2,0,0,0,0,0,0,0,0,5,0,,67,3,2020,7,40.0379,-75.0117,956.0,6,0,0,0,0,0,0,0,0,,0,0,0.0,9,1,0,0,N,0,40 02:16.458,,0,75 00:41.981,0,0,0,0,67301,0,0,0,N,0,0,0,2,68K01,0,,1,9,,N,N,Y,0,,0,0,0,0,0,,955,0,2,0,0,0,0,0,3,4,0,2,7,4.0,N,,,,,,,,,,,
2020034036,1529.0,0,0,0,0,0,0,0,0,0,7,0,,67,3,2020,7,39.9602,-75.1804,1516.0,6,0,0,0,0,0,0,0,0,,0,0,0.0,15,1,1,0,N,0,39 57:36.657,,0,75 10:49.390,4,0,0,0,67301,0,0,0,N,0,0,0,1,68K01,1,,2,9,,N,N,N,0,,0,0,1,0,0,,1513,1,1,0,0,0,0,0,3,4,0,1,7,7.0,N,,,,,,,,,,,
2020026729,515.0,1,0,0,0,0,0,0,0,0,8,0,,67,3,2020,2,40.0541,-75.1678,508.0,6,0,0,0,0,0,1,0,0,,0,0,0.0,5,3,1,0,N,2,40 03:14.900,7.0,0,75 10:04.090,3,0,0,0,67301,1,0,0,N,1,0,0,2,67301,0,,1,1,600.0,N,N,N,0,,1,0,0,0,0,Y,502,1,2,0,0,1,0,0,3,4,0,1,3,3.0,N,,,,,,,,,,,
2020030890,1725.0,0,0,0,0,0,0,1,0,0,4,1,,67,3,2020,4,40.0288,-75.1322,1710.0,6,0,0,0,0,0,0,0,0,,0,0,0.0,17,1,1,1,,0,40 01:43.647,,0,75 07:55.855,8,0,0,0,67301,0,0,0,N,0,0,0,2,67508,0,,1,9,,N,N,N,0,,0,0,1,9,2,N,1710,1,2,0,0,0,1,0,3,4,0,2,99,,N,,,,,,,,,,,
2020067668,1630.0,2,0,0,0,0,0,0,0,0,5,0,,67,8,2020,4,39.9643,-75.2345,1630.0,6,0,0,0,0,0,0,0,0,,0,0,0.0,15,1,0,0,N,0,39 57:51.600,,0,75 14:04.070,9,0,0,0,67301,0,0,0,N,0,0,0,1,67301,0,,1,1,,N,N,N,0,,0,0,0,0,0,,1500,0,2,0,0,0,0,1,3,4,0,2,3,3.0,N,,,,,,,,,,,
2020068253,2125.0,1,0,0,0,0,0,0,0,0,6,0,,67,8,2020,7,39.9795,-75.2535,2124.0,6,0,0,0,0,0,0,0,0,,0,0,0.0,21,3,0,1,N,0,39 58:46.286,,0,75 15:12.607,0,0,0,0,67301,0,0,0,N,0,0,0,1,67301,0,,1,1,,N,N,N,0,,0,0,1,0,0,,2120,0,2,0,0,0,0,0,3,4,0,2,3,,N,,,,,,,,,,,
2020036394,2305.0,3,0,0,0,0,0,0,0,0,4,0,,67,3,2020,5,39.9295,-75.1735,2300.0,6,0,0,0,0,0,0,0,0,,0,0,0.0,22,3,2,2,,2,39 55:46.049,2.0,0,75 10:24.762,8,0,0,0,67301,0,0,0,N,0,0,0,2,67301,0,,1,1,200.0,N,N,N,0,,0,0,0,3,3,Y,2240,2,3,0,0,1,2,0,3,4,0,3,3,3.0,N,,,,,,,,,,,
2020028403,536.0,3,0,0,0,0,0,0,0,0,5,0,,67,3,2020,6,39.9844,-75.2314,529.0,6,0,0,0,0,0,0,0,0,,0,0,0.0,5,5,0,0,N,0,39 59:03.730,,0,75 13:52.880,0,0,0,0,67301,0,0,0,N,0,0,0,1,67301,0,,6,9,,N,N,N,0,,0,0,2,0,0,,525,0,5,0,0,0,0,0,3,4,0,5,5,7.0,N,,,,,,,,,,,
2020069618,1848.0,1,0,0,0,0,0,0,0,0,1,0,,67,8,2020,2,39.9533,-75.2406,1848.0,6,0,0,1,0,0,1,0,0,,0,0,0.0,18,1,1,0,N,0,39 57:11.700,,0,75 14:26.080,8,0,0,0,67301,0,0,0,N,0,0,0,3,67301,0,,1,1,,N,N,N,1,,0,0,0,0,0,,1845,1,2,0,0,1,1,0,3,4,0,2,3,3.0,N,,,,,,,,,,,
2020079640,558.0,0,0,0,0,0,0,0,0,0,4,0,,67,9,2020,7,40.0806,-74.9901,551.0,6,0,0,0,0,0,0,0,0,,0,0,0.0,5,1,0,0,N,0,40 04:50.090,,0,74 59:24.430,0,0,0,0,67301,0,0,0,N,0,0,0,1,67301,0,,6,1,,N,N,N,1,,0,0,2,0,0,,545,0,3,0,0,0,0,0,3,4,0,3,3,,N,,,,,,,,,,,