CRN,ARRIVAL_TM,AUTOMOBILE_COUNT,BELTED_DEATH_COUNT,BELTED_SUSP_SERIOUS_INJ_COUNT,BICYCLE_COUNT,BICYCLE_DEATH_COUNT,BICYCLE_SUSP_SERIOUS_INJ_COUNT,BUS_COUNT,CHLDPAS_DEATH_COUNT,CHLDPAS_SUSP_SERIOUS_INJ_COUNT,COLLISION_TYPE,COMM_VEH_COUNT,CONS_ZONE_SPD_LIM,COUNTY,CRASH_MONTH,CRASH_YEAR,DAY_OF_WEEK,DEC_LAT,DEC_LONG,DISPATCH_TM,DISTRICT,DRIVER_COUNT_16YR,DRIVER_COUNT_17YR,DRIVER_COUNT_18YR,DRIVER_COUNT_19YR,DRIVER_COUNT_20YR,DRIVER_COUNT_50_64YR,DRIVER_COUNT_65_74YR,DRIVER_COUNT_75PLUS,EST_HRS_CLOSED,FATAL_COUNT,HEAVY_TRUCK_COUNT,HORSE_BUGGY_COUNT,HOUR_OF_DAY,ILLUMINATION,INJURY_COUNT,INTERSECT_TYPE,INTERSECTION_RELATED,LANE_CLOSED,LATITUDE,LN_CLOSE_DIR,LOCATION_TYPE,LONGITUDE,MAX_SEVERITY_LEVEL,MCYCLE_DEATH_COUNT,MCYCLE_SUSP_SERIOUS_INJ_COUNT,MOTORCYCLE_COUNT,MUNICIPALITY,NONMOTR_COUNT,NONMOTR_DEATH_COUNT,NONMOTR_SUSP_SERIOUS_INJ_COUNT,NTFY_HIWY_MAINT,PED_COUNT,PED_DEATH_COUNT,PED_SUSP_SERIOUS_INJ_COUNT,PERSON_COUNT,POLICE_AGCY,POSSIBLE_INJ_COUNT,RDWY_SURF_TYPE_CD,RELATION_TO_ROAD,ROAD_CONDITION,ROADWAY_CLEARED,SCH_BUS_IND,SCH_ZONE_IND,SECONDARY_CRASH,SMALL_TRUCK_COUNT,SPEC_JURIS_CD,SUSP_MINOR_INJ_COUNT,SUSP_SERIOUS_INJ_COUNT,SUV_COUNT,TCD_FUNC_CD,TCD_TYPE,TFC_DETOUR_IND,TIME_OF_DAY,TOT_INJ_COUNT,TOTAL_UNITS,UNB_DEATH_COUNT,UNB_SUSP_SERIOUS_INJ_COUNT,UNBELTED_OCC_COUNT,UNK_INJ_DEG_COUNT,UNK_INJ_PER_COUNT,URBAN_AREA,URBAN_RURAL,VAN_COUNT,VEHICLE_COUNT,WEATHER1,WEATHER2,WORK_ZONE_IND,WORK_ZONE_LOC,WORK_ZONE_TYPE,WORKERS_PRES,WZ_CLOSE_DETOUR,WZ_FLAGGER,WZ_LAW_OFFCR_IND,WZ_LN_CLOSURE,WZ_MOVING,WZ_OTHER,WZ_SHLDER_MDN,WZ_WORKERS_INJ_KILLED
2020048412,1659.0,0,0,0,0,0,0,0,0,0,4,1,,67,6,2020,7,40.1127,-75.0233,1650.0,6,0,0,0,0,0,2,0,0,,0,1,0.0,16,1,0,0,N,1,40 06:45.745,2.0,0,75 01:23.894,0,0,0,0,67301,0,0,0,N,0,0,0,2,67301,0,,1,1,1720.0,N,N,N,0,,0,0,1,0,0,N,1643,0,2,0,0,0,0,0,3,4,0,2,4,4.0,N,,,,,,,,,,,
2020042375,945.0,0,0,0,0,0,0,0,0,0,4,0,,67,5,2020,3,39.9375,-75.164,940.0,6,0,0,0,0,0,2,0,0,,0,0,0.0,9,1,0,0,N,0,39 56:15.070,,0,75 09:50.450,0,0,0,0,67301,0,0,0,N,0,0,0,2,67301,0,,1,1,,N,N,N,2,,0,0,0,0,0,,930,0,2,0,0,0,0,0,3,4,0,2,3,3.0,N,,,,,,,,,,,
2020082979,1435.0,0,0,0,0,0,0,1,0,0,5,1,,67,9,2020,6,39.9981,-75.1263,1425.0,6,0,0,0,0,0,1,0,0,,0,0,0.0,14,1,1,0,Y,0,39 59:53.211,,0,75 07:34.665,4,0,0,0,67301,0,0,0,N,0,0,0,4,67508,1,,1,1,,N,N,Y,0,,0,0,0,0,0,,1425,1,2,0,0,0,0,0,3,4,0,2,3,,N,,,,,,,,,,,
2020045270,1520.0,1,0,0,0,0,0,0,0,0,4,0,,67,6,2020,3,40.0139,-75.1257,1516.0,6,0,0,0,0,0,0,0,0,,0,0,0.0,15,1,0,0,N,1,40 00:50.000,6.0,7,75 07:32.600,9,0,0,0,67301,0,0,0,N,0,0,0,2,67301,0,,1,1,1600.0,N,N,N,0,,0,0,0,0,0,Y,1515,0,2,0,0,1,0,1,3,4,1,2,3,3.0,N,,,,,,,,,,,
2020041248,2343.0,1,0,0,0,0,0,0,0,0,4,0,,67,5,2020,4,40.0039,-75.2207,2340.0,6,0,0,0,0,0,0,0,0,,0,0,0.0,22,3,1,1,,0,40 00:14.125,,0,75 13:14.515,8,0,0,0,67301,0,0,0,N,0,0,0,3,67301,0,,1,1,,N,N,N,0,,0,0,1,3,2,,2235,1,2,0,0,0,1,0,3,4,0,2,3,3.0,N,,,,,,,,,,,
2020028400,1955.0,1,0,0,0,0,0,0,0,0,4,0,,67,3,2020,3,39.9255,-75.2417,1950.0,6,0,0,0,1,0,1,0,0,,0,0,0.0,19,3,2,1,,1,39 55:31.869,2.0,0,75 14:30.237,4,0,0,0,67301,0,0,0,N,0,0,0,2,67301,2,,1,1,2011.0,N,N,N,0,,0,0,1,3,3,N,1950,2,2,0,0,0,0,0,3,4,0,2,3,3.0,N,,,,,,,,,,,
2020028245,2330.0,0,0,0,0,0,0,0,0,0,8,0,,67,3,2020,6,39.9945,-75.1457,2330.0,6,0,0,0,0,0,0,0,0,,0,0,0.0,13,1,1,1,,0,39 59:40.027,,0,75 08:44.692,8,0,0,0,67301,1,0,0,N,1,0,0,2,67301,0,,1,1,,N,N,N,0,,0,0,0,0,0,,1300,1,2,0,0,0,1,0,3,4,0,1,3,3.0,N,,,,,,,,,,,
2020029373,852.0,1,0,0,0,0,0,0,0,0,7,0,,67,3,2020,3,40.0333,-75.0205,842.0,6,0,0,0,0,0,1,0,0,,0,0,0.0,8,1,1,0,N,1,40 02:00.050,2.0,0,75 01:13.925,8,0,0,0,67301,0,0,0,N,0,0,0,1,68K01,0,,4,1,930.0,N,N,N,0,,0,0,0,0,0,N,841,1,1,0,0,0,1,0,3,4,0,1,3,3.0,N,,,,,,,,,,,
2020030271,730.0,2,0,0,0,0,0,0,0,0,4,0,,67,3,2020,7,40.0568,-75.047,714.0,6,0,0,0,0,0,1,0,0,,0,0,0.0,7,1,2,1,,2,40 03:24.532,2.0,0,75 02:49.228,3,0,0,0,67301,0,0,0,N,0,0,0,4,67301,0,,1,9,900.0,N,N,N,0,,2,0,1,3,2,N,710,2,3,0,0,0,0,0,3,4,0,3,7,,N,,,,,,,,,,,
2020029950,1646.0,0,0,0,0,0,0,0,0,0,7,0,,67,3,2020,7,40.0071,-75.0941,1640.0,6,0,0,0,0,0,0,0,0,,0,0,0.0,16,1,0,1,,0,40 00:25.667,,0,75 05:38.650,9,0,0,0,67301,0,0,0,N,0,0,0,1,67301,0,,1,9,,N,N,N,1,,0,0,0,3,2,,1639,0,1,0,0,0,0,1,3,4,0,1,7,7.0,N,,,,,,,,,,,
2020028401,1650.0,1,0,0,0,0,0,0,0,0,1,0,,67,3,2020,6,39.8897,-75.2338,1650.0,6,0,0,0,0,0,0,1,0,,0,0,0.0,15,1,0,1,,0,39 53:23.016,,0,75 14:01.544,0,0,0,0,67301,0,0,0,N,0,0,0,4,67301,0,,1,1,,N,N,N,1,,0,0,1,3,2,,1535,0,3,0,0,0,0,0,3,4,0,3,3,3.0,N,,,,,,,,,,,
2020027990,1830.0,1,0,0,0,0,0,0,0,0,1,0,,67,3,2020,2,40.0048,-75.132,1829.0,6,0,0,0,1,0,0,0,0,,0,0,0.0,18,1,2,0,Y,0,40 00:17.300,,0,75 07:55.190,3,0,0,0,67301,0,0,0,N,0,0,0,3,67301,0,,1,1,,N,N,N,0,,2,0,1,3,2,,1828,2,2,0,0,2,0,0,3,4,0,2,3,3.0,N,,,,,,,,,,,
2020048074,1820.0,2,0,0,0,0,0,0,0,0,4,0,,67,6,2020,5,39.957,-75.1572,1817.0,6,0,0,1,0,0,0,0,0,,0,0,0.0,18,1,0,1,,0,39 57:25.194,,3,75 09:25.796,0,0,0,0,67301,0,0,0,N,0,0,0,4,67301,0,,1,1,,N,N,Y,0,,0,0,1,3,2,,1810,0,3,0,0,2,0,0,3,4,0,3,3,3.0,N,,,,,,,,,,,
2020052058,2107.0,0,0,0,0,0,0,0,0,0,7,0,,67,6,2020,6,39.922,-75.1479,2059.0,6,0,0,0,0,0,0,0,0,,0,0,0.0,20,3,0,0,N,0,39 55:19.293,,0,75 08:52.453,0,0,0,0,67301,0,0,0,N,0,0,0,1,68K01,0,,4,1,,N,N,N,0,,0,0,1,0,0,,2058,0,1,0,0,0,0,0,3,4,0,1,3,3.0,N,,,,,,,,,,,
2020087606,,2,0,0,0,0,0,0,0,0,4,0,,67,6,2020,3,40.0436,-75.0713,,6,0,0,0,0,0,0,0,0,,0,0,0.0,19,1,0,1,,0,40 02:37.104,,0,75 04:16.730,0,0,0,0,67301,0,0,0,N,0,0,0,3,00000,0,,1,1,,,,N,0,,0,0,0,0,0,,1930,0,2,0,0,0,0,0,3,4,0,2,3,,N,,,,,,,,,,,
2020050533,1821.0,1,0,0,0,0,0,0,0,0,7,0,,67,6,2020,5,39.9934,-75.0847,1815.0,6,0,0,0,0,0,0,0,0,,0,0,0.0,17,1,0,0,N,2,39 59:36.215,1.0,0,75 05:04.941,0,0,0,0,67301,0,0,0,N,0,0,0,1,68K01,0,,4,1,15.0,N,N,N,0,,0,0,0,0,0,N,1723,0,1,0,0,0,0,0,3,4,0,1,3,3.0,N,,,,,,,,,,,
2020046296,2125.0,1,0,0,0,0,0,0,0,0,1,0,,67,6,2020,7,39.9785,-75.158,2123.0,6,0,0,0,0,0,0,0,0,,0,0,0.0,21,3,0,0,N,1,39 58:42.436,2.0,0,75 09:28.719,0,0,0,0,67301,0,0,0,N,0,0,0,1,67301,0,,6,1,2326.0,N,N,N,0,,0,0,1,0,0,Y,2123,0,2,0,0,0,0,0,3,4,0,2,3,3.0,N,,,,,,,,,,,
2020091421,2252.0,1,0,0,0,0,0,0,0,0,8,0,,67,10,2020,6,40.0392,-75.11,2247.0,6,0,0,0,0,0,0,0,0,,0,0,0.0,21,3,1,1,,0,40 02:20.942,,0,75 06:36.006,3,0,0,0,67301,1,0,0,N,1,0,0,1,67301,0,,1,9,,N,N,N,0,,1,0,0,0,0,,2111,1,2,0,0,0,0,0,3,4,0,1,7,4.0,N,,,,,,,,,,,
2020047712,618.0,3,0,0,0,0,0,0,0,0,5,0,,67,6,2020,1,40.0021,-75.1545,612.0,6,0,0,0,0,0,0,0,0,,0,0,0.0,5,5,0,0,N,0,40 00:07.670,,0,75 09:16.120,0,0,0,0,67301,0,0,0,N,0,0,0,1,67301,0,,6,1,,N,N,N,0,,0,0,1,0,0,,544,0,4,0,0,0,0,0,3,4,0,4,3,3.0,N,,,,,,,,,,,
2020048050,1037.0,1,0,0,0,0,0,0,0,0,7,0,,67,6,2020,2,40.0288,-75.0228,1030.0,6,0,0,0,0,0,0,0,0,,0,0,0.0,10,1,1,0,N,2,40 01:43.564,1.0,0,75 01:22.080,3,0,0,0,67301,0,0,0,N,0,0,0,1,68K01,0,,4,1,30.0,N,N,N,0,,1,0,0,0,0,N,1029,1,1,0,0,0,0,0,3,4,0,1,3,3.0,N,,,,,,,,,,,
2020089231,512.0,2,0,0,0,0,0,0,0,0,6,0,,67,10,2020,7,40.0047,-75.1766,512.0,6,0,0,0,0,0,0,0,0,,0,0,0.0,3,3,0,0,N,1,40 00:16.763,3.0,0,75 10:35.886,0,0,0,0,67301,0,0,0,N,0,0,0,0,67301,0,,6,1,100.0,N,N,N,0,,0,0,0,0,0,N,343,0,2,0,0,0,0,0,3,4,0,2,3,3.0,N,,,,,,,,,,,
2020047533,1901.0,3,0,0,0,0,0,0,0,0,6,0,,67,6,2020,3,40.004,-75.1346,1848.0,6,0,0,0,0,0,1,0,0,,0,0,0.0,18,1,1,1,,2,40 00:14.407,6.0,0,75 08:04.563,3,0,0,0,67301,0,0,0,N,0,0,0,5,67301,0,,1,1,1945.0,N,N,N,0,,1,0,2,0,0,Y,1845,1,5,0,0,2,0,0,3,4,0,5,3,,N,,,,,,,,,,,
2020048506,1729.0,1,0,0,1,0,0,0,0,0,1,0,,67,6,2020,7,40.0296,-75.2292,1722.0,6,0,0,0,0,0,0,0,0,,0,0,0.0,17,1,1,2,N,0,40 01:46.732,,0,75 13:45.044,8,0,0,0,67301,1,0,0,N,0,0,0,2,67301,0,,1,9,,N,N,N,0,,0,0,0,3,2,,1715,1,2,0,0,0,1,0,3,4,0,1,7,98.0,N,,,,,,,,,,,
2020048295,1306.0,1,0,0,0,0,0,0,0,0,4,0,,67,6,2020,3,39.9183,-75.209,1255.0,6,0,0,0,0,0,2,1,0,,0,0,0.0,12,1,0,2,,0,39 55:05.953,,0,75 12:31.983,0,0,0,0,67301,0,0,0,N,0,0,0,3,67301,0,,1,1,,N,N,N,1,,0,0,1,3,2,,1253,0,3,0,0,0,0,0,3,4,0,3,3,3.0,N,,,,,,,,,,,
2020089093,525.0,0,0,0,0,0,0,0,0,0,7,1,45.0,67,10,2020,5,40.012,-75.0599,517.0,6,0,0,0,0,0,0,0,0,,0,1,0.0,5,1,0,0,N,2,40 00:43.112,1.0,0,75 03:35.541,0,0,0,0,67301,0,0,0,Y,0,0,0,1,68K01,0,,4,1,630.0,N,N,N,0,,0,0,0,0,0,N,516,0,1,0,0,0,0,0,3,4,0,1,3,3.0,Y,8.0,1.0,N,,,N,Y,,,,N
2020089530,25.0,3,0,0,0,0,0,0,0,0,1,0,,67,10,2020,5,40.0293,-75.0227,5.0,6,0,0,0,0,0,1,0,0,,0,0,0.0,0,3,3,0,N,2,40 01:45.454,2.0,0,75 01:21.707,3,0,0,0,67301,0,0,0,N,0,0,0,3,68K01,0,,1,1,100.0,N,N,N,0,,3,0,0,0,0,N,3,3,3,0,0,0,0,0,3,4,0,3,3,,N,,,,,,,,,,,
2020048416,1915.0,1,0,0,1,0,0,0,0,0,4,0,,67,6,2020,4,40.0431,-75.0295,1911.0,6,0,0,0,0,0,0,0,0,,0,0,0.0,19,1,1,0,N,0,40 02:35.045,,0,75 01:46.335,3,0,0,0,67301,1,0,0,N,0,0,0,2,67301,0,,1,1,,N,N,N,0,,1,0,0,0,0,,1910,1,2,0,0,0,0,0,3,4,0,1,3,3.0,N,,,,,,,,,,,
2020047535,422.0,0,0,0,0,0,0,0,0,0,7,0,,67,6,2020,4,40.0325,-75.1898,415.0,6,0,0,0,0,0,0,0,0,,0,0,0.0,4,3,2,1,N,0,40 01:57.099,,0,75 11:23.212,3,0,0,0,67301,0,0,0,N,0,0,0,2,67301,0,,5,1,,N,N,N,0,,2,0,1,3,2,,410,2,1,0,0,0,0,0,3,4,0,1,3,,N,,,,,,,,,,,
2020052683,2233.0,2,0,0,0,0,0,0,0,0,4,0,,67,6,2020,4,40.0432,-75.1672,2233.0,6,0,0,0,0,0,0,0,0,,0,0,0.0,22,3,2,1,,0,40 02:35.358,,0,75 10:01.956,3,0,0,0,67301,0,0,0,N,0,0,0,2,67301,0,,1,1,,N,N,Y,0,,1,0,0,3,2,,2233,2,2,0,0,1,1,0,3,4,0,2,3,,N,,,,,,,,,,,
2020047207,1653.0,1,0,0,0,0,0,0,0,0,7,0,,67,6,2020,2,39.9572,-75.1501,1643.0,6,0,0,0,0,0,0,0,1,,0,0,0.0,16,1,1,0,N,0,39 57:25.900,,2,75 09:00.500,3,0,0,0,67301,0,0,0,N,0,0,0,1,68K01,0,,2,1,,N,N,N,0,,1,0,0,0,0,,1643,1,1,0,0,0,0,0,3,4,0,1,3,3.0,N,,,,,,,,,,,
2020091216,233.0,1,0,0,0,0,0,0,0,0,1,0,,67,10,2020,1,39.9659,-75.1361,226.0,6,0,0,0,0,0,0,0,0,,0,0,0.0,2,3,0,0,N,0,39 57:57.343,,0,75 08:09.884,0,0,0,0,67301,0,0,0,N,0,0,0,4,68K01,0,,1,1,,N,N,Y,1,,0,0,0,0,0,,225,0,2,0,0,0,0,0,3,4,0,2,3,,N,,,,,,,,,,,
2020048748,1823.0,1,0,0,0,0,0,0,0,0,1,1,,67,6,2020,7,39.9392,-75.1907,1823.0,6,0,0,0,0,0,1,0,0,,0,1,0.0,18,1,0,0,N,0,39 56:21.020,,0,75 11:26.460,0,0,0,0,67301,0,0,0,N,0,0,0,2,67301,0,,1,9,,N,N,N,0,,0,0,0,0,0,,1810,0,2,0,0,0,0,0,3,4,0,2,7,,N,,,,,,,,,,,
2020089453,751.0,0,0,0,0,0,0,0,0,0,5,1,,67,10,2020,5,39.9542,-75.1464,722.0,6,0,0,0,0,0,1,0,0,,0,0,0.0,6,3,0,1,,1,39 57:15.149,2.0,0,75 08:47.111,0,0,0,0,67301,0,0,0,N,0,0,0,2,67301,0,,1,1,900.0,N,N,N,1,,0,0,1,3,2,N,654,0,2,0,0,0,0,0,3,4,0,2,4,,N,,,,,,,,,,,
2020048339,150.0,3,0,0,0,0,0,0,0,0,1,0,,67,6,2020,1,40.0406,-75.1877,144.0,6,0,0,0,0,0,0,0,0,,0,0,0.0,1,3,0,0,N,0,40 02:25.980,,0,75 11:15.690,0,0,0,0,67301,0,0,0,N,0,0,0,1,67301,0,,6,9,,N,N,N,0,,0,0,0,0,0,,128,0,3,0,0,0,0,0,3,4,0,3,5,7.0,N,,,,,,,,,,,
2020045499,645.0,5,0,0,0,0,0,0,0,0,5,0,,67,6,2020,4,40.0001,-75.1657,645.0,6,0,0,0,0,0,0,0,0,,0,0,0.0,6,1,1,0,N,1,40 00:00.300,3.0,0,75 09:56.600,4,0,0,0,67301,0,0,0,N,0,0,0,1,67301,1,,6,1,740.0,N,N,Y,0,,0,0,2,0,0,N,630,1,7,0,0,1,0,0,3,4,0,7,3,3.0,N,,,,,,,,,,,
2020047385,1945.0,0,0,0,0,0,0,0,0,0,8,0,,67,6,2020,1,40.0658,-75.1698,1938.0,6,0,0,0,0,1,0,0,0,,0,0,0.0,18,4,1,0,N,0,40 03:56.860,,0,75 10:11.240,8,0,0,0,67301,1,0,0,N,1,0,0,2,67301,0,,1,1,,N,N,N,1,,0,0,0,0,0,,1840,1,2,0,0,0,1,0,3,4,0,1,3,3.0,N,,,,,,,,,,,
2020046936,1456.0,0,0,0,0,0,0,0,0,0,8,0,,67,6,2020,1,40.0519,-75.1578,1455.0,6,0,0,0,0,0,0,0,0,,0,0,0.0,17,1,1,1,,0,40 03:06.800,,0,75 09:28.000,8,0,0,0,67301,1,0,0,N,1,0,0,2,67301,0,,1,1,,N,N,N,0,,0,0,0,3,2,,1718,1,2,0,0,0,1,1,3,4,0,1,3,3.0,N,,,,,,,,,,,
2020046933,23.0,2,0,0,0,0,0,0,0,0,6,0,,67,6,2020,1,40.0084,-75.1506,23.0,6,0,1,0,0,0,0,0,0,,0,0,0.0,21,3,1,0,N,0,40 00:30.250,,0,75 09:02.050,3,0,0,0,67301,0,0,0,N,0,0,0,2,67301,0,,1,1,,N,N,N,0,,1,0,0,0,0,,2147,1,2,0,0,0,0,0,3,4,0,2,3,3.0,N,,,,,,,,,,,
2020046524,1520.0,1,0,0,1,0,0,0,0,0,4,0,,67,6,2020,1,40.0124,-75.0876,1515.0,6,0,0,0,0,0,0,0,0,,0,0,0.0,15,1,1,1,,0,40 00:45.170,,1,75 05:15.419,3,0,0,0,67301,1,0,0,N,0,0,0,2,67301,0,,1,1,,N,N,N,0,,1,0,0,3,2,,1514,1,2,0,0,0,0,0,3,4,0,1,3,,N,,,,,,,,,,,
2020089781,1510.0,0,0,0,0,0,0,1,0,0,8,1,,67,9,2020,5,39.969,-75.217,1505.0,6,0,0,0,0,0,1,0,0,,0,0,0.0,15,1,1,1,N,0,39 58:08.327,,0,75 13:01.203,8,0,0,0,67301,1,0,0,N,1,0,0,2,67508,0,,1,1,,N,N,Y,0,,0,0,0,3,2,,1505,1,2,0,0,0,1,0,3,4,0,1,3,3.0,N,,,,,,,,,,,
2020048769,1525.0,1,0,0,0,0,0,0,0,0,4,0,,67,6,2020,1,40.0076,-75.1273,1525.0,6,0,0,0,0,0,0,0,0,,0,0,0.0,15,1,1,1,,0,40 00:27.502,,0,75 07:38.377,3,0,0,1,67301,0,0,0,N,0,0,0,2,67301,0,,1,1,,N,N,N,0,,1,0,0,3,2,,1509,1,2,0,0,1,0,0,3,4,0,2,3,3.0,N,,,,,,,,,,,
2020048216,2011.0,0,0,0,1,0,0,0,0,0,4,0,,67,6,2020,1,39.9481,-75.1542,1959.0,6,0,0,0,0,0,0,0,0,,0,0,0.0,19,1,1,1,,0,39 56:53.182,,0,75 09:15.307,8,0,0,0,67301,1,0,0,N,0,0,0,2,67301,0,,1,1,,N,N,N,0,,0,0,1,3,2,,1945,1,2,0,0,0,1,0,3,4,0,1,3,3.0,N,,,,,,,,,,,
2020047559,257.0,1,0,0,0,0,0,0,0,0,7,0,,67,6,2020,4,39.9961,-75.1471,256.0,6,0,0,0,0,0,0,0,0,,0,0,0.0,2,3,1,1,,0,39 59:46.111,,0,75 08:49.516,3,0,0,0,67301,0,0,0,N,0,0,0,1,67301,0,,4,1,,N,N,N,0,,1,0,0,0,0,,256,1,1,0,0,0,0,0,3,4,0,1,3,3.0,N,,,,,,,,,,,
2020090787,1751.0,1,0,0,0,0,0,0,0,0,1,0,,67,10,2020,6,39.9703,-75.124,1751.0,6,0,0,0,0,0,1,0,0,,0,0,0.0,17,1,1,0,N,1,39 58:13.253,1.0,0,75 07:26.435,8,0,0,0,67301,0,0,0,N,0,0,0,2,68K01,0,,1,9,1830.0,N,N,N,1,,0,0,0,3,2,N,1751,1,2,0,0,0,1,0,3,4,0,2,4,4.0,N,,,,,,,,,,,
2020046433,1914.0,1,0,0,0,0,0,0,0,0,4,0,,67,6,2020,1,40.0501,-75.0672,1913.0,6,0,0,0,0,1,1,0,0,,0,0,0.0,19,1,3,0,N,0,40 03:00.254,,0,75 04:01.987,3,0,0,0,67301,0,0,0,N,0,0,0,3,67301,2,,1,1,,N,N,N,0,,1,0,1,0,0,,1912,3,2,0,0,0,0,0,3,4,0,2,3,3.0,N,,,,,,,,,,,
2020089493,2314.0,0,0,0,0,0,0,0,0,0,0,0,,67,10,2020,2,39.9849,-75.0946,2314.0,6,0,0,0,0,0,0,0,0,,0,0,0.0,22,3,0,0,N,1,39 59:05.648,1.0,0,75 05:40.670,0,0,0,0,67301,0,0,0,N,0,0,0,1,68K01,0,,1,9,30.0,N,N,N,1,,0,0,0,0,0,N,2257,0,1,0,0,0,0,0,3,4,0,1,7,7.0,N,,,,,,,,,,,
2020046298,1605.0,2,0,0,0,0,0,0,0,0,3,0,,67,6,2020,7,40.0159,-75.1472,1605.0,6,0,0,0,0,0,0,1,0,,0,0,0.0,16,1,1,2,,0,40 00:57.146,,0,75 08:49.891,3,0,0,0,67301,0,0,0,N,0,0,0,3,67301,0,,1,1,,N,N,N,0,,1,0,0,0,0,,1605,1,2,0,0,3,0,0,3,4,0,2,3,3.0,N,,,,,,,,,,,
2020090641,908.0,2,0,0,0,0,0,0,0,0,4,0,,67,10,2020,3,39.9728,-75.2163,901.0,6,0,0,0,1,1,0,0,0,,0,0,0.0,7,1,2,1,,0,39 58:22.044,,0,75 12:58.781,4,0,0,0,67301,0,0,0,N,0,0,0,4,67301,2,,1,9,,N,Y,Y,1,,0,0,0,3,2,,740,2,3,0,0,0,0,1,3,4,0,3,7,4.0,N,,,,,,,,,,,
2020048078,1800.0,1,0,0,0,0,0,0,0,0,4,0,,67,6,2020,5,40.0189,-75.1404,1751.0,6,0,0,0,0,0,1,0,0,,0,0,0.0,17,1,1,1,,2,40 01:08.004,5.0,0,75 08:25.576,3,0,0,0,67301,0,0,0,N,0,0,0,3,67301,0,,1,1,2046.0,N,N,Y,0,,1,0,2,3,2,Y,1736,1,3,0,0,0,0,0,3,4,0,3,3,3.0,N,,,,,,,,,,,
2020090141,600.0,1,0,0,0,0,0,0,0,0,7,0,,67,9,2020,4,39.984,-75.118,555.0,6,0,0,0,0,0,0,0,0,,0,0,0.0,5,3,0,0,N,0,39 59:02.570,,0,75 07:04.940,0,0,0,0,67301,0,0,0,N,0,0,0,1,67301,0,,3,1,,N,N,N,0,,0,0,0,0,0,,543,0,1,0,0,0,0,0,3,4,0,1,3,3.0,N,,,,,,,,,,,
2020048741,1512.0,0,0,0,0,0,0,0,0,0,4,0,,67,6,2020,7,40.0086,-75.0688,1506.0,6,0,0,0,0,0,0,1,0,,0,0,0.0,15,1,1,1,,1,40 00:31.197,4.0,0,75 04:08.216,3,0,0,0,67301,0,0,0,N,0,0,0,2,67301,0,,1,1,1555.0,N,N,N,1,,1,0,1,3,2,N,1500,1,2,0,0,1,0,0,3,4,0,2,4,,N,,,,,,,,,,,
2020088990,700.0,1,0,0,0,0,0,1,0,0,1,1,,67,10,2020,4,40.0858,-75.0371,650.0,6,0,0,0,0,0,1,0,0,,0,0,0.0,6,3,1,0,N,1,40 05:09.010,2.0,0,75 02:13.520,3,0,0,0,67301,0,0,0,N,0,0,0,3,67301,0,,1,9,830.0,Y,N,N,0,,1,0,1,0,0,N,621,1,3,0,0,0,0,0,3,4,0,3,5,4.0,N,,,,,,,,,,,
2020048338,1053.0,1,0,0,0,0,0,0,0,0,4,0,,67,6,2020,5,39.9072,-75.1877,1050.0,6,0,0,0,0,0,1,0,0,,0,0,0.0,10,1,1,0,N,1,39 54:25.900,6.0,7,75 11:15.600,3,0,0,0,67301,0,0,0,N,0,0,0,2,67301,0,,1,9,1125.0,N,N,N,0,,1,0,1,3,3,N,1045,1,2,0,0,0,0,0,3,4,0,2,7,,N,,,,,,,,,,,
2020046150,820.0,1,0,0,0,0,0,0,0,0,2,0,,67,6,2020,7,39.94,-75.2208,816.0,6,0,0,0,0,0,0,0,0,,0,0,0.0,6,1,0,0,N,0,39 56:24.090,,0,75 13:14.920,9,0,0,0,67301,0,0,0,N,0,0,0,1,67301,0,,6,1,,N,N,N,0,,0,0,2,0,0,,645,0,4,0,0,0,0,1,3,4,1,4,3,3.0,N,,,,,,,,,,,
2020047858,1955.0,0,0,0,0,0,0,0,0,0,8,0,,67,6,2020,7,39.9927,-75.1175,1953.0,6,0,0,0,0,0,0,0,0,,0,0,0.0,19,1,1,0,N,2,39 59:33.740,3.0,0,75 07:03.120,8,0,0,0,67301,1,0,0,N,1,0,0,2,67301,0,,1,1,100.0,N,N,N,0,,0,0,1,0,0,Y,1939,1,2,0,0,0,1,1,3,4,0,1,3,3.0,N,,,,,,,,,,,
2020089007,1920.0,0,0,0,0,0,0,0,0,0,8,0,,67,10,2020,6,39.9667,-75.2249,1913.0,6,0,0,0,0,0,0,0,0,,1,0,0.0,19,4,0,1,N,9,39 57:59.976,,0,75 13:29.557,1,0,0,0,67301,1,1,0,N,1,1,0,2,67301,0,2.0,9,1,,N,N,N,0,0.0,0,0,0,3,2,,1910,0,2,0,0,0,0,1,3,4,0,1,3,,N,,,,,,,,,,,
2020050528,1722.0,1,0,0,0,0,0,0,0,0,7,0,,67,6,2020,2,40.0267,-75.026,1715.0,6,0,0,0,0,0,0,0,0,,0,0,0.0,17,1,1,0,N,0,40 01:36.002,,0,75 01:33.775,8,0,0,0,67301,0,0,0,N,0,0,0,1,68K01,0,,3,1,,N,N,N,0,,0,0,0,0,0,,1709,1,1,0,0,0,1,0,3,4,0,1,3,3.0,N,,,,,,,,,,,
2020048755,1144.0,3,0,0,0,0,0,0,0,0,4,0,,67,6,2020,7,39.973,-75.2261,1143.0,6,0,0,0,0,0,1,0,0,,0,0,0.0,11,1,1,1,,2,39 58:22.631,5.0,0,75 13:34.022,3,0,0,0,67301,0,0,0,N,0,0,0,2,67301,0,,1,1,1300.0,N,N,N,1,,1,0,0,3,2,Y,1142,1,4,0,0,0,0,0,3,4,0,4,3,3.0,N,,,,,,,,,,,