CRN,ARRIVAL_TM,AUTOMOBILE_COUNT,BELTED_DEATH_COUNT,BELTED_SUSP_SERIOUS_INJ_COUNT,BICYCLE_COUNT,BICYCLE_DEATH_COUNT,BICYCLE_SUSP_SERIOUS_INJ_COUNT,BUS_COUNT,CHLDPAS_DEATH_COUNT,CHLDPAS_SUSP_SERIOUS_INJ_COUNT,COLLISION_TYPE,COMM_VEH_COUNT,CONS_ZONE_SPD_LIM,COUNTY,CRASH_MONTH,CRASH_YEAR,DAY_OF_WEEK,DEC_LAT,DEC_LONG,DISPATCH_TM,DISTRICT,DRIVER_COUNT_16YR,DRIVER_COUNT_17YR,DRIVER_COUNT_18YR,DRIVER_COUNT_19YR,DRIVER_COUNT_20YR,DRIVER_COUNT_50_64YR,DRIVER_COUNT_65_74YR,DRIVER_COUNT_75PLUS,EST_HRS_CLOSED,FATAL_COUNT,HEAVY_TRUCK_COUNT,HORSE_BUGGY_COUNT,HOUR_OF_DAY,ILLUMINATION,INJURY_COUNT,INTERSECT_TYPE,INTERSECTION_RELATED,LANE_CLOSED,LATITUDE,LN_CLOSE_DIR,LOCATION_TYPE,LONGITUDE,MAX_SEVERITY_LEVEL,MCYCLE_DEATH_COUNT,MCYCLE_SUSP_SERIOUS_INJ_COUNT,MOTORCYCLE_COUNT,MUNICIPALITY,NONMOTR_COUNT,NONMOTR_DEATH_COUNT,NONMOTR_SUSP_SERIOUS_INJ_COUNT,NTFY_HIWY_MAINT,PED_COUNT,PED_DEATH_COUNT,PED_SUSP_SERIOUS_INJ_COUNT,PERSON_COUNT,POLICE_AGCY,POSSIBLE_INJ_COUNT,RDWY_SURF_TYPE_CD,RELATION_TO_ROAD,ROAD_CONDITION,ROADWAY_CLEARED,SCH_BUS_IND,SCH_ZONE_IND,SECONDARY_CRASH,SMALL_TRUCK_COUNT,SPEC_JURIS_CD,SUSP_MINOR_INJ_COUNT,SUSP_SERIOUS_INJ_COUNT,SUV_COUNT,TCD_FUNC_CD,TCD_TYPE,TFC_DETOUR_IND,TIME_OF_DAY,TOT_INJ_COUNT,TOTAL_UNITS,UNB_DEATH_COUNT,UNB_SUSP_SERIOUS_INJ_COUNT,UNBELTED_OCC_COUNT,UNK_INJ_DEG_COUNT,UNK_INJ_PER_COUNT,URBAN_AREA,URBAN_RURAL,VAN_COUNT,VEHICLE_COUNT,WEATHER1,WEATHER2,WORK_ZONE_IND,WORK_ZONE_LOC,WORK_ZONE_TYPE,WORKERS_PRES,WZ_CLOSE_DETOUR,WZ_FLAGGER,WZ_LAW_OFFCR_IND,WZ_LN_CLOSURE,WZ_MOVING,WZ_OTHER,WZ_SHLDER_MDN,WZ_WORKERS_INJ_KILLED
2020048217,1242.0,1,0,0,0,0,0,0,0,0,4,0,,67,6,2020,6,40.0323,-75.051,1242.0,6,0,0,0,0,0,0,0,0,,0,0,0.0,12,1,0,1,,0,40 01:56.185,,0,75 03:03.545,0,0,0,0,67301,0,0,0,N,0,0,0,5,67301,0,,1,1,,N,N,N,0,,0,0,1,3,2,,1242,0,2,0,0,1,0,0,3,4,0,2,3,3.0,N,,,,,,,,,,,
2020046602,1711.0,1,0,0,0,0,0,0,0,0,4,0,,67,6,2020,1,39.965,-75.2246,1704.0,6,0,0,0,0,0,1,0,0,,0,0,0.0,17,1,1,1,,0,39 57:53.634,,0,75 13:28.424,3,0,0,0,67301,0,0,0,N,0,0,0,3,67301,0,,1,1,,N,N,N,0,,1,0,1,3,2,,1700,1,2,0,0,0,0,0,3,4,0,2,3,3.0,N,,,,,,,,,,,
2020049938,1210.0,1,0,0,0,0,0,0,0,0,4,0,,67,6,2020,7,40.0475,-75.1428,1210.0,6,0,0,0,0,0,0,0,0,,0,0,0.0,12,1,2,1,,0,40 02:50.940,,0,75 08:34.016,3,0,0,0,67301,0,0,0,N,0,0,0,3,67301,0,,1,1,,N,N,N,0,,2,0,1,3,2,,1209,2,2,0,0,1,0,0,3,4,0,2,3,3.0,N,,,,,,,,,,,
2020047985,650.0,2,0,1,0,0,0,0,0,0,4,0,,67,6,2020,5,40.0373,-75.1666,644.0,6,0,0,0,0,0,0,0,0,,0,0,0.0,6,1,1,0,N,0,40 02:14.160,,0,75 09:59.800,2,0,0,0,67301,0,0,0,N,0,0,0,2,67301,0,,1,1,,N,N,N,0,,0,1,0,0,0,,640,1,2,0,0,0,0,0,3,4,0,2,3,3.0,N,,,,,,,,,,,
2020048736,2000.0,1,0,0,0,0,0,0,0,0,7,0,,67,6,2020,6,40.0568,-75.1752,2000.0,6,0,0,0,0,0,0,0,0,,0,0,0.0,20,4,0,0,N,0,40 03:24.759,,1,75 10:30.366,0,0,0,0,67301,0,0,0,N,0,0,0,1,67301,0,,4,1,,N,N,N,0,,0,0,0,0,0,,2000,0,2,0,0,0,0,0,3,4,0,1,3,,N,,,,,,,,,,,
2020048300,1910.0,1,0,0,0,0,0,0,0,0,4,0,,67,6,2020,7,39.9702,-75.1597,1905.0,6,0,0,2,0,0,0,0,0,,0,0,0.0,19,4,2,1,,1,39 58:12.616,3.0,0,75 09:34.731,3,0,0,0,67301,0,0,0,N,0,0,0,6,67301,0,,1,1,2030.0,N,N,N,0,,2,0,1,3,2,N,1903,2,2,0,0,1,0,0,3,4,0,2,3,,N,,,,,,,,,,,
2020046523,26.0,2,0,0,0,0,0,0,0,0,5,0,,67,6,2020,1,39.9291,-75.167,13.0,6,0,0,0,0,0,0,0,0,,0,0,0.0,0,3,0,0,N,0,39 55:44.630,,0,75 10:01.230,0,0,0,0,67301,0,0,0,N,0,0,0,1,67301,0,,6,1,,N,N,N,0,,0,0,1,0,0,,10,0,3,0,0,0,0,0,3,4,0,3,3,3.0,N,,,,,,,,,,,
2020057194,1700.0,1,0,0,0,0,0,0,0,0,1,0,,67,6,2020,2,39.9775,-75.1118,1644.0,6,0,0,0,0,0,0,0,0,,0,0,0.0,16,1,0,0,N,2,39 58:39.153,1.0,3,75 06:42.542,0,0,0,0,67301,0,0,0,N,0,0,0,4,68K01,0,,1,1,100.0,N,N,Y,0,,0,0,1,0,0,N,1638,0,4,0,0,0,0,0,3,4,2,4,3,3.0,N,,,,,,,,,,,
2020048076,1027.0,1,0,0,0,0,0,0,0,0,4,0,,67,6,2020,6,40.0556,-75.1812,1017.0,6,0,0,0,0,0,1,1,0,,0,0,0.0,10,1,1,2,,0,40 03:20.090,,0,75 10:52.760,3,0,0,0,67301,0,0,0,N,0,0,0,2,67301,0,,1,1,,N,N,N,0,,1,0,0,3,3,,1015,1,2,0,0,2,0,0,3,4,1,2,3,3.0,N,,,,,,,,,,,
2020091249,2113.0,2,0,0,0,0,0,0,0,0,5,0,,67,10,2020,2,39.9946,-75.1986,2113.0,6,0,0,0,0,0,0,0,0,,0,0,0.0,21,3,1,0,N,2,39 59:40.538,3.0,0,75 11:54.895,4,0,0,0,67301,0,0,0,N,0,0,0,2,68K01,1,,1,1,2130.0,N,N,N,0,,0,0,0,0,0,N,2113,1,2,0,0,1,0,0,3,4,0,2,3,,N,,,,,,,,,,,
2020066207,1552.0,1,0,0,0,0,0,0,0,0,8,0,,67,6,2020,4,40.0181,-75.1304,1552.0,6,0,0,0,0,1,0,0,0,,0,0,0.0,15,1,1,0,N,0,40 01:05.080,,0,75 07:49.310,3,0,0,0,67301,1,0,0,N,1,0,0,2,67301,0,,1,1,,N,N,N,0,,1,0,0,0,0,,1545,1,2,0,0,0,0,0,3,4,0,1,4,4.0,N,,,,,,,,,,,
2020084246,1827.0,2,0,0,0,0,0,0,0,0,4,0,,67,6,2020,3,40.0116,-75.163,1827.0,6,0,0,0,0,0,0,0,0,,0,0,0.0,18,1,0,1,,0,40 00:42.048,,0,75 09:46.973,9,0,0,0,67301,0,0,0,N,0,0,0,3,67301,0,,1,1,,N,N,N,0,,0,0,0,0,0,,1825,0,2,0,0,0,0,2,3,4,0,2,3,,N,,,,,,,,,,,
2020090779,1201.0,1,0,0,0,0,0,0,0,0,1,0,,67,10,2020,6,39.9596,-75.1759,1150.0,6,0,0,0,0,0,0,0,0,,0,0,0.0,11,1,1,0,N,0,39 57:34.693,,0,75 10:33.322,8,0,0,0,67301,0,0,0,N,0,0,0,5,68K01,0,,1,9,,N,N,N,0,,0,0,1,0,0,,1145,1,2,0,0,0,1,1,3,4,0,2,7,7.0,N,,,,,,,,,,,
2020046781,2032.0,2,0,0,0,0,0,0,0,0,5,0,,67,6,2020,1,39.922,-75.2432,2029.0,6,0,0,0,0,0,0,0,0,,0,0,0.0,20,3,1,0,N,0,39 55:19.330,,0,75 14:35.360,4,0,0,0,67301,1,0,0,N,0,0,0,2,67301,1,,6,1,,N,N,N,2,,0,0,1,0,0,,2025,1,5,0,0,0,0,0,3,4,0,5,3,3.0,N,,,,,,,,,,,
2020048593,1636.0,0,0,0,0,0,0,0,0,0,4,0,,67,6,2020,3,40.0531,-75.1378,1634.0,6,0,0,0,0,0,0,0,0,,0,0,0.0,15,1,1,1,,0,40 03:11.203,,0,75 08:15.971,8,0,0,0,67301,0,0,0,N,0,0,0,3,67301,0,,1,1,,N,N,N,0,,0,0,3,3,2,,1500,1,3,0,0,0,1,0,3,4,0,3,3,3.0,N,,,,,,,,,,,
2020089185,1814.0,2,0,0,0,0,0,0,0,0,4,0,,67,10,2020,5,40.0415,-75.1584,1800.0,6,0,0,0,0,0,1,0,0,,0,0,0.0,16,1,1,2,,9,40 02:29.398,,0,75 09:30.121,3,0,0,0,67301,0,0,0,N,0,0,0,3,67301,0,,1,1,,N,N,N,0,,1,0,0,3,2,U,1600,1,2,0,0,0,0,1,3,4,0,2,3,3.0,N,,,,,,,,,,,
2020089268,2310.0,1,0,0,0,0,0,0,0,0,5,1,50.0,67,10,2020,4,39.8988,-75.1724,2310.0,6,0,0,1,0,0,0,0,0,,0,1,0.0,23,3,0,0,N,1,39 53:58.362,1.0,0,75 09:48.146,0,0,0,0,67301,0,0,0,N,0,0,0,3,68K01,0,,1,1,2325.0,N,N,N,0,,0,0,0,0,0,N,2307,0,2,0,0,0,0,0,3,4,0,2,3,,Y,4.0,1.0,Y,N,N,Y,Y,N,Y,N,N
2020048753,943.0,1,0,0,0,0,0,0,0,0,4,0,,67,6,2020,2,39.992,-75.2375,942.0,6,0,0,0,0,0,1,0,0,,0,0,0.0,9,1,2,1,,0,39 59:31.088,,0,75 14:15.075,8,0,0,0,67301,1,0,0,N,1,0,0,4,67301,0,,1,1,,N,N,N,0,,0,0,1,3,2,,940,2,3,0,0,2,2,0,3,4,0,2,3,3.0,N,,,,,,,,,,,
2020050336,1600.0,1,0,0,1,0,0,0,0,0,6,0,,67,6,2020,4,39.9563,-75.2115,1545.0,6,0,0,0,0,0,0,0,0,,0,0,0.0,12,1,1,2,,0,39 57:22.755,,0,75 12:41.259,8,0,0,0,67301,1,0,0,N,0,0,0,2,67301,0,,1,1,,N,N,N,0,,0,0,0,0,0,,1200,1,2,0,0,0,1,1,3,4,0,1,3,3.0,N,,,,,,,,,,,
2020048411,1539.0,0,0,0,0,0,0,0,0,0,7,0,,67,6,2020,7,40.1182,-75.0185,1533.0,6,0,0,0,0,0,0,0,0,,0,0,0.0,15,1,0,0,N,0,40 07:05.398,,0,75 01:06.606,0,0,0,0,67301,0,0,0,N,0,0,0,2,67301,0,,4,1,,N,N,N,1,,0,0,1,0,0,,1516,0,2,0,0,0,0,0,3,4,0,2,4,4.0,N,,,,,,,,,,,
2020048223,1336.0,1,0,0,1,0,0,0,0,0,4,0,,67,6,2020,7,40.006,-75.1766,1335.0,6,0,0,0,0,0,0,0,0,,0,0,0.0,12,1,1,3,,0,40 00:21.607,,0,75 10:36.101,3,0,0,0,67301,1,0,0,N,0,0,0,2,67301,0,,1,1,,N,N,N,0,,1,0,0,3,2,,1250,1,2,0,0,1,0,0,3,4,0,1,3,3.0,N,,,,,,,,,,,
2020059849,148.0,0,0,0,0,0,0,0,0,0,7,0,,67,6,2020,4,39.9139,-75.1481,148.0,6,0,0,0,0,0,0,0,0,,0,0,0.0,1,3,0,0,N,0,39 54:50.006,,3,75 08:53.112,0,0,0,0,67301,0,0,0,N,0,0,0,1,68K01,0,,3,1,,N,N,N,1,,0,0,0,0,0,,147,0,1,0,0,1,0,0,3,4,0,1,3,,N,,,,,,,,,,,
2020050538,2238.0,1,0,0,0,0,0,0,0,0,1,0,,67,6,2020,1,39.942,-75.1433,2226.0,6,0,0,0,0,0,0,0,0,,0,0,0.0,21,3,1,0,N,0,39 56:31.160,,0,75 08:35.943,8,0,0,0,67301,0,0,0,N,0,0,0,2,68K01,0,,1,1,,N,N,N,0,,0,0,0,0,0,,2155,1,2,0,0,0,1,1,3,4,0,2,3,,N,,,,,,,,,,,
2020046937,1045.0,1,0,0,0,0,0,0,0,0,1,0,,67,6,2020,2,40.0205,-75.156,1045.0,6,0,0,0,0,0,0,0,0,,0,0,0.0,8,1,1,0,N,0,40 01:13.931,,3,75 09:21.722,3,0,0,0,67301,0,0,0,N,0,0,0,4,67301,0,,1,1,,N,N,Y,0,,1,0,0,0,0,,840,1,4,0,0,0,0,3,3,4,1,4,3,3.0,N,,,,,,,,,,,
2020091623,655.0,1,0,0,0,0,0,0,0,0,1,0,,67,10,2020,3,40.0087,-75.2046,644.0,6,0,0,0,0,0,1,0,0,,0,0,0.0,6,3,0,0,N,2,40 00:31.404,3.0,0,75 12:16.730,0,0,0,0,67301,0,0,0,N,0,0,0,2,68K01,0,,1,9,745.0,N,N,N,1,,0,0,0,0,0,N,644,0,2,0,0,0,0,0,3,4,0,2,7,,N,,,,,,,,,,,
2020046294,245.0,2,0,0,0,0,0,0,0,0,5,0,,67,6,2020,1,40.0442,-75.1644,240.0,6,0,0,0,0,0,0,0,0,,0,0,0.0,2,3,0,0,N,0,40 02:38.947,,0,75 09:51.940,0,0,0,0,67301,1,0,0,N,0,0,0,2,67301,0,,6,1,,N,N,N,0,,0,0,0,0,0,,230,0,3,0,0,0,0,0,3,4,1,3,3,3.0,N,,,,,,,,,,,
2020090773,257.0,2,0,0,0,0,0,0,0,0,5,0,,67,10,2020,6,40.0249,-75.0293,254.0,6,0,0,0,0,0,0,0,0,,0,0,0.0,2,3,1,0,N,1,40 01:29.801,1.0,0,75 01:45.579,3,0,0,0,67301,0,0,0,N,0,0,0,2,68K01,0,,1,1,300.0,N,N,N,0,,1,0,0,0,0,N,253,1,2,0,0,0,0,1,3,4,0,2,3,,N,,,,,,,,,,,
2020047382,1140.0,1,0,0,0,0,0,0,0,0,8,0,,67,6,2020,4,40.0687,-75.0673,1138.0,6,0,0,0,0,0,0,0,1,,0,0,0.0,11,1,1,2,,0,40 04:07.379,,0,75 04:02.423,4,0,0,0,67301,1,0,0,N,1,0,0,2,67301,1,,1,1,,N,N,N,0,,0,0,0,3,2,,1135,1,2,0,0,0,0,0,3,4,0,1,3,3.0,N,,,,,,,,,,,
2020048712,744.0,1,0,0,0,0,0,0,0,0,5,0,,67,6,2020,7,40.0188,-75.2111,740.0,6,0,0,0,0,0,1,0,0,,0,0,0.0,6,1,0,0,N,0,40 01:07.601,,0,75 12:40.028,0,0,0,0,67301,0,0,0,N,0,0,0,1,67301,0,,6,1,,N,N,Y,1,,0,0,1,0,0,,627,0,3,0,0,0,0,0,3,4,0,3,3,3.0,N,,,,,,,,,,,
2020048756,57.0,2,0,0,0,0,0,0,0,0,4,0,,67,6,2020,1,39.9721,-75.2336,57.0,6,0,0,0,0,0,0,0,0,,0,0,0.0,23,3,2,1,,0,39 58:19.613,,0,75 14:01.111,3,0,0,0,67301,0,0,0,N,0,0,0,3,67301,0,,1,1,,N,N,N,0,,2,0,0,3,3,,2353,2,2,0,0,3,0,0,3,4,0,2,3,3.0,N,,,,,,,,,,,
2020089970,1903.0,1,0,0,0,0,0,0,0,0,1,0,,67,10,2020,2,39.938,-75.198,1838.0,6,0,0,1,0,0,0,0,0,,0,0,0.0,18,3,1,0,N,0,39 56:16.939,,0,75 11:52.835,3,0,0,0,67301,0,0,0,N,0,0,0,4,68K01,0,,1,9,,N,N,N,0,,1,0,1,0,0,,1834,1,2,0,0,0,0,0,3,4,0,2,7,,N,,,,,,,,,,,
2020047556,10.0,2,0,0,0,0,0,0,0,0,4,0,,67,6,2020,4,40.0221,-75.0551,5.0,6,0,0,0,0,0,0,0,0,,0,0,0.0,0,3,0,2,,0,40 01:19.575,,0,75 03:18.401,9,0,0,0,67301,0,0,0,N,0,0,0,2,67301,0,,1,1,,N,N,N,0,,0,0,2,3,3,,2,0,4,0,0,1,0,1,3,4,0,4,3,,N,,,,,,,,,,,
2020049641,1722.0,2,0,0,0,0,0,0,0,0,4,0,,67,6,2020,1,39.968,-75.2078,1717.0,6,0,0,0,0,0,0,0,1,,0,0,0.0,16,1,0,1,,0,39 58:04.620,,0,75 12:28.202,0,0,0,0,67301,0,0,0,N,0,0,0,2,67301,0,,1,1,,N,N,N,0,,0,0,0,3,2,,1644,0,2,0,0,1,0,0,3,4,0,2,3,,N,,,,,,,,,,,
2020047713,1428.0,0,0,0,0,0,0,0,0,0,8,0,,67,6,2020,3,40.0114,-75.1508,1424.0,6,0,0,0,0,0,0,0,0,,0,0,0.0,14,1,1,0,N,0,40 00:40.910,,0,75 09:02.809,8,0,0,0,67301,1,0,0,N,1,0,0,2,67301,0,,1,1,,N,N,N,1,,0,0,0,0,0,,1409,1,2,0,0,0,1,1,3,4,0,1,3,3.0,N,,,,,,,,,,,
2020090792,410.0,1,0,0,0,0,0,0,0,0,7,0,,67,10,2020,7,39.981,-75.2065,410.0,6,0,0,0,0,0,0,0,0,,0,0,0.0,4,3,1,0,N,0,39 58:51.471,,0,75 12:23.503,3,0,0,0,67301,0,0,0,N,0,0,0,1,68K01,0,,4,9,,N,N,N,0,,1,0,0,0,0,,410,1,1,0,0,0,0,0,3,4,0,1,4,,N,,,,,,,,,,,
2020089783,1915.0,1,0,0,0,0,0,0,0,0,4,0,,67,10,2020,6,40.0612,-75.0835,1910.0,6,0,0,0,0,0,2,0,0,,0,0,0.0,19,3,1,1,,2,40 03:40.658,6.0,0,75 05:00.623,3,0,0,0,67301,0,0,0,N,0,0,0,3,67301,0,,1,1,100.0,N,N,N,1,,1,0,0,3,2,N,1907,1,2,0,0,0,0,0,3,4,0,2,3,3.0,N,,,,,,,,,,,
2020046526,1901.0,2,0,0,0,0,0,0,0,0,4,0,,67,6,2020,1,39.9522,-75.2408,1900.0,6,0,0,0,0,0,0,1,0,,0,0,0.0,18,1,5,1,,2,39 57:07.862,7.0,0,75 14:26.779,4,0,0,0,67301,0,0,0,N,0,0,0,6,67301,5,,1,1,2000.0,N,N,N,0,,0,0,1,3,2,Y,1859,5,3,0,0,0,0,1,3,4,0,3,3,3.0,N,,,,,,,,,,,
2020089881,110.0,1,0,0,0,0,0,0,0,0,7,0,,67,10,2020,2,39.9914,-75.155,104.0,6,0,0,0,0,0,0,0,0,,0,0,0.0,1,2,1,0,N,1,39 59:28.922,2.0,0,75 09:18.098,3,0,0,0,67301,0,0,0,N,0,0,0,1,67301,0,,5,9,320.0,N,N,N,0,,1,0,0,0,0,Y,100,1,1,0,0,0,0,0,3,4,0,1,7,,N,,,,,,,,,,,
2020048754,1137.0,1,0,0,0,0,0,0,0,0,5,0,,67,6,2020,7,39.9686,-75.2456,1137.0,6,0,0,0,0,0,1,0,0,,0,0,0.0,11,1,2,0,N,0,39 58:06.917,,0,75 14:44.123,3,0,0,0,67301,0,0,0,N,0,0,0,2,67301,1,,6,1,,N,N,N,0,,1,0,1,0,0,,1112,2,2,0,0,0,0,0,3,4,0,2,3,,N,,,,,,,,,,,
2020090535,645.0,2,0,0,0,0,0,0,0,0,4,0,,67,6,2020,4,40.0005,-75.1687,645.0,6,0,0,0,0,0,0,0,0,,0,0,0.0,6,1,0,1,,0,40 00:01.756,,0,75 10:07.492,0,0,0,0,67301,0,0,0,N,0,0,0,2,67301,0,,1,1,,N,N,N,0,,0,0,0,3,3,,630,0,2,0,0,1,0,0,3,4,0,2,3,,N,,,,,,,,,,,
2020046529,2035.0,1,0,0,0,0,0,0,0,0,5,0,,67,6,2020,1,39.9746,-75.1355,2032.0,6,0,0,0,0,0,0,0,0,,0,0,0.0,20,2,1,0,N,0,39 58:28.410,,0,75 08:07.940,8,0,0,0,67301,0,0,0,N,0,0,0,1,67301,0,,6,1,,N,N,N,0,,0,0,0,0,0,,2003,1,2,0,0,0,1,0,3,4,0,2,3,3.0,N,,,,,,,,,,,
2020048218,1059.0,3,0,0,0,0,0,0,0,0,4,0,,67,6,2020,7,40.0122,-75.0825,1050.0,6,0,0,0,0,0,0,0,0,,0,0,0.0,10,1,1,2,,0,40 00:44.000,,0,75 04:57.100,3,0,0,0,67301,0,0,0,N,0,0,0,3,67301,0,,1,1,,N,N,N,0,,1,0,1,3,3,,1045,1,4,0,0,0,0,0,3,4,0,4,3,,N,,,,,,,,,,,
2020048708,1121.0,1,0,0,0,0,0,0,0,0,4,0,,67,6,2020,7,39.9155,-75.1646,1106.0,6,0,0,0,0,0,1,0,0,,0,0,0.0,11,1,0,0,N,0,39 54:55.620,,0,75 09:52.690,0,0,0,0,67301,0,0,0,N,0,0,0,2,67301,0,,1,1,,N,N,N,0,,0,0,1,0,0,,1106,0,2,0,0,0,0,0,3,4,0,2,3,3.0,N,,,,,,,,,,,
2020047913,923.0,1,0,0,0,0,0,0,0,0,5,0,,67,6,2020,4,39.9962,-75.1444,902.0,6,0,0,0,0,0,1,0,1,,0,0,0.0,9,1,0,0,N,0,39 59:46.180,,0,75 08:39.730,0,0,0,0,67301,0,0,0,N,0,0,0,2,67301,0,,1,1,,N,N,N,0,,0,0,0,0,0,,900,0,2,0,0,1,0,0,3,4,1,2,3,3.0,N,,,,,,,,,,,
2020047209,1906.0,0,0,0,0,0,0,0,0,0,7,0,,67,6,2020,2,39.911,-75.1485,1906.0,6,0,0,0,0,1,0,0,0,,0,0,0.0,19,1,0,0,N,1,39 54:39.745,1.0,8,75 08:54.757,0,0,0,0,67301,0,0,0,N,0,0,0,1,68K01,0,,2,1,1916.0,N,N,N,0,,0,0,1,0,0,N,1905,0,1,0,0,0,0,0,3,4,0,1,3,3.0,N,,,,,,,,,,,
2020050024,2000.0,1,0,0,0,0,0,0,0,0,4,0,,67,6,2020,1,40.0541,-75.0085,1949.0,6,0,0,0,1,0,0,0,0,,0,0,0.0,19,4,1,0,N,1,40 03:14.876,1.0,7,75 00:30.604,8,0,0,0,67301,0,0,0,N,0,0,0,4,67301,0,,1,1,100.0,N,N,N,0,,0,0,1,0,0,N,1945,1,2,0,0,0,1,0,3,4,0,2,3,3.0,N,,,,,,,,,,,
2020048739,1630.0,2,0,0,0,0,0,0,0,0,4,0,,67,6,2020,4,40.0426,-75.0318,1620.0,6,0,0,0,0,0,1,0,0,,0,0,0.0,16,1,1,1,,0,40 02:33.432,,0,75 01:54.490,8,0,0,0,67301,0,0,0,N,0,0,0,2,67301,0,,1,1,,N,N,Y,0,,0,0,0,3,3,,1610,1,2,0,0,0,1,1,3,4,0,2,3,3.0,N,,,,,,,,,,,
2020089967,620.0,0,0,0,0,0,0,0,0,0,4,0,,67,10,2020,2,40.0442,-75.0028,559.0,6,0,0,0,0,0,0,0,0,,0,0,0.0,5,3,1,0,N,0,40 02:39.031,,0,75 00:09.910,8,0,0,0,67301,0,0,0,N,0,0,0,2,68K01,0,,1,9,,N,N,N,0,,0,0,2,0,0,,557,1,2,0,0,0,1,0,3,4,0,2,7,4.0,N,,,,,,,,,,,
2020048219,1815.0,1,0,0,0,0,0,0,0,0,4,0,,67,6,2020,5,39.9475,-75.2458,1811.0,6,0,0,0,0,0,0,1,0,,0,0,0.0,18,1,3,0,N,0,39 56:51.000,,0,75 14:44.900,3,0,0,0,67301,0,0,0,N,0,0,0,3,67301,0,,1,1,,N,N,N,0,,3,0,1,0,0,,1807,3,2,0,0,0,0,0,3,4,0,2,3,3.0,N,,,,,,,,,,,
2020089749,,2,0,0,0,0,0,0,0,0,4,0,,67,4,2020,3,40.0276,-75.1471,,6,0,0,0,0,1,0,0,0,,0,0,0.0,18,1,2,1,,0,40 01:39.287,,0,75 08:49.681,8,0,0,0,67301,0,0,0,N,0,0,0,2,00000,0,,1,1,,N,N,N,0,,0,0,0,3,2,,1815,2,2,0,0,0,2,0,3,4,0,2,3,,N,,,,,,,,,,,
2020047300,2150.0,1,0,0,0,0,0,0,0,0,4,0,,67,6,2020,2,39.9495,-75.1659,2146.0,6,0,0,0,0,0,0,0,0,,0,0,0.0,21,1,0,1,,0,39 56:58.402,,0,75 09:57.474,0,0,0,0,67301,0,0,0,N,0,0,0,2,67301,0,,1,1,,N,N,N,0,,0,0,0,3,2,,2130,0,2,0,0,0,0,0,3,4,1,2,3,3.0,N,,,,,,,,,,,
2020048527,1635.0,1,0,0,0,0,0,0,0,0,4,0,,67,6,2020,7,39.9461,-75.1768,1629.0,6,0,0,0,0,0,2,0,0,,0,0,0.0,16,1,0,1,,0,39 56:45.916,,0,75 10:36.344,0,0,0,0,67301,0,0,0,N,0,0,0,2,67301,0,,1,9,,N,N,N,0,,0,0,1,3,2,,1615,0,2,0,0,0,0,0,3,4,0,2,7,7.0,N,,,,,,,,,,,
2020052040,1447.0,1,0,0,0,0,0,0,0,0,5,0,,67,6,2020,2,39.8866,-75.2148,1433.0,6,0,0,0,0,0,0,0,0,,0,0,0.0,14,1,2,0,N,1,39 53:09.108,1.0,3,75 12:27.463,4,0,0,0,67301,0,0,0,N,0,0,0,3,68K01,1,,1,1,1500.0,N,N,N,1,,0,0,0,0,0,Y,1432,2,2,0,0,0,1,0,3,4,0,2,3,,N,,,,,,,,,,,
2020047386,836.0,2,0,0,0,0,0,0,0,0,1,0,,67,6,2020,4,40.0708,-75.1574,836.0,6,0,0,0,0,0,1,0,0,,0,0,0.0,8,1,0,1,,0,40 04:14.822,,0,75 09:26.639,0,0,0,0,67301,0,0,0,N,0,0,0,2,67301,0,,1,1,,N,N,N,0,,0,0,0,3,1,,836,0,2,0,0,0,0,0,3,4,0,2,3,3.0,N,,,,,,,,,,,
2020047711,1528.0,0,0,0,0,0,0,0,0,0,4,0,,67,6,2020,4,40.0102,-75.0981,1528.0,6,0,0,0,0,0,2,0,0,,0,0,0.0,14,1,1,1,,1,40 00:36.834,4.0,0,75 05:53.119,2,0,1,1,67301,0,0,0,N,0,0,0,2,67301,0,,1,1,1712.0,N,N,N,0,,0,1,1,3,2,N,1433,1,2,0,0,0,0,0,3,4,0,2,4,,N,,,,,,,,,,,
2020067313,1733.0,0,0,0,0,0,0,0,0,0,8,0,,67,6,2020,7,40.0408,-75.1396,1733.0,6,0,0,0,0,0,0,0,0,,0,0,0.0,21,6,1,2,,0,40 02:26.804,,0,75 08:22.671,3,0,0,0,67301,1,0,0,N,1,0,0,2,67301,0,,1,1,,N,N,N,0,,1,0,0,0,0,,2100,1,2,0,0,0,0,0,3,4,0,1,3,,N,,,,,,,,,,,
2020089965,2057.0,1,0,0,0,0,0,0,0,0,1,0,,67,10,2020,1,39.9446,-75.1913,2047.0,6,0,0,0,0,0,1,0,0,,0,0,0.0,20,1,0,7,N,2,39 56:40.625,4.0,0,75 11:28.773,0,0,0,0,67301,0,0,0,N,0,0,0,5,68K01,0,,1,1,30.0,N,N,N,0,,0,0,2,0,0,Y,2046,0,3,0,0,0,0,0,3,4,0,3,3,3.0,N,,,,,,,,,,,
2020046236,915.0,1,0,0,0,0,0,0,0,0,4,0,,67,6,2020,7,40.0731,-75.1639,900.0,6,0,0,0,0,0,0,0,0,,0,0,0.0,7,1,1,1,,0,40 04:23.192,,0,75 09:50.050,3,0,0,0,67301,0,0,0,N,0,0,0,2,67301,0,,1,1,,N,N,N,0,,1,0,1,3,3,,750,1,2,0,0,0,0,1,3,4,0,2,3,3.0,N,,,,,,,,,,,