CRN,ARRIVAL_TM,AUTOMOBILE_COUNT,BELTED_DEATH_COUNT,BELTED_SUSP_SERIOUS_INJ_COUNT,BICYCLE_COUNT,BICYCLE_DEATH_COUNT,BICYCLE_SUSP_SERIOUS_INJ_COUNT,BUS_COUNT,CHLDPAS_DEATH_COUNT,CHLDPAS_SUSP_SERIOUS_INJ_COUNT,COLLISION_TYPE,COMM_VEH_COUNT,CONS_ZONE_SPD_LIM,COUNTY,CRASH_MONTH,CRASH_YEAR,DAY_OF_WEEK,DEC_LAT,DEC_LONG,DISPATCH_TM,DISTRICT,DRIVER_COUNT_16YR,DRIVER_COUNT_17YR,DRIVER_COUNT_18YR,DRIVER_COUNT_19YR,DRIVER_COUNT_20YR,DRIVER_COUNT_50_64YR,DRIVER_COUNT_65_74YR,DRIVER_COUNT_75PLUS,EST_HRS_CLOSED,FATAL_COUNT,HEAVY_TRUCK_COUNT,HORSE_BUGGY_COUNT,HOUR_OF_DAY,ILLUMINATION,INJURY_COUNT,INTERSECT_TYPE,INTERSECTION_RELATED,LANE_CLOSED,LATITUDE,LN_CLOSE_DIR,LOCATION_TYPE,LONGITUDE,MAX_SEVERITY_LEVEL,MCYCLE_DEATH_COUNT,MCYCLE_SUSP_SERIOUS_INJ_COUNT,MOTORCYCLE_COUNT,MUNICIPALITY,NONMOTR_COUNT,NONMOTR_DEATH_COUNT,NONMOTR_SUSP_SERIOUS_INJ_COUNT,NTFY_HIWY_MAINT,PED_COUNT,PED_DEATH_COUNT,PED_SUSP_SERIOUS_INJ_COUNT,PERSON_COUNT,POLICE_AGCY,POSSIBLE_INJ_COUNT,RDWY_SURF_TYPE_CD,RELATION_TO_ROAD,ROAD_CONDITION,ROADWAY_CLEARED,SCH_BUS_IND,SCH_ZONE_IND,SECONDARY_CRASH,SMALL_TRUCK_COUNT,SPEC_JURIS_CD,SUSP_MINOR_INJ_COUNT,SUSP_SERIOUS_INJ_COUNT,SUV_COUNT,TCD_FUNC_CD,TCD_TYPE,TFC_DETOUR_IND,TIME_OF_DAY,TOT_INJ_COUNT,TOTAL_UNITS,UNB_DEATH_COUNT,UNB_SUSP_SERIOUS_INJ_COUNT,UNBELTED_OCC_COUNT,UNK_INJ_DEG_COUNT,UNK_INJ_PER_COUNT,URBAN_AREA,URBAN_RURAL,VAN_COUNT,VEHICLE_COUNT,WEATHER1,WEATHER2,WORK_ZONE_IND,WORK_ZONE_LOC,WORK_ZONE_TYPE,WORKERS_PRES,WZ_CLOSE_DETOUR,WZ_FLAGGER,WZ_LAW_OFFCR_IND,WZ_LN_CLOSURE,WZ_MOVING,WZ_OTHER,WZ_SHLDER_MDN,WZ_WORKERS_INJ_KILLED
2020090768,2346.0,0,0,0,0,0,0,0,0,0,5,1,,67,10,2020,6,39.9942,-75.1988,2346.0,6,0,0,0,0,0,1,0,0,,0,1,0.0,23,3,1,0,N,0,39 59:39.074,,0,75 11:55.579,3,0,0,0,67301,0,0,0,N,0,0,0,4,68K01,0,,1,1,,N,N,N,0,,1,0,1,0,0,,2346,1,2,0,0,0,0,0,3,4,0,2,3,,N,,,,,,,,,,,
2020089265,911.0,0,0,0,0,0,0,0,0,0,7,1,45.0,67,10,2020,4,40.0112,-75.0612,859.0,6,0,0,0,0,0,0,0,0,,0,1,0.0,8,1,2,0,N,2,40 00:40.419,1.0,0,75 03:40.372,3,0,0,0,67301,0,0,0,N,0,0,0,2,68K01,1,,2,1,1110.0,N,N,N,0,,1,0,0,0,0,N,858,2,1,0,0,0,0,0,3,4,0,1,3,3.0,Y,4.0,1.0,N,,,N,Y,,,Y,N
2020048507,1610.0,2,0,0,0,0,0,0,0,0,4,0,,67,6,2020,7,39.9935,-75.1269,1604.0,6,0,0,0,0,0,0,0,0,,0,0,0.0,14,1,0,2,,0,39 59:36.700,,0,75 07:36.800,0,0,0,0,67301,0,0,0,N,0,0,0,3,67301,0,,1,1,,N,N,N,0,,0,0,0,3,3,,1448,0,2,0,0,0,0,0,3,4,0,2,3,3.0,N,,,,,,,,,,,
2020046300,146.0,3,0,0,0,0,0,0,0,0,5,0,,67,6,2020,1,39.9968,-75.1767,146.0,6,0,0,0,0,0,0,0,0,,0,0,0.0,1,3,1,0,N,0,39 59:48.467,,0,75 10:36.034,3,0,0,0,67301,0,0,0,N,0,0,0,2,67301,0,,1,1,,N,N,N,0,,1,0,0,0,0,,126,1,3,0,0,1,0,0,3,4,0,3,3,3.0,N,,,,,,,,,,,
2020048589,2301.0,4,0,0,0,0,0,0,0,0,5,0,,67,6,2020,6,39.9754,-75.1189,2300.0,6,0,0,0,0,0,0,0,0,,0,0,0.0,22,3,0,0,N,2,39 58:31.360,6.0,0,75 07:08.060,0,0,0,0,67301,0,0,0,N,0,0,0,1,67301,0,,6,1,0.0,N,N,N,0,,0,0,1,0,0,Y,2251,0,5,0,0,0,0,0,3,4,0,5,3,,N,,,,,,,,,,,
2020048762,1950.0,1,0,0,0,0,0,0,0,0,4,0,,67,6,2020,6,39.9955,-75.1089,1946.0,6,0,0,0,0,0,0,0,0,,0,0,0.0,19,4,1,1,,0,39 59:43.731,,0,75 06:32.155,3,0,0,0,67301,0,0,0,N,0,0,0,2,67301,0,,1,1,,N,N,N,0,,1,0,1,2,2,,1917,1,2,0,0,1,0,0,3,4,0,2,3,3.0,N,,,,,,,,,,,
2020048410,1315.0,0,0,0,0,0,0,0,0,0,4,0,,67,6,2020,5,39.9568,-75.1386,1305.0,6,0,0,0,0,0,1,0,0,,0,0,0.0,13,1,1,1,,0,39 57:24.429,,0,75 08:18.900,3,0,0,0,67301,0,0,0,N,0,0,0,2,67301,0,,1,1,,N,N,N,0,,1,0,2,3,2,,1300,1,2,0,0,2,0,0,3,4,0,2,3,3.0,N,,,,,,,,,,,
2020060680,415.0,3,0,0,0,0,0,0,0,0,4,0,,67,6,2020,1,39.9549,-75.2087,359.0,6,0,0,0,0,0,0,0,0,,0,0,0.0,3,3,2,1,,0,39 57:17.614,,0,75 12:31.573,2,0,0,0,67301,0,0,0,N,0,0,0,3,67301,0,,1,1,,N,N,N,0,,0,2,1,3,2,,349,2,5,0,0,0,0,1,3,4,1,5,3,,N,,,,,,,,,,,
2020052060,1155.0,2,0,0,0,0,0,0,0,0,1,0,,67,6,2020,7,39.957,-75.1561,1155.0,6,0,0,0,0,0,0,0,0,,0,0,0.0,11,1,0,0,N,1,39 57:25.240,3.0,0,75 09:21.895,0,0,0,0,67301,0,0,0,N,0,0,0,3,68K01,0,,1,1,1150.0,N,N,N,0,,0,0,1,0,0,N,1131,0,3,0,0,0,0,0,3,4,0,3,3,,N,,,,,,,,,,,
2020048771,2248.0,1,0,0,0,0,0,0,0,0,4,0,,67,6,2020,1,40.0158,-75.1411,2248.0,6,0,0,0,0,0,0,0,0,,0,0,0.0,22,3,0,1,,1,40 00:56.908,2.0,0,75 08:28.024,9,0,0,0,67301,0,0,0,N,0,0,0,2,67301,0,,1,1,10.0,N,N,N,0,,0,0,1,3,2,N,2240,0,2,0,0,0,0,1,3,4,0,2,3,,N,,,,,,,,,,,
2020047557,55.0,1,0,0,0,0,0,0,0,0,4,0,,67,6,2020,4,39.9358,-75.1806,50.0,6,0,0,0,0,0,0,0,0,,0,0,0.0,0,3,3,1,,0,39 56:09.013,,0,75 10:50.235,3,0,0,0,67301,0,0,0,N,0,0,0,4,67301,0,,1,1,,N,N,N,0,,3,0,2,3,2,,48,3,3,0,0,0,0,0,3,4,0,3,3,3.0,N,,,,,,,,,,,
2020046367,100.0,1,0,0,0,0,0,0,0,0,4,0,,67,6,2020,1,39.9738,-75.2064,57.0,6,0,0,1,0,0,0,0,0,,0,0,0.0,0,3,0,1,,0,39 58:25.797,,0,75 12:23.198,9,0,0,0,67301,0,0,0,N,0,0,0,2,67301,0,,1,1,,N,N,N,1,,0,0,0,3,2,,1,0,2,0,0,0,0,1,3,4,0,2,3,3.0,N,,,,,,,,,,,
2020091244,1107.0,1,0,0,0,0,0,0,0,0,1,0,,67,10,2020,2,39.9579,-75.1617,1059.0,6,0,0,0,0,0,0,0,0,,0,0,0.0,10,1,1,0,N,0,39 57:28.280,,0,75 09:42.227,3,0,0,0,67301,0,0,0,N,0,0,0,4,68K01,0,,1,1,,N,N,N,0,,1,0,2,0,0,,1055,1,4,0,0,0,0,0,3,4,0,4,3,3.0,N,,,,,,,,,,,
2020047983,1100.0,2,0,0,0,0,0,0,0,0,4,0,,67,6,2020,5,39.9352,-75.2264,1057.0,6,0,0,0,0,0,1,0,0,,0,0,0.0,10,1,0,1,,0,39 56:07.100,,0,75 13:35.000,0,0,0,0,67301,0,0,0,N,0,0,0,2,67301,0,,1,9,,N,N,N,0,,0,0,0,3,3,,1055,0,2,0,0,0,0,0,3,4,0,2,7,4.0,N,,,,,,,,,,,
2020048098,1205.0,2,0,0,0,0,0,0,0,0,4,0,,67,6,2020,3,39.958,-75.1488,1202.0,6,0,0,0,0,0,1,0,0,,0,0,0.0,12,1,2,1,,1,39 57:28.881,4.0,6,75 08:55.758,3,0,0,0,67301,0,0,0,N,0,0,0,2,67301,0,,1,1,110.0,N,N,Y,0,,2,0,0,3,2,Y,1201,2,2,0,0,0,0,0,3,4,0,2,3,3.0,N,,,,,,,,,,,
2020047389,835.0,1,0,0,0,0,0,0,0,0,4,0,,67,6,2020,4,39.9905,-75.1405,823.0,6,0,0,0,0,0,0,0,0,,0,0,0.0,7,1,1,1,,1,39 59:25.828,1.0,0,75 08:25.965,8,0,0,0,67301,0,0,0,N,0,0,0,2,67301,0,,1,1,900.0,N,N,N,1,,0,0,0,3,2,Y,725,1,2,0,0,0,1,0,3,4,0,2,3,3.0,N,,,,,,,,,,,
2020089000,1730.0,1,0,0,0,0,0,0,0,0,8,1,,67,10,2020,3,40.0445,-75.1611,1724.0,6,0,0,0,0,0,0,0,0,,0,1,0.0,17,1,1,0,N,0,40 02:40.150,,0,75 09:40.080,8,0,0,0,67301,1,0,0,N,1,0,0,3,67301,0,,1,1,,N,N,N,0,,0,0,0,0,0,,1713,1,3,0,0,0,1,0,3,4,0,2,3,3.0,N,,,,,,,,,,,
2020057198,520.0,0,0,0,0,0,0,0,0,0,8,0,,67,6,2020,5,39.9103,-75.1509,510.0,6,0,0,0,0,0,1,0,0,,0,0,0.0,5,3,1,1,,0,39 54:37.249,,2,75 09:03.078,4,0,0,0,67301,1,0,0,N,1,0,0,2,68K01,1,,1,1,,N,N,N,1,,0,0,0,3,2,,505,1,2,0,0,1,0,0,3,4,0,1,3,,N,,,,,,,,,,,
2020048749,2027.0,2,0,0,0,0,0,0,0,0,4,0,,67,6,2020,1,39.9522,-75.2408,2026.0,6,0,0,0,0,0,0,0,0,,0,0,0.0,19,1,1,1,,0,39 57:07.862,,0,75 14:26.779,3,0,0,0,67301,0,0,0,N,0,0,0,2,67301,0,,1,1,,N,N,N,0,,1,0,0,3,2,,1909,1,2,0,0,0,0,0,3,4,0,2,3,3.0,N,,,,,,,,,,,
2020047379,1152.0,1,0,0,0,0,0,0,0,0,5,0,,67,6,2020,2,39.9576,-75.1457,1151.0,6,0,0,0,0,0,1,0,0,,0,0,0.0,11,1,0,1,,0,39 57:27.432,,0,75 08:44.473,0,0,0,0,67301,0,0,0,N,0,0,0,2,67301,0,,1,1,,N,N,N,0,,0,0,1,3,2,,1150,0,2,0,0,0,0,0,3,4,0,2,99,,N,,,,,,,,,,,
2020048075,1420.0,1,0,0,0,0,0,0,0,0,5,0,,67,6,2020,5,40.0629,-75.0094,1415.0,6,0,0,0,0,0,0,0,0,,0,0,0.0,14,1,0,0,N,1,40 03:46.285,1.0,0,75 00:33.954,0,0,0,0,67301,0,0,0,N,0,0,0,1,67301,0,,6,1,1515.0,N,N,N,0,,0,0,1,0,0,N,1415,0,2,0,0,0,0,0,3,4,0,2,3,3.0,N,,,,,,,,,,,
2020089878,830.0,0,0,0,0,0,0,0,0,0,6,1,,67,10,2020,2,39.8999,-75.1404,807.0,6,0,0,0,0,0,1,0,0,,0,1,0.0,8,1,1,0,N,0,39 53:59.700,,0,75 08:25.500,8,0,0,0,67301,0,0,0,N,0,0,0,1,67301,0,,6,9,,N,N,N,1,,0,0,0,0,0,,800,1,2,0,0,0,1,0,3,4,0,2,7,,N,,,,,,,,,,,
2020091246,1450.0,0,0,0,0,0,0,0,0,0,1,0,,67,10,2020,2,40.007,-75.0731,1439.0,6,0,0,0,0,0,0,0,0,,0,0,0.0,14,1,3,0,N,2,40 00:25.206,1.0,0,75 04:23.333,8,0,0,0,67301,0,0,0,N,0,0,0,4,68K01,0,,1,1,1620.0,N,N,N,2,,0,0,1,0,0,N,1435,3,3,0,0,0,3,0,3,4,0,3,3,,N,,,,,,,,,,,
2020048296,1825.0,1,0,0,0,0,0,0,0,0,4,0,,67,6,2020,7,40.0582,-75.1632,1825.0,6,0,0,0,0,0,0,1,0,,0,0,0.0,5,1,2,1,,0,40 03:29.608,,0,75 09:47.387,3,0,0,0,67301,0,0,0,N,0,0,0,5,67301,1,,1,9,,N,N,N,0,,1,0,1,3,3,,546,2,2,0,0,0,0,2,3,4,0,2,7,4.0,N,,,,,,,,,,,
2020047912,1141.0,1,0,0,0,0,0,0,0,0,8,0,,67,6,2020,5,39.9973,-75.1119,1141.0,6,0,0,0,0,0,0,0,0,,0,0,0.0,11,1,1,0,N,0,39 59:50.310,,0,75 06:42.990,3,0,0,0,67301,1,0,0,N,1,0,0,2,67301,0,,1,9,,N,N,N,0,,1,0,0,0,0,,1141,1,2,0,0,0,0,0,3,4,0,1,7,4.0,N,,,,,,,,,,,
2020048763,2320.0,3,0,0,0,0,0,0,0,0,4,0,,67,6,2020,6,40.0026,-75.0997,2315.0,6,0,0,0,0,0,0,0,0,,0,0,0.0,22,3,0,5,,0,40 00:09.273,,0,75 05:59.019,0,0,0,0,67301,0,0,0,N,0,0,0,2,67301,0,,1,1,,N,N,N,0,,0,0,0,3,2,,2221,0,3,0,0,0,0,0,3,4,0,3,3,,N,,,,,,,,,,,
2020047829,2035.0,3,0,0,0,0,0,0,0,0,5,0,,67,6,2020,5,40.062,-75.1619,2030.0,6,0,0,0,0,0,0,0,0,,0,0,0.0,20,4,0,0,N,0,40 03:43.230,,0,75 09:43.010,0,0,0,0,67301,0,0,0,N,0,0,0,1,67301,0,,6,1,,N,N,N,0,,0,0,0,0,0,,2005,0,3,0,0,1,0,0,3,4,0,3,3,4.0,N,,,,,,,,,,,
2020046257,200.0,2,0,0,0,0,0,0,0,0,4,0,,67,6,2020,1,39.9737,-75.1387,154.0,6,0,0,0,0,0,1,0,0,,0,0,0.0,1,3,0,1,,1,39 58:25.179,2.0,0,75 08:19.154,0,0,0,0,67301,0,0,0,N,0,0,0,2,67301,0,,1,1,330.0,N,N,N,0,,0,0,0,3,2,N,145,0,2,0,0,0,0,0,3,4,0,2,3,,N,,,,,,,,,,,
2020089968,803.0,0,0,0,0,0,0,0,0,0,0,1,,67,10,2020,2,39.9434,-75.143,753.0,6,0,0,0,0,0,0,0,0,,0,1,0.0,7,1,1,0,N,1,39 56:36.298,2.0,0,75 08:34.959,3,0,0,0,67301,0,0,0,N,0,0,0,1,68K01,0,,1,9,950.0,N,N,N,0,,1,0,0,0,0,N,752,1,1,0,0,0,0,0,3,4,0,1,7,,N,,,,,,,,,,,
2020047982,830.0,1,0,0,0,0,0,0,0,0,4,0,,67,6,2020,5,39.9231,-75.2389,827.0,6,0,0,0,0,0,0,0,0,,0,0,0.0,8,1,2,0,N,0,39 55:23.300,,0,75 14:20.030,2,0,0,0,67301,0,0,0,N,0,0,0,3,67301,1,,1,1,,N,N,N,0,,0,1,1,0,0,,826,2,2,0,1,2,0,0,3,4,0,2,4,3.0,N,,,,,,,,,,,
2020090397,1535.0,0,0,0,0,0,0,0,0,0,8,0,,67,10,2020,3,40.0324,-75.0634,1531.0,6,0,0,0,0,0,1,0,0,,0,0,0.0,15,1,1,0,N,1,40 01:56.603,6.0,0,75 03:48.125,2,0,0,0,67301,1,0,1,N,1,0,1,4,67301,0,,1,1,1733.0,N,N,N,0,,0,1,0,3,2,Y,1531,1,2,0,0,0,0,0,3,4,1,1,3,3.0,N,,,,,,,,,,,
2020048077,2310.0,2,0,0,0,0,0,0,0,0,5,0,,67,6,2020,5,39.9806,-75.198,2302.0,6,0,0,1,0,0,0,0,0,,0,0,0.0,23,3,1,2,,0,39 58:50.109,,0,75 11:52.626,3,0,0,0,67301,0,0,0,N,0,0,0,3,67301,0,,1,1,,N,N,N,0,,1,0,0,0,0,,2300,1,2,0,0,0,0,0,3,4,0,2,3,3.0,N,,,,,,,,,,,
2020047989,1000.0,1,0,0,0,0,0,0,0,0,7,0,,67,6,2020,6,40.0045,-75.1627,953.0,6,0,0,0,0,0,0,0,0,,0,0,0.0,9,1,1,2,,2,40 00:16.074,4.0,0,75 09:45.601,2,0,0,0,67301,0,0,0,N,0,0,0,1,67301,0,,4,1,200.0,N,N,N,0,,0,1,0,0,0,Y,950,1,1,0,0,0,0,0,3,4,0,1,3,,N,,,,,,,,,,,
2020046292,1233.0,1,0,0,1,0,1,0,0,0,5,0,,67,6,2020,7,40.0365,-75.0228,1230.0,6,0,0,0,0,0,0,0,0,,0,0,0.0,12,1,1,0,N,2,40 02:11.492,5.0,0,75 01:21.984,2,0,0,0,67301,1,0,1,N,0,0,0,2,67301,0,,1,1,100.0,N,N,N,0,,0,1,0,0,0,Y,1227,1,2,0,0,1,0,0,3,4,0,1,3,3.0,N,,,,,,,,,,,
2020052062,1646.0,1,0,0,0,0,0,0,0,0,7,0,,67,6,2020,7,39.8991,-75.177,1646.0,6,0,0,0,0,0,0,0,0,,0,0,0.0,16,1,1,0,N,1,39 53:56.831,1.0,0,75 10:00.612,3,0,0,0,67301,0,0,0,N,0,0,0,1,68K01,0,,3,8,1650.0,N,N,N,0,,1,0,0,0,0,N,1646,1,1,0,0,0,0,0,3,4,0,1,7,,N,,,,,,,,,,,
2020091638,1846.0,2,0,0,0,0,0,0,0,0,1,0,,67,10,2020,6,39.9859,-75.0927,1845.0,6,0,0,0,0,1,0,0,0,,0,0,0.0,18,3,0,0,N,1,39 59:09.259,1.0,0,75 05:33.744,0,0,0,0,67301,0,0,0,N,0,0,0,3,68K01,0,,1,1,30.0,N,N,N,0,,0,0,1,0,0,N,1840,0,3,0,0,0,0,0,3,4,0,3,3,,N,,,,,,,,,,,
2020088498,,1,0,0,0,0,0,0,0,0,1,0,,67,7,2020,7,40.0205,-75.0537,,6,0,0,0,0,0,0,0,0,,0,0,0.0,2,3,1,1,,0,40 01:13.862,,0,75 03:13.412,8,0,0,0,67301,0,0,0,N,0,0,0,2,00000,0,,1,1,,,,N,0,,0,0,1,3,2,,200,1,2,0,0,0,1,0,3,4,0,2,3,,N,,,,,,,,,,,
2020048710,2300.0,3,0,0,0,0,0,0,0,0,4,0,,67,6,2020,7,39.924,-75.1668,2254.0,6,0,0,0,0,0,0,1,0,,0,0,0.0,22,3,0,0,N,0,39 55:26.404,,0,75 10:00.331,0,0,0,0,67301,0,0,0,N,0,0,0,2,67301,0,,1,1,,N,N,Y,0,,0,0,1,0,0,,2249,0,4,0,0,0,0,0,3,4,0,4,3,3.0,N,,,,,,,,,,,
2020091347,2056.0,1,0,0,0,0,0,0,0,0,5,0,,67,10,2020,4,40.0801,-75.0292,2055.0,6,0,0,1,0,0,1,0,0,,0,0,0.0,19,3,0,0,N,0,40 04:48.435,,0,75 01:45.184,0,0,0,0,67301,0,0,0,N,0,0,0,2,67301,0,,1,1,,N,N,N,0,,0,0,1,9,9,,1910,0,2,0,0,0,0,0,3,4,0,2,3,3.0,N,,,,,,,,,,,
2020047312,2050.0,1,0,0,0,0,0,0,0,0,4,0,,67,6,2020,3,39.9729,-75.1195,2049.0,6,0,0,0,0,0,0,0,0,,0,0,0.0,20,3,2,2,,0,39 58:22.820,,0,75 07:10.856,3,0,0,0,67301,0,0,0,N,0,0,0,3,67301,1,,1,1,,N,N,N,0,,1,0,1,3,2,,2040,2,2,0,0,0,0,0,3,4,0,2,3,3.0,N,,,,,,,,,,,
2020046366,52.0,2,0,0,0,0,0,0,0,0,1,0,,67,6,2020,7,39.9867,-75.2076,52.0,6,0,0,0,0,0,0,0,0,,0,0,0.0,23,3,0,1,,0,39 59:12.288,,2,75 12:27.201,0,0,0,0,67301,0,0,0,N,0,0,0,3,67301,0,,1,1,,N,N,N,0,,0,0,0,3,2,,2345,0,2,0,0,0,0,0,3,4,0,2,3,3.0,N,,,,,,,,,,,
2020047805,1949.0,0,0,0,0,0,0,0,0,0,7,0,,67,6,2020,5,39.9775,-75.1543,1945.0,6,0,0,0,0,0,0,0,0,,0,0,0.0,19,4,0,0,N,0,39 58:38.900,,7,75 09:15.500,0,0,0,0,67301,0,0,0,N,0,0,0,1,67505,0,,5,1,,N,N,N,0,,0,0,1,0,0,,1944,0,1,0,0,0,0,0,3,4,0,1,3,3.0,N,,,,,,,,,,,
2020046528,1737.0,0,0,0,1,0,0,0,0,0,5,0,,67,6,2020,7,39.9872,-75.1052,1737.0,6,0,0,0,0,0,0,0,0,,0,0,0.0,19,4,1,0,N,0,39 59:13.972,,0,75 06:18.672,8,0,0,0,67301,1,0,0,N,0,0,0,2,67301,0,,1,1,,N,N,N,0,,0,0,1,0,0,,1922,1,2,0,0,0,1,0,3,4,0,1,3,,N,,,,,,,,,,,
2020049642,2235.0,0,0,0,0,0,0,0,0,0,5,0,,67,6,2020,1,39.9778,-75.2097,2231.0,6,0,0,0,0,0,0,0,0,,0,0,0.0,22,3,2,0,N,0,39 58:40.170,,0,75 12:34.790,3,0,0,1,67301,0,0,0,N,0,0,0,2,67301,1,,1,1,,N,N,N,0,,1,0,1,0,0,,2229,2,2,0,0,0,0,0,3,4,0,2,3,3.0,N,,,,,,,,,,,
2020046811,111.0,0,0,0,0,0,0,0,0,0,7,0,,67,6,2020,1,40.0405,-75.0591,57.0,6,0,0,0,0,0,0,0,0,,0,0,0.0,0,3,2,1,,1,40 02:25.900,2.0,0,75 03:33.100,4,0,0,0,67301,0,0,0,N,0,0,0,2,67301,2,,4,1,240.0,N,N,N,0,,0,0,1,3,2,Y,51,2,2,0,0,0,0,0,3,4,0,1,3,3.0,N,,,,,,,,,,,
2020047391,1933.0,0,0,0,1,0,0,0,0,0,4,0,,67,6,2020,3,40.0434,-75.1238,1933.0,6,0,0,0,0,0,0,0,0,,0,0,0.0,19,1,1,1,,0,40 02:36.398,,0,75 07:25.532,4,0,0,0,67301,1,0,0,N,0,0,0,2,67301,1,,1,1,,N,N,N,0,,0,0,1,3,2,,1926,1,2,0,0,0,0,0,3,4,0,1,3,3.0,N,,,,,,,,,,,
2020048145,1338.0,3,0,0,0,0,0,0,0,0,1,0,,67,6,2020,5,39.9875,-75.1415,1335.0,6,0,0,0,0,0,0,0,0,,0,0,0.0,13,1,0,0,N,2,39 59:15.150,4.0,0,75 08:29.230,0,0,0,0,67301,0,0,0,N,0,0,0,2,67301,0,,1,1,1510.0,N,N,N,0,,0,0,2,0,0,Y,1334,0,5,0,0,0,0,0,3,4,0,5,3,,N,,,,,,,,,,,
2020048144,1005.0,1,0,0,0,0,0,0,0,0,4,0,,67,6,2020,5,39.9588,-75.2063,1004.0,6,0,0,0,0,0,1,0,0,,0,0,0.0,10,1,0,1,,0,39 57:31.834,,0,75 12:22.608,0,0,0,0,67301,0,0,0,N,0,0,0,2,67301,0,,1,9,,N,N,N,0,,0,0,1,3,2,,1000,0,2,0,0,0,0,0,3,4,0,2,7,7.0,N,,,,,,,,,,,
2020048713,1050.0,2,0,0,0,0,0,0,0,0,1,0,,67,6,2020,7,40.0538,-75.2312,1045.0,6,0,0,0,0,0,2,0,0,,0,0,0.0,10,1,1,1,,2,40 03:13.366,2.0,0,75 13:52.143,3,0,0,0,67301,0,0,0,N,0,0,0,2,67301,0,,1,1,1100.0,N,N,N,0,,1,0,0,3,2,N,1000,1,2,0,0,1,0,0,3,4,0,2,3,3.0,N,,,,,,,,,,,
2020048418,1341.0,2,0,0,0,0,0,0,0,0,1,0,,67,6,2020,3,40.0272,-75.1472,1300.0,6,0,0,0,0,0,0,1,0,,0,0,0.0,12,1,0,0,N,0,40 01:38.018,,0,75 08:49.959,9,0,0,0,67301,0,0,0,N,0,0,0,3,67301,0,,1,1,,N,N,N,0,,0,0,0,0,0,,1200,0,3,0,0,1,0,1,3,4,0,3,3,3.0,N,,,,,,,,,,,
2020089077,1752.0,1,0,0,0,0,0,0,0,0,1,0,,67,9,2020,4,39.9576,-75.1493,1725.0,6,0,0,0,0,0,0,0,0,,0,0,0.0,17,1,0,3,,0,39 57:27.234,,2,75 08:57.624,9,0,0,0,67301,0,0,0,N,0,0,0,2,68K01,0,,1,1,,N,N,N,0,,0,0,0,0,0,,1720,0,2,0,0,0,0,1,3,4,1,2,3,,N,,,,,,,,,,,
2020048299,313.0,1,0,0,0,0,0,0,0,0,1,0,,67,6,2020,7,39.9573,-75.2479,311.0,6,0,0,0,0,0,0,0,0,,0,0,0.0,3,3,1,1,,0,39 57:26.242,,0,75 14:52.386,3,0,0,0,67301,0,0,0,N,0,0,0,3,67301,0,,1,1,,N,N,N,0,,1,0,1,3,2,,300,1,2,0,0,0,0,0,3,4,0,2,3,3.0,N,,,,,,,,,,,
2020089848,1055.0,1,0,0,0,0,0,0,0,0,1,0,,67,10,2020,1,39.9471,-75.1423,1053.0,6,0,0,0,0,1,0,0,0,,0,0,0.0,10,1,4,0,N,0,39 56:49.518,,0,75 08:32.204,4,0,0,0,67301,0,0,0,N,0,0,0,4,68K01,4,,1,1,,N,N,N,0,,0,0,1,0,0,,1052,4,2,0,0,0,0,0,3,4,0,2,3,,N,,,,,,,,,,,
2020047915,1230.0,0,0,0,0,0,0,0,0,0,8,0,,67,6,2020,5,39.9706,-75.1497,1227.0,6,0,0,0,0,0,0,0,0,,0,0,0.0,12,1,2,0,N,0,39 58:13.985,,0,75 08:58.949,3,0,0,0,67301,1,0,0,N,1,0,0,2,67301,0,,4,1,,N,N,N,0,,2,0,0,0,0,,1227,2,2,0,0,1,0,0,3,4,1,1,3,3.0,N,,,,,,,,,,,
2020091234,1904.0,1,0,0,0,0,0,0,0,0,1,0,,67,10,2020,7,40.0001,-75.08,1846.0,6,0,0,0,0,1,1,0,0,,0,0,0.0,18,3,1,0,N,1,40 00:00.276,2.0,0,75 04:48.011,8,0,0,0,67301,0,0,0,N,0,0,0,5,68K01,0,,1,1,1910.0,N,N,N,0,,0,0,1,0,0,N,1845,1,2,0,0,0,1,0,3,4,0,2,3,,N,,,,,,,,,,,
2020048768,409.0,2,0,0,0,0,0,0,0,0,4,0,,67,6,2020,1,40.0077,-75.1388,409.0,6,0,0,0,0,0,0,0,0,,0,0,0.0,4,3,0,1,,1,40 00:27.617,3.0,0,75 08:19.804,0,0,0,0,67301,0,0,0,N,0,0,0,3,67301,0,,1,1,610.0,N,N,N,0,,0,0,0,3,2,N,400,0,2,0,0,0,0,0,3,4,0,2,3,3.0,N,,,,,,,,,,,
2020087642,,1,0,0,0,0,0,0,0,0,1,0,,67,8,2020,4,39.9789,-75.1186,,6,0,0,0,0,0,0,0,0,,0,0,0.0,22,3,1,5,,0,39 58:44.072,,0,75 07:06.822,8,0,0,0,67301,0,0,0,N,0,0,0,4,00000,0,,1,1,,N,N,N,0,,0,0,1,3,2,,2215,1,2,0,0,0,1,0,3,4,0,2,3,,N,,,,,,,,,,,
2020047305,2110.0,1,0,0,0,0,0,0,0,0,6,0,,67,6,2020,2,40.015,-75.0841,2105.0,6,0,0,0,0,0,0,0,0,,0,0,0.0,21,3,0,0,N,0,40 00:54.170,,0,75 05:02.930,0,0,0,1,67301,0,0,0,N,0,0,0,1,67301,0,,5,1,,N,N,N,0,,0,0,1,0,0,,2100,0,4,0,0,0,0,0,3,4,1,4,3,3.0,N,,,,,,,,,,,