CRN,ARRIVAL_TM,AUTOMOBILE_COUNT,BELTED_DEATH_COUNT,BELTED_SUSP_SERIOUS_INJ_COUNT,BICYCLE_COUNT,BICYCLE_DEATH_COUNT,BICYCLE_SUSP_SERIOUS_INJ_COUNT,BUS_COUNT,CHLDPAS_DEATH_COUNT,CHLDPAS_SUSP_SERIOUS_INJ_COUNT,COLLISION_TYPE,COMM_VEH_COUNT,CONS_ZONE_SPD_LIM,COUNTY,CRASH_MONTH,CRASH_YEAR,DAY_OF_WEEK,DEC_LAT,DEC_LONG,DISPATCH_TM,DISTRICT,DRIVER_COUNT_16YR,DRIVER_COUNT_17YR,DRIVER_COUNT_18YR,DRIVER_COUNT_19YR,DRIVER_COUNT_20YR,DRIVER_COUNT_50_64YR,DRIVER_COUNT_65_74YR,DRIVER_COUNT_75PLUS,EST_HRS_CLOSED,FATAL_COUNT,HEAVY_TRUCK_COUNT,HORSE_BUGGY_COUNT,HOUR_OF_DAY,ILLUMINATION,INJURY_COUNT,INTERSECT_TYPE,INTERSECTION_RELATED,LANE_CLOSED,LATITUDE,LN_CLOSE_DIR,LOCATION_TYPE,LONGITUDE,MAX_SEVERITY_LEVEL,MCYCLE_DEATH_COUNT,MCYCLE_SUSP_SERIOUS_INJ_COUNT,MOTORCYCLE_COUNT,MUNICIPALITY,NONMOTR_COUNT,NONMOTR_DEATH_COUNT,NONMOTR_SUSP_SERIOUS_INJ_COUNT,NTFY_HIWY_MAINT,PED_COUNT,PED_DEATH_COUNT,PED_SUSP_SERIOUS_INJ_COUNT,PERSON_COUNT,POLICE_AGCY,POSSIBLE_INJ_COUNT,RDWY_SURF_TYPE_CD,RELATION_TO_ROAD,ROAD_CONDITION,ROADWAY_CLEARED,SCH_BUS_IND,SCH_ZONE_IND,SECONDARY_CRASH,SMALL_TRUCK_COUNT,SPEC_JURIS_CD,SUSP_MINOR_INJ_COUNT,SUSP_SERIOUS_INJ_COUNT,SUV_COUNT,TCD_FUNC_CD,TCD_TYPE,TFC_DETOUR_IND,TIME_OF_DAY,TOT_INJ_COUNT,TOTAL_UNITS,UNB_DEATH_COUNT,UNB_SUSP_SERIOUS_INJ_COUNT,UNBELTED_OCC_COUNT,UNK_INJ_DEG_COUNT,UNK_INJ_PER_COUNT,URBAN_AREA,URBAN_RURAL,VAN_COUNT,VEHICLE_COUNT,WEATHER1,WEATHER2,WORK_ZONE_IND,WORK_ZONE_LOC,WORK_ZONE_TYPE,WORKERS_PRES,WZ_CLOSE_DETOUR,WZ_FLAGGER,WZ_LAW_OFFCR_IND,WZ_LN_CLOSURE,WZ_MOVING,WZ_OTHER,WZ_SHLDER_MDN,WZ_WORKERS_INJ_KILLED
2020107233,1545.0,1,0,0,0,0,0,0,0,0,4,0,,67,12,2020,6,40.0248,-75.0455,1538.0,6,0,0,0,0,0,0,0,0,,0,0,0.0,15,1,1,0,N,0,40 01:29.154,,7,75 02:43.875,8,0,0,1,67301,0,0,0,N,0,0,0,2,67301,0,,1,1,,N,N,N,0,,0,0,0,0,0,,1535,1,2,0,0,0,1,0,3,4,0,2,3,3.0,N,,,,,,,,,,,
2020107234,2247.0,1,0,0,0,0,0,0,0,0,2,0,,67,12,2020,6,40.0248,-75.0916,2246.0,6,0,0,0,0,0,0,0,0,,0,0,0.0,22,3,0,1,,0,40 01:29.164,,0,75 05:29.593,0,0,0,0,67301,0,0,0,N,0,0,0,1,67301,0,,1,1,,N,N,N,0,,0,0,1,3,3,,2245,0,2,0,0,0,0,0,3,4,0,2,3,3.0,N,,,,,,,,,,,
2020061507,2052.0,1,0,0,0,0,0,0,0,0,7,0,35.0,67,8,2020,1,39.9124,-75.1734,2052.0,6,0,0,0,0,0,0,0,0,,0,0,0.0,20,3,0,0,N,1,39 54:44.800,3.0,3,75 10:24.100,0,0,0,0,67301,0,0,0,N,0,0,0,2,67501,0,,4,1,2100.0,N,N,N,0,,0,0,0,0,0,N,2052,0,1,0,0,0,0,0,3,4,0,1,3,,Y,4.0,1.0,N,,,N,Y,,,,N
2020064933,2108.0,2,0,0,0,0,0,0,0,0,4,0,,67,8,2020,3,39.958,-75.2212,2108.0,6,0,0,0,0,0,0,0,0,,0,0,0.0,21,3,0,1,,0,39 57:28.799,,0,75 13:16.548,0,0,0,0,67301,0,0,0,N,0,0,0,6,67301,0,,1,1,,N,N,N,0,,0,0,0,3,2,,2108,0,2,0,0,0,0,0,3,4,0,2,3,3.0,N,,,,,,,,,,,
2020062541,932.0,1,0,0,0,0,0,0,0,0,7,0,,67,8,2020,3,39.9824,-75.2077,938.0,6,0,0,0,0,0,0,0,0,,0,0,0.0,9,1,0,0,N,0,39 58:56.810,,0,75 12:27.631,0,0,0,0,67301,0,0,0,N,0,0,0,1,68K01,0,,2,9,,N,N,N,0,,0,0,0,0,0,,922,0,1,0,0,1,0,0,3,4,0,1,7,,N,,,,,,,,,,,
2020064212,1530.0,1,0,0,0,0,0,0,0,0,7,0,35.0,67,8,2020,5,39.9123,-75.1718,1530.0,6,0,0,0,0,0,0,0,0,,0,0,0.0,15,1,0,0,N,0,39 54:44.100,,3,75 10:18.600,0,0,0,0,67301,0,0,0,N,0,0,0,1,67501,0,,1,1,,N,N,N,0,,0,0,0,3,8,,1530,0,1,0,0,0,0,0,3,4,0,1,3,3.0,Y,4.0,1.0,U,Y,,N,Y,,,Y,N
2020092820,440.0,1,0,0,0,0,0,0,0,0,4,0,,67,8,2020,7,39.9752,-75.2225,432.0,6,0,0,0,0,0,0,0,0,,0,0,0.0,3,2,0,2,,0,39 58:30.789,,0,75 13:20.973,9,0,0,1,67301,0,0,0,N,0,0,0,2,67301,0,,1,1,,N,N,N,0,,0,0,0,0,0,,340,0,2,0,0,0,0,1,3,4,0,2,3,,N,,,,,,,,,,,
2020062120,2055.0,1,0,0,0,0,0,0,0,0,4,0,,67,8,2020,1,40.0246,-75.034,2050.0,6,0,0,0,0,0,0,0,0,,0,0,0.0,20,3,1,2,,2,40 01:28.610,7.0,0,75 02:02.126,2,0,1,1,67301,0,0,0,N,0,0,0,3,67301,0,,1,1,2230.0,N,N,N,0,,0,1,0,3,3,Y,2048,1,2,0,0,2,0,0,3,4,0,2,3,3.0,N,,,,,,,,,,,
2020062030,21.0,2,0,0,0,0,0,0,0,0,1,0,55.0,67,8,2020,7,39.9784,-75.1108,13.0,6,0,0,0,0,0,1,0,0,,0,0,0.0,0,3,1,0,N,1,39 58:42.331,2.0,0,75 06:38.855,3,0,0,0,67301,0,0,0,N,0,0,0,3,68K01,0,,1,1,45.0,N,N,N,0,,1,0,0,0,0,N,7,1,2,0,0,0,0,0,3,4,0,2,3,,Y,4.0,1.0,N,,,N,,,Y,,N
2020061263,449.0,2,0,0,0,0,0,0,0,0,4,0,,67,7,2020,6,40.0145,-75.1311,445.0,6,0,0,0,0,0,1,0,0,,0,0,0.0,4,3,1,5,,0,40 00:52.240,,0,75 07:51.870,2,0,0,0,67301,0,0,0,N,0,0,0,2,67301,0,,1,9,,N,Y,N,0,,0,1,0,3,2,,440,1,2,0,0,0,0,0,3,4,0,2,7,7.0,N,,,,,,,,,,,
2020062687,950.0,1,0,0,0,0,0,0,0,0,0,0,,67,8,2020,1,39.9176,-75.2466,947.0,6,0,0,0,0,0,1,0,0,,0,0,0.0,9,8,3,0,Y,2,39 55:03.451,5.0,0,75 14:47.748,3,0,0,0,67301,0,0,0,N,0,0,0,4,67301,0,,1,1,1145.0,N,N,N,0,,3,0,0,3,2,Y,940,3,2,0,0,0,0,0,3,4,1,2,3,98.0,N,,,,,,,,,,,
2020063618,149.0,1,0,0,0,0,0,0,0,0,7,0,,67,8,2020,3,39.9825,-75.2077,149.0,6,0,0,0,1,0,0,0,0,,0,0,0.0,1,3,1,0,N,1,39 58:57.036,4.0,0,75 12:27.763,3,0,0,0,67301,0,0,0,N,0,0,0,1,68K01,0,,2,9,159.0,N,N,N,0,,1,0,0,0,0,N,143,1,1,0,0,0,0,0,3,4,0,1,7,7.0,N,,,,,,,,,,,
2020102361,1705.0,1,0,0,0,0,0,0,0,0,8,0,,67,11,2020,6,40.0289,-75.0895,1657.0,6,0,0,0,0,0,0,0,0,,0,0,0.0,16,4,1,1,,0,40 01:44.217,,0,75 05:22.290,8,0,0,0,67301,1,0,0,N,1,0,0,2,67301,0,,1,1,,N,N,N,0,,0,0,0,3,2,,1600,1,2,0,0,0,1,0,3,4,0,1,3,3.0,N,,,,,,,,,,,
2020108031,205.0,0,0,0,0,0,0,0,0,0,5,1,,67,1,2020,3,39.9036,-75.2383,159.0,6,0,0,0,0,0,0,0,0,,0,1,0.0,1,3,0,0,N,1,39 54:12.850,2.0,0,75 14:17.850,0,0,0,0,67301,1,0,0,N,0,0,0,2,67301,0,,6,1,321.0,N,N,N,0,,0,0,1,0,0,N,159,0,2,0,0,0,0,0,3,4,0,2,3,3.0,N,,,,,,,,,,,
2020109371,1051.0,0,0,0,0,0,0,0,0,0,1,1,,67,12,2020,5,39.8918,-75.1985,1047.0,6,0,0,0,0,0,0,0,0,,0,1,0.0,10,1,0,0,N,0,39 53:35.245,,0,75 11:47.949,0,0,0,0,67301,0,0,0,N,0,0,0,2,68K01,0,,1,1,,N,N,N,0,,0,0,0,0,0,,1046,0,2,0,0,0,0,0,3,4,1,2,3,,N,,,,,,,,,,,
2020062689,1251.0,3,0,0,0,0,0,0,0,0,4,0,,67,8,2020,2,39.9397,-75.2255,1251.0,6,0,0,0,0,0,0,0,0,,0,0,0.0,12,1,1,1,,0,39 56:23.027,,0,75 13:31.850,8,0,0,0,67301,1,0,0,N,0,0,0,4,67301,0,,1,1,,N,N,N,0,,0,0,1,3,2,,1240,1,4,0,0,0,1,2,3,4,0,4,3,3.0,N,,,,,,,,,,,
2020064039,202.0,1,0,0,0,0,0,0,0,0,7,0,,67,8,2020,1,39.9843,-75.2082,202.0,6,0,0,0,0,0,0,0,0,,0,0,0.0,2,3,2,0,N,0,39 59:03.469,,0,75 12:29.494,3,0,0,0,67301,0,0,0,N,0,0,0,4,68K01,0,,4,1,,N,N,N,0,,2,0,0,0,0,,202,2,1,0,0,0,0,0,3,4,0,1,3,3.0,N,,,,,,,,,,,
2020109358,905.0,0,0,0,0,0,0,0,0,0,5,1,,67,12,2020,4,39.9885,-75.2071,904.0,6,0,0,0,0,0,0,0,0,,0,1,0.0,9,1,1,0,N,2,39 59:18.702,3.0,0,75 12:25.451,8,0,0,1,67301,0,0,0,N,0,0,0,2,68K01,0,,1,1,959.0,N,N,N,0,,0,0,0,0,0,N,903,1,2,0,0,0,1,0,3,4,0,2,3,,N,,,,,,,,,,,
2020063585,519.0,0,0,0,0,0,0,0,0,0,8,0,,67,8,2020,3,39.9783,-75.2736,515.0,6,0,0,0,0,0,0,0,0,,0,0,0.0,5,3,1,2,,0,39 58:41.836,,0,75 16:24.927,8,0,0,0,67301,1,0,0,N,1,0,0,2,67301,0,,1,9,,N,N,N,0,,0,0,0,3,2,,500,1,2,0,0,0,1,0,3,4,1,1,7,7.0,N,,,,,,,,,,,
2020062940,2122.0,0,0,0,0,0,0,0,0,0,7,0,,67,8,2020,3,40.0781,-75.0434,2114.0,6,0,0,0,0,0,0,0,0,,0,0,0.0,21,2,1,0,N,1,40 04:41.212,2.0,0,75 02:36.339,8,0,0,0,67301,0,0,0,N,0,0,0,1,67301,0,,1,1,2315.0,N,N,N,0,,0,0,1,0,0,N,2110,1,1,0,0,0,1,0,3,4,0,1,3,3.0,N,,,,,,,,,,,
2020108363,2019.0,0,0,0,0,0,0,0,0,0,5,1,,67,11,2020,2,40.0053,-75.1955,2016.0,6,0,0,0,0,0,0,1,0,,0,1,0.0,20,3,0,7,,2,40 00:18.992,4.0,2,75 11:43.844,0,0,0,0,67301,0,0,0,N,0,0,0,2,68K01,0,,1,1,1600.0,N,N,N,0,,0,0,0,0,0,Y,2011,0,2,0,0,0,0,0,3,4,1,2,3,,N,,,,,,,,,,,
2020063587,1657.0,0,0,0,0,0,0,0,0,0,8,0,,67,8,2020,4,40.0014,-75.1271,1657.0,6,0,0,0,0,0,0,0,0,,0,0,0.0,16,1,1,0,N,0,40 00:05.050,,0,75 07:37.460,3,0,0,0,67301,1,0,0,N,1,0,0,2,67301,0,,1,1,,N,N,N,0,,1,0,1,0,0,,1657,1,2,0,0,1,0,0,3,4,0,1,3,3.0,N,,,,,,,,,,,
2020061904,115.0,2,0,0,0,0,0,0,0,0,2,0,,67,8,2020,1,40.0112,-75.1421,110.0,6,0,0,0,0,0,1,0,0,,0,0,0.0,1,3,2,1,,1,40 00:40.442,5.0,0,75 08:31.585,4,0,0,0,67301,0,0,0,N,0,0,0,3,67301,2,,1,1,200.0,N,N,N,0,,0,0,1,3,2,Y,110,2,3,0,0,0,0,0,3,4,0,3,3,3.0,N,,,,,,,,,,,
2020064044,1738.0,2,0,0,0,0,0,0,0,0,1,0,,67,8,2020,1,39.9719,-75.1226,1738.0,6,0,0,0,0,1,1,1,0,,0,0,0.0,17,1,0,0,N,2,39 58:18.684,1.0,0,75 07:21.322,0,0,0,0,67301,0,0,0,N,0,0,0,12,68K01,0,,1,1,1840.0,N,N,N,0,,0,0,3,0,0,N,1732,0,5,0,0,0,0,0,3,4,0,5,3,,N,,,,,,,,,,,
2020101830,2212.0,2,0,0,0,0,0,0,0,0,4,0,,67,11,2020,5,39.9856,-75.1509,2210.0,6,0,0,0,0,0,1,0,0,,0,0,0.0,22,3,1,1,,2,39 59:08.141,1.0,0,75 09:03.283,4,0,0,0,67301,0,0,0,N,0,0,0,2,67505,1,,1,1,2326.0,N,N,Y,0,,0,0,0,3,2,Y,2208,1,2,0,0,0,0,1,3,4,0,2,3,3.0,N,,,,,,,,,,,
2020108409,1358.0,0,0,0,0,0,0,0,0,0,1,1,,67,12,2020,5,39.9705,-75.1246,1344.0,6,0,0,0,0,0,0,0,0,,0,1,0.0,13,1,1,0,N,1,39 58:13.767,1.0,0,75 07:28.704,3,0,0,0,67301,0,0,0,N,0,0,0,4,68K01,0,,1,1,1420.0,N,N,N,0,,1,0,2,0,0,N,1336,1,3,0,0,0,0,0,3,4,0,3,3,3.0,N,,,,,,,,,,,
2020064759,1800.0,1,0,0,1,0,0,0,0,0,1,0,,67,8,2020,4,39.9244,-75.1696,1752.0,6,0,0,0,0,1,0,0,0,,0,0,0.0,17,1,1,1,,0,39 55:27.728,,0,75 10:10.600,4,0,0,0,67301,1,0,0,N,0,0,0,2,67301,1,,1,1,,N,N,N,0,,0,0,0,3,2,,1749,1,2,0,0,0,0,0,3,4,0,1,3,,N,,,,,,,,,,,
2020062718,115.0,1,0,0,0,0,0,0,0,0,4,0,,67,8,2020,4,40.0146,-75.1567,115.0,6,0,0,0,0,1,0,0,0,,0,0,0.0,1,3,2,1,,0,40 00:52.674,,0,75 09:24.026,3,0,0,0,67301,0,0,0,N,0,0,0,5,67301,0,,1,9,,N,Y,N,0,,2,0,1,3,2,,115,2,2,0,0,1,0,0,3,4,0,2,7,7.0,N,,,,,,,,,,,
2020064041,1242.0,2,0,0,0,0,0,0,0,0,5,0,,67,8,2020,1,39.9469,-75.1423,1232.0,6,0,0,0,0,0,0,1,0,,0,0,0.0,12,1,1,0,N,2,39 56:48.918,2.0,0,75 08:32.331,3,0,0,0,67301,0,0,0,N,0,0,0,2,68K01,0,,1,1,100.0,N,N,N,0,,1,0,0,0,0,N,1231,1,2,0,0,0,0,0,3,4,0,2,3,3.0,N,,,,,,,,,,,
2020088902,1315.0,2,0,0,0,0,0,0,0,0,5,0,,67,6,2020,4,40.0518,-75.1853,1315.0,6,0,0,0,0,0,0,0,0,,0,0,0.0,15,1,2,0,N,0,40 03:06.430,,0,75 11:07.192,8,0,0,0,67301,0,0,0,N,0,0,0,3,67301,0,,1,1,,N,N,N,0,,0,0,0,0,0,,1520,2,2,0,0,0,2,1,3,4,0,2,3,3.0,N,,,,,,,,,,,
2020048733,2143.0,1,0,0,0,0,0,0,0,0,8,0,,67,6,2020,1,39.9239,-75.2221,2141.0,6,0,0,0,0,0,0,0,0,,0,0,0.0,21,3,1,1,,0,39 55:26.137,,0,75 13:19.522,3,0,0,0,67301,1,0,0,N,1,0,0,2,67301,0,,1,1,,N,N,N,0,,1,0,0,3,2,,2141,1,2,0,0,0,0,0,3,4,0,1,3,3.0,N,,,,,,,,,,,
2020058941,751.0,1,0,0,0,0,0,0,0,0,7,0,,67,7,2020,7,39.9776,-75.2012,747.0,6,0,0,0,0,0,0,0,0,,0,0,0.0,7,1,1,0,N,1,39 58:39.450,3.0,0,75 12:04.184,3,0,0,0,67301,0,0,0,N,0,0,0,1,68K01,0,,4,1,815.0,N,N,N,0,,1,0,0,0,0,N,744,1,1,0,0,1,0,0,3,4,0,1,3,3.0,N,,,,,,,,,,,
2020060674,1640.0,1,0,0,0,0,0,0,0,0,1,0,,67,7,2020,5,40.0077,-75.1388,1634.0,6,0,0,0,0,0,1,0,0,,0,0,0.0,16,1,3,1,,0,40 00:27.617,,0,75 08:19.804,4,0,0,0,67301,0,0,0,N,0,0,0,4,67301,1,,1,1,,N,N,N,0,,0,0,1,3,2,,1600,3,2,0,0,1,2,0,3,4,0,2,3,3.0,N,,,,,,,,,,,
2020060790,1206.0,1,0,0,0,0,0,0,0,0,8,0,,67,7,2020,4,39.9534,-75.1716,1200.0,6,0,0,0,0,0,0,0,0,,0,0,0.0,11,1,1,1,,0,39 57:12.151,,0,75 10:17.744,3,0,0,0,67301,1,0,0,N,1,0,0,2,67301,0,,1,1,,N,N,N,0,,1,0,0,3,2,,1150,1,2,0,0,0,0,1,3,4,0,1,3,3.0,N,,,,,,,,,,,
2020053404,2100.0,0,0,0,0,0,0,0,0,0,7,0,,67,7,2020,7,39.9575,-75.1804,2056.0,6,0,0,0,0,0,0,0,0,,0,0,0.0,20,3,1,0,N,2,39 57:27.087,3.0,0,75 10:49.260,8,0,0,1,67301,0,0,0,N,0,0,0,1,68K01,0,,4,1,2145.0,N,N,N,0,,0,0,0,0,0,Y,2054,1,1,0,0,0,1,0,3,4,0,1,3,,N,,,,,,,,,,,
2020085067,,2,0,0,0,0,0,0,0,0,4,0,,67,8,2020,1,39.9968,-75.1538,,6,0,0,0,1,0,1,0,0,,0,0,0.0,1,3,0,1,,0,39 59:48.463,,0,75 09:14.286,0,0,0,0,67301,0,0,0,N,0,0,0,4,00000,0,,1,1,,N,N,N,0,,0,0,0,3,2,,140,0,2,0,0,0,0,0,3,4,0,2,3,,N,,,,,,,,,,,
2020051750,1140.0,0,0,0,0,0,0,0,0,0,4,0,,67,7,2020,4,39.9799,-75.1429,1133.0,6,0,0,0,0,0,1,1,0,,0,0,0.0,11,1,1,1,,0,39 58:47.465,,0,75 08:34.342,8,0,0,0,67301,0,0,0,N,0,0,0,3,67301,0,,1,1,,N,N,N,0,,0,0,1,3,2,,1132,1,2,0,0,0,1,0,3,4,1,2,3,3.0,N,,,,,,,,,,,
2020050697,1345.0,3,0,0,0,0,0,0,0,0,5,0,,67,6,2020,1,39.9463,-75.2436,1341.0,6,0,0,0,0,0,0,0,0,,0,0,0.0,13,1,0,0,N,0,39 56:46.546,,0,75 14:36.872,0,0,0,0,67301,2,0,0,N,0,0,0,3,67301,0,,6,1,,N,N,N,0,,0,0,0,0,0,,1325,0,4,0,0,0,0,0,3,4,0,3,3,3.0,N,,,,,,,,,,,
2020074770,1912.0,2,0,0,0,0,0,0,0,0,1,0,,67,9,2020,7,39.9602,-75.1909,1910.0,6,0,0,0,0,0,1,0,0,,0,0,0.0,19,3,1,1,,0,39 57:36.745,,0,75 11:27.211,8,0,0,0,67301,0,0,0,N,0,0,0,5,67507,0,,1,1,,N,N,N,0,,0,0,0,3,2,,1905,1,2,0,0,0,1,0,3,4,0,2,3,3.0,N,,,,,,,,,,,
2020052359,213.0,1,0,0,0,0,0,0,0,0,1,0,,67,7,2020,4,39.9673,-75.2097,208.0,6,0,0,0,0,0,0,0,0,,0,0,0.0,1,3,0,0,N,0,39 58:02.360,,0,75 12:34.920,9,0,0,0,67301,0,0,0,N,0,0,0,1,67301,0,,6,1,,N,N,N,0,,0,0,2,0,0,,144,0,3,0,0,0,0,1,3,4,0,3,3,,N,,,,,,,,,,,
2020052132,443.0,1,0,0,0,0,0,0,0,0,5,0,,67,6,2020,7,40.0398,-75.155,439.0,6,0,0,0,0,1,1,0,0,,0,0,0.0,4,3,0,0,N,0,40 02:23.243,,0,75 09:18.109,0,0,0,0,67301,0,0,0,N,0,0,0,4,67301,0,,1,1,,N,N,N,0,,0,0,0,0,0,,435,0,2,0,0,0,0,0,3,4,1,2,3,,N,,,,,,,,,,,
2020094520,1926.0,0,0,0,1,0,0,0,0,0,4,1,,67,11,2020,6,39.9521,-75.1615,1925.0,6,0,0,0,0,0,1,0,0,,0,1,0.0,19,3,1,1,,1,39 57:07.661,7.0,0,75 09:41.216,4,0,0,0,67301,1,0,0,N,0,0,0,2,67301,1,,1,1,1235.0,N,N,N,0,,0,0,0,3,2,N,1925,1,2,0,0,0,0,0,3,4,0,1,3,3.0,N,,,,,,,,,,,
2020058809,1338.0,0,0,0,0,0,0,0,0,0,7,0,,67,7,2020,5,39.9824,-75.1003,1330.0,6,0,0,0,0,0,0,0,0,,0,0,0.0,13,1,0,0,N,2,39 58:56.758,2.0,0,75 06:01.211,0,0,0,0,67301,0,0,0,N,0,0,0,2,68K01,0,,4,1,15.0,N,N,N,1,,0,0,0,0,0,N,1328,0,1,0,0,0,0,0,3,4,0,1,3,,N,,,,,,,,,,,
2020050621,445.0,2,0,0,0,0,0,0,0,0,5,0,,67,6,2020,1,39.9759,-75.2521,435.0,6,0,0,0,0,0,0,0,0,,0,0,0.0,4,3,0,0,N,0,39 58:33.140,,0,75 15:07.660,0,0,0,0,67301,0,0,0,N,0,0,0,1,67301,0,,6,1,,N,N,N,0,,0,0,1,0,0,,418,0,4,0,0,0,0,0,3,4,1,4,3,3.0,N,,,,,,,,,,,
2020051992,2102.0,1,0,0,1,0,0,0,0,0,4,0,,67,6,2020,3,39.9966,-75.1133,2051.0,6,0,0,0,0,0,0,0,0,,0,0,0.0,20,3,1,5,,0,39 59:47.800,,1,75 06:47.700,3,0,0,0,67301,1,0,0,N,0,0,0,2,67301,0,,1,1,,N,N,N,0,,1,0,0,3,2,,2050,1,2,0,0,0,0,0,3,4,0,1,3,3.0,N,,,,,,,,,,,
2020052264,1338.0,1,0,0,0,0,0,0,0,0,7,0,,67,7,2020,4,40.0173,-75.1735,1331.0,6,0,0,0,0,0,0,0,0,,0,0,0.0,13,1,1,0,N,1,40 01:02.193,2.0,0,75 10:25.013,3,0,0,0,67301,0,0,0,N,0,0,0,1,67301,0,,3,1,1400.0,N,N,N,0,,1,0,0,0,0,N,1331,1,1,0,0,0,0,0,3,4,0,1,3,,N,,,,,,,,,,,
2020051321,1330.0,1,0,0,0,0,0,0,0,0,5,0,,67,6,2020,3,39.9469,-75.1924,1326.0,6,0,0,0,0,0,0,0,0,,0,0,0.0,13,1,2,0,N,0,39 56:48.700,,0,75 11:32.500,4,0,0,0,67301,0,0,0,N,0,0,0,5,67504,2,,1,1,,N,N,N,0,,0,0,0,0,0,,1320,2,2,0,0,0,0,1,3,4,1,2,3,3.0,N,,,,,,,,,,,
2020054001,1335.0,1,0,0,0,0,0,0,0,0,7,0,,67,6,2020,3,39.9731,-75.159,1331.0,6,0,0,0,0,0,0,1,0,,0,0,0.0,13,1,0,0,N,0,39 58:23.060,,0,75 09:32.466,9,0,0,0,67301,0,0,0,N,0,0,0,1,67301,0,,3,1,,N,N,N,0,,0,0,0,3,2,,1330,0,1,0,0,0,0,1,3,4,0,1,3,3.0,N,,,,,,,,,,,
2020052603,1012.0,2,0,0,0,0,0,0,0,0,4,0,,67,7,2020,6,39.9804,-75.1976,959.0,6,0,0,0,0,0,0,0,0,,0,0,0.0,9,1,0,0,N,0,39 58:49.417,,0,75 11:51.469,0,0,0,0,67301,0,0,0,N,0,0,0,2,67301,0,,1,1,,N,N,N,0,,0,0,0,0,0,,953,0,2,0,0,0,0,0,3,4,0,2,3,3.0,N,,,,,,,,,,,
2020052197,2330.0,0,0,0,0,0,0,0,0,0,4,0,,67,7,2020,6,40.0424,-75.0827,2325.0,6,0,0,0,0,1,1,0,0,,0,0,0.0,23,3,2,1,,0,40 02:32.772,,0,75 04:57.681,3,0,0,0,67301,0,0,0,N,0,0,0,2,67301,0,,1,1,,N,N,N,0,,2,0,2,3,2,,2315,2,2,0,0,0,0,0,3,4,0,2,3,3.0,N,,,,,,,,,,,
2020055370,2241.0,2,0,0,0,0,0,0,0,0,1,0,,67,7,2020,4,39.8827,-75.245,2226.0,6,0,0,0,0,0,0,0,0,,0,0,0.0,22,3,3,3,,0,39 52:54.300,,0,75 14:44.200,3,0,0,0,67301,0,0,0,N,0,0,0,3,68K01,0,,1,1,,N,N,N,0,,3,0,0,0,0,,2208,3,2,0,0,0,0,0,3,4,0,2,3,3.0,N,,,,,,,,,,,
2020094820,1330.0,1,0,0,0,0,0,0,0,0,8,0,,67,11,2020,5,39.9508,-75.1638,1218.0,6,0,0,0,0,0,0,0,0,,0,0,0.0,12,1,1,1,N,1,39 57:03.048,3.0,0,75 09:49.788,2,0,0,0,67301,1,0,1,N,1,0,1,2,67301,0,,1,1,1330.0,N,N,N,0,,0,1,0,3,2,Y,1217,1,2,0,0,0,0,0,3,4,0,1,3,3.0,N,,,,,,,,,,,
2020089751,,2,0,0,0,0,0,0,0,0,1,0,,67,8,2020,4,39.9623,-75.1613,,6,0,0,0,1,0,0,0,0,,0,0,0.0,11,1,1,1,,0,39 57:44.547,,0,75 09:41.289,4,0,0,0,67301,0,0,0,N,0,0,0,4,00000,1,,1,1,,,,N,0,,0,0,0,3,2,,1155,1,2,0,0,0,0,0,3,4,0,2,3,,N,,,,,,,,,,,
2020050698,1520.0,1,0,0,0,0,0,0,0,0,8,0,,67,6,2020,1,39.9909,-75.1148,1514.0,6,0,0,0,0,0,0,0,0,,0,0,0.0,14,1,1,2,,0,39 59:27.161,,0,75 06:53.387,3,0,0,0,67301,1,0,0,N,1,0,0,2,67301,0,,1,1,,N,N,N,0,,1,0,0,3,2,,1400,1,2,0,0,0,0,0,3,4,0,1,3,3.0,N,,,,,,,,,,,
2020052892,338.0,1,0,0,0,0,0,0,0,0,8,0,,67,7,2020,7,39.9993,-75.1533,331.0,6,0,0,0,0,0,0,0,0,,0,0,0.0,3,3,1,2,,1,39 59:57.488,1.0,0,75 09:11.860,2,0,0,0,67301,1,0,1,N,1,0,1,2,67301,0,,1,1,445.0,N,N,N,0,,0,1,0,0,0,Y,310,1,2,0,0,0,0,0,3,4,0,1,3,98.0,N,,,,,,,,,,,
2020052265,1518.0,0,0,0,0,0,0,0,0,0,5,1,,67,7,2020,4,40.0162,-75.2047,1451.0,6,0,0,0,0,0,0,0,1,,0,1,0.0,13,1,1,0,N,0,40 00:58.250,,0,75 12:17.040,3,0,0,0,67301,0,0,0,N,0,0,0,3,67301,0,,1,1,,N,N,N,0,,1,0,1,0,0,,1342,1,2,0,0,0,0,1,3,4,0,2,3,,N,,,,,,,,,,,
2020051273,841.0,1,0,0,0,0,0,0,0,0,4,0,,67,6,2020,2,40.0272,-75.1512,841.0,6,0,0,0,0,0,0,0,0,,0,0,0.0,8,1,0,1,,0,40 01:37.898,,0,75 09:04.471,0,0,0,0,67301,0,0,0,N,0,0,0,2,67301,0,,1,1,,N,N,N,0,,0,0,1,3,2,,835,0,2,0,0,0,0,0,3,4,0,2,3,,N,,,,,,,,,,,