CRN,ARRIVAL_TM,AUTOMOBILE_COUNT,BELTED_DEATH_COUNT,BELTED_SUSP_SERIOUS_INJ_COUNT,BICYCLE_COUNT,BICYCLE_DEATH_COUNT,BICYCLE_SUSP_SERIOUS_INJ_COUNT,BUS_COUNT,CHLDPAS_DEATH_COUNT,CHLDPAS_SUSP_SERIOUS_INJ_COUNT,COLLISION_TYPE,COMM_VEH_COUNT,CONS_ZONE_SPD_LIM,COUNTY,CRASH_MONTH,CRASH_YEAR,DAY_OF_WEEK,DEC_LAT,DEC_LONG,DISPATCH_TM,DISTRICT,DRIVER_COUNT_16YR,DRIVER_COUNT_17YR,DRIVER_COUNT_18YR,DRIVER_COUNT_19YR,DRIVER_COUNT_20YR,DRIVER_COUNT_50_64YR,DRIVER_COUNT_65_74YR,DRIVER_COUNT_75PLUS,EST_HRS_CLOSED,FATAL_COUNT,HEAVY_TRUCK_COUNT,HORSE_BUGGY_COUNT,HOUR_OF_DAY,ILLUMINATION,INJURY_COUNT,INTERSECT_TYPE,INTERSECTION_RELATED,LANE_CLOSED,LATITUDE,LN_CLOSE_DIR,LOCATION_TYPE,LONGITUDE,MAX_SEVERITY_LEVEL,MCYCLE_DEATH_COUNT,MCYCLE_SUSP_SERIOUS_INJ_COUNT,MOTORCYCLE_COUNT,MUNICIPALITY,NONMOTR_COUNT,NONMOTR_DEATH_COUNT,NONMOTR_SUSP_SERIOUS_INJ_COUNT,NTFY_HIWY_MAINT,PED_COUNT,PED_DEATH_COUNT,PED_SUSP_SERIOUS_INJ_COUNT,PERSON_COUNT,POLICE_AGCY,POSSIBLE_INJ_COUNT,RDWY_SURF_TYPE_CD,RELATION_TO_ROAD,ROAD_CONDITION,ROADWAY_CLEARED,SCH_BUS_IND,SCH_ZONE_IND,SECONDARY_CRASH,SMALL_TRUCK_COUNT,SPEC_JURIS_CD,SUSP_MINOR_INJ_COUNT,SUSP_SERIOUS_INJ_COUNT,SUV_COUNT,TCD_FUNC_CD,TCD_TYPE,TFC_DETOUR_IND,TIME_OF_DAY,TOT_INJ_COUNT,TOTAL_UNITS,UNB_DEATH_COUNT,UNB_SUSP_SERIOUS_INJ_COUNT,UNBELTED_OCC_COUNT,UNK_INJ_DEG_COUNT,UNK_INJ_PER_COUNT,URBAN_AREA,URBAN_RURAL,VAN_COUNT,VEHICLE_COUNT,WEATHER1,WEATHER2,WORK_ZONE_IND,WORK_ZONE_LOC,WORK_ZONE_TYPE,WORKERS_PRES,WZ_CLOSE_DETOUR,WZ_FLAGGER,WZ_LAW_OFFCR_IND,WZ_LN_CLOSURE,WZ_MOVING,WZ_OTHER,WZ_SHLDER_MDN,WZ_WORKERS_INJ_KILLED
2020051747,1950.0,2,0,0,0,0,0,0,0,0,1,0,,67,6,2020,2,40.0228,-75.038,1943.0,6,0,0,0,0,0,1,0,0,,0,0,0.0,19,1,1,0,N,0,40 01:22.020,,0,75 02:16.910,3,0,0,0,67301,0,0,0,N,0,0,0,2,67301,0,,1,1,,N,N,N,0,,1,0,0,0,0,,1921,1,2,0,0,0,0,0,3,4,0,2,3,3.0,N,,,,,,,,,,,
2020052255,1640.0,1,0,0,0,0,0,0,0,0,4,0,,67,7,2020,6,40.0089,-75.0719,1631.0,6,0,0,0,1,0,1,0,0,,0,0,0.0,16,1,2,5,,0,40 00:31.996,,0,75 04:18.728,3,0,0,0,67301,0,0,0,N,0,0,0,3,67301,0,,1,1,,N,N,N,0,,2,0,1,3,2,,1620,2,2,0,0,3,0,0,3,4,0,2,3,,N,,,,,,,,,,,
2020050472,1416.0,1,0,0,0,0,0,0,0,0,1,0,,67,6,2020,1,40.0537,-75.1414,1416.0,6,0,0,0,0,1,2,0,0,,0,0,0.0,13,1,1,1,,0,40 03:13.900,,0,75 08:29.400,3,0,0,0,67301,0,0,0,N,0,0,0,5,67301,0,,1,1,,N,N,N,0,,1,0,2,3,2,,1348,1,3,0,0,4,0,1,3,4,0,3,3,3.0,N,,,,,,,,,,,
2020052267,1910.0,0,0,0,0,0,0,0,0,0,5,0,,67,7,2020,6,40.0168,-75.1751,1908.0,6,0,0,0,0,0,1,0,0,,0,0,0.0,18,4,1,0,N,0,40 01:00.390,,0,75 10:30.250,8,0,0,1,67301,0,0,0,N,0,0,0,2,67301,0,,1,1,,N,N,N,0,,0,0,0,0,0,,1850,1,2,0,0,0,1,0,3,4,0,2,3,,N,,,,,,,,,,,
2020051990,1532.0,2,0,0,0,0,0,0,0,0,8,0,,67,6,2020,2,39.9968,-75.1129,1532.0,6,0,0,0,0,0,1,0,0,,0,0,0.0,15,1,3,0,Y,0,39 59:48.400,,1,75 06:46.500,2,0,0,0,67301,3,0,2,N,2,0,2,7,67301,0,,1,1,,N,N,N,0,,1,2,2,3,2,,1532,3,6,0,0,0,0,0,3,4,0,4,3,,N,,,,,,,,,,,
2020051986,1010.0,3,0,0,0,0,0,0,0,0,1,0,,67,7,2020,6,40.0274,-75.0931,955.0,6,1,0,0,0,0,0,0,0,,0,0,0.0,9,1,3,0,N,1,40 01:38.598,2.0,0,75 05:35.041,3,0,0,0,67301,0,0,0,N,0,0,0,4,67301,0,,1,1,200.0,N,N,N,0,,3,0,0,0,0,N,955,3,3,0,0,1,0,0,3,4,0,3,3,,N,,,,,,,,,,,
2020050824,1740.0,0,0,0,0,0,0,0,0,0,8,0,,67,6,2020,2,39.9596,-75.197,1737.0,6,0,0,0,0,0,0,1,0,,0,0,0.0,17,1,1,1,,1,39 57:34.415,4.0,0,75 11:49.307,2,0,0,0,67301,1,0,1,N,1,0,1,2,67504,0,,1,1,1800.0,,,Y,0,,0,1,1,3,2,N,1732,1,2,0,0,0,0,0,3,4,0,1,3,3.0,N,,,,,,,,,,,
2020096054,957.0,0,0,0,0,0,0,0,0,0,4,1,,67,11,2020,1,39.921,-75.2289,955.0,6,0,0,0,0,0,0,0,0,,0,1,0.0,9,1,0,1,,0,39 55:15.752,,0,75 13:44.116,0,0,0,0,67301,0,0,0,N,0,0,0,2,67301,0,,1,1,,N,N,N,0,,0,0,1,3,2,,945,0,2,0,0,0,0,0,3,4,0,2,3,3.0,N,,,,,,,,,,,
2020050784,1932.0,1,0,0,0,0,0,0,0,0,4,0,,67,6,2020,1,40.0265,-75.0422,1924.0,6,0,0,0,0,0,0,0,1,,0,0,0.0,19,1,0,1,,0,40 01:35.410,,0,75 02:31.777,0,0,0,0,67301,0,0,0,N,0,0,0,2,67301,0,,1,1,,N,N,N,1,,0,0,0,3,3,,1912,0,2,0,0,2,0,0,3,4,0,2,3,98.0,N,,,,,,,,,,,
2020052099,351.0,1,0,0,0,0,0,0,0,0,7,0,,67,6,2020,3,39.9716,-75.1219,351.0,6,0,0,0,0,0,0,0,0,,0,0,0.0,3,3,1,0,N,1,39 58:17.800,1.0,2,75 07:18.927,8,0,0,0,67301,0,0,0,N,0,0,0,1,68K01,0,,4,1,430.0,N,N,N,0,,0,0,0,0,0,N,351,1,1,0,0,0,1,0,3,4,0,1,3,,N,,,,,,,,,,,
2020051299,1317.0,1,0,0,0,0,0,0,0,0,4,0,,67,6,2020,3,40.0478,-75.1434,1255.0,6,0,0,0,0,1,1,0,0,,0,0,0.0,12,1,3,0,N,0,40 02:51.970,,7,75 08:36.138,8,0,0,0,67301,0,0,0,N,0,0,0,4,67301,0,,1,1,,N,N,N,0,,0,0,1,0,0,,1210,3,2,0,0,0,3,1,3,4,0,2,3,3.0,N,,,,,,,,,,,
2020053362,1120.0,2,0,0,0,0,0,0,0,0,5,0,,67,7,2020,4,39.9544,-75.1629,1120.0,6,0,0,0,0,0,1,0,0,,0,0,0.0,11,1,2,0,N,0,39 57:15.734,,0,75 09:46.054,8,0,0,0,67301,0,0,0,N,0,0,0,3,67301,0,,1,1,,N,N,N,0,,0,0,0,0,0,,1110,2,2,0,0,1,2,0,3,4,0,2,3,,N,,,,,,,,,,,
2020053539,1101.0,1,0,0,0,0,0,0,0,0,1,0,,67,6,2020,3,39.9504,-75.1417,1100.0,6,0,0,0,0,0,1,0,0,,0,0,0.0,10,1,0,0,N,1,39 57:01.577,2.0,0,75 08:29.963,0,0,0,0,67301,0,0,0,N,0,0,0,5,68K01,0,,1,1,1125.0,N,N,N,1,,0,0,2,0,0,N,1047,0,4,0,0,0,0,0,3,4,0,4,3,3.0,N,,,,,,,,,,,
2020053104,740.0,0,0,0,0,0,0,0,0,0,4,0,,67,7,2020,5,39.9405,-75.2189,728.0,6,0,0,0,0,0,2,0,0,,0,0,0.0,5,1,1,1,,0,39 56:25.922,,0,75 13:08.059,3,0,0,0,67301,0,0,0,N,0,0,0,2,67301,0,,1,1,,N,N,Y,0,,1,0,2,3,2,,522,1,3,0,0,1,0,0,3,4,1,3,3,3.0,N,,,,,,,,,,,
2020053272,1121.0,1,0,0,0,0,0,0,0,0,7,0,,67,7,2020,6,39.878,-75.2458,1119.0,6,0,0,0,0,0,0,0,0,,0,0,0.0,11,1,0,0,N,1,39 52:40.900,1.0,0,75 14:44.700,0,0,0,0,67301,0,0,0,N,0,0,0,1,67301,0,,4,1,100.0,N,N,N,0,,0,0,0,0,0,N,1119,0,1,0,0,0,0,0,3,4,0,1,3,3.0,N,,,,,,,,,,,
2020094478,2351.0,1,0,0,0,0,0,0,0,0,7,0,,67,11,2020,6,39.9535,-75.1398,2348.0,6,0,0,0,0,0,0,0,0,,0,0,0.0,23,3,1,2,,0,39 57:12.504,,2,75 08:23.145,3,0,0,0,67301,0,0,0,N,0,0,0,1,67301,0,,9,1,,N,N,N,0,,1,0,0,3,2,,2347,1,1,0,0,1,0,0,3,4,0,1,3,3.0,N,,,,,,,,,,,
2020096992,2015.0,2,0,0,0,0,0,0,0,0,5,0,,67,11,2020,5,39.973,-75.159,2015.0,6,0,0,0,0,0,0,0,0,,0,0,0.0,20,3,0,0,N,0,39 58:22.846,,0,75 09:32.512,0,0,0,0,67301,0,0,0,N,0,0,0,1,67301,0,,1,9,,N,N,N,0,,0,0,0,0,0,,2005,0,2,0,0,0,0,0,3,4,0,2,7,7.0,N,,,,,,,,,,,
2020052961,1140.0,0,0,0,0,0,0,0,0,0,8,0,,67,6,2020,2,40.0206,-75.1163,1128.0,6,0,0,0,0,0,0,0,0,,0,0,0.0,11,1,1,1,,0,40 01:13.994,,0,75 06:58.546,3,0,0,0,67301,1,0,0,N,1,0,0,2,67301,0,,1,1,,N,N,N,0,,1,0,0,3,2,,1125,1,2,0,0,0,0,0,3,4,0,1,3,3.0,N,,,,,,,,,,,
2020051612,616.0,2,0,0,0,0,0,0,0,0,4,0,,67,6,2020,3,40.0442,-75.0539,614.0,6,0,0,0,0,0,0,0,0,,0,0,0.0,6,1,0,0,N,0,40 02:39.043,,7,75 03:14.064,0,0,0,0,67301,0,0,0,N,0,0,0,2,67301,0,,1,1,,N,N,N,0,,0,0,0,0,0,,603,0,2,0,0,0,0,0,3,4,0,2,3,3.0,N,,,,,,,,,,,
2020051135,1310.0,0,0,0,0,0,0,0,0,0,1,0,,67,6,2020,2,39.979,-75.2683,1305.0,6,0,0,0,0,0,0,0,0,,0,0,0.0,13,1,0,2,,0,39 58:44.310,,0,75 16:05.772,0,0,0,0,67301,0,0,0,N,0,0,0,2,67301,0,,1,1,,N,N,N,0,,0,0,2,3,2,,1300,0,2,0,0,0,0,0,3,4,0,2,3,3.0,N,,,,,,,,,,,
2020096136,1106.0,1,0,0,0,0,0,0,0,0,5,0,,67,11,2020,1,39.9767,-75.1975,106.0,6,0,0,0,1,0,0,0,0,,0,0,0.0,0,3,2,0,N,2,39 58:36.249,3.0,0,75 11:51.097,3,0,0,0,67301,0,0,0,N,0,0,0,2,68K01,0,,1,1,145.0,N,N,N,0,,2,0,1,0,0,N,59,2,2,0,0,0,0,0,3,4,0,2,3,3.0,N,,,,,,,,,,,
2020051028,520.0,1,0,0,0,0,0,0,0,0,7,0,,67,6,2020,1,39.9816,-75.1445,515.0,6,0,0,0,0,0,0,0,0,,0,0,0.0,5,5,0,1,,0,39 58:53.796,,0,75 08:40.041,0,0,0,0,67301,0,0,0,N,0,0,0,1,67301,0,,5,1,,N,N,N,0,,0,0,0,3,2,,510,0,1,0,0,0,0,0,3,4,0,1,3,3.0,N,,,,,,,,,,,
2020050961,411.0,1,0,0,0,0,0,0,0,0,5,0,,67,6,2020,1,39.9655,-75.1437,407.0,6,0,0,0,0,0,0,0,0,,0,0,0.0,4,3,0,0,N,2,39 57:55.940,3.0,0,75 08:37.370,0,0,0,0,67301,0,0,0,N,0,0,0,1,67301,0,,6,1,440.0,N,N,N,0,,0,0,2,0,0,Y,400,0,3,0,0,0,0,0,3,4,0,3,3,3.0,N,,,,,,,,,,,
2020051995,1425.0,1,0,0,0,0,0,0,0,0,4,0,,67,7,2020,5,39.9933,-75.1003,1423.0,6,0,0,0,0,0,1,0,0,,0,0,0.0,14,1,3,1,,0,39 59:35.991,,0,75 06:01.091,3,0,0,0,67301,0,0,0,N,0,0,0,4,67301,0,,1,1,,N,N,N,0,,3,0,1,3,3,,1410,3,2,0,0,1,0,0,3,4,0,2,3,3.0,N,,,,,,,,,,,
2020051994,1330.0,0,0,0,0,0,0,0,0,0,4,0,,67,7,2020,4,40.0003,-75.1065,1330.0,6,0,0,0,0,0,0,1,0,,0,0,0.0,17,1,1,5,,0,40 00:01.147,,1,75 06:23.257,4,0,0,0,67301,0,0,0,N,0,0,0,2,67301,1,,1,1,,N,N,N,0,,0,0,2,3,2,,1700,1,2,0,0,0,0,1,3,4,0,2,3,,N,,,,,,,,,,,
2020096979,1035.0,2,0,0,0,0,0,0,0,0,4,0,,67,11,2020,3,39.9098,-75.1868,1030.0,6,0,0,0,0,0,0,0,0,,0,0,0.0,9,1,1,0,N,0,39 54:35.388,,0,75 11:12.391,3,0,0,0,67301,0,0,0,N,0,0,0,2,67301,0,,1,1,,N,N,N,0,,1,0,0,0,0,,901,1,2,0,0,0,0,0,3,4,0,2,3,3.0,N,,,,,,,,,,,
2020096064,2345.0,0,0,0,0,0,0,0,0,0,8,0,,67,11,2020,4,39.999,-75.148,2345.0,6,0,0,0,0,0,0,0,0,,0,0,0.0,20,3,1,0,N,9,39 59:56.230,,0,75 08:52.840,3,0,0,0,67301,1,0,0,N,1,0,0,1,67301,0,,1,99,,N,N,N,0,,1,0,0,0,0,U,2044,1,2,0,0,0,0,0,3,4,0,1,99,,N,,,,,,,,,,,
2020096059,1416.0,0,0,0,0,0,0,0,0,0,6,1,,67,11,2020,5,40.0065,-75.0879,1411.0,6,0,0,0,0,0,1,0,0,,0,1,0.0,13,1,0,0,Y,1,40 00:23.350,6.0,0,75 05:16.310,0,0,0,0,67301,0,0,0,N,0,0,0,5,67301,0,,1,1,1730.0,N,N,N,1,,0,0,2,3,2,Y,1344,0,5,0,0,5,0,0,3,4,1,5,3,3.0,N,,,,,,,,,,,
2020054128,1236.0,2,0,0,0,0,0,0,0,0,4,0,,67,7,2020,7,39.9175,-75.237,1230.0,6,0,0,0,0,0,0,0,0,,0,0,0.0,12,1,3,0,N,0,39 55:03.080,,7,75 14:13.115,8,0,0,0,67301,0,0,0,N,0,0,0,3,67301,0,,1,1,,N,N,N,0,,0,0,0,0,0,,1213,3,3,0,0,0,3,0,3,4,1,3,3,3.0,N,,,,,,,,,,,
2020050908,1725.0,1,0,0,0,0,0,0,0,0,4,0,,67,6,2020,2,40.0705,-75.1552,1725.0,6,0,0,0,0,0,0,0,0,,0,0,0.0,17,1,1,3,N,0,40 04:13.704,,0,75 09:18.759,4,0,0,0,67301,0,0,0,N,0,0,0,2,67301,1,,1,1,,N,N,N,0,,0,0,2,3,3,,1712,1,3,0,0,0,0,0,3,4,0,3,3,3.0,N,,,,,,,,,,,
2020058815,904.0,0,0,0,0,0,0,0,0,0,7,0,45.0,67,7,2020,7,39.9974,-75.082,900.0,6,0,0,0,0,0,1,0,0,,0,0,0.0,8,1,0,0,N,1,39 59:50.541,2.0,0,75 04:55.236,0,0,0,0,67301,0,0,0,N,0,0,0,2,68K01,0,,1,1,930.0,N,N,N,0,,0,0,1,0,0,N,856,0,1,0,0,0,0,0,3,4,0,1,3,,Y,4.0,1.0,N,,,N,,,,Y,N
2020053606,940.0,0,0,0,0,0,0,0,0,0,4,0,,67,7,2020,6,40.058,-75.0527,935.0,6,0,0,0,0,0,0,1,0,,0,0,0.0,9,1,6,1,,1,40 03:28.718,5.0,0,75 03:09.712,3,0,0,0,67301,4,0,0,N,4,0,0,7,67301,0,,1,1,1200.0,N,N,N,0,,3,0,2,3,2,N,930,6,6,0,0,0,3,0,3,4,0,2,3,3.0,N,,,,,,,,,,,
2020052198,2300.0,0,0,0,0,0,0,0,0,0,4,1,,67,7,2020,6,40.0209,-75.14,2300.0,6,0,0,0,0,0,0,0,0,,0,1,0.0,18,4,1,1,,0,40 01:15.350,,0,75 08:23.900,8,0,0,0,67301,0,0,0,N,0,0,0,2,67301,0,,1,99,,N,N,N,0,,0,0,1,3,2,,1850,1,2,0,0,0,1,1,3,4,0,2,4,4.0,N,,,,,,,,,,,
2020085474,,2,0,0,0,0,0,0,0,0,4,0,,67,8,2020,2,39.9231,-75.2314,,6,0,0,0,0,0,0,0,0,,0,0,0.0,8,1,0,0,N,0,39 55:23.259,,0,75 13:53.122,0,0,0,0,67301,0,0,0,N,0,0,0,2,00000,0,,1,1,,,,N,0,,0,0,0,0,0,,830,0,2,0,0,0,0,0,3,4,0,2,3,,N,,,,,,,,,,,
2020097133,1005.0,0,0,0,0,0,0,0,0,0,7,0,,67,11,2020,5,40.0666,-75.1964,1003.0,6,0,0,0,0,0,0,0,0,,0,0,0.0,10,1,1,2,,0,40 03:59.804,,0,75 11:46.952,3,0,0,0,67301,0,0,0,N,0,0,0,1,67301,0,,5,9,,N,N,N,0,,1,0,1,0,0,,1002,1,1,0,0,0,0,0,3,4,0,1,7,7.0,N,,,,,,,,,,,
2020096711,1139.0,2,0,0,0,0,0,0,0,0,5,0,,67,10,2020,5,40.0134,-75.0573,1132.0,6,0,0,0,0,0,0,0,0,,0,0,0.0,11,1,1,0,N,2,40 00:48.210,1.0,0,75 03:26.379,4,0,0,0,67301,0,0,0,N,0,0,0,2,68K01,1,,1,9,1144.0,N,N,N,0,,0,0,0,3,8,N,1131,1,2,0,0,0,0,0,3,4,0,2,7,,N,,,,,,,,,,,
2020060516,2331.0,3,0,0,0,0,0,0,0,0,4,0,,67,7,2020,5,39.9238,-75.2397,2331.0,6,0,0,0,0,0,0,0,0,,0,0,0.0,23,3,2,1,,0,39 55:25.624,,0,75 14:22.925,3,0,0,0,67301,0,0,0,N,0,0,0,3,67301,0,,1,1,,N,N,N,0,,1,0,0,3,3,,2330,2,3,0,0,0,1,0,3,4,0,3,3,,N,,,,,,,,,,,
2020052323,1846.0,2,0,0,0,0,0,0,0,0,4,0,,67,7,2020,4,39.9735,-75.203,1844.0,6,0,0,0,1,0,0,0,0,,0,0,0.0,18,1,3,2,,0,39 58:24.675,,0,75 12:10.972,3,0,0,0,67301,0,0,0,N,0,0,0,5,67301,1,,1,1,,N,N,N,0,,2,0,0,3,3,,1832,3,2,0,0,0,0,1,3,4,0,2,3,,N,,,,,,,,,,,
2020052547,1401.0,1,0,0,0,0,0,0,0,0,5,0,,67,7,2020,6,40.102,-74.9814,1400.0,6,0,0,0,1,0,0,0,0,,0,0,0.0,13,1,1,0,N,0,40 06:07.200,,0,74 58:52.900,3,0,0,0,67301,0,0,0,N,0,0,0,1,67301,0,,6,1,,N,N,N,0,,1,0,1,0,0,,1345,1,2,0,0,0,0,0,3,4,0,2,3,3.0,N,,,,,,,,,,,
2020094521,2118.0,0,0,0,0,0,0,0,0,0,0,0,,67,11,2020,6,40.1,-75.0086,2112.0,6,0,0,0,0,0,0,0,0,,0,0,0.0,21,3,1,0,N,0,40 06:00.001,,0,75 00:31.008,8,0,0,1,67301,0,0,0,N,0,0,0,1,67301,0,,1,1,,N,N,N,0,,0,0,0,0,0,,2111,1,1,0,0,0,1,0,3,4,0,1,3,,N,,,,,,,,,,,
2020050582,1540.0,0,0,0,0,0,0,0,0,0,8,0,,67,6,2020,1,40.1184,-75.0162,1531.0,6,0,0,0,0,0,0,0,0,,0,0,0.0,15,1,1,0,N,0,40 07:06.100,,7,75 00:58.200,3,0,0,0,67301,1,0,0,N,1,0,0,2,67301,0,,1,1,,N,N,N,0,,1,0,0,3,3,,1525,1,2,0,0,0,0,0,3,4,1,1,3,,N,,,,,,,,,,,
2020052133,1439.0,1,0,0,0,0,0,0,0,0,4,0,,67,6,2020,3,40.0219,-75.1393,1429.0,6,0,0,0,0,0,1,0,0,,0,0,0.0,14,1,3,1,,0,40 01:18.260,,0,75 08:23.123,8,0,0,0,67301,0,0,0,N,0,0,0,4,67301,0,,1,1,,N,N,N,0,,0,0,0,3,2,,1415,3,2,0,0,0,3,0,3,4,1,2,3,3.0,N,,,,,,,,,,,
2020051927,1305.0,1,0,0,0,0,0,0,0,0,4,0,,67,7,2020,6,40.0047,-75.1521,1300.0,6,0,1,0,0,0,1,0,0,,0,0,0.0,12,1,1,1,N,0,40 00:16.936,,0,75 09:08.069,8,0,0,0,67301,0,0,0,N,0,0,0,2,67505,0,,1,1,,N,N,N,0,,0,0,1,3,2,,1258,1,2,0,0,1,1,0,3,4,0,2,3,4.0,N,,,,,,,,,,,
2020052505,1236.0,2,0,0,0,0,0,0,0,0,4,0,,67,7,2020,6,40.0584,-75.1422,1236.0,6,0,0,0,0,0,1,0,0,,0,0,0.0,12,1,3,2,,0,40 03:30.355,,0,75 08:31.833,3,0,0,0,67301,0,0,0,N,0,0,0,3,67301,0,,1,1,,N,N,N,0,,3,0,0,3,3,,1236,3,2,0,0,0,0,0,3,4,0,2,3,,N,,,,,,,,,,,
2020052506,740.0,2,0,0,0,0,0,0,0,0,4,0,,67,7,2020,6,40.0209,-75.1486,730.0,6,0,0,0,0,0,1,0,0,,0,0,0.0,19,1,1,2,,0,40 01:15.300,,0,75 08:54.800,8,0,0,0,67301,0,0,0,N,0,0,0,2,67301,0,,1,1,,N,N,N,0,,0,0,0,0,0,,1928,1,2,0,0,0,1,1,3,4,0,2,3,3.0,N,,,,,,,,,,,
2020085137,,1,0,0,0,0,0,0,0,0,4,0,,67,9,2020,4,39.9134,-75.1501,,6,0,0,0,0,0,0,0,0,,0,0,0.0,17,1,2,0,N,0,39 54:48.370,,0,75 09:00.530,8,0,0,0,67301,0,0,0,N,0,0,0,4,00000,0,,1,1,,,,N,0,,0,0,0,0,0,,1700,2,2,0,0,0,2,0,3,4,1,2,3,,N,,,,,,,,,,,
2020058803,1116.0,1,0,0,0,0,0,0,0,0,1,0,,67,6,2020,2,39.9601,-75.1794,1108.0,6,0,0,0,0,0,0,0,1,,0,0,0.0,11,1,1,0,N,1,39 57:36.245,4.0,3,75 10:45.819,3,0,0,0,67301,0,0,0,N,0,0,0,2,68K01,0,,1,1,1118.0,N,N,N,0,,1,0,1,0,0,N,1105,1,2,0,0,1,0,0,3,4,0,2,3,3.0,N,,,,,,,,,,,
2020097062,1125.0,1,0,0,0,0,0,0,0,0,1,0,,67,10,2020,7,39.9589,-75.1697,1119.0,6,0,0,0,0,0,0,0,0,,0,0,0.0,11,1,1,0,N,1,39 57:31.907,4.0,1,75 10:10.891,4,0,0,0,67301,0,0,0,N,0,0,0,3,68K01,1,,1,1,15.0,N,N,N,0,,0,0,1,0,0,N,1113,1,3,0,0,0,0,1,3,4,0,3,3,,N,,,,,,,,,,,
2020052502,2045.0,1,0,0,0,0,0,0,0,0,5,0,,67,7,2020,4,39.974,-75.2047,1955.0,6,0,0,0,0,0,0,0,0,,0,0,0.0,19,1,0,0,N,0,39 58:26.488,,0,75 12:17.084,0,0,0,0,67301,0,0,0,N,0,0,0,2,67301,0,,1,1,,N,N,N,1,,0,0,0,0,0,,1950,0,2,0,0,0,0,0,3,4,0,2,3,3.0,N,,,,,,,,,,,
2020051989,850.0,0,0,0,0,0,0,0,0,0,4,0,,67,7,2020,4,39.9586,-75.214,847.0,6,0,0,0,0,0,0,0,0,,0,0,0.0,8,3,1,1,,0,39 57:30.898,,1,75 12:50.353,2,0,1,1,67301,0,0,0,N,0,0,0,2,67301,0,,1,1,,N,N,N,1,,0,1,1,3,2,,844,1,3,0,0,0,0,0,3,4,0,3,3,,N,,,,,,,,,,,
2020052689,1246.0,0,0,0,0,0,0,0,0,0,1,0,,67,7,2020,4,39.9776,-75.1313,1242.0,6,0,0,0,0,0,0,0,0,,0,0,0.0,12,1,1,1,,0,39 58:39.389,,0,75 07:52.816,3,0,0,0,67301,0,0,0,N,0,0,0,3,67301,0,,1,1,,N,N,N,0,,1,0,3,3,2,,1235,1,3,0,0,0,0,0,3,4,0,3,3,,N,,,,,,,,,,,
2020052500,1246.0,2,0,0,0,0,0,0,0,0,4,0,,67,7,2020,7,40.0115,-75.0698,1245.0,6,0,0,0,0,0,0,0,0,,0,0,0.0,23,3,2,1,,0,40 00:41.506,,0,75 04:11.278,3,0,0,0,67301,0,0,0,N,0,0,0,4,67301,0,,1,1,,N,N,N,0,,2,0,0,3,2,,2353,2,2,0,0,0,0,0,3,4,0,2,3,,N,,,,,,,,,,,
2020051347,1745.0,0,0,0,0,0,0,1,0,0,5,1,,67,6,2020,1,40.0153,-75.1351,1730.0,6,1,0,0,0,0,0,0,0,,0,0,0.0,17,1,3,0,N,2,40 00:55.100,1.0,0,75 08:06.500,8,0,0,1,67301,0,0,0,N,0,0,0,4,67508,0,,1,1,2030.0,N,N,N,0,,0,0,0,0,0,Y,1730,3,2,0,0,0,3,0,3,4,0,2,3,,N,,,,,,,,,,,
2020053453,1840.0,1,0,0,0,0,0,0,0,0,5,0,,67,7,2020,7,40.0348,-75.0708,1834.0,6,0,0,0,0,0,0,0,0,,0,0,0.0,18,1,0,0,N,1,40 02:05.371,1.0,0,75 04:14.809,0,0,0,0,67301,0,0,0,N,0,0,0,2,67301,0,,1,1,1928.0,N,N,N,0,,0,0,1,0,0,Y,1834,0,2,0,0,0,0,0,3,4,0,2,3,,N,,,,,,,,,,,
2020095831,739.0,1,0,0,0,0,0,0,0,0,1,0,,67,10,2020,1,39.9987,-75.081,738.0,6,0,0,0,0,0,1,0,0,,0,0,0.0,7,1,0,0,N,0,39 59:55.298,,0,75 04:51.743,0,0,0,0,67301,0,0,0,N,0,0,0,2,68K01,0,,1,1,,N,N,N,0,,0,0,0,0,0,,735,0,2,0,0,0,0,0,3,4,1,2,3,,N,,,,,,,,,,,
2020096697,631.0,0,0,0,0,0,0,0,0,0,5,0,,67,10,2020,3,40.0391,-75.0083,613.0,6,0,0,0,0,0,0,0,0,,0,1,0.0,6,3,0,0,N,0,40 02:20.835,,0,75 00:29.982,0,0,0,0,67301,0,0,0,N,0,0,0,2,68K01,0,,1,9,,N,N,N,1,,0,0,0,0,0,,604,0,2,0,0,0,0,0,3,4,0,2,7,,N,,,,,,,,,,,
2020050700,1524.0,1,0,0,0,0,0,0,0,0,4,0,,67,6,2020,1,39.9982,-75.1876,1510.0,6,0,0,0,0,0,0,0,0,,0,0,0.0,14,1,2,2,,1,39 59:53.504,5.0,0,75 11:15.514,3,0,0,0,67301,0,0,0,N,0,0,0,2,67301,0,,1,1,1920.0,N,N,N,0,,2,0,1,3,2,Y,1455,2,2,0,0,0,0,0,3,4,0,2,3,3.0,N,,,,,,,,,,,
2020052334,2142.0,1,0,0,0,0,0,0,0,0,8,0,,67,7,2020,7,39.9634,-75.1874,2140.0,6,0,0,0,0,0,0,0,0,,0,0,0.0,21,3,1,1,,0,39 57:48.108,,0,75 11:14.701,8,0,0,0,67301,1,0,0,N,1,0,0,2,67507,0,,1,1,,,,N,0,,0,0,0,3,2,,2130,1,2,0,0,0,1,0,3,4,0,1,3,,N,,,,,,,,,,,