CRN,ARRIVAL_TM,AUTOMOBILE_COUNT,BELTED_DEATH_COUNT,BELTED_SUSP_SERIOUS_INJ_COUNT,BICYCLE_COUNT,BICYCLE_DEATH_COUNT,BICYCLE_SUSP_SERIOUS_INJ_COUNT,BUS_COUNT,CHLDPAS_DEATH_COUNT,CHLDPAS_SUSP_SERIOUS_INJ_COUNT,COLLISION_TYPE,COMM_VEH_COUNT,CONS_ZONE_SPD_LIM,COUNTY,CRASH_MONTH,CRASH_YEAR,DAY_OF_WEEK,DEC_LAT,DEC_LONG,DISPATCH_TM,DISTRICT,DRIVER_COUNT_16YR,DRIVER_COUNT_17YR,DRIVER_COUNT_18YR,DRIVER_COUNT_19YR,DRIVER_COUNT_20YR,DRIVER_COUNT_50_64YR,DRIVER_COUNT_65_74YR,DRIVER_COUNT_75PLUS,EST_HRS_CLOSED,FATAL_COUNT,HEAVY_TRUCK_COUNT,HORSE_BUGGY_COUNT,HOUR_OF_DAY,ILLUMINATION,INJURY_COUNT,INTERSECT_TYPE,INTERSECTION_RELATED,LANE_CLOSED,LATITUDE,LN_CLOSE_DIR,LOCATION_TYPE,LONGITUDE,MAX_SEVERITY_LEVEL,MCYCLE_DEATH_COUNT,MCYCLE_SUSP_SERIOUS_INJ_COUNT,MOTORCYCLE_COUNT,MUNICIPALITY,NONMOTR_COUNT,NONMOTR_DEATH_COUNT,NONMOTR_SUSP_SERIOUS_INJ_COUNT,NTFY_HIWY_MAINT,PED_COUNT,PED_DEATH_COUNT,PED_SUSP_SERIOUS_INJ_COUNT,PERSON_COUNT,POLICE_AGCY,POSSIBLE_INJ_COUNT,RDWY_SURF_TYPE_CD,RELATION_TO_ROAD,ROAD_CONDITION,ROADWAY_CLEARED,SCH_BUS_IND,SCH_ZONE_IND,SECONDARY_CRASH,SMALL_TRUCK_COUNT,SPEC_JURIS_CD,SUSP_MINOR_INJ_COUNT,SUSP_SERIOUS_INJ_COUNT,SUV_COUNT,TCD_FUNC_CD,TCD_TYPE,TFC_DETOUR_IND,TIME_OF_DAY,TOT_INJ_COUNT,TOTAL_UNITS,UNB_DEATH_COUNT,UNB_SUSP_SERIOUS_INJ_COUNT,UNBELTED_OCC_COUNT,UNK_INJ_DEG_COUNT,UNK_INJ_PER_COUNT,URBAN_AREA,URBAN_RURAL,VAN_COUNT,VEHICLE_COUNT,WEATHER1,WEATHER2,WORK_ZONE_IND,WORK_ZONE_LOC,WORK_ZONE_TYPE,WORKERS_PRES,WZ_CLOSE_DETOUR,WZ_FLAGGER,WZ_LAW_OFFCR_IND,WZ_LN_CLOSURE,WZ_MOVING,WZ_OTHER,WZ_SHLDER_MDN,WZ_WORKERS_INJ_KILLED
2020096776,1440.0,1,0,0,0,0,0,0,0,0,4,0,,67,11,2020,4,39.935,-75.2352,1440.0,6,0,0,0,0,0,1,0,0,,0,0,0.0,14,1,1,1,,2,39 56:06.028,3.0,0,75 14:06.874,3,0,0,0,67301,0,0,0,N,0,0,0,2,67301,0,,1,9,1443.0,N,N,N,0,,1,0,1,3,2,Y,1440,1,2,0,0,2,0,0,3,4,0,2,7,4.0,N,,,,,,,,,,,
2020054276,1318.0,0,0,0,0,0,0,0,0,0,7,0,,67,7,2020,7,39.9765,-75.2268,1318.0,6,0,0,0,0,0,0,1,0,,0,0,0.0,11,1,0,0,N,0,39 58:35.421,,0,75 13:36.315,0,0,0,0,67301,0,0,0,N,0,0,0,1,67301,0,,5,1,,N,N,N,0,,0,0,1,0,0,,1130,0,1,0,0,0,0,0,3,4,0,1,3,3.0,N,,,,,,,,,,,
2020052260,1722.0,1,0,0,0,0,0,0,0,0,4,0,,67,7,2020,6,39.9968,-75.1399,1714.0,6,0,0,0,0,0,0,0,0,,0,0,0.0,17,1,1,1,,0,39 59:48.368,,0,75 08:23.528,3,0,0,0,67301,0,0,0,N,0,0,0,3,67301,0,,1,1,,N,N,N,1,,1,0,0,3,3,,1704,1,2,0,0,0,0,0,3,4,0,2,3,3.0,N,,,,,,,,,,,
2020094644,1040.0,0,0,0,0,0,0,0,0,0,8,0,,67,11,2020,7,40.0818,-75.0305,1025.0,6,0,0,0,0,0,1,0,0,,0,0,0.0,10,1,1,2,,0,40 04:54.545,,0,75 01:49.687,3,0,0,0,67301,1,0,0,N,1,0,0,2,67301,0,,1,1,,N,N,N,0,,1,0,1,0,0,,1000,1,2,0,0,1,0,0,3,4,0,1,3,3.0,N,,,,,,,,,,,
2020050695,1933.0,0,0,0,0,0,0,0,0,0,7,0,,67,6,2020,1,40.0604,-75.084,1926.0,6,0,0,0,0,0,0,0,0,,0,0,0.0,19,1,1,0,N,0,40 03:37.487,,0,75 05:02.552,3,0,0,0,67301,0,0,0,N,0,0,0,1,67301,0,,4,1,,N,N,N,0,,1,0,1,0,0,,1900,1,1,0,0,0,0,0,3,4,0,1,3,3.0,N,,,,,,,,,,,
2020051748,1846.0,1,0,0,0,0,0,0,0,0,8,0,,67,6,2020,3,40.0224,-75.0444,1840.0,6,0,0,0,0,0,0,0,0,,0,0,0.0,18,1,1,0,N,2,40 01:20.660,2.0,0,75 02:39.920,2,0,0,0,67301,1,0,1,N,1,0,1,3,67301,0,,1,1,1946.0,N,N,N,0,,0,1,0,0,0,N,1838,1,2,0,0,0,0,0,3,4,0,1,3,,N,,,,,,,,,,,
2020058816,1142.0,2,0,0,0,0,0,0,0,0,5,0,,67,7,2020,7,39.9424,-75.1429,1127.0,6,0,0,0,0,0,0,0,0,,0,0,0.0,11,1,2,0,N,1,39 56:32.793,1.0,0,75 08:34.601,3,0,0,0,67301,0,0,0,N,0,0,0,4,68K01,0,,1,1,1250.0,N,N,N,0,,2,0,0,0,0,N,1126,2,2,0,0,0,0,0,3,4,0,2,3,,N,,,,,,,,,,,
2020051996,1624.0,1,0,0,0,0,0,0,0,0,7,0,,67,7,2020,5,40.0055,-75.1066,1624.0,6,0,0,0,0,0,0,0,0,,0,0,0.0,16,1,1,0,N,2,40 00:19.706,4.0,0,75 06:23.335,4,0,0,0,67301,0,0,0,N,0,0,0,1,67301,1,,4,1,1645.0,N,N,N,0,,0,0,0,0,0,Y,1600,1,1,0,0,1,0,0,3,4,0,1,3,3.0,N,,,,,,,,,,,
2020052259,2046.0,0,0,0,0,0,0,0,0,0,4,0,,67,7,2020,5,39.9959,-75.1333,2043.0,6,0,0,0,0,0,0,0,0,,0,0,0.0,20,3,1,2,,0,39 59:45.337,,0,75 08:00.045,3,0,0,0,67301,0,0,0,N,0,0,0,2,67301,0,,1,1,,N,N,N,0,,1,0,1,0,0,,2021,1,2,0,0,0,0,0,3,4,0,2,3,3.0,N,,,,,,,,,,,
2020058946,4.0,2,0,0,0,0,0,0,0,0,7,0,,67,7,2020,7,39.9692,-75.1266,2352.0,6,0,0,0,0,0,0,0,0,,0,0,0.0,23,3,1,0,N,1,39 58:09.072,1.0,0,75 07:35.774,3,0,0,0,67301,0,0,0,N,0,0,0,2,68K01,0,,4,1,30.0,N,N,N,0,,1,0,0,0,0,N,2342,1,2,0,0,0,0,0,3,4,0,2,3,3.0,N,,,,,,,,,,,
2020095934,1833.0,1,0,0,0,0,0,0,0,0,8,0,,67,11,2020,3,40.0645,-75.1607,1830.0,6,0,0,0,0,0,0,0,0,,0,0,0.0,18,3,1,1,,0,40 03:52.100,,0,75 09:38.478,3,0,0,0,67301,1,0,0,N,1,0,0,1,67301,0,,5,1,,N,N,N,0,,1,0,0,3,2,,1825,1,2,0,0,0,0,0,3,4,0,1,3,3.0,N,,,,,,,,,,,
2020052147,133.0,1,0,0,0,0,0,0,0,0,4,0,,67,7,2020,6,40.0465,-75.073,130.0,6,0,0,0,0,0,0,0,0,,0,0,0.0,1,3,1,1,,0,40 02:47.450,,0,75 04:22.940,3,0,0,0,67301,0,0,0,N,0,0,0,3,67301,0,,1,1,,N,N,N,0,,1,0,0,3,3,,130,1,2,0,0,0,0,0,3,4,0,2,3,,N,,,,,,,,,,,
2020052604,2051.0,1,0,0,0,0,0,0,0,0,5,0,,67,7,2020,7,39.9819,-75.1638,2050.0,6,0,0,0,0,0,1,0,0,,0,0,0.0,20,3,0,0,N,2,39 58:54.780,1.0,0,75 09:49.520,0,0,0,0,67301,0,0,0,N,0,0,0,1,67301,0,,6,1,2210.0,N,N,N,0,,0,0,1,0,0,Y,2049,0,3,0,0,0,0,0,3,4,1,3,3,3.0,N,,,,,,,,,,,
2020096990,959.0,0,0,0,0,0,0,0,0,0,7,0,,67,11,2020,1,39.9779,-75.2282,955.0,6,0,0,0,0,0,0,0,0,,0,0,0.0,9,1,0,0,N,0,39 58:40.414,,0,75 13:41.569,9,0,0,0,67301,0,0,0,N,0,0,0,1,67301,0,,5,1,,N,N,N,0,,0,0,0,0,0,,950,0,1,0,0,0,0,1,3,4,0,1,3,3.0,N,,,,,,,,,,,
2020052866,214.0,1,0,0,0,0,0,0,0,0,7,0,,67,7,2020,7,39.8997,-75.1623,208.0,6,0,0,0,0,0,0,0,0,,0,0,0.0,2,3,2,0,N,1,39 54:01.734,1.0,3,75 09:20.686,8,0,0,0,67301,0,0,0,N,0,0,0,2,68K01,0,,4,1,237.0,N,N,N,0,,0,0,0,0,0,N,207,2,1,0,0,0,2,0,3,4,0,1,3,3.0,N,,,,,,,,,,,
2020096511,451.0,0,0,0,0,0,0,0,0,0,5,1,,67,10,2020,2,39.9826,-75.2079,444.0,6,0,0,0,0,0,1,0,0,,0,1,0.0,4,3,1,0,N,0,39 58:57.450,,0,75 12:28.539,4,0,0,0,67301,0,0,0,N,0,0,0,2,68K01,1,,1,1,,N,N,N,0,,0,0,1,0,0,,442,1,2,0,0,0,0,0,3,4,0,2,3,,N,,,,,,,,,,,
2020051919,1647.0,1,0,0,0,0,0,0,0,0,4,0,,67,7,2020,5,40.0796,-75.2004,1645.0,6,0,0,0,0,0,0,0,0,,0,0,0.0,16,1,2,1,,0,40 04:46.424,,0,75 12:01.563,3,0,0,0,67301,0,0,0,N,0,0,0,5,67301,0,,1,1,,N,N,N,0,,2,0,1,3,2,,1633,2,2,0,0,0,0,1,3,4,0,2,3,3.0,N,,,,,,,,,,,
2020096712,1250.0,1,0,0,0,0,0,0,0,0,1,1,,67,10,2020,5,40.0134,-75.0573,1250.0,6,0,0,0,0,1,0,0,0,,0,1,0.0,12,1,0,0,N,1,40 00:48.220,1.0,0,75 03:26.359,0,0,0,0,67301,0,0,0,N,0,0,0,2,68K01,0,,1,9,1245.0,N,N,N,0,,0,0,0,3,8,N,1221,0,2,0,0,0,0,0,3,4,0,2,7,,N,,,,,,,,,,,
2020052815,1645.0,1,0,0,0,0,0,0,0,0,8,0,,67,7,2020,7,39.995,-75.163,1632.0,6,0,0,0,0,0,0,0,0,,0,0,0.0,16,1,1,5,,0,39 59:42.107,,0,75 09:46.877,3,0,0,0,67301,1,0,0,N,1,0,0,2,67301,0,,1,1,,N,N,N,0,,1,0,0,3,2,,1629,1,2,0,0,0,0,1,3,4,0,1,3,,N,,,,,,,,,,,
2020094932,2100.0,1,0,0,0,0,0,0,0,0,0,0,,67,11,2020,2,39.953,-75.2388,2059.0,6,0,0,0,0,0,0,0,0,,0,0,0.0,20,3,1,0,N,0,39 57:10.730,,0,75 14:19.520,8,0,0,0,67301,0,0,0,N,0,0,0,1,67301,0,,9,1,,N,N,N,0,,0,0,0,3,3,,2059,1,1,0,0,0,1,0,3,4,0,1,3,3.0,N,,,,,,,,,,,
2020052134,2146.0,2,0,2,0,0,0,0,0,0,4,0,,67,7,2020,5,40.0123,-75.1616,2145.0,6,0,0,0,0,0,1,0,0,,0,0,0.0,16,1,2,0,N,0,40 00:44.204,,0,75 09:41.813,2,0,0,0,67301,0,0,0,N,0,0,0,3,67301,0,,1,1,,N,N,N,0,,0,2,0,0,0,,1630,2,2,0,0,0,0,1,3,4,0,2,3,3.0,N,,,,,,,,,,,
2020052421,2240.0,2,0,0,0,0,0,0,0,0,4,0,,67,7,2020,7,39.9832,-75.1568,2240.0,6,0,0,0,0,0,0,0,0,,0,0,0.0,22,3,3,1,,2,39 58:59.553,2.0,0,75 09:24.974,3,0,0,0,67301,0,0,0,N,0,0,0,3,67301,0,,1,1,10.0,N,N,N,0,,3,0,0,3,2,Y,2240,3,2,0,0,0,0,0,3,4,0,2,3,,N,,,,,,,,,,,
2020051372,125.0,1,0,0,0,0,0,0,0,0,5,0,,67,6,2020,3,40.0225,-75.1448,123.0,6,0,0,0,0,0,0,0,0,,0,0,0.0,22,3,0,0,N,0,40 01:21.080,,0,75 08:41.340,9,0,0,0,67301,0,0,0,N,0,0,0,2,67301,0,,6,1,,N,N,N,0,,0,0,1,0,0,,2250,0,2,0,0,0,0,1,3,4,0,2,3,,N,,,,,,,,,,,
2020054274,1629.0,3,0,0,0,0,0,0,0,0,4,0,,67,7,2020,5,39.9686,-75.2339,1628.0,6,0,0,0,0,0,0,0,0,,0,0,0.0,16,1,6,1,,0,39 58:07.093,,0,75 14:01.874,3,0,0,0,67301,0,0,0,N,0,0,0,7,67301,0,,1,1,,N,N,N,0,,5,0,0,3,2,,1628,6,3,0,0,0,1,1,3,4,0,3,3,3.0,N,,,,,,,,,,,
2020095931,1844.0,1,0,0,0,0,0,0,0,0,7,0,,67,11,2020,2,39.9282,-75.1806,1842.0,6,0,0,0,0,0,0,0,0,,0,0,0.0,18,3,0,0,N,0,39 55:41.480,,0,75 10:50.280,0,0,0,0,67301,0,0,0,N,0,0,0,1,67301,0,,5,1,,N,N,N,0,,0,0,1,0,0,,1840,0,2,0,0,0,0,0,3,4,0,2,3,,N,,,,,,,,,,,
2020051993,2302.0,1,0,0,0,0,0,0,0,0,8,0,,67,6,2020,3,39.9912,-75.123,2302.0,6,0,0,0,0,0,0,0,0,,0,0,0.0,23,3,1,0,N,2,39 59:28.170,5.0,1,75 07:22.900,4,0,0,0,67301,1,0,0,N,1,0,0,2,67301,1,,1,1,2315.0,N,N,N,0,,0,0,0,0,0,N,2300,1,2,0,0,0,0,0,3,4,0,1,3,3.0,N,,,,,,,,,,,
2020053265,2220.0,2,0,0,0,0,0,0,0,0,5,0,,67,7,2020,7,39.9205,-75.1803,2216.0,6,0,0,0,0,0,0,0,0,,0,0,0.0,21,3,0,0,N,0,39 55:13.730,,0,75 10:49.250,0,0,0,0,67301,0,0,0,N,0,0,0,1,67301,0,,6,1,,N,N,N,0,,0,0,1,0,0,,2157,0,3,0,0,0,0,0,3,4,0,3,3,,N,,,,,,,,,,,
2020095628,1215.0,3,0,0,0,0,0,0,0,0,4,0,,67,6,2020,3,39.9532,-75.2487,1214.0,6,0,0,0,0,0,0,0,0,,0,0,0.0,12,1,1,2,,0,39 57:11.451,,0,75 14:55.471,3,0,0,0,67301,0,0,0,N,0,0,0,1,67301,0,,1,1,,N,N,Y,0,,1,0,2,3,2,,1213,1,5,0,0,1,0,0,3,4,0,5,3,,N,,,,,,,,,,,
2020058811,753.0,0,0,0,0,0,0,0,0,0,7,0,,67,7,2020,6,39.9677,-75.1894,753.0,6,0,0,0,0,0,0,0,0,,0,0,0.0,7,1,0,0,N,1,39 58:03.579,4.0,0,75 11:21.895,0,0,0,0,67301,0,0,0,N,0,0,0,1,68K01,0,,4,1,30.0,N,N,N,1,,0,0,0,0,0,N,743,0,1,0,0,0,0,0,3,4,0,1,3,,N,,,,,,,,,,,
2020097128,1330.0,1,0,0,0,0,0,0,0,0,1,0,,67,11,2020,4,40.1235,-75.0154,1327.0,6,0,0,0,0,0,1,0,0,,0,0,0.0,13,1,1,3,,1,40 07:24.748,2.0,0,75 00:55.269,8,0,0,0,67301,0,0,0,N,0,0,0,2,67301,0,,1,9,1430.0,N,N,N,0,,0,0,1,3,2,N,1324,1,2,0,0,0,1,0,3,4,0,2,7,,N,,,,,,,,,,,
2020052605,1228.0,1,0,0,0,0,0,0,0,0,1,0,,67,7,2020,7,39.9787,-75.1578,1228.0,6,0,0,0,0,0,1,0,0,,0,0,0.0,19,1,1,1,,0,39 58:43.287,,0,75 09:28.532,3,0,0,0,67301,0,0,0,N,0,0,0,4,67301,0,,1,1,,N,N,N,0,,1,0,0,3,2,,1930,1,2,0,0,3,0,0,3,4,0,2,3,3.0,N,,,,,,,,,,,
2020051590,2221.0,0,0,0,0,0,0,0,0,0,4,0,,67,6,2020,2,39.9746,-75.1992,2219.0,6,0,0,0,0,0,0,0,0,,0,0,0.0,22,3,5,1,,0,39 58:29.100,,2,75 11:57.300,4,0,0,0,67301,0,0,0,N,0,0,0,5,67301,3,,1,1,,N,N,N,0,,0,0,2,3,2,,2210,5,2,0,0,0,2,0,3,4,0,2,3,,N,,,,,,,,,,,
2020052201,37.0,1,0,0,0,0,0,0,0,0,4,0,,67,7,2020,7,40.049,-75.158,34.0,6,0,0,0,0,0,1,0,0,,0,0,0.0,0,3,3,2,,2,40 02:56.471,7.0,0,75 09:28.717,3,0,0,0,67301,0,0,0,N,0,0,0,4,67301,0,,1,1,130.0,N,N,N,0,,2,0,1,3,3,Y,10,3,2,0,0,2,1,1,3,4,0,2,3,3.0,N,,,,,,,,,,,
2020052263,1053.0,1,0,0,0,0,0,0,0,0,4,0,,67,7,2020,4,40.0094,-75.1679,1053.0,6,0,0,0,0,0,0,0,0,,0,0,0.0,10,1,1,3,,1,40 00:33.697,4.0,0,75 10:05.099,8,0,0,0,67301,0,0,0,N,0,0,0,2,67301,0,,1,1,1120.0,N,N,N,0,,0,0,0,0,0,N,1050,1,2,0,0,0,1,0,3,4,1,2,3,3.0,N,,,,,,,,,,,
2020095850,1435.0,1,0,0,0,0,0,0,0,0,1,0,25.0,67,10,2020,7,39.9467,-75.1884,1420.0,6,0,0,0,0,0,0,0,0,,0,0,0.0,14,1,1,0,N,0,39 56:48.115,,0,75 11:18.257,4,0,0,0,67301,0,0,0,N,0,0,0,2,68K01,1,,1,1,,N,N,N,0,,0,0,1,0,0,,1419,1,2,0,0,0,0,0,3,4,0,2,3,3.0,Y,2.0,1.0,Y,N,N,N,Y,N,N,N,N
2020095851,1801.0,2,0,0,0,0,0,0,0,0,1,0,,67,10,2020,7,40.0366,-75.0151,1742.0,6,0,0,0,1,0,0,0,0,,0,0,0.0,17,1,0,0,N,0,40 02:11.919,,0,75 00:54.537,0,0,0,0,67301,0,0,0,N,0,0,0,2,68K01,0,,1,1,,N,N,N,0,,0,0,0,0,0,,1741,0,2,0,0,0,0,0,3,4,0,2,3,3.0,N,,,,,,,,,,,
2020095604,1945.0,1,0,0,0,0,0,0,0,0,1,0,,67,11,2020,6,39.9964,-75.1135,1945.0,6,0,0,0,0,0,0,0,0,,0,0,0.0,18,3,1,2,,0,39 59:47.175,,0,75 06:48.425,2,0,1,1,67301,0,0,0,N,0,0,0,1,67301,0,,1,1,,N,N,N,0,,0,1,0,0,0,,1843,1,2,0,0,0,0,0,3,4,0,2,3,3.0,N,,,,,,,,,,,
2020058802,414.0,0,0,0,0,0,0,0,0,0,7,0,,67,6,2020,1,39.8987,-75.1711,405.0,6,0,0,0,0,0,0,0,0,,0,0,0.0,4,3,1,0,N,1,39 53:58.783,1.0,0,75 09:44.716,3,0,0,0,67301,0,0,0,N,0,0,0,3,68K01,0,,3,1,500.0,N,N,N,0,,1,0,0,0,0,N,404,1,1,0,0,0,0,0,3,4,1,1,3,,N,,,,,,,,,,,
2020051749,1557.0,2,0,0,0,0,0,0,0,0,4,0,,67,7,2020,4,40.0069,-75.0684,1555.0,6,0,0,0,0,0,0,0,0,,0,0,0.0,15,1,0,2,,1,40 00:24.918,3.0,2,75 04:06.198,9,0,0,0,67301,0,0,0,N,0,0,0,5,67301,0,,1,1,1620.0,N,N,N,0,,0,0,0,0,0,N,1540,0,2,0,0,0,0,5,3,4,0,2,3,3.0,N,,,,,,,,,,,
2020050907,1628.0,1,0,0,0,0,0,0,0,0,1,0,,67,6,2020,1,39.9183,-75.1828,1618.0,6,0,0,0,0,0,1,1,0,,0,0,0.0,16,1,1,2,,0,39 55:06.027,,0,75 10:58.054,4,0,0,0,67301,0,0,0,N,0,0,0,3,67301,1,,1,1,,N,N,N,1,,0,0,1,3,2,,1616,1,3,0,0,1,0,0,3,4,0,3,3,,N,,,,,,,,,,,
2020095973,2115.0,1,0,0,0,0,0,0,0,0,3,0,,67,11,2020,7,40.0143,-75.0709,2115.0,6,0,0,0,0,0,0,0,0,,0,0,0.0,20,6,0,1,,9,40 00:51.572,,0,75 04:15.064,9,0,0,0,67301,0,0,0,N,0,0,0,1,67301,0,,1,1,,N,N,N,0,,0,0,0,3,3,U,2000,0,2,0,0,0,0,1,3,4,0,2,3,,N,,,,,,,,,,,
2020053205,1850.0,2,0,0,0,0,0,0,0,0,1,0,,67,6,2020,2,39.959,-75.1705,1847.0,6,0,0,0,0,0,1,0,0,,0,0,0.0,18,1,5,0,N,2,39 57:32.273,4.0,0,75 10:13.892,3,0,0,0,67301,0,0,0,N,0,0,0,6,68K01,3,,1,1,45.0,N,N,N,0,,2,0,0,0,0,N,1846,5,2,0,0,0,0,0,3,4,0,2,3,,N,,,,,,,,,,,
2020052150,40.0,0,0,0,0,0,0,0,0,0,8,0,,67,7,2020,6,40.0364,-75.1305,33.0,6,0,0,0,0,0,0,0,0,,0,0,0.0,21,3,1,1,,0,40 02:11.168,,0,75 07:49.828,2,0,0,1,67301,1,0,1,N,1,0,1,2,67301,0,,1,1,,N,N,N,0,,0,1,0,3,2,,2129,1,2,0,0,0,0,1,3,4,0,1,3,3.0,N,,,,,,,,,,,
2020090626,,1,0,0,0,0,0,0,0,0,4,0,,67,8,2020,1,39.9387,-75.2243,,6,0,0,0,0,0,1,0,0,,0,0,0.0,18,1,0,1,,0,39 56:19.388,,0,75 13:27.483,0,0,0,0,67301,0,0,0,N,0,0,0,2,00000,0,,1,1,,,,N,0,,0,0,1,3,2,,1830,0,2,0,0,0,0,0,3,4,0,2,3,,N,,,,,,,,,,,
2020094825,500.0,0,0,0,0,0,0,0,0,0,5,1,,67,11,2020,7,39.896,-75.2493,449.0,6,0,0,0,0,0,1,0,0,,0,1,0.0,4,3,0,0,N,0,39 53:45.595,,0,75 14:57.584,0,0,0,0,67301,0,0,0,N,0,0,0,2,67301,0,,1,1,,N,N,N,0,,0,0,1,0,0,,413,0,2,0,0,1,0,0,3,4,0,2,3,3.0,N,,,,,,,,,,,
2020052419,2351.0,2,0,0,0,0,0,0,0,0,5,0,,67,7,2020,7,40.071,-75.1574,2350.0,6,0,0,0,0,0,0,0,0,,0,0,0.0,20,3,1,0,N,0,40 04:15.500,,0,75 09:26.600,3,0,0,0,67301,0,0,0,N,0,0,0,3,67301,0,,6,1,,N,N,N,0,,1,0,1,0,0,,2050,1,3,0,0,0,0,0,3,4,0,3,3,3.0,N,,,,,,,,,,,
2020070603,2348.0,2,0,0,0,0,0,0,0,0,4,0,,67,8,2020,4,39.9918,-75.1186,2347.0,6,0,0,0,0,0,0,0,0,,0,0,0.0,22,3,0,1,,0,39 59:30.602,,0,75 07:07.017,0,0,0,0,67301,0,0,0,N,0,0,0,2,67301,0,,1,1,,N,N,N,0,,0,0,1,3,3,,2234,0,3,0,0,0,0,0,3,4,0,3,3,3.0,N,,,,,,,,,,,
2020058814,1844.0,1,0,0,0,0,0,0,0,0,5,0,,67,7,2020,6,39.9593,-75.1734,1827.0,6,0,0,0,0,0,1,0,0,,0,0,0.0,18,1,1,0,N,0,39 57:33.558,,0,75 10:24.213,4,0,0,0,67301,0,0,0,N,0,0,0,3,68K01,1,,1,1,,N,N,N,1,,0,0,0,0,0,,1825,1,2,0,0,0,0,0,3,4,0,2,3,,N,,,,,,,,,,,
2020097127,1840.0,0,0,0,0,0,0,0,0,0,8,0,,67,11,2020,5,39.9097,-75.1621,1832.0,6,0,0,0,0,0,0,0,0,,0,0,0.0,18,3,1,0,N,0,39 54:34.900,,0,75 09:43.730,8,0,0,0,67301,1,0,0,N,1,0,0,1,67301,0,,1,9,,N,N,N,0,,0,0,0,3,2,,1800,1,2,0,0,0,1,0,3,4,0,1,7,4.0,N,,,,,,,,,,,
2020052424,1945.0,3,0,0,0,0,0,0,0,0,2,0,,67,7,2020,7,40.0339,-75.1453,1945.0,6,0,0,0,0,0,1,0,0,,0,0,0.0,19,1,0,0,N,2,40 02:02.140,5.0,0,75 08:42.960,9,0,0,0,67301,0,0,0,N,0,0,0,1,67301,0,,6,1,2130.0,N,N,Y,0,,0,0,1,0,0,Y,1930,0,4,0,0,0,0,1,3,4,0,4,3,,N,,,,,,,,,,,
2020051477,2355.0,1,0,0,0,0,0,0,0,0,4,0,,67,6,2020,3,39.957,-75.2133,2350.0,6,0,0,1,0,0,0,0,0,,0,0,0.0,23,3,1,1,,1,39 57:25.245,3.0,0,75 12:47.990,3,0,0,0,67301,0,0,0,N,0,0,0,3,67301,0,,1,1,100.0,N,N,N,0,,1,0,1,3,2,N,2340,1,2,0,0,0,0,1,3,4,0,2,3,3.0,N,,,,,,,,,,,
2020087598,,1,0,0,0,0,0,0,0,0,4,0,,67,8,2020,2,39.8821,-75.2298,,6,0,0,0,0,0,1,0,0,,0,0,0.0,18,1,1,0,N,0,39 52:55.400,,0,75 13:47.370,8,0,0,0,67301,0,0,0,N,0,0,0,2,00000,0,,1,1,,,,N,0,,0,0,0,0,0,,1810,1,2,0,0,0,1,0,3,4,0,2,3,,N,,,,,,,,,,,
2020095599,953.0,1,0,0,0,0,0,0,0,0,4,0,,67,11,2020,6,39.9215,-75.1704,948.0,6,0,0,0,0,0,0,0,0,,0,0,0.0,9,1,1,0,N,2,39 55:17.486,2.0,0,75 10:13.319,8,0,0,0,67301,0,0,0,N,0,0,0,2,67301,0,,1,1,1045.0,N,N,N,0,,0,0,1,0,0,Y,945,1,2,0,0,0,1,0,3,4,0,2,3,,N,,,,,,,,,,,
2020097063,1222.0,1,0,0,0,0,0,0,0,0,7,0,,67,10,2020,7,40.0089,-75.069,1208.0,6,0,0,0,0,0,0,0,0,,0,0,0.0,12,1,1,0,N,1,40 00:32.026,2.0,0,75 04:08.530,4,0,0,0,67301,0,0,0,N,0,0,0,2,68K01,1,,4,1,1250.0,N,N,N,0,,0,0,0,0,0,N,1205,1,1,0,0,0,0,0,3,4,0,1,3,,N,,,,,,,,,,,
2020052688,1207.0,1,0,0,0,0,0,0,0,0,4,0,,67,7,2020,5,39.9851,-75.2474,1205.0,6,0,0,0,0,0,0,0,1,,0,0,0.0,12,1,1,1,,0,39 59:06.252,,0,75 14:50.560,4,0,0,0,67301,0,0,0,N,0,0,0,2,67301,1,,1,1,,N,N,N,0,,0,0,1,3,1,,1205,1,2,0,0,0,0,0,3,4,0,2,3,3.0,N,,,,,,,,,,,
2020096779,2126.0,0,0,0,0,0,0,0,0,0,8,0,,67,11,2020,4,40.0159,-75.1538,2121.0,6,0,0,0,0,0,0,0,0,,0,0,0.0,21,3,1,1,,0,40 00:57.144,,0,75 09:13.828,8,0,0,0,67301,1,0,0,N,1,0,0,1,67301,0,,1,9,,N,N,N,0,,0,0,0,9,2,,2108,1,2,0,0,0,1,0,3,4,0,1,7,,N,,,,,,,,,,,
2020052418,1836.0,1,0,0,1,0,0,0,0,0,4,0,,67,7,2020,6,39.9441,-75.1535,1834.0,6,0,0,0,0,0,0,0,0,,0,0,0.0,16,1,1,1,,0,39 56:38.805,,6,75 09:12.654,3,0,0,0,67301,1,0,0,N,0,0,0,2,67301,0,,1,1,,N,N,N,0,,1,0,0,3,2,,1616,1,2,0,0,1,0,0,3,4,0,1,3,3.0,N,,,,,,,,,,,
2020052321,1108.0,1,0,0,0,0,0,0,0,0,7,0,,67,7,2020,4,40.1058,-75.0274,1049.0,6,0,0,0,1,0,0,0,0,,0,0,0.0,10,1,1,0,N,0,40 06:20.919,,0,75 01:38.789,8,0,0,0,67301,0,0,0,N,0,0,0,1,67301,0,,4,1,,N,N,Y,0,,0,0,0,0,0,,1045,1,1,0,0,0,1,0,3,4,0,1,3,,N,,,,,,,,,,,