CRN,ARRIVAL_TM,AUTOMOBILE_COUNT,BELTED_DEATH_COUNT,BELTED_SUSP_SERIOUS_INJ_COUNT,BICYCLE_COUNT,BICYCLE_DEATH_COUNT,BICYCLE_SUSP_SERIOUS_INJ_COUNT,BUS_COUNT,CHLDPAS_DEATH_COUNT,CHLDPAS_SUSP_SERIOUS_INJ_COUNT,COLLISION_TYPE,COMM_VEH_COUNT,CONS_ZONE_SPD_LIM,COUNTY,CRASH_MONTH,CRASH_YEAR,DAY_OF_WEEK,DEC_LAT,DEC_LONG,DISPATCH_TM,DISTRICT,DRIVER_COUNT_16YR,DRIVER_COUNT_17YR,DRIVER_COUNT_18YR,DRIVER_COUNT_19YR,DRIVER_COUNT_20YR,DRIVER_COUNT_50_64YR,DRIVER_COUNT_65_74YR,DRIVER_COUNT_75PLUS,EST_HRS_CLOSED,FATAL_COUNT,HEAVY_TRUCK_COUNT,HORSE_BUGGY_COUNT,HOUR_OF_DAY,ILLUMINATION,INJURY_COUNT,INTERSECT_TYPE,INTERSECTION_RELATED,LANE_CLOSED,LATITUDE,LN_CLOSE_DIR,LOCATION_TYPE,LONGITUDE,MAX_SEVERITY_LEVEL,MCYCLE_DEATH_COUNT,MCYCLE_SUSP_SERIOUS_INJ_COUNT,MOTORCYCLE_COUNT,MUNICIPALITY,NONMOTR_COUNT,NONMOTR_DEATH_COUNT,NONMOTR_SUSP_SERIOUS_INJ_COUNT,NTFY_HIWY_MAINT,PED_COUNT,PED_DEATH_COUNT,PED_SUSP_SERIOUS_INJ_COUNT,PERSON_COUNT,POLICE_AGCY,POSSIBLE_INJ_COUNT,RDWY_SURF_TYPE_CD,RELATION_TO_ROAD,ROAD_CONDITION,ROADWAY_CLEARED,SCH_BUS_IND,SCH_ZONE_IND,SECONDARY_CRASH,SMALL_TRUCK_COUNT,SPEC_JURIS_CD,SUSP_MINOR_INJ_COUNT,SUSP_SERIOUS_INJ_COUNT,SUV_COUNT,TCD_FUNC_CD,TCD_TYPE,TFC_DETOUR_IND,TIME_OF_DAY,TOT_INJ_COUNT,TOTAL_UNITS,UNB_DEATH_COUNT,UNB_SUSP_SERIOUS_INJ_COUNT,UNBELTED_OCC_COUNT,UNK_INJ_DEG_COUNT,UNK_INJ_PER_COUNT,URBAN_AREA,URBAN_RURAL,VAN_COUNT,VEHICLE_COUNT,WEATHER1,WEATHER2,WORK_ZONE_IND,WORK_ZONE_LOC,WORK_ZONE_TYPE,WORKERS_PRES,WZ_CLOSE_DETOUR,WZ_FLAGGER,WZ_LAW_OFFCR_IND,WZ_LN_CLOSURE,WZ_MOVING,WZ_OTHER,WZ_SHLDER_MDN,WZ_WORKERS_INJ_KILLED
2020063958,1855.0,2,0,0,0,0,0,0,0,0,4,0,,67,8,2020,6,39.9485,-75.2057,1743.0,6,0,0,0,0,0,0,0,0,,0,0,0.0,17,1,0,1,,1,39 56:54.661,2.0,0,75 12:20.448,0,0,0,0,67301,0,0,0,N,0,0,0,2,67301,0,,1,1,1850.0,N,N,N,0,,0,0,0,3,3,Y,1735,0,2,0,0,0,0,0,3,4,0,2,4,4.0,N,,,,,,,,,,,
2020063038,1921.0,2,0,0,0,0,0,0,0,0,6,0,,67,8,2020,5,39.9761,-75.1224,1921.0,6,0,0,0,0,0,1,0,0,,0,0,0.0,18,1,0,0,N,0,39 58:34.080,,0,75 07:20.660,0,0,0,0,67301,0,0,0,N,0,0,0,2,67301,0,,1,1,,N,N,N,0,,0,0,0,0,0,,1800,0,2,0,0,0,0,0,3,4,0,2,3,,N,,,,,,,,,,,
2020062819,355.0,1,0,0,0,0,0,0,0,0,5,0,,67,8,2020,5,40.0923,-75.0236,351.0,6,0,0,0,0,0,0,0,0,,0,0,0.0,3,3,0,0,N,0,40 05:32.150,,0,75 01:24.930,0,0,0,0,67301,0,0,0,N,0,0,0,1,67301,0,,6,1,,N,N,N,1,,0,0,0,0,0,,345,0,2,0,0,0,0,0,3,4,0,2,3,,N,,,,,,,,,,,
2020051576,1956.0,1,0,0,0,0,0,0,0,0,4,1,,67,7,2020,4,39.9821,-75.1484,1955.0,6,0,0,0,0,0,0,0,0,,0,1,0.0,19,1,0,1,,0,39 58:55.585,,0,75 08:54.376,0,0,0,0,67301,1,0,0,N,0,0,0,3,67505,0,,1,1,,N,N,N,0,,0,0,0,3,3,,1950,0,2,0,0,0,0,0,3,4,0,2,3,3.0,N,,,,,,,,,,,
2020062824,1145.0,1,0,0,0,0,0,0,0,0,7,0,,67,8,2020,5,40.0471,-75.1864,1126.0,6,0,0,0,0,0,0,0,0,,0,0,0.0,10,1,0,0,N,0,40 02:49.400,,0,75 11:11.000,0,0,0,0,67301,0,0,0,N,0,0,0,1,67301,0,,5,99,,N,N,N,0,,0,0,0,0,0,,1027,0,1,0,0,0,0,0,3,4,0,1,3,4.0,N,,,,,,,,,,,
2020063433,1735.0,0,0,0,0,0,0,0,0,0,7,0,,67,8,2020,6,40.0071,-75.0941,1711.0,6,0,0,0,0,0,0,0,0,,0,0,0.0,17,1,0,1,,0,40 00:25.667,,1,75 05:38.650,0,0,0,0,67301,0,0,0,N,0,0,0,1,67301,0,,4,1,,N,N,N,0,,0,0,1,3,2,,1710,0,1,0,0,1,0,0,3,4,0,1,3,4.0,N,,,,,,,,,,,
2020110385,705.0,1,0,0,0,0,0,0,0,0,4,1,,67,12,2020,6,40.0102,-75.0981,641.0,6,0,0,0,0,0,0,0,0,,0,1,0.0,6,3,1,1,,1,40 00:36.834,2.0,0,75 05:53.119,3,0,0,0,67301,0,0,0,N,0,0,0,2,67301,0,,1,6,800.0,N,N,N,0,,1,0,0,3,2,Y,625,1,2,0,0,0,0,0,3,4,0,2,3,98.0,N,,,,,,,,,,,
2020064527,1619.0,0,0,0,0,0,0,0,0,0,1,0,,67,8,2020,7,40.0321,-75.0853,1559.0,6,0,0,0,0,0,0,0,0,,0,0,0.0,15,1,3,2,,0,40 01:55.640,,0,75 05:07.090,3,0,0,0,67301,0,0,0,N,0,0,0,4,67301,0,,1,1,,N,N,N,0,,3,0,2,3,3,,1530,3,2,0,0,0,0,1,3,4,0,2,3,3.0,N,,,,,,,,,,,
2020066772,1727.0,3,0,0,0,0,0,0,0,0,4,0,,67,8,2020,7,40.0302,-75.0437,1725.0,6,0,0,1,0,0,1,0,0,,0,0,0.0,17,1,3,1,,2,40 01:48.773,7.0,0,75 02:37.481,8,0,0,0,67301,0,0,0,N,0,0,0,4,67301,0,,1,1,45.0,N,N,N,0,,0,0,0,3,2,Y,1722,3,3,0,0,3,3,0,3,4,0,3,3,,N,,,,,,,,,,,
2020062823,1135.0,2,0,0,0,0,0,0,0,0,1,0,,67,8,2020,5,39.8925,-75.2226,1130.0,6,0,0,0,0,0,1,0,0,,0,0,0.0,10,1,1,1,,0,39 53:32.860,,2,75 13:22.350,8,0,0,0,67301,0,0,0,N,0,0,0,3,67301,0,,1,9,,N,N,N,1,,0,0,0,3,2,,1030,1,3,0,0,0,1,0,3,4,0,3,4,,N,,,,,,,,,,,
2020110794,1740.0,2,0,0,0,0,0,0,0,0,1,0,,67,1,2020,4,39.9669,-75.1608,,6,0,0,0,0,0,0,0,0,,0,0,0.0,17,1,1,0,Y,0,39 58:00.920,,0,75 09:38.660,8,0,0,0,67301,0,0,0,N,0,0,0,2,00000,0,,1,1,,,,N,0,,0,0,0,3,2,,1740,1,2,0,0,0,1,0,3,4,0,2,3,,N,,,,,,,,,,,
2020063116,1135.0,0,0,0,0,0,0,0,0,0,4,0,,67,8,2020,6,40.0366,-75.1033,1127.0,6,0,0,0,0,0,1,0,0,,0,0,0.0,11,1,1,0,N,0,40 02:11.900,,7,75 06:12.000,3,0,0,1,67301,0,0,0,N,0,0,0,2,67301,0,,1,1,,N,N,N,0,,1,0,1,0,0,,1120,1,2,0,0,0,0,0,3,4,0,2,4,,N,,,,,,,,,,,
2020063431,418.0,3,0,0,0,0,0,0,0,0,5,0,,67,8,2020,6,39.9847,-75.1599,414.0,6,0,0,0,0,0,0,0,0,,0,0,0.0,4,3,0,0,N,2,39 59:04.980,1.0,0,75 09:35.680,0,0,0,0,67301,0,0,0,N,0,0,0,1,67301,0,,6,9,600.0,N,N,N,0,,0,0,2,0,0,Y,405,0,7,0,0,0,0,0,3,4,2,7,7,,N,,,,,,,,,,,
2020066204,1346.0,1,0,0,0,0,0,0,0,0,7,0,,67,8,2020,1,40.0627,-75.1554,1343.0,6,0,0,0,0,0,0,0,0,,0,0,0.0,13,1,0,0,N,0,40 03:45.690,,0,75 09:19.530,9,0,0,0,67301,0,0,0,N,0,0,0,1,67301,0,,5,1,,N,N,N,0,,0,0,0,0,0,,1326,0,1,0,0,1,0,1,3,4,0,1,3,3.0,N,,,,,,,,,,,
2020063118,1710.0,0,0,0,0,0,0,0,0,0,4,0,,67,8,2020,5,39.9368,-75.2297,1706.0,6,0,0,0,1,0,0,0,0,,0,0,0.0,16,1,1,1,,0,39 56:12.350,,0,75 13:46.966,3,0,0,0,67301,0,0,0,N,0,0,0,2,67301,0,,1,1,,N,N,N,1,,1,0,1,3,2,,1659,1,2,0,0,2,0,0,3,4,0,2,3,3.0,N,,,,,,,,,,,
2020109702,2310.0,0,0,0,0,0,0,0,0,0,7,1,35.0,67,12,2020,6,,,2309.0,6,0,0,0,0,0,0,0,0,,0,1,0.0,23,3,0,0,N,2,,3.0,3,,0,0,0,0,67301,0,0,0,N,0,0,0,1,67501,0,,4,9,115.0,N,N,N,0,,0,0,0,3,8,Y,2308,0,1,0,0,0,0,0,3,3,0,1,7,,Y,4.0,1.0,N,,,N,Y,,,,N
2020063666,1708.0,1,0,0,0,0,0,0,0,0,8,0,,67,8,2020,6,39.9978,-75.111,1708.0,6,0,0,0,0,0,0,0,0,,0,0,0.0,19,4,1,5,,0,39 59:52.234,,1,75 06:39.499,3,0,0,0,67301,1,0,0,N,1,0,0,2,67301,0,,1,1,,N,N,N,0,,1,0,0,3,2,,1930,1,2,0,0,0,0,0,3,4,0,1,3,3.0,N,,,,,,,,,,,
2020064076,1016.0,3,0,0,0,0,0,0,0,0,0,0,45.0,67,8,2020,6,39.9716,-75.123,1001.0,6,0,0,0,0,0,1,0,0,,0,0,0.0,9,1,0,0,N,1,39 58:17.634,1.0,0,75 07:22.946,0,0,0,0,67301,0,0,0,N,0,0,0,5,68K01,0,,1,1,1040.0,N,N,N,0,,0,0,1,0,0,N,958,0,4,0,0,0,0,0,3,4,0,4,4,,Y,4.0,1.0,N,,,N,,,,Y,N
2020111026,1709.0,0,0,0,0,0,0,0,0,0,8,0,,67,12,2020,3,39.9847,-75.1565,1706.0,6,0,0,0,0,0,0,0,0,,0,0,0.0,15,1,1,1,,0,39 59:04.850,,0,75 09:23.377,8,0,0,0,67301,1,0,0,N,1,0,0,2,67505,0,,1,1,,N,N,N,0,,0,0,1,3,2,,1544,1,2,0,0,0,1,0,3,4,0,1,3,3.0,N,,,,,,,,,,,
2020063301,715.0,2,0,0,0,0,0,0,0,0,4,0,,67,8,2020,5,39.9948,-75.1489,710.0,6,0,0,0,0,0,0,0,0,,0,0,0.0,7,8,0,1,,0,39 59:41.424,,0,75 08:56.047,0,0,0,0,67301,0,0,0,N,0,0,0,2,67301,0,,1,9,,N,N,N,0,,0,0,0,3,3,,700,0,2,0,0,0,0,0,3,4,0,2,7,,N,,,,,,,,,,,
2020063425,1410.0,2,0,0,0,0,0,0,0,0,5,0,,67,8,2020,5,39.9746,-75.1838,1406.0,6,0,0,0,0,0,0,0,0,,0,0,0.0,14,1,0,0,N,0,39 58:28.554,,0,75 11:01.644,0,0,0,0,67301,0,0,0,N,0,0,0,1,67301,0,,6,1,,N,N,N,0,,0,0,2,0,0,,1406,0,4,0,0,0,0,0,3,4,0,4,3,3.0,N,,,,,,,,,,,
2020063439,1806.0,1,0,0,0,0,0,0,0,0,1,0,,67,8,2020,6,40.0245,-75.1803,1804.0,6,0,1,1,0,0,1,1,0,,0,0,0.0,18,1,2,0,Y,2,40 01:28.157,5.0,0,75 10:49.220,3,0,0,0,67301,0,0,0,N,0,0,0,7,67301,0,,1,1,200.0,N,N,N,0,,1,0,3,3,2,Y,1800,2,5,0,0,0,1,1,3,4,0,5,4,,N,,,,,,,,,,,
2020064132,1930.0,1,0,0,0,0,0,0,0,0,5,0,,67,8,2020,7,39.921,-75.1632,1922.0,6,0,0,0,0,0,0,0,0,,0,0,0.0,19,1,1,0,N,0,39 55:15.490,,0,75 09:47.380,3,0,0,1,67301,0,0,0,N,0,0,0,2,67301,0,,1,1,,N,N,N,0,,1,0,0,0,0,,1900,1,2,0,0,0,0,0,3,4,0,2,3,3.0,N,,,,,,,,,,,
2020063780,116.0,1,0,0,0,0,0,0,0,0,4,0,,67,8,2020,6,39.9666,-75.2135,114.0,6,0,0,0,0,0,0,0,0,,0,0,0.0,22,3,1,1,,0,39 57:59.705,,0,75 12:48.690,3,0,0,0,67301,0,0,0,N,0,0,0,2,67301,0,,1,9,,N,N,N,0,,1,0,1,3,2,,2243,1,2,0,0,0,0,1,3,4,0,2,3,3.0,N,,,,,,,,,,,
2020063584,135.0,2,0,0,0,0,0,0,0,0,4,0,,67,8,2020,1,39.9589,-75.2414,124.0,6,0,0,0,0,0,0,0,0,,0,0,0.0,1,3,0,1,,0,39 57:32.141,,0,75 14:29.004,0,0,0,0,67301,0,0,0,N,0,0,0,2,67301,0,,1,1,,N,N,N,0,,0,0,0,3,1,,120,0,2,0,0,1,0,0,3,4,0,2,3,3.0,N,,,,,,,,,,,
2020110403,2340.0,1,0,0,0,0,0,0,0,0,1,0,,67,12,2020,6,40.0159,-75.1538,2330.0,6,0,0,0,0,0,1,0,0,,0,0,0.0,22,3,3,1,,0,40 00:57.144,,0,75 09:13.828,3,0,0,0,67301,0,0,0,N,0,0,0,3,67301,0,,1,2,,N,N,N,0,,3,0,1,0,0,,2200,3,2,0,0,0,0,0,3,4,0,2,10,9.0,N,,,,,,,,,,,
2020065760,1527.0,1,0,1,0,0,0,0,0,0,4,0,,67,8,2020,7,39.9292,-75.2416,1518.0,6,0,0,0,0,0,1,0,0,,0,0,0.0,15,1,1,2,,0,39 55:45.116,,0,75 14:30.482,2,0,0,0,67301,0,0,0,N,0,0,0,2,67301,0,,1,1,,N,N,Y,0,,0,1,1,3,3,,1515,1,3,0,0,0,0,0,3,4,1,3,3,3.0,N,,,,,,,,,,,
2020063033,30.0,1,0,0,0,0,0,0,0,0,7,0,,67,8,2020,5,39.9686,-75.2339,25.0,6,0,0,0,0,0,0,0,0,,0,0,0.0,22,3,0,1,,0,39 58:07.093,,0,75 14:01.874,0,0,0,0,67301,0,0,0,N,0,0,0,1,67301,0,,4,1,,N,N,N,0,,0,0,0,3,2,,2257,0,2,0,0,1,0,0,3,4,0,1,3,3.0,N,,,,,,,,,,,
2020062822,815.0,1,0,0,0,0,0,0,0,0,4,1,,67,8,2020,5,39.9431,-75.2153,807.0,6,0,0,0,0,0,0,0,0,,0,1,0.0,7,1,0,1,,0,39 56:35.185,,0,75 12:55.029,0,0,0,0,67301,0,0,0,N,0,0,0,3,67301,0,,1,9,,N,N,N,0,,0,0,1,3,2,,746,0,3,0,0,0,0,0,3,4,0,3,7,,N,,,,,,,,,,,
2020064873,646.0,0,0,0,0,0,0,0,0,0,7,0,,67,8,2020,6,39.9386,-75.1435,646.0,6,0,0,0,0,0,1,0,0,,0,0,0.0,6,5,0,0,N,0,39 56:19.048,,0,75 08:36.569,0,0,0,0,67301,0,0,0,N,0,0,0,1,68K01,0,,2,9,,N,N,N,1,,0,0,0,0,0,,646,0,1,0,0,0,0,0,3,4,0,1,7,,N,,,,,,,,,,,
2020111416,232.0,1,0,0,0,0,0,0,0,0,7,0,,67,12,2020,2,40.0239,-75.1319,224.0,6,0,0,0,0,0,0,0,0,,1,0,0.0,2,3,0,0,N,2,40 01:25.892,4.0,0,75 07:54.677,1,0,0,0,67301,0,0,0,N,0,0,0,1,67301,0,2.0,5,2,640.0,N,N,N,0,0.0,0,0,0,3,2,Y,217,0,1,0,0,0,0,0,3,4,0,1,3,,N,,,,,,,,,,,
2020063667,1823.0,1,0,0,0,0,0,0,0,0,8,0,,67,8,2020,7,39.9931,-75.1184,1748.0,6,0,0,0,0,0,0,0,0,,0,0,0.0,17,1,1,0,N,0,39 59:35.210,,0,75 07:06.350,8,0,0,0,67301,1,0,0,N,1,0,0,2,67301,0,,1,99,,N,N,N,0,,0,0,0,0,0,,1724,1,2,0,0,0,1,0,3,4,0,1,3,3.0,N,,,,,,,,,,,
2020063430,1942.0,2,0,0,0,0,0,0,0,0,4,0,,67,8,2020,5,39.9912,-75.1577,1940.0,6,0,0,0,0,0,1,0,0,,0,0,0.0,19,4,1,1,,2,39 59:28.291,4.0,0,75 09:27.705,8,0,0,0,67301,0,0,0,N,0,0,0,2,67301,0,,1,1,2102.0,N,N,N,0,,0,0,0,3,3,Y,1925,1,2,0,0,1,1,0,3,4,0,2,3,3.0,N,,,,,,,,,,,
2020110682,1258.0,1,0,0,0,0,0,0,0,0,7,0,,67,12,2020,2,40.024,-75.1609,1255.0,6,0,0,0,0,0,0,0,0,,0,0,0.0,12,1,3,0,N,0,40 01:26.320,,0,75 09:39.260,8,0,0,0,67301,0,0,0,N,0,0,0,3,67301,0,,4,2,,N,N,N,0,,0,0,0,0,0,,1252,3,1,0,0,0,3,0,3,4,0,1,3,3.0,N,,,,,,,,,,,
2020063436,1218.0,0,0,0,0,0,0,0,0,0,8,0,,67,8,2020,6,39.9954,-75.1408,1217.0,6,0,0,0,0,0,0,0,0,,0,0,0.0,12,1,1,1,,0,39 59:43.335,,0,75 08:27.045,3,0,0,0,67301,1,0,0,N,1,0,0,2,67301,0,,1,1,,N,N,N,0,,1,0,1,3,3,,1215,1,3,0,0,0,0,1,3,4,1,2,3,3.0,N,,,,,,,,,,,
2020065335,1816.0,2,0,0,0,0,0,0,0,0,4,0,,67,8,2020,6,39.9791,-75.2307,1810.0,6,0,0,0,0,0,0,0,0,,0,0,0.0,17,1,1,3,,0,39 58:44.968,,0,75 13:51.369,3,0,0,0,67301,0,0,0,N,0,0,0,2,67301,0,,1,99,,N,N,N,0,,1,0,0,3,3,,1733,1,2,0,0,0,0,0,3,4,0,2,7,4.0,N,,,,,,,,,,,
2020111933,1957.0,1,0,0,0,0,0,0,0,0,7,0,,67,12,2020,5,39.9764,-75.1628,1953.0,6,0,0,0,0,0,0,0,0,,0,0,0.0,19,3,0,0,N,0,39 58:35.090,,0,75 09:45.970,9,0,0,0,67301,0,0,0,N,0,0,0,1,67301,0,,5,9,,N,N,N,0,,0,0,0,0,0,,1947,0,1,0,0,0,0,1,3,4,0,1,7,4.0,N,,,,,,,,,,,
2020063041,1437.0,2,0,0,0,0,0,0,0,0,4,0,,67,8,2020,5,40.0032,-75.1525,1437.0,6,0,0,0,0,0,0,0,0,,0,0,0.0,14,1,1,5,,0,40 00:11.467,,0,75 09:09.273,8,0,0,0,67301,0,0,0,N,0,0,0,3,67301,0,,1,1,,N,N,N,0,,0,0,0,3,2,,1410,1,3,0,0,0,1,0,3,4,1,3,3,3.0,N,,,,,,,,,,,
2020062944,952.0,1,0,0,0,0,0,0,0,0,4,0,,67,8,2020,4,39.9791,-75.161,945.0,6,0,0,0,0,0,0,0,0,,0,0,0.0,9,1,1,1,,0,39 58:44.778,,0,75 09:40.084,3,0,0,0,67301,0,0,0,N,0,0,0,2,67301,0,,1,1,,N,N,N,0,,1,0,1,3,2,,930,1,2,0,0,0,0,0,3,4,0,2,3,3.0,N,,,,,,,,,,,
2020061255,2129.0,1,0,0,0,0,0,0,0,0,3,0,,67,7,2020,6,39.9315,-75.1514,2121.0,6,0,0,0,0,0,1,0,0,,0,0,0.0,21,3,0,2,,0,39 55:53.403,,0,75 09:05.130,0,0,0,0,67301,0,0,0,N,0,0,0,2,67301,0,,1,1,,N,N,N,0,,0,0,1,0,0,,2110,0,2,0,0,0,0,0,3,4,0,2,3,,N,,,,,,,,,,,
2020108401,1708.0,2,0,0,0,0,0,0,0,0,1,0,,67,12,2020,3,39.9286,-75.1967,1705.0,6,0,0,0,0,0,0,0,0,,0,0,0.0,16,3,1,0,N,0,39 55:43.042,,0,75 11:48.148,3,0,0,0,67301,0,0,0,N,0,0,0,2,68K01,0,,1,1,,N,N,N,0,,1,0,0,0,0,,1655,1,2,0,0,0,0,0,3,4,0,2,3,,N,,,,,,,,,,,
2020061101,1150.0,1,0,0,0,0,0,0,0,0,7,0,,67,7,2020,6,39.8764,-75.2498,1136.0,6,0,0,0,0,1,0,0,0,,0,0,0.0,11,1,1,0,N,0,39 52:35.130,,0,75 14:59.300,3,0,0,0,67301,0,0,0,N,0,0,0,1,67301,0,,4,9,,N,N,N,0,,1,0,0,0,0,,1120,1,1,0,0,0,0,0,3,4,0,1,7,7.0,N,,,,,,,,,,,
2020062865,238.0,1,0,0,0,0,0,0,0,0,7,0,35.0,67,8,2020,2,39.9124,-75.1735,238.0,6,0,0,0,0,0,0,0,0,,0,0,0.0,2,3,0,0,N,0,39 54:44.800,,3,75 10:24.500,0,0,0,0,67301,0,0,0,N,0,0,0,1,67501,0,,4,1,,N,N,N,0,,0,0,0,0,0,,238,0,1,0,0,0,0,0,3,4,0,1,3,,Y,4.0,1.0,N,,,N,Y,,,,N
2020062700,1641.0,2,0,0,0,0,0,0,0,0,6,0,,67,8,2020,4,39.9741,-75.2043,1629.0,6,0,0,0,0,0,0,0,0,,0,0,0.0,16,1,0,1,,1,39 58:26.878,6.0,0,75 12:15.541,0,0,0,0,67301,0,0,0,N,0,0,0,2,67301,0,,1,1,1709.0,N,N,N,0,,0,0,0,3,2,N,1627,0,2,0,0,0,0,0,3,4,0,2,3,3.0,N,,,,,,,,,,,
2020062941,1823.0,1,0,0,0,0,0,0,0,0,4,0,,67,8,2020,4,40.0624,-75.0427,1811.0,6,0,0,0,1,0,1,0,0,,0,0,0.0,17,1,0,2,,1,40 03:44.813,6.0,0,75 02:33.782,0,0,0,0,67301,0,0,0,N,0,0,0,3,67301,0,,1,1,100.0,N,N,N,0,,0,0,1,3,2,N,1759,0,2,0,0,0,0,0,3,4,0,2,3,,N,,,,,,,,,,,
2020108333,828.0,0,0,0,0,0,0,0,0,0,5,2,,67,11,2020,2,40.0053,-75.1955,828.0,6,0,0,0,0,0,0,0,0,,0,2,0.0,8,1,0,7,N,2,40 00:18.992,4.0,0,75 11:43.844,0,0,0,0,67301,0,0,0,N,0,0,0,3,68K01,0,,1,1,1009.0,N,N,N,0,,0,0,0,0,0,Y,827,0,2,0,0,0,0,0,3,4,0,2,3,,N,,,,,,,,,,,
2020064153,306.0,2,0,0,0,0,0,0,0,0,5,0,,67,8,2020,5,39.9456,-75.1536,305.0,6,0,0,0,0,0,0,0,0,,0,0,0.0,3,3,0,0,N,1,39 56:44.140,4.0,0,75 09:12.900,0,0,0,0,67301,0,0,0,N,0,0,0,1,67301,0,,6,1,100.0,N,N,N,0,,0,0,0,0,0,N,303,0,2,0,0,0,0,0,3,4,0,2,3,3.0,N,,,,,,,,,,,
2020061515,2024.0,2,0,0,0,0,0,0,0,0,4,0,,67,8,2020,1,40.053,-75.1367,2024.0,6,0,0,0,1,0,0,0,0,,0,0,0.0,18,1,0,1,,0,40 03:10.720,,0,75 08:12.051,0,0,0,0,67301,0,0,0,N,0,0,0,2,67301,0,,1,99,,N,N,N,0,,0,0,0,3,2,,1845,0,2,0,0,0,0,0,3,4,0,2,99,,N,,,,,,,,,,,
2020062121,1310.0,2,0,0,0,0,0,0,0,0,1,0,,67,8,2020,3,40.0589,-75.1385,1305.0,6,0,0,0,0,0,0,0,0,,0,0,0.0,12,1,4,0,N,0,40 03:32.031,,0,75 08:18.679,3,0,0,0,67301,0,0,0,N,0,0,0,4,67301,0,,1,9,,N,N,N,0,,4,0,0,0,0,,1253,4,2,0,0,0,0,0,3,4,0,2,7,7.0,N,,,,,,,,,,,
2020062263,1753.0,1,0,0,0,0,0,0,0,0,4,0,,67,8,2020,3,39.9791,-75.161,1745.0,6,0,0,0,0,0,0,0,0,,0,0,0.0,17,1,2,1,,1,39 58:44.778,1.0,0,75 09:40.084,8,0,0,0,67301,0,0,0,N,0,0,0,3,67505,0,,1,1,1805.0,N,N,N,0,,0,0,1,3,2,N,1743,2,2,0,0,0,2,0,3,4,0,2,3,3.0,N,,,,,,,,,,,
2020063345,2146.0,2,0,0,0,0,0,0,0,0,5,0,,67,8,2020,2,39.9601,-75.2384,2144.0,6,0,0,0,0,1,0,0,0,,0,0,0.0,21,2,1,0,N,0,39 57:36.399,,0,75 14:18.134,3,0,0,0,67301,0,0,0,N,0,0,0,4,67301,0,,1,1,,N,N,N,0,,1,0,0,0,0,,2141,1,2,0,0,0,0,0,3,4,0,2,3,3.0,N,,,,,,,,,,,
2020062292,1108.0,0,0,0,0,0,0,0,0,0,7,0,,67,8,2020,3,40.0664,-75.1967,1055.0,6,0,0,0,0,0,0,0,0,,0,0,0.0,9,1,1,0,N,0,40 03:58.990,,0,75 11:48.220,3,0,0,0,67301,0,0,0,N,0,0,0,1,67301,0,,4,8,,N,N,N,0,,1,0,1,0,0,,956,1,1,0,0,0,0,0,3,4,0,1,7,4.0,N,,,,,,,,,,,
2020065192,1937.0,0,0,0,0,0,0,0,0,0,1,0,25.0,67,8,2020,4,39.9435,-75.1925,1937.0,6,0,0,0,0,0,0,0,0,,0,0,0.0,19,4,0,0,N,0,39 56:37.106,,1,75 11:32.421,0,0,0,0,67301,0,0,0,N,0,0,0,6,68K01,0,,1,1,,N,N,N,0,,0,0,3,0,0,,1937,0,3,0,0,0,0,0,3,4,0,3,3,3.0,Y,4.0,1.0,Y,N,N,Y,Y,N,N,N,N
2020062075,1242.0,1,0,0,0,0,0,0,0,0,4,0,,67,8,2020,3,39.979,-75.1602,1241.0,6,0,0,0,0,0,0,0,0,,0,0,0.0,12,1,3,1,,1,39 58:44.406,1.0,0,75 09:37.206,8,0,0,0,67301,0,0,0,N,0,0,0,5,67505,0,,1,9,1400.0,N,N,Y,0,,0,0,1,3,3,Y,1239,3,2,0,0,0,3,0,3,4,0,2,8,7.0,N,,,,,,,,,,,
2020107519,1137.0,1,0,0,0,0,0,0,0,0,1,0,,67,11,2020,6,39.9962,-75.1972,1125.0,6,0,0,0,0,0,0,0,0,,0,0,0.0,10,1,0,0,N,0,39 59:46.193,,0,75 11:49.842,9,0,0,0,67301,0,0,0,N,0,0,0,2,68K01,0,,1,1,,N,N,N,0,,0,0,1,3,8,,1023,0,2,0,0,0,0,1,3,4,0,2,3,,N,,,,,,,,,,,
2020062715,1628.0,0,0,0,0,0,0,0,0,0,7,0,,67,8,2020,4,40.0272,-75.1512,1619.0,6,1,0,0,0,0,0,0,0,,0,0,0.0,15,1,1,1,,0,40 01:37.898,,0,75 09:04.471,8,0,0,0,67301,0,0,0,N,0,0,0,1,67301,0,,4,1,,N,N,N,1,,0,0,0,3,2,,1531,1,1,0,0,0,1,0,3,4,0,1,3,3.0,N,,,,,,,,,,,
2020109312,818.0,0,0,0,0,0,0,0,0,0,0,1,,67,12,2020,5,39.8901,-75.2206,807.0,6,0,0,0,0,0,0,0,0,,0,1,0.0,8,1,1,0,N,1,39 53:22.905,1.0,0,75 13:11.433,3,0,0,0,67301,0,0,0,N,0,0,0,1,68K01,0,,1,1,948.0,N,N,N,0,,1,0,0,0,0,N,806,1,1,0,0,0,0,0,3,4,0,1,3,,N,,,,,,,,,,,
2020107900,2240.0,2,0,0,0,0,0,0,0,0,5,0,,67,11,2020,6,40.0053,-75.1955,2226.0,6,0,0,0,0,0,0,0,0,,0,0,0.0,22,3,2,3,N,0,40 00:18.992,,0,75 11:43.844,3,0,0,0,67301,0,0,0,N,0,0,0,4,68K01,1,,1,1,,N,N,N,0,,1,0,0,0,0,,2226,2,3,0,0,0,0,1,3,4,0,3,3,3.0,N,,,,,,,,,,,