CRN,ARRIVAL_TM,AUTOMOBILE_COUNT,BELTED_DEATH_COUNT,BELTED_SUSP_SERIOUS_INJ_COUNT,BICYCLE_COUNT,BICYCLE_DEATH_COUNT,BICYCLE_SUSP_SERIOUS_INJ_COUNT,BUS_COUNT,CHLDPAS_DEATH_COUNT,CHLDPAS_SUSP_SERIOUS_INJ_COUNT,COLLISION_TYPE,COMM_VEH_COUNT,CONS_ZONE_SPD_LIM,COUNTY,CRASH_MONTH,CRASH_YEAR,DAY_OF_WEEK,DEC_LAT,DEC_LONG,DISPATCH_TM,DISTRICT,DRIVER_COUNT_16YR,DRIVER_COUNT_17YR,DRIVER_COUNT_18YR,DRIVER_COUNT_19YR,DRIVER_COUNT_20YR,DRIVER_COUNT_50_64YR,DRIVER_COUNT_65_74YR,DRIVER_COUNT_75PLUS,EST_HRS_CLOSED,FATAL_COUNT,HEAVY_TRUCK_COUNT,HORSE_BUGGY_COUNT,HOUR_OF_DAY,ILLUMINATION,INJURY_COUNT,INTERSECT_TYPE,INTERSECTION_RELATED,LANE_CLOSED,LATITUDE,LN_CLOSE_DIR,LOCATION_TYPE,LONGITUDE,MAX_SEVERITY_LEVEL,MCYCLE_DEATH_COUNT,MCYCLE_SUSP_SERIOUS_INJ_COUNT,MOTORCYCLE_COUNT,MUNICIPALITY,NONMOTR_COUNT,NONMOTR_DEATH_COUNT,NONMOTR_SUSP_SERIOUS_INJ_COUNT,NTFY_HIWY_MAINT,PED_COUNT,PED_DEATH_COUNT,PED_SUSP_SERIOUS_INJ_COUNT,PERSON_COUNT,POLICE_AGCY,POSSIBLE_INJ_COUNT,RDWY_SURF_TYPE_CD,RELATION_TO_ROAD,ROAD_CONDITION,ROADWAY_CLEARED,SCH_BUS_IND,SCH_ZONE_IND,SECONDARY_CRASH,SMALL_TRUCK_COUNT,SPEC_JURIS_CD,SUSP_MINOR_INJ_COUNT,SUSP_SERIOUS_INJ_COUNT,SUV_COUNT,TCD_FUNC_CD,TCD_TYPE,TFC_DETOUR_IND,TIME_OF_DAY,TOT_INJ_COUNT,TOTAL_UNITS,UNB_DEATH_COUNT,UNB_SUSP_SERIOUS_INJ_COUNT,UNBELTED_OCC_COUNT,UNK_INJ_DEG_COUNT,UNK_INJ_PER_COUNT,URBAN_AREA,URBAN_RURAL,VAN_COUNT,VEHICLE_COUNT,WEATHER1,WEATHER2,WORK_ZONE_IND,WORK_ZONE_LOC,WORK_ZONE_TYPE,WORKERS_PRES,WZ_CLOSE_DETOUR,WZ_FLAGGER,WZ_LAW_OFFCR_IND,WZ_LN_CLOSURE,WZ_MOVING,WZ_OTHER,WZ_SHLDER_MDN,WZ_WORKERS_INJ_KILLED
2020109322,824.0,0,0,0,0,0,0,0,0,0,7,1,45.0,67,12,2020,6,40.0117,-75.0607,811.0,6,0,0,0,0,0,0,0,0,,0,1,0.0,8,1,2,0,N,1,40 00:42.210,1.0,0,75 03:38.666,3,0,0,0,67301,0,0,0,Y,0,0,0,2,68K01,0,,4,1,1000.0,N,N,N,0,,2,0,0,0,0,N,809,2,1,0,0,0,0,0,3,4,0,1,3,,Y,4.0,1.0,Y,N,N,N,N,N,Y,N,N
2020063034,2051.0,1,0,0,0,0,0,0,0,0,4,0,,67,8,2020,4,39.9923,-75.12,2048.0,6,0,0,0,0,0,0,0,0,,0,0,0.0,20,3,1,1,,1,39 59:32.200,3.0,0,75 07:11.866,8,0,0,0,67301,0,0,0,N,0,0,0,3,67301,0,,1,1,30.0,N,N,N,1,,0,0,3,3,3,N,2048,1,5,0,0,0,1,2,3,4,0,5,3,3.0,N,,,,,,,,,,,
2020061555,25.0,0,0,0,0,0,0,0,0,0,7,0,,67,8,2020,1,40.0048,-75.1369,25.0,6,0,0,0,0,0,0,0,0,,0,0,0.0,0,3,0,0,N,2,40 00:17.450,6.0,0,75 08:12.780,0,0,0,0,67301,0,0,0,N,0,0,0,1,67301,0,,6,1,100.0,N,N,N,0,,0,0,1,0,0,N,20,0,1,0,0,0,0,0,3,4,0,1,3,,N,,,,,,,,,,,
2020107815,1855.0,1,0,0,0,0,0,0,0,0,4,1,,67,12,2020,1,40.1041,-75.0165,1838.0,6,0,0,0,0,0,1,0,0,,0,1,0.0,18,3,0,2,,0,40 06:14.914,,0,75 00:59.551,0,0,0,0,67301,0,0,0,N,0,0,0,2,67301,0,,1,1,,N,N,Y,0,,0,0,1,3,3,,1835,0,3,0,0,0,0,0,3,4,0,3,3,,N,,,,,,,,,,,
2020061512,2117.0,0,0,0,0,0,0,0,0,0,4,0,,67,8,2020,7,39.9867,-75.2076,2106.0,6,0,0,0,0,0,1,0,0,,0,0,0.0,20,3,0,1,,0,39 59:12.288,,2,75 12:27.201,0,0,0,0,67301,0,0,0,N,0,0,0,2,67301,0,,1,1,,N,N,N,1,,0,0,1,3,2,,2041,0,2,0,0,0,0,0,3,4,0,2,3,,N,,,,,,,,,,,
2020063865,1800.0,2,0,0,0,0,0,0,0,0,4,0,,67,8,2020,6,40.0084,-75.1443,1800.0,6,0,0,1,0,0,0,0,0,,0,0,0.0,18,1,2,1,,0,40 00:30.149,,0,75 08:39.559,3,0,0,0,67301,0,0,0,N,0,0,0,3,67301,0,,1,1,,N,N,N,0,,2,0,0,3,2,,1800,2,2,0,0,2,0,0,3,4,0,2,3,,N,,,,,,,,,,,
2020063521,2052.0,2,0,0,0,0,0,0,0,0,4,0,,67,8,2020,6,39.9746,-75.1835,2051.0,6,0,0,0,0,0,1,0,0,,0,0,0.0,20,3,0,1,,0,39 58:28.437,,0,75 11:00.481,0,0,0,0,67301,0,0,0,N,0,0,0,3,67301,0,,1,9,,N,N,N,0,,0,0,1,3,2,,2050,0,3,0,0,0,0,0,3,4,0,3,7,4.0,N,,,,,,,,,,,
2020063283,1132.0,2,0,0,0,0,0,0,0,0,1,0,,67,8,2020,5,40.0937,-74.9675,1112.0,6,0,0,0,0,0,1,0,0,,0,0,0.0,10,1,2,0,Y,0,40 05:37.240,,0,74 58:02.986,3,0,0,0,67301,0,0,0,N,0,0,0,2,67301,1,,1,1,,N,N,N,0,,1,0,0,0,0,,1050,2,2,0,0,0,0,0,3,4,0,2,3,3.0,N,,,,,,,,,,,
2020104884,2117.0,0,0,0,0,0,0,0,0,0,8,0,,67,12,2020,6,39.9717,-75.1611,2112.0,6,0,0,0,0,0,0,0,0,,0,0,0.0,21,3,1,1,,0,39 58:18.002,,0,75 09:39.855,8,0,0,0,67301,1,0,0,N,1,0,0,2,67301,0,,1,9,,N,N,N,0,,0,0,0,3,2,,2112,1,2,0,0,0,1,1,3,4,0,1,7,7.0,N,,,,,,,,,,,
2020063864,1650.0,2,0,0,0,0,0,0,0,0,1,0,,67,8,2020,1,40.0088,-75.1386,1641.0,6,0,0,0,0,0,0,0,0,,0,0,0.0,16,1,1,1,,0,40 00:31.604,,0,75 08:18.833,3,0,0,0,67301,0,0,0,N,0,0,0,4,67301,0,,1,1,,N,N,N,0,,1,0,1,3,2,,1634,1,3,0,0,4,0,0,3,4,0,3,3,3.0,N,,,,,,,,,,,
2020032416,125.0,1,0,0,0,0,0,0,0,0,7,0,,67,4,2020,2,40.0024,-75.1526,122.0,6,0,0,0,0,0,0,0,0,,0,0,0.0,1,3,0,0,Y,0,40 00:08.578,,0,75 09:09.449,0,0,0,0,67301,0,0,0,N,0,0,0,1,67505,0,,5,9,,N,N,N,0,,0,0,0,0,0,,122,0,1,0,0,0,0,0,3,4,0,1,7,7.0,N,,,,,,,,,,,
2020108503,25.0,1,0,0,0,0,0,0,0,0,5,1,,67,12,2020,7,39.9969,-75.1317,23.0,6,0,0,0,0,0,0,0,0,,0,1,0.0,23,3,0,0,N,1,39 59:48.710,2.0,0,75 07:53.980,0,0,0,0,67301,0,0,0,N,0,0,0,1,67301,0,,6,9,138.0,N,N,N,1,,0,0,1,0,0,Y,2330,0,5,0,0,0,0,0,3,4,1,5,7,,N,,,,,,,,,,,
2020062821,43.0,2,0,0,0,0,0,0,0,0,5,0,,67,8,2020,4,39.9207,-75.2308,42.0,6,0,0,0,0,0,0,0,0,,0,0,0.0,23,3,0,0,N,0,39 55:14.540,,0,75 13:50.940,0,0,0,0,67301,0,0,0,N,0,0,0,1,67301,0,,6,1,,N,N,N,0,,0,0,1,0,0,,2349,0,3,0,0,0,0,0,3,4,0,3,3,,N,,,,,,,,,,,
2020063297,1940.0,3,0,0,0,0,0,0,0,0,5,0,,67,8,2020,4,39.9397,-75.1989,1940.0,6,0,0,0,0,0,0,1,0,,0,0,0.0,19,1,1,0,N,0,39 56:23.032,,0,75 11:55.905,3,0,0,0,67301,0,0,0,N,0,0,0,8,67301,0,,1,1,,N,N,N,0,,1,0,0,0,0,,1901,1,4,0,0,0,0,1,3,4,1,4,3,3.0,N,,,,,,,,,,,
2020065337,2340.0,0,0,0,0,0,0,0,0,0,8,0,,67,8,2020,2,39.991,-75.1799,2340.0,6,0,0,0,0,0,0,0,0,,0,0,0.0,23,3,1,1,,0,39 59:27.539,,0,75 10:47.621,2,0,0,0,67301,1,0,1,N,1,0,1,2,67301,0,,1,1,,N,N,N,0,,0,1,0,3,2,,2312,1,2,0,0,0,0,0,3,4,0,1,3,,N,,,,,,,,,,,
2020065332,1745.0,3,0,0,0,0,0,0,0,0,5,0,,67,8,2020,7,40.002,-75.2036,1730.0,6,0,0,0,0,0,0,0,1,,0,0,0.0,16,1,0,0,N,0,40 00:07.170,,0,75 12:13.020,0,0,0,0,67301,0,0,0,N,0,0,0,2,67301,0,,1,1,,N,N,N,0,,0,0,1,0,0,,1630,0,4,0,0,0,0,0,3,4,0,4,3,3.0,N,,,,,,,,,,,
2020073608,156.0,0,0,0,0,0,0,0,0,0,7,0,,67,8,2020,3,39.9602,-75.1801,156.0,6,0,0,0,0,0,0,0,0,,0,0,0.0,1,3,0,0,N,1,39 57:36.544,4.0,3,75 10:48.463,0,0,0,0,67301,0,0,0,N,0,0,0,1,68K01,0,,4,9,210.0,N,N,Y,0,,0,0,1,0,0,N,156,0,1,0,0,0,0,0,3,4,0,1,7,7.0,N,,,,,,,,,,,
2020063519,938.0,1,0,0,0,0,0,0,0,0,1,0,,67,8,2020,3,39.9716,-75.2431,938.0,6,0,0,0,0,0,0,0,0,,0,0,0.0,5,3,0,0,N,0,39 58:17.885,,0,75 14:35.013,0,0,0,0,67301,0,0,0,N,0,0,0,1,67301,0,,6,9,,N,N,N,1,,0,0,1,0,0,,500,0,3,0,0,0,0,0,3,4,0,3,7,4.0,N,,,,,,,,,,,
2020048419,2215.0,0,0,0,0,0,0,0,0,0,8,0,,67,6,2020,6,40.0169,-75.1577,2159.0,6,0,0,0,0,0,0,0,0,,0,0,0.0,21,3,1,0,N,0,40 01:00.950,,0,75 09:27.630,3,0,0,0,67301,1,0,0,N,1,0,0,2,67301,0,,1,1,,N,N,N,0,,1,0,1,0,0,,2145,1,2,0,0,0,0,1,3,4,0,1,3,,N,,,,,,,,,,,
2020046299,1245.0,0,0,0,0,0,0,0,0,0,4,0,,67,6,2020,1,39.9704,-75.1482,1243.0,6,0,0,0,0,0,0,0,0,,0,0,0.0,0,3,0,1,,0,39 58:13.346,,0,75 08:53.302,9,0,0,0,67301,0,0,0,N,0,0,0,2,67301,0,,1,1,,N,N,N,0,,0,0,1,3,2,,35,0,2,0,0,0,0,1,3,4,0,2,3,3.0,N,,,,,,,,,,,
2020062942,1914.0,1,0,0,0,0,0,0,0,0,1,0,,67,8,2020,3,40.0943,-74.9791,1907.0,6,0,0,0,1,0,0,0,0,,0,0,0.0,18,1,1,0,N,0,40 05:39.635,,0,74 58:44.618,8,0,0,0,67301,2,0,0,N,0,0,0,3,67301,0,,6,1,,N,N,N,0,,0,0,0,0,0,,1850,1,3,0,0,0,1,0,3,4,2,3,3,3.0,N,,,,,,,,,,,
2020061551,234.0,1,0,0,0,0,0,0,0,0,8,0,,67,8,2020,1,40.0172,-75.0779,230.0,6,0,0,0,0,0,0,0,0,,0,0,0.0,2,3,1,0,N,0,40 01:02.040,,0,75 04:40.350,3,0,0,0,67301,1,0,0,N,1,0,0,2,67301,0,,1,1,,N,N,N,0,,1,0,0,0,0,,227,1,2,0,0,0,0,0,3,4,0,1,3,3.0,N,,,,,,,,,,,
2020062690,1725.0,1,0,0,1,0,0,0,0,0,4,0,,67,8,2020,2,39.9267,-75.226,1705.0,6,0,0,0,0,0,0,0,0,,0,0,0.0,16,1,1,0,N,0,39 55:36.160,,0,75 13:33.580,3,0,0,0,67301,1,0,0,N,0,0,0,2,67301,0,,1,1,,N,N,N,0,,1,0,0,0,0,,1642,1,2,0,0,0,0,0,3,4,0,1,3,3.0,N,,,,,,,,,,,
2020064967,1558.0,2,0,0,0,0,0,0,0,0,6,0,,67,8,2020,7,39.9941,-75.2416,1555.0,6,0,0,0,0,0,0,1,0,,0,0,0.0,15,1,4,2,,1,39 59:38.583,1.0,0,75 14:29.847,3,0,0,0,67301,0,0,0,N,0,0,0,4,67301,0,,1,1,200.0,N,N,Y,0,,4,0,0,3,2,Y,1550,4,3,0,0,0,0,0,3,4,1,3,3,,N,,,,,,,,,,,
2020061347,2347.0,1,0,0,0,0,0,0,0,0,4,0,,67,7,2020,6,39.9832,-75.1568,2346.0,6,0,0,0,0,0,0,0,0,,0,0,0.0,23,3,1,1,,0,39 58:59.553,,0,75 09:24.974,2,0,1,1,67301,0,0,0,N,0,0,0,2,67301,0,,1,1,,N,N,N,0,,0,1,0,3,2,,2345,1,2,0,0,0,0,0,3,4,0,2,3,3.0,N,,,,,,,,,,,
2020062709,1943.0,4,0,0,0,0,0,0,0,0,4,0,,67,8,2020,1,39.9997,-75.1208,1925.0,6,0,0,0,0,0,0,0,0,,0,0,0.0,18,1,0,2,,1,39 59:58.887,1.0,0,75 07:14.941,0,0,0,0,67301,0,0,0,N,0,0,0,6,67301,0,,1,1,1807.0,N,N,Y,0,,0,0,0,3,3,Y,1807,0,5,0,0,3,0,0,3,4,0,5,3,,N,,,,,,,,,,,
2020076692,703.0,1,0,0,0,0,0,0,0,0,7,0,,67,8,2020,3,40.0341,-75.0194,642.0,6,0,0,0,0,0,1,0,0,,0,0,0.0,6,1,0,0,N,1,40 02:02.800,1.0,0,75 01:09.927,0,0,0,0,67301,0,0,0,N,0,0,0,2,68K01,0,,2,9,725.0,N,N,N,0,,0,0,1,0,0,N,639,0,2,0,0,0,0,0,3,4,0,2,7,7.0,N,,,,,,,,,,,
2020108267,1916.0,2,0,0,0,0,0,0,0,0,5,0,,67,12,2020,5,39.9958,-75.1236,1909.0,6,0,0,0,0,0,0,0,0,,0,0,0.0,19,3,1,0,N,0,39 59:44.730,,0,75 07:25.030,8,0,0,0,67301,0,0,0,N,0,0,0,1,67301,0,,1,1,,N,N,N,0,,0,0,3,0,0,,1909,1,5,0,0,0,1,0,3,4,0,5,3,3.0,N,,,,,,,,,,,
2020063036,1920.0,2,0,0,0,0,0,0,0,0,4,0,,67,8,2020,4,39.9918,-75.1381,1909.0,6,0,0,0,1,0,1,0,0,,0,0,0.0,18,1,3,0,N,0,39 59:30.365,,7,75 08:17.256,3,0,0,0,67301,0,0,0,N,0,0,0,5,67301,0,,1,1,,N,N,N,0,,1,0,0,0,0,,1850,3,2,0,0,3,2,0,3,4,0,2,3,3.0,N,,,,,,,,,,,
2020062682,1850.0,1,0,0,0,0,0,0,0,0,4,0,,67,8,2020,4,40.0587,-74.9957,1845.0,6,0,0,0,0,0,0,0,0,,0,0,0.0,18,1,1,1,,0,40 03:31.491,,0,74 59:44.414,8,0,0,0,67301,0,0,0,N,0,0,0,2,67301,0,,1,1,,N,N,N,0,,0,0,1,0,0,,1835,1,2,0,0,0,1,0,3,4,0,2,3,3.0,N,,,,,,,,,,,
2020062688,54.0,0,0,0,0,0,0,0,0,0,7,0,,67,8,2020,2,39.8957,-75.2418,54.0,6,0,0,0,0,0,0,0,0,,0,0,0.0,0,3,2,0,N,0,39 53:44.550,,0,75 14:30.310,3,0,0,0,67301,0,0,0,N,0,0,0,2,67301,0,,5,1,,N,N,N,0,,2,0,0,0,0,,44,2,1,0,0,0,0,0,3,4,1,1,3,,N,,,,,,,,,,,
2020047708,1217.0,2,0,0,0,0,0,0,0,0,4,0,,67,6,2020,4,40.0306,-75.1041,1217.0,6,0,0,0,0,0,3,0,0,,0,0,0.0,12,1,1,2,,0,40 01:50.059,,0,75 06:14.011,4,0,0,0,67301,0,0,0,N,0,0,0,4,67301,1,,1,1,,N,N,N,0,,0,0,1,3,2,,1217,1,3,0,0,0,0,0,3,4,0,3,3,,N,,,,,,,,,,,
2020046289,2211.0,1,0,0,0,0,0,0,0,0,4,0,,67,6,2020,7,40.0394,-75.0774,2210.0,6,0,0,1,1,0,0,0,0,,0,0,0.0,22,3,0,1,,0,40 02:22.048,,0,75 04:38.765,0,0,0,0,67301,0,0,0,N,0,0,0,2,67301,0,,1,1,,N,N,N,0,,0,0,0,3,2,,2200,0,2,0,0,0,0,0,3,4,1,2,3,3.0,N,,,,,,,,,,,
2020051479,824.0,1,0,0,0,0,0,0,0,0,5,0,,67,6,2020,5,39.9818,-75.1177,823.0,6,0,0,0,0,0,0,0,0,,0,0,0.0,8,1,0,0,Y,1,39 58:54.448,3.0,0,75 07:03.674,0,0,0,0,67301,0,0,0,N,0,0,0,3,67301,0,,1,1,850.0,N,N,N,1,,0,0,1,3,2,N,822,0,3,0,0,0,0,0,3,4,0,3,4,3.0,N,,,,,,,,,,,
2020046466,32.0,2,0,0,0,0,0,0,0,0,2,0,,67,6,2020,7,40.0511,-75.159,1.0,6,0,0,0,0,0,0,0,0,,0,0,0.0,23,3,0,1,,0,40 03:03.978,,0,75 09:32.572,0,0,0,0,67301,0,0,0,N,0,0,0,4,67301,0,,1,1,,N,N,N,0,,0,0,0,3,2,,2343,0,2,0,0,1,0,0,3,4,0,2,3,3.0,N,,,,,,,,,,,
2020037023,355.0,2,0,0,0,0,0,0,0,0,7,0,,67,5,2020,1,40.0062,-75.1518,350.0,6,0,0,0,0,0,0,0,0,,0,0,0.0,3,3,0,1,,1,40 00:22.203,3.0,0,75 09:06.487,0,0,0,0,67301,0,0,0,Y,0,0,0,1,67505,0,,4,9,600.0,N,N,Y,0,,0,0,0,3,2,N,355,0,2,0,0,0,0,0,3,4,0,2,7,7.0,N,,,,,,,,,,,
2020061553,145.0,1,0,0,0,0,0,0,0,0,5,0,,67,7,2020,6,39.9932,-75.1194,126.0,6,0,0,0,0,0,0,0,0,,0,0,0.0,0,3,1,0,N,0,39 59:35.510,,1,75 07:09.980,4,0,0,0,67301,2,0,0,N,0,0,0,3,67301,1,,6,9,,N,N,N,1,,0,0,1,0,0,,51,1,3,0,0,0,0,0,3,4,0,3,7,,N,,,,,,,,,,,
2020062717,1935.0,1,0,0,0,0,0,0,0,0,4,0,,67,8,2020,2,39.9949,-75.1577,1935.0,6,0,0,0,0,0,0,0,0,,0,0,0.0,19,1,1,3,,2,39 59:41.658,1.0,0,75 09:27.676,3,0,0,0,67301,0,0,0,N,0,0,0,6,67301,0,,1,1,1940.0,N,N,N,0,,1,0,2,3,3,N,1930,1,3,0,0,0,0,1,3,4,0,3,3,,N,,,,,,,,,,,
2020061876,1730.0,1,0,0,0,0,0,0,0,0,4,0,,67,8,2020,2,39.96,-75.2371,1728.0,6,0,0,0,0,0,1,0,0,,0,0,0.0,17,1,0,1,,0,39 57:35.847,,0,75 14:13.645,0,0,0,0,67301,0,0,0,N,0,0,0,2,67301,0,,1,1,,N,N,N,1,,0,0,0,3,2,,1726,0,2,0,0,0,0,0,3,4,0,2,3,3.0,N,,,,,,,,,,,
2020061971,1358.0,2,0,0,0,0,0,0,0,0,4,0,,67,8,2020,7,39.9248,-75.2286,1354.0,6,0,0,0,0,0,1,0,0,,0,0,0.0,13,1,1,2,,2,39 55:29.344,7.0,0,75 13:43.078,3,0,0,0,67301,0,0,0,N,0,0,0,3,67301,0,,1,1,100.0,N,N,N,0,,1,0,0,3,3,Y,1354,1,2,0,0,0,0,0,3,4,0,2,3,3.0,N,,,,,,,,,,,
2020107819,40.0,0,0,0,0,0,0,0,0,0,5,0,,67,12,2020,4,39.9997,-75.1744,35.0,6,0,0,0,0,0,0,1,0,,0,0,0.0,22,3,1,0,N,2,39 59:58.890,4.0,0,75 10:27.910,8,0,0,0,67301,0,0,0,N,0,0,0,1,67301,0,,2,1,400.0,N,N,N,0,,0,0,2,0,0,Y,2222,1,3,0,0,0,1,0,3,4,1,3,3,3.0,N,,,,,,,,,,,
2020062119,2023.0,2,0,0,0,0,0,0,0,0,3,0,,67,8,2020,1,40.0299,-75.035,2017.0,6,0,0,0,0,0,0,0,0,,0,0,0.0,20,1,0,0,Y,0,40 01:47.645,,7,75 02:05.937,0,0,0,0,67301,0,0,0,N,0,0,0,2,67301,0,,1,1,,N,N,N,0,,0,0,0,0,0,,2015,0,2,0,0,0,0,0,3,4,0,2,3,3.0,N,,,,,,,,,,,
2020061294,2344.0,0,0,0,0,0,0,0,0,0,6,0,,67,7,2020,6,40.0153,-75.1372,2344.0,6,0,0,0,0,0,0,0,0,,0,0,0.0,23,3,1,1,,0,40 00:55.090,,0,75 08:13.768,3,0,0,0,67301,0,0,0,N,0,0,0,2,67301,0,,1,1,,N,N,N,0,,1,0,0,3,2,,2344,1,2,0,0,0,0,0,3,4,2,2,3,,N,,,,,,,,,,,
2020047914,112.0,1,0,0,0,0,0,0,0,0,4,0,,67,6,2020,6,39.9968,-75.1399,112.0,6,0,0,0,0,0,0,0,0,,0,0,0.0,0,3,0,1,,2,39 59:48.368,4.0,0,75 08:23.528,0,0,0,0,67301,0,0,0,N,0,0,0,2,67301,0,,1,1,237.0,N,N,N,0,,0,0,1,3,3,N,52,0,2,0,0,0,0,0,3,4,0,2,3,,N,,,,,,,,,,,
2020048738,857.0,1,0,0,0,0,0,0,0,0,4,0,,67,6,2020,2,40.0313,-75.0849,845.0,6,0,0,0,0,0,1,0,0,,0,0,0.0,8,1,0,5,,2,40 01:52.852,1.0,0,75 05:05.812,0,0,0,0,67301,0,0,0,N,0,0,0,2,67301,0,,1,1,906.0,N,N,N,0,,0,0,1,3,2,Y,844,0,2,0,0,0,0,0,3,4,0,2,3,3.0,N,,,,,,,,,,,
2020048298,617.0,1,0,1,0,0,0,0,0,0,4,0,,67,6,2020,4,39.9584,-75.2375,613.0,6,0,0,0,0,0,1,0,0,,0,0,0.0,6,1,5,1,,2,39 57:30.385,4.0,0,75 14:14.799,2,0,0,0,67301,0,0,0,N,0,0,0,5,67301,1,,1,1,750.0,N,N,N,0,,3,1,2,3,2,Y,606,5,3,0,0,0,0,0,3,4,0,3,3,3.0,N,,,,,,,,,,,
2020047714,1315.0,3,0,0,0,0,0,0,0,0,4,0,,67,6,2020,5,40.0066,-75.1652,1313.0,6,0,0,0,0,0,0,0,0,,0,0,0.0,13,1,1,0,N,0,40 00:23.630,,0,75 09:54.670,4,0,0,0,67301,0,0,0,N,0,0,0,2,67301,1,,1,1,,N,N,Y,0,,0,0,0,0,0,,1311,1,3,0,0,2,0,0,3,4,0,3,4,4.0,N,,,,,,,,,,,
2020048657,1801.0,1,0,0,0,0,0,0,0,0,7,0,,67,6,2020,7,40.0435,-75.0031,1801.0,6,0,0,0,1,0,0,0,0,,0,0,0.0,18,1,0,0,N,0,40 02:36.637,,3,75 00:11.055,0,0,0,0,67301,0,0,0,N,0,0,0,1,68K01,0,,2,9,,N,N,N,0,,0,0,0,0,0,,1801,0,1,0,0,0,0,0,3,4,0,1,7,7.0,N,,,,,,,,,,,
2020063904,1046.0,1,0,0,0,0,0,0,0,0,7,0,,67,8,2020,3,39.947,-75.142,1038.0,6,0,0,0,0,0,0,0,0,,0,0,0.0,10,1,1,0,N,0,39 56:49.174,,0,75 08:31.297,3,0,0,0,67301,0,0,0,N,0,0,0,1,68K01,0,,4,9,,N,N,N,0,,1,0,0,0,0,,1036,1,1,0,0,0,0,0,3,4,0,1,7,7.0,N,,,,,,,,,,,
2020063434,2216.0,2,0,0,0,0,0,0,0,0,4,0,,67,8,2020,3,40.0241,-75.1198,2214.0,6,0,0,0,0,0,0,0,0,,0,0,0.0,21,3,0,1,,1,40 01:26.929,2.0,0,75 07:11.355,0,0,0,0,67301,0,0,0,N,0,0,0,2,67301,0,,1,1,2300.0,N,N,N,0,,0,0,0,3,3,N,2140,0,3,0,0,0,0,0,3,4,1,3,3,3.0,N,,,,,,,,,,,
2020061264,1824.0,1,0,0,1,0,0,0,0,0,4,0,,67,8,2020,7,40.0212,-75.1261,1816.0,6,0,0,0,0,1,0,0,0,,0,0,0.0,17,1,1,1,,0,40 01:16.445,,0,75 07:34.125,8,0,0,0,67301,1,0,0,N,0,0,0,2,67301,0,,1,1,,N,N,N,0,,0,0,0,0,0,,1739,1,2,0,0,0,1,0,3,4,0,1,3,3.0,N,,,,,,,,,,,
2020064133,340.0,1,0,0,0,0,0,0,0,0,1,0,,67,8,2020,5,40.0299,-75.0875,334.0,6,0,0,0,0,0,1,0,0,,0,0,0.0,3,3,0,1,,2,40 01:47.398,3.0,0,75 05:15.572,0,0,0,0,67301,0,0,0,N,0,0,0,2,67301,0,,1,1,500.0,N,N,N,0,,0,0,0,3,2,N,334,0,2,0,0,0,0,0,3,4,1,2,3,3.0,N,,,,,,,,,,,
2020063035,1806.0,0,0,0,0,0,0,0,0,0,4,0,,67,8,2020,4,39.9898,-75.1255,1804.0,6,0,0,0,0,0,1,0,0,,0,0,0.0,17,1,2,1,,0,39 59:23.311,,1,75 07:31.914,3,0,0,0,67301,0,0,0,N,0,0,0,4,67301,0,,1,1,,N,N,N,0,,2,0,1,3,2,,1755,2,2,0,0,0,0,0,3,4,1,2,3,3.0,N,,,,,,,,,,,
2020061266,115.0,1,0,0,0,0,0,0,0,0,4,0,,67,8,2020,7,40.0158,-75.1541,108.0,6,0,0,0,0,0,0,0,0,,0,0,0.0,0,3,0,0,N,1,40 00:56.773,4.0,0,75 09:14.635,9,0,0,0,67301,0,0,0,N,0,0,0,2,67301,0,,1,1,229.0,N,N,N,0,,0,0,1,0,0,N,33,0,2,0,0,0,0,1,3,4,0,2,3,3.0,N,,,,,,,,,,,
2020047308,2125.0,1,0,0,0,0,0,0,0,0,1,0,,67,6,2020,3,39.9602,-75.239,2123.0,6,0,0,0,0,0,0,0,0,,0,0,0.0,21,3,1,0,N,0,39 57:36.674,,0,75 14:20.366,3,0,0,0,67301,0,0,0,N,0,0,0,1,67301,0,,6,1,,N,N,N,0,,1,0,1,0,0,,2120,1,2,0,0,1,0,0,3,4,0,2,3,3.0,N,,,,,,,,,,,
2020047988,1114.0,0,0,0,0,0,0,0,0,0,8,0,,67,6,2020,5,40.0259,-75.1468,1101.0,6,0,0,0,0,0,0,0,0,,0,0,0.0,22,3,1,0,N,0,40 01:33.200,,0,75 08:48.300,3,0,0,0,67301,1,0,0,N,1,0,0,2,67301,0,,1,1,,N,N,N,0,,1,0,0,0,0,,2222,1,2,0,0,0,0,0,3,4,0,1,3,3.0,N,,,,,,,,,,,
2020046086,241.0,1,0,0,0,0,0,0,0,0,1,0,,67,6,2020,7,40.0222,-75.1778,241.0,6,0,0,0,0,0,0,0,0,,0,0,0.0,1,3,0,0,N,1,40 01:20.037,1.0,0,75 10:39.895,0,0,0,0,67301,0,0,0,N,0,0,0,1,67301,0,,1,1,345.0,N,N,N,0,,0,0,0,0,0,Y,100,0,2,0,0,0,0,0,3,4,1,2,3,,N,,,,,,,,,,,
2020048770,1830.0,0,0,0,0,0,0,0,0,0,4,0,,67,6,2020,1,40.0003,-75.1428,1827.0,6,0,0,0,0,0,0,0,1,,0,0,0.0,18,1,2,2,,1,40 00:01.107,4.0,0,75 08:34.146,3,0,0,0,67301,0,0,0,N,0,0,0,3,67301,0,,1,1,1950.0,N,N,N,0,,2,0,2,0,0,Y,1820,2,2,0,0,0,0,0,3,4,0,2,3,3.0,N,,,,,,,,,,,