CRN,ARRIVAL_TM,AUTOMOBILE_COUNT,BELTED_DEATH_COUNT,BELTED_SUSP_SERIOUS_INJ_COUNT,BICYCLE_COUNT,BICYCLE_DEATH_COUNT,BICYCLE_SUSP_SERIOUS_INJ_COUNT,BUS_COUNT,CHLDPAS_DEATH_COUNT,CHLDPAS_SUSP_SERIOUS_INJ_COUNT,COLLISION_TYPE,COMM_VEH_COUNT,CONS_ZONE_SPD_LIM,COUNTY,CRASH_MONTH,CRASH_YEAR,DAY_OF_WEEK,DEC_LAT,DEC_LONG,DISPATCH_TM,DISTRICT,DRIVER_COUNT_16YR,DRIVER_COUNT_17YR,DRIVER_COUNT_18YR,DRIVER_COUNT_19YR,DRIVER_COUNT_20YR,DRIVER_COUNT_50_64YR,DRIVER_COUNT_65_74YR,DRIVER_COUNT_75PLUS,EST_HRS_CLOSED,FATAL_COUNT,HEAVY_TRUCK_COUNT,HORSE_BUGGY_COUNT,HOUR_OF_DAY,ILLUMINATION,INJURY_COUNT,INTERSECT_TYPE,INTERSECTION_RELATED,LANE_CLOSED,LATITUDE,LN_CLOSE_DIR,LOCATION_TYPE,LONGITUDE,MAX_SEVERITY_LEVEL,MCYCLE_DEATH_COUNT,MCYCLE_SUSP_SERIOUS_INJ_COUNT,MOTORCYCLE_COUNT,MUNICIPALITY,NONMOTR_COUNT,NONMOTR_DEATH_COUNT,NONMOTR_SUSP_SERIOUS_INJ_COUNT,NTFY_HIWY_MAINT,PED_COUNT,PED_DEATH_COUNT,PED_SUSP_SERIOUS_INJ_COUNT,PERSON_COUNT,POLICE_AGCY,POSSIBLE_INJ_COUNT,RDWY_SURF_TYPE_CD,RELATION_TO_ROAD,ROAD_CONDITION,ROADWAY_CLEARED,SCH_BUS_IND,SCH_ZONE_IND,SECONDARY_CRASH,SMALL_TRUCK_COUNT,SPEC_JURIS_CD,SUSP_MINOR_INJ_COUNT,SUSP_SERIOUS_INJ_COUNT,SUV_COUNT,TCD_FUNC_CD,TCD_TYPE,TFC_DETOUR_IND,TIME_OF_DAY,TOT_INJ_COUNT,TOTAL_UNITS,UNB_DEATH_COUNT,UNB_SUSP_SERIOUS_INJ_COUNT,UNBELTED_OCC_COUNT,UNK_INJ_DEG_COUNT,UNK_INJ_PER_COUNT,URBAN_AREA,URBAN_RURAL,VAN_COUNT,VEHICLE_COUNT,WEATHER1,WEATHER2,WORK_ZONE_IND,WORK_ZONE_LOC,WORK_ZONE_TYPE,WORKERS_PRES,WZ_CLOSE_DETOUR,WZ_FLAGGER,WZ_LAW_OFFCR_IND,WZ_LN_CLOSURE,WZ_MOVING,WZ_OTHER,WZ_SHLDER_MDN,WZ_WORKERS_INJ_KILLED
2020058964,1033.0,1,0,0,0,0,0,0,0,0,7,0,,67,7,2020,6,39.8904,-75.2205,1033.0,6,0,0,0,1,0,0,0,0,,0,0,0.0,10,1,0,0,N,2,39 53:23.939,2.0,0,75 13:11.247,0,0,0,0,67301,0,0,0,N,0,0,0,1,68K01,0,,4,9,1130.0,N,N,N,0,,0,0,0,0,0,N,1033,0,1,0,0,1,0,0,3,4,0,1,7,,N,,,,,,,,,,,
2020044532,55.0,2,0,0,0,0,0,0,0,0,4,0,,67,6,2020,1,39.9874,-75.1521,51.0,6,0,0,0,0,0,0,0,0,,0,0,0.0,0,3,1,1,,1,39 59:14.582,3.0,0,75 09:07.730,8,0,0,0,67301,0,0,0,N,0,0,0,3,67301,0,,1,1,20.0,N,N,N,0,,0,0,0,3,3,N,25,1,2,0,0,0,1,0,3,4,0,2,3,,N,,,,,,,,,,,
2020045427,2052.0,1,0,0,0,0,0,0,0,0,4,0,,67,6,2020,3,40.0473,-75.1677,2049.0,6,0,0,1,0,0,0,0,0,,0,0,0.0,20,3,1,1,,1,40 02:50.173,1.0,0,75 10:03.884,2,0,0,0,67301,0,0,0,N,0,0,0,2,67301,0,,1,1,2100.0,N,N,N,0,,0,1,0,3,2,N,2043,1,2,0,0,0,0,0,3,4,0,2,3,,N,,,,,,,,,,,
2020044549,2005.0,1,0,0,0,0,0,0,0,0,4,0,,67,6,2020,7,40.0289,-75.1525,2000.0,6,0,0,0,0,0,1,0,0,,0,0,0.0,19,1,1,0,N,0,40 01:44.060,,0,75 09:09.050,4,0,0,0,67301,0,0,0,N,0,0,0,4,67301,1,,1,1,,N,N,N,0,,0,0,1,0,0,,1950,1,2,0,0,0,0,0,3,4,0,2,3,,N,,,,,,,,,,,
2020097592,1305.0,1,0,0,0,0,0,0,0,0,4,0,,67,11,2020,6,39.994,-75.155,1302.0,6,0,0,0,0,0,0,0,0,,0,0,0.0,13,1,0,0,N,0,39 59:38.412,,0,75 09:18.080,9,0,0,0,67301,0,0,0,N,0,0,0,6,67301,0,,1,1,,N,N,N,0,,0,0,1,0,0,,1302,0,2,0,0,0,0,4,3,4,0,2,3,,N,,,,,,,,,,,
2020097402,1950.0,2,0,0,0,0,0,0,0,0,1,0,45.0,67,10,2020,4,39.9429,-75.193,1950.0,6,0,0,0,0,0,0,0,0,,0,0,0.0,19,3,2,0,N,0,39 56:34.609,,0,75 11:34.942,3,0,0,0,67301,0,0,0,N,0,0,0,3,68K01,0,,1,1,,N,N,N,0,,2,0,0,0,0,,1948,2,2,0,0,1,0,0,3,4,0,2,3,,Y,2.0,1.0,Y,N,N,Y,Y,N,N,N,N
2020056746,53.0,1,0,0,0,0,0,0,0,0,8,0,,67,7,2020,6,40.0396,-75.0274,48.0,6,0,0,0,0,0,0,0,0,,0,0,0.0,0,3,1,0,N,0,40 02:22.511,,0,75 01:38.574,8,0,0,0,67301,1,0,0,N,1,0,0,2,67301,0,,1,1,,N,N,N,0,,0,0,0,0,0,,18,1,2,0,0,0,1,0,3,4,0,1,3,,N,,,,,,,,,,,
2020059453,1619.0,0,0,0,0,0,0,0,0,0,5,0,,67,7,2020,7,39.9599,-75.1777,1604.0,6,0,0,0,1,0,0,0,0,,0,0,0.0,16,1,0,0,N,0,39 57:35.488,,0,75 10:39.638,0,0,0,0,67301,0,0,0,N,0,0,0,7,68K01,0,,1,1,,N,N,N,1,,0,0,2,0,0,,1602,0,3,0,0,0,0,0,3,4,0,3,3,,N,,,,,,,,,,,
2020053993,945.0,1,0,0,0,0,0,0,0,0,7,0,,67,7,2020,5,40.0546,-75.0719,944.0,6,0,0,0,0,0,0,0,0,,0,0,0.0,9,1,1,0,N,0,40 03:16.487,,0,75 04:18.750,3,0,0,0,67301,0,0,0,N,0,0,0,1,67301,0,,5,1,,N,N,N,0,,1,0,1,0,0,,942,1,3,0,0,0,0,0,3,4,0,2,3,,N,,,,,,,,,,,
2020055974,1537.0,2,0,0,0,0,0,0,0,0,6,0,,67,7,2020,6,40.0045,-75.1294,1537.0,6,0,0,0,0,0,0,0,0,,0,0,0.0,15,1,0,0,N,0,40 00:16.200,,0,75 07:45.840,0,0,0,0,67301,0,0,0,N,0,0,0,3,67301,0,,1,9,,N,N,N,0,,0,0,1,0,0,,1525,0,3,0,0,0,0,0,3,4,0,3,7,7.0,N,,,,,,,,,,,
2020054259,1745.0,1,0,0,0,0,0,0,0,0,4,0,,67,7,2020,6,40.0468,-75.0703,1740.0,6,0,0,0,1,0,2,0,0,,0,0,0.0,17,1,2,1,,2,40 02:48.424,5.0,0,75 04:13.037,3,0,0,0,67301,1,0,0,N,0,0,0,4,67301,0,,1,9,30.0,N,N,N,1,,2,0,2,3,2,N,1735,2,4,0,0,0,0,2,3,4,0,4,7,4.0,N,,,,,,,,,,,
2020097722,2310.0,2,0,0,0,0,0,0,0,0,1,0,,67,10,2020,7,39.9396,-75.1432,2310.0,6,0,0,0,0,0,0,0,0,,0,0,0.0,23,3,3,0,N,1,39 56:22.637,1.0,0,75 08:35.564,3,0,0,0,67301,0,0,0,N,0,0,0,4,68K01,0,,1,1,10.0,N,N,N,0,,3,0,0,0,0,N,2309,3,2,0,0,0,0,0,3,4,0,2,3,,N,,,,,,,,,,,
2020087789,222.0,1,0,0,0,0,0,0,0,0,7,0,,67,10,2020,6,40.0179,-75.0646,217.0,6,0,0,0,0,0,0,0,0,,1,0,0.0,2,3,1,0,N,2,40 01:04.505,5.0,0,75 03:52.410,1,0,0,0,67301,1,0,0,N,1,0,0,2,67301,0,2.0,4,1,505.0,N,N,N,0,0.0,1,0,0,0,0,Y,210,1,2,0,0,0,0,0,3,4,0,1,3,3.0,N,,,,,,,,,,,
2020044494,2245.0,1,0,0,0,0,0,0,0,0,8,0,,67,6,2020,7,39.9689,-75.1698,2242.0,6,0,0,0,0,0,0,0,0,,0,0,0.0,22,3,1,0,N,0,39 58:08.050,,0,75 10:11.330,3,0,0,0,67301,1,0,0,N,1,0,0,2,67301,0,,1,1,,N,N,N,0,,1,0,0,0,0,,2240,1,2,0,0,0,0,0,3,4,0,1,3,3.0,N,,,,,,,,,,,
2020087798,1852.0,0,0,0,0,0,0,0,0,0,8,0,,67,10,2020,5,39.8778,-75.2463,1850.0,6,0,0,0,0,0,0,0,0,,0,0,0.0,18,3,1,0,N,0,39 52:40.230,,0,75 14:46.750,4,0,0,0,67301,1,0,0,N,1,0,0,1,67301,1,,1,1,,N,N,N,0,,0,0,0,9,9,,1845,1,2,0,0,0,0,0,3,4,0,1,3,3.0,N,,,,,,,,,,,
2020044499,1028.0,2,0,0,0,0,0,0,0,0,5,0,,67,6,2020,6,39.9389,-75.2349,1027.0,6,0,0,0,0,0,0,0,1,,0,0,0.0,10,1,1,0,N,1,39 56:20.172,1.0,0,75 14:05.723,3,0,0,0,67301,0,0,0,N,0,0,0,1,67301,0,,6,1,1154.0,N,N,N,0,,1,0,0,0,0,Y,1016,1,2,0,0,0,0,0,3,4,0,2,3,3.0,N,,,,,,,,,,,
2020047143,1403.0,1,0,0,0,0,0,0,0,0,1,0,,67,6,2020,7,39.9677,-75.1896,1343.0,6,0,0,0,0,0,0,0,0,,0,0,0.0,13,1,2,0,N,0,39 58:03.779,,0,75 11:22.387,8,0,0,0,67301,0,0,0,N,0,0,0,3,68K01,0,,1,1,,N,N,Y,0,,0,0,1,0,0,,1335,2,2,0,0,0,2,0,3,4,0,2,3,,N,,,,,,,,,,,
2020054533,1914.0,0,0,0,0,0,0,0,0,0,7,0,,67,7,2020,6,39.9562,-75.1487,1914.0,6,0,0,0,0,0,0,0,0,,0,0,0.0,19,1,1,0,N,0,39 57:22.322,,2,75 08:55.227,3,0,0,0,67301,0,0,0,N,0,0,0,10,67501,0,,4,9,,N,N,N,0,,1,0,0,0,0,,1914,1,1,0,0,0,0,0,3,4,1,1,7,3.0,N,,,,,,,,,,,
2020054601,1638.0,2,0,0,0,0,0,0,0,0,1,0,,67,7,2020,6,40.0281,-75.1,1637.0,6,0,0,0,0,0,1,0,0,,0,0,0.0,16,1,0,0,N,0,40 01:41.148,,0,75 05:59.875,0,0,0,0,67301,0,0,0,N,0,0,0,3,67301,0,,1,9,,N,N,N,1,,0,0,0,0,0,,1635,0,3,0,0,0,0,0,3,4,0,3,7,4.0,N,,,,,,,,,,,
2020059438,1116.0,0,0,0,0,0,0,0,0,0,1,0,,67,7,2020,3,39.9585,-75.1674,1105.0,6,0,0,0,0,0,0,1,1,,0,0,0.0,11,1,1,0,N,1,39 57:30.438,3.0,0,75 10:02.696,4,0,0,0,67301,0,0,0,N,0,0,0,6,68K01,1,,1,1,1120.0,N,N,Y,1,,0,0,3,0,0,N,1105,1,4,0,0,0,0,0,3,4,0,4,3,3.0,N,,,,,,,,,,,
2020046085,1220.0,2,0,0,0,0,0,0,0,0,4,0,,67,6,2020,6,40.0203,-75.1628,1216.0,6,0,0,0,0,0,0,0,0,,0,0,0.0,12,1,1,2,,0,40 01:13.127,,0,75 09:46.089,3,0,0,0,67301,0,0,0,N,0,0,0,4,67301,0,,1,1,,N,N,N,0,,1,0,0,0,0,,1215,1,2,0,0,1,0,0,3,4,0,2,3,3.0,N,,,,,,,,,,,
2020057189,540.0,1,0,0,0,0,0,0,0,0,7,0,,67,6,2020,6,40.0053,-75.1966,535.0,6,0,0,0,0,0,0,0,0,,0,0,0.0,5,1,0,0,N,1,40 00:19.112,3.0,0,75 11:47.695,9,0,0,0,67301,0,0,0,N,0,0,0,1,68K01,0,,4,1,605.0,N,N,N,0,,0,0,0,0,0,N,532,0,1,0,0,0,0,1,3,4,0,1,3,3.0,N,,,,,,,,,,,
2020046032,2345.0,1,0,0,0,0,0,0,0,0,4,0,,67,6,2020,6,40.0419,-75.124,2335.0,6,0,0,0,0,0,0,0,0,,0,0,0.0,23,3,1,1,,1,40 02:30.868,3.0,0,75 07:26.270,4,0,0,0,67301,0,0,0,N,0,0,0,2,67301,1,,1,1,16.0,N,N,N,1,,0,0,1,3,2,N,2317,1,3,0,0,0,0,0,3,4,0,3,3,3.0,N,,,,,,,,,,,
2020087335,1907.0,0,0,0,0,0,0,0,0,0,1,0,,67,10,2020,3,40.095,-74.9813,1903.0,6,0,0,0,0,0,1,0,0,,1,0,0.0,19,3,1,0,N,2,40 05:41.860,6.0,0,74 58:52.563,1,1,0,1,67301,0,0,0,N,0,0,0,6,67301,0,2.0,1,1,1908.0,N,N,N,0,0.0,1,0,3,0,0,Y,1902,1,4,0,0,0,0,0,3,4,0,4,3,3.0,N,,,,,,,,,,,
2020047147,153.0,0,0,0,0,0,0,0,0,0,1,0,,67,6,2020,1,39.9575,-75.1804,153.0,6,0,0,0,0,0,0,0,0,,0,0,0.0,1,3,0,0,N,2,39 57:27.087,3.0,0,75 10:49.260,0,0,0,0,67301,0,0,0,N,0,0,0,4,68K01,0,,1,1,258.0,N,N,N,0,,0,0,2,0,0,Y,147,0,2,0,0,2,0,0,3,4,0,2,3,,N,,,,,,,,,,,
2020089089,1506.0,1,0,0,0,0,0,0,0,0,6,0,,67,10,2020,3,39.9765,-75.1144,1414.0,6,0,0,0,0,0,0,0,0,,0,0,0.0,14,1,2,0,N,0,39 58:35.527,,0,75 06:51.877,8,0,0,0,67301,0,0,0,N,0,0,0,4,68K01,0,,1,1,,N,N,N,0,,0,0,1,0,0,,1404,2,2,0,0,0,2,0,3,4,0,2,3,3.0,N,,,,,,,,,,,
2020053998,2204.0,1,0,0,0,0,0,0,0,0,4,0,,67,7,2020,4,39.9515,-75.2266,2204.0,6,0,0,0,0,0,0,0,0,,0,0,0.0,21,3,1,2,,0,39 57:05.307,,0,75 13:35.919,3,0,0,1,67301,0,0,0,N,0,0,0,2,67301,0,,1,1,,N,N,N,0,,1,0,0,0,0,,2147,1,2,0,0,0,0,0,3,4,0,2,3,,N,,,,,,,,,,,
2020054360,1317.0,2,0,0,0,0,0,0,0,0,1,0,,67,7,2020,6,40.0293,-75.2041,1305.0,6,0,0,0,1,0,1,0,0,,0,0,0.0,13,1,1,0,Y,0,40 01:45.433,,0,75 12:14.637,3,0,0,0,67301,0,0,0,N,0,0,0,3,67301,0,,1,9,,N,N,N,0,,1,0,1,3,2,,1303,1,3,0,0,0,0,0,3,4,0,3,7,,N,,,,,,,,,,,
2020097916,1035.0,1,0,0,0,0,0,0,0,0,4,0,,67,11,2020,6,40.0054,-75.1094,1032.0,6,0,0,0,0,0,0,0,2,,0,0,0.0,10,1,0,1,,0,40 00:19.420,,0,75 06:33.689,0,0,0,0,67301,0,0,0,N,0,0,0,2,67301,0,,1,9,,N,N,N,0,,0,0,1,3,3,,1030,0,2,0,0,2,0,0,3,4,0,2,7,4.0,N,,,,,,,,,,,
2020098001,1902.0,1,0,0,0,0,0,0,0,0,8,0,,67,11,2020,2,40.0503,-75.0515,1859.0,6,0,0,0,0,0,0,0,0,,1,0,0.0,18,3,1,0,N,2,40 03:01.097,2.0,0,75 03:05.400,1,0,0,0,67301,1,1,0,N,1,1,0,3,67301,0,2.0,1,1,2300.0,N,N,N,0,0.0,1,0,1,0,0,Y,1855,1,3,0,0,0,0,1,3,4,0,2,3,3.0,N,,,,,,,,,,,
2020045177,1443.0,0,0,0,0,0,0,0,0,0,4,0,,67,6,2020,3,40.0846,-75.0249,1435.0,6,0,0,0,0,0,1,0,0,,0,0,0.0,14,1,1,2,,1,40 05:04.640,1.0,0,75 01:29.553,3,0,0,0,67301,0,0,0,N,0,0,0,5,67301,0,,1,1,1609.0,N,N,N,0,,1,0,2,3,2,N,1425,1,2,0,0,0,0,0,3,4,0,2,3,3.0,N,,,,,,,,,,,
2020044707,1855.0,1,0,0,0,0,0,0,0,0,4,0,,67,6,2020,7,40.0285,-75.0579,1850.0,6,0,0,0,0,0,0,0,0,,0,0,0.0,18,1,1,1,,0,40 01:42.775,,0,75 03:28.507,8,0,0,0,67301,0,0,0,N,0,0,0,4,67301,0,,1,1,,N,N,N,0,,0,0,1,3,2,,1849,1,2,0,0,0,1,0,3,4,0,2,3,3.0,N,,,,,,,,,,,
2020045216,2237.0,0,0,0,0,0,0,0,0,0,7,0,,67,6,2020,6,39.9756,-75.1154,2234.0,6,0,0,0,0,0,1,0,0,,0,0,0.0,22,2,1,0,N,2,39 58:32.119,1.0,0,75 06:55.608,8,0,0,0,67301,0,0,0,N,0,0,0,1,68K01,0,,2,9,2255.0,N,N,N,0,,0,0,0,0,0,N,2221,1,1,0,0,0,1,0,3,4,1,1,7,,N,,,,,,,,,,,
2020044543,30.0,3,0,0,0,0,0,0,0,0,6,0,,67,6,2020,7,40.0126,-75.1364,30.0,6,0,0,0,0,0,0,0,0,,0,0,0.0,0,3,0,0,N,0,40 00:45.310,,0,75 08:11.080,0,0,0,0,67301,0,0,0,N,0,0,0,2,67301,0,,6,9,,N,N,N,0,,0,0,1,0,0,,29,0,7,0,0,0,0,0,3,4,3,7,7,4.0,N,,,,,,,,,,,
2020045704,1145.0,2,0,0,0,0,0,0,0,0,1,0,,67,6,2020,5,39.9532,-75.2487,1142.0,6,0,0,0,0,0,0,0,0,,0,0,0.0,11,1,1,2,,0,39 57:11.353,,0,75 14:55.491,3,0,0,0,67301,0,0,0,N,0,0,0,2,67301,0,,1,9,,N,N,N,0,,1,0,0,3,2,,1141,1,2,0,0,0,0,0,3,4,0,2,7,7.0,N,,,,,,,,,,,
2020047228,2113.0,1,0,0,0,0,0,0,0,0,4,0,,67,6,2020,6,39.9775,-75.1599,2113.0,6,0,0,0,0,0,0,0,0,,0,0,0.0,21,3,1,1,,0,39 58:39.025,,0,75 09:35.531,4,0,0,0,67301,0,0,0,N,0,0,0,6,67301,1,,1,1,,N,N,N,0,,0,0,1,3,2,,2100,1,2,0,0,1,0,4,3,4,0,2,3,3.0,N,,,,,,,,,,,
2020045266,1135.0,2,0,0,0,0,0,0,0,0,4,0,,67,6,2020,3,39.9404,-75.2366,1135.0,6,0,0,0,0,0,0,1,0,,0,0,0.0,11,1,1,1,,0,39 56:25.327,,0,75 14:11.791,3,0,0,0,67301,0,0,0,N,0,0,0,4,67301,0,,1,1,,N,N,N,0,,1,0,0,3,2,,1131,1,2,0,0,0,0,0,3,4,0,2,3,3.0,N,,,,,,,,,,,
2020054450,1252.0,0,0,0,0,0,0,0,0,0,4,0,,67,7,2020,6,39.9804,-75.1978,1248.0,6,0,0,0,0,1,0,0,0,,0,0,0.0,12,1,1,0,N,0,39 58:49.249,,0,75 11:51.751,3,0,0,0,67301,0,0,0,N,0,0,0,2,67301,0,,1,1,,N,N,N,0,,1,0,2,0,0,,1244,1,2,0,0,0,0,0,3,4,0,2,3,,N,,,,,,,,,,,
2020097733,1407.0,0,0,0,0,0,0,0,0,0,5,1,,67,11,2020,4,39.957,-75.1804,1352.0,6,0,0,0,0,0,0,0,0,,0,1,0.0,13,1,1,0,N,1,39 57:25.145,3.0,0,75 10:49.555,8,0,0,0,67301,0,0,0,N,0,0,0,2,68K01,0,,1,1,1440.0,N,N,N,0,,0,0,1,0,0,N,1351,1,2,0,0,1,1,0,3,4,0,2,3,,N,,,,,,,,,,,
2020098252,1619.0,1,0,0,0,0,0,0,0,0,4,0,,67,11,2020,2,40.0214,-75.0794,1614.0,6,0,0,0,0,0,0,1,0,,0,0,0.0,15,1,0,1,,0,40 01:16.976,,0,75 04:45.706,0,0,0,0,67301,1,0,0,N,0,0,0,2,67301,0,,1,1,,N,N,N,1,,0,0,1,3,3,,1553,0,3,0,0,0,0,0,3,4,0,3,3,3.0,N,,,,,,,,,,,
2020054006,1729.0,2,0,0,0,0,0,0,0,0,4,0,,67,7,2020,5,39.9876,-75.1839,1729.0,6,0,0,0,0,0,0,0,0,,0,0,0.0,17,1,0,1,,0,39 59:15.514,,0,75 11:02.112,9,0,0,0,67301,0,0,0,N,0,0,0,2,67301,0,,1,1,,N,N,N,0,,0,0,1,3,3,,1720,0,3,0,0,2,0,2,3,4,0,3,3,3.0,N,,,,,,,,,,,
2020065409,1756.0,1,0,0,0,0,0,0,0,0,7,0,,67,7,2020,6,39.8928,-75.2343,1747.0,6,0,0,0,0,0,0,0,0,,0,0,0.0,15,1,0,0,N,0,39 53:34.239,,0,75 14:03.548,0,0,0,0,67301,0,0,0,N,0,0,0,1,68K02,0,,2,9,,N,N,N,0,,0,0,0,0,0,,1534,0,1,0,0,0,0,0,3,4,0,1,7,,N,,,,,,,,,,,
2020055178,415.0,1,0,0,0,0,0,0,0,0,1,0,,67,7,2020,6,39.9633,-75.1611,410.0,6,0,0,0,0,0,0,0,0,,0,0,0.0,4,3,0,0,N,1,39 57:47.798,1.0,0,75 09:40.112,0,0,0,0,67301,0,0,0,N,0,0,0,1,67301,0,,6,1,100.0,N,N,N,0,,0,0,1,0,0,N,409,0,2,0,0,0,0,0,3,4,0,2,3,3.0,N,,,,,,,,,,,
2020044531,2214.0,1,0,0,0,0,0,0,0,0,4,0,,67,6,2020,6,39.9924,-75.1651,2147.0,6,0,0,0,0,0,0,0,0,,0,0,0.0,21,3,1,2,,0,39 59:32.607,,0,75 09:54.237,4,0,0,0,67301,0,0,0,N,0,0,0,2,67301,1,,1,9,,N,N,N,0,,0,0,1,0,0,,2140,1,2,0,0,0,0,0,3,4,0,2,7,4.0,N,,,,,,,,,,,
2020086647,714.0,1,0,0,0,0,0,0,0,0,1,0,,67,10,2020,5,40.0088,-75.2049,708.0,6,0,0,0,0,0,0,0,0,,0,0,0.0,7,1,1,6,N,0,40 00:31.683,,2,75 12:17.742,8,0,0,0,67301,0,0,0,N,0,0,0,2,68K01,0,,1,1,,N,N,N,0,,0,0,1,0,0,,702,1,2,0,0,0,1,0,3,4,0,2,3,,N,,,,,,,,,,,
2020044521,150.0,1,0,0,0,0,0,0,0,0,4,0,,67,6,2020,1,40.006,-75.0933,145.0,6,0,0,0,1,0,0,0,0,,0,0,0.0,1,3,4,1,,0,40 00:21.442,,0,75 05:35.994,3,0,0,0,67301,0,0,0,N,0,0,0,4,67301,0,,1,1,,N,N,N,0,,4,0,1,3,2,,128,4,2,0,0,0,0,0,3,4,0,2,3,3.0,N,,,,,,,,,,,
2020044492,1210.0,0,0,0,1,0,0,0,0,0,4,1,,67,6,2020,7,39.961,-75.137,1205.0,6,0,0,0,0,0,0,0,0,,0,1,0.0,12,1,1,2,,0,39 57:39.387,,0,75 08:13.286,3,0,0,0,67301,1,0,0,N,0,0,0,2,67301,0,,1,1,,N,N,N,0,,1,0,0,0,0,,1200,1,2,0,0,0,0,0,3,4,0,1,3,3.0,N,,,,,,,,,,,
2020083016,755.0,1,0,0,0,0,0,0,0,0,4,0,,67,10,2020,3,39.8848,-75.2506,750.0,6,0,0,0,0,0,1,0,0,,1,0,0.0,7,1,2,0,N,2,39 53:05.292,3.0,0,75 15:02.101,1,0,0,0,67301,0,0,0,N,0,0,0,3,67301,0,2.0,1,1,1100.0,Y,N,N,0,0.0,0,0,0,3,2,Y,740,2,2,0,0,0,2,0,3,4,1,2,3,3.0,N,,,,,,,,,,,
2020087419,2229.0,1,0,0,0,0,0,0,0,0,7,1,50.0,67,10,2020,4,39.9509,-75.1829,2228.0,6,0,0,0,0,0,0,0,0,,0,1,0.0,20,3,2,0,N,2,39 57:03.324,4.0,0,75 10:58.512,8,0,0,0,67301,0,0,0,N,0,0,0,4,68K01,0,,2,1,2239.0,N,N,N,0,,0,0,0,3,8,N,2027,2,2,0,0,1,2,0,3,4,0,2,3,,Y,4.0,2.0,N,Y,,Y,Y,,,,N
2020089082,1331.0,2,0,0,0,0,0,0,0,0,1,0,,67,10,2020,7,39.9585,-75.1665,1331.0,6,0,0,0,0,0,0,0,0,,0,0,0.0,13,1,2,0,N,0,39 57:30.464,,0,75 09:59.266,3,0,0,0,67301,0,0,0,N,0,0,0,5,68K01,0,,1,1,,N,N,N,0,,2,0,0,0,0,,1331,2,3,0,0,0,0,0,3,4,1,3,3,,N,,,,,,,,,,,
2020044534,1007.0,1,0,0,0,0,0,0,0,0,7,0,,67,6,2020,1,39.9751,-75.1523,1007.0,6,0,0,0,0,0,0,0,0,,0,0,0.0,10,1,0,0,N,0,39 58:30.300,,0,75 09:08.200,0,0,0,0,67301,0,0,0,N,0,0,0,1,67301,0,,4,1,,N,N,N,0,,0,0,1,0,0,,1007,0,2,0,0,1,0,0,3,4,0,2,3,3.0,N,,,,,,,,,,,
2020084160,435.0,0,0,0,0,0,0,0,0,0,8,0,,67,10,2020,5,39.9944,-75.116,430.0,6,0,0,0,0,0,0,0,0,,0,0,0.0,4,5,1,0,N,0,39 59:39.950,,0,75 06:57.760,8,0,0,0,67301,1,0,0,N,1,0,0,1,67301,0,,9,1,,N,N,N,0,,0,0,0,0,0,,425,1,2,0,0,0,1,0,3,4,0,1,3,3.0,N,,,,,,,,,,,
2020054262,1639.0,1,0,0,0,0,0,0,0,0,1,0,,67,7,2020,4,40.0311,-75.036,1635.0,6,0,0,0,0,0,0,1,0,,0,0,0.0,16,1,3,0,Y,1,40 01:51.894,3.0,0,75 02:09.605,3,0,0,0,67301,0,0,0,N,0,0,0,8,67301,0,,1,1,1800.0,N,N,N,0,,3,0,2,3,2,N,1624,3,3,0,0,0,0,1,3,4,0,3,3,3.0,N,,,,,,,,,,,
2020098358,928.0,2,0,0,0,0,0,0,0,0,6,0,,67,11,2020,3,40.0374,-75.0389,925.0,6,0,0,0,0,0,1,1,0,,1,0,0.0,9,1,0,0,N,0,40 02:14.702,,0,75 02:20.204,1,0,0,0,67301,0,0,0,N,0,0,0,4,67301,0,2.0,1,1,,N,N,Y,0,0.0,0,0,3,0,0,,924,0,5,0,0,0,0,0,3,4,0,5,3,3.0,N,,,,,,,,,,,
2020054010,538.0,0,0,0,0,0,0,0,0,0,5,0,,67,7,2020,5,39.995,-75.1121,538.0,6,0,0,0,0,0,0,0,0,,0,0,0.0,5,5,0,0,N,0,39 59:42.179,,0,75 06:43.577,9,0,0,0,67301,0,0,0,N,0,0,0,2,67301,0,,1,1,,N,N,N,0,,0,0,2,0,0,,538,0,2,0,0,2,0,1,3,4,0,2,3,3.0,N,,,,,,,,,,,
2020054602,1735.0,1,0,0,0,0,0,0,0,0,2,0,,67,7,2020,6,40.0068,-75.2,1714.0,6,0,0,0,0,0,1,0,0,,0,0,0.0,16,1,1,0,N,0,40 00:24.390,,0,75 11:59.960,4,0,0,0,67301,0,0,0,N,0,0,0,2,67301,1,,1,9,,N,N,N,1,,0,0,0,0,0,,1613,1,2,0,0,0,0,1,3,4,0,2,7,4.0,N,,,,,,,,,,,
2020058975,1558.0,1,0,0,0,0,0,0,0,0,7,0,,67,7,2020,6,39.8864,-75.2069,1558.0,6,0,0,0,0,0,0,0,0,,0,0,0.0,15,1,1,0,N,0,39 53:12.407,,0,75 12:20.616,3,0,0,0,67301,0,0,0,N,0,0,0,1,68K01,0,,4,9,,N,N,N,0,,1,0,0,0,0,,1557,1,1,0,0,0,0,0,3,4,0,1,7,4.0,N,,,,,,,,,,,