CRN,ARRIVAL_TM,AUTOMOBILE_COUNT,BELTED_DEATH_COUNT,BELTED_SUSP_SERIOUS_INJ_COUNT,BICYCLE_COUNT,BICYCLE_DEATH_COUNT,BICYCLE_SUSP_SERIOUS_INJ_COUNT,BUS_COUNT,CHLDPAS_DEATH_COUNT,CHLDPAS_SUSP_SERIOUS_INJ_COUNT,COLLISION_TYPE,COMM_VEH_COUNT,CONS_ZONE_SPD_LIM,COUNTY,CRASH_MONTH,CRASH_YEAR,DAY_OF_WEEK,DEC_LAT,DEC_LONG,DISPATCH_TM,DISTRICT,DRIVER_COUNT_16YR,DRIVER_COUNT_17YR,DRIVER_COUNT_18YR,DRIVER_COUNT_19YR,DRIVER_COUNT_20YR,DRIVER_COUNT_50_64YR,DRIVER_COUNT_65_74YR,DRIVER_COUNT_75PLUS,EST_HRS_CLOSED,FATAL_COUNT,HEAVY_TRUCK_COUNT,HORSE_BUGGY_COUNT,HOUR_OF_DAY,ILLUMINATION,INJURY_COUNT,INTERSECT_TYPE,INTERSECTION_RELATED,LANE_CLOSED,LATITUDE,LN_CLOSE_DIR,LOCATION_TYPE,LONGITUDE,MAX_SEVERITY_LEVEL,MCYCLE_DEATH_COUNT,MCYCLE_SUSP_SERIOUS_INJ_COUNT,MOTORCYCLE_COUNT,MUNICIPALITY,NONMOTR_COUNT,NONMOTR_DEATH_COUNT,NONMOTR_SUSP_SERIOUS_INJ_COUNT,NTFY_HIWY_MAINT,PED_COUNT,PED_DEATH_COUNT,PED_SUSP_SERIOUS_INJ_COUNT,PERSON_COUNT,POLICE_AGCY,POSSIBLE_INJ_COUNT,RDWY_SURF_TYPE_CD,RELATION_TO_ROAD,ROAD_CONDITION,ROADWAY_CLEARED,SCH_BUS_IND,SCH_ZONE_IND,SECONDARY_CRASH,SMALL_TRUCK_COUNT,SPEC_JURIS_CD,SUSP_MINOR_INJ_COUNT,SUSP_SERIOUS_INJ_COUNT,SUV_COUNT,TCD_FUNC_CD,TCD_TYPE,TFC_DETOUR_IND,TIME_OF_DAY,TOT_INJ_COUNT,TOTAL_UNITS,UNB_DEATH_COUNT,UNB_SUSP_SERIOUS_INJ_COUNT,UNBELTED_OCC_COUNT,UNK_INJ_DEG_COUNT,UNK_INJ_PER_COUNT,URBAN_AREA,URBAN_RURAL,VAN_COUNT,VEHICLE_COUNT,WEATHER1,WEATHER2,WORK_ZONE_IND,WORK_ZONE_LOC,WORK_ZONE_TYPE,WORKERS_PRES,WZ_CLOSE_DETOUR,WZ_FLAGGER,WZ_LAW_OFFCR_IND,WZ_LN_CLOSURE,WZ_MOVING,WZ_OTHER,WZ_SHLDER_MDN,WZ_WORKERS_INJ_KILLED
2020097439,139.0,1,0,0,0,0,0,0,0,0,5,0,,67,11,2020,1,39.9346,-75.2,139.0,6,0,0,0,0,0,0,1,0,,0,0,0.0,1,3,1,0,N,2,39 56:04.434,3.0,0,75 11:59.877,8,0,0,0,67301,0,0,0,N,0,0,0,4,68K01,0,,1,1,130.0,N,N,N,0,,0,0,1,0,0,Y,136,1,2,0,0,0,1,0,3,4,0,2,3,3.0,N,,,,,,,,,,,
2020098360,831.0,0,0,0,0,0,0,0,0,0,8,0,,67,11,2020,3,39.9843,-75.2358,831.0,6,0,0,0,0,0,0,0,0,,1,0,0.0,8,1,0,0,N,2,39 59:03.520,6.0,0,75 14:08.980,1,0,0,0,67301,1,1,0,N,1,1,0,2,67301,0,2.0,1,1,1030.0,N,N,N,0,0.0,0,0,1,0,0,Y,830,0,2,0,0,0,0,1,3,4,0,1,3,,N,,,,,,,,,,,
2020044517,909.0,2,0,0,0,0,0,0,0,0,4,0,,67,6,2020,6,40.0271,-75.065,909.0,6,0,0,0,0,0,0,0,1,,0,0,0.0,9,1,0,5,,1,40 01:37.398,5.0,0,75 03:53.973,0,0,0,0,67301,0,0,0,N,0,0,0,2,67301,0,,1,1,1200.0,N,N,Y,0,,0,0,0,3,2,Y,909,0,2,0,0,0,0,0,3,4,0,2,3,,N,,,,,,,,,,,
2020087001,1420.0,0,0,0,0,0,0,0,0,0,4,1,,67,10,2020,6,40.0971,-75.0048,1405.0,6,0,0,0,0,0,0,0,0,,0,1,0.0,14,1,0,0,N,1,40 05:49.500,5.0,7,75 00:17.140,0,0,0,0,67301,0,0,0,N,0,0,0,1,67301,0,,1,9,1445.0,N,N,N,0,,0,0,1,0,0,N,1405,0,2,0,0,0,0,0,3,4,0,2,7,7.0,N,,,,,,,,,,,
2020045214,254.0,1,0,0,0,0,0,0,0,0,7,0,,67,6,2020,6,39.9195,-75.1481,240.0,6,0,0,0,1,0,0,0,0,,0,0,0.0,2,3,0,0,N,2,39 55:10.348,2.0,0,75 08:53.327,0,0,0,0,67301,0,0,0,N,0,0,0,1,68K01,0,,3,9,100.0,N,N,N,0,,0,0,0,0,0,N,239,0,1,0,0,0,0,0,3,4,0,1,7,,N,,,,,,,,,,,
2020044245,256.0,1,0,0,0,0,0,0,0,0,7,0,,67,6,2020,7,39.9812,-75.2068,256.0,6,0,0,0,1,0,0,0,0,,0,0,0.0,2,2,0,0,N,0,39 58:52.207,,0,75 12:24.430,0,0,0,0,67301,0,0,0,N,0,0,0,2,68K01,0,,2,9,,N,N,N,0,,0,0,0,0,0,,254,0,1,0,0,0,0,0,3,4,0,1,7,,N,,,,,,,,,,,
2020044509,1938.0,2,0,0,0,0,0,0,0,0,4,0,,67,6,2020,7,40.0738,-75.1588,1933.0,6,0,0,0,0,0,0,0,0,,0,0,0.0,18,1,1,0,N,0,40 04:25.700,,7,75 09:31.680,3,0,0,0,67301,0,0,0,N,0,0,0,4,67301,0,,1,1,,N,N,N,0,,1,0,0,0,0,,1809,1,2,0,0,0,0,0,3,4,0,2,3,3.0,N,,,,,,,,,,,
2020054131,2200.0,2,0,0,0,0,0,0,0,0,1,0,,67,7,2020,2,39.92,-75.2007,2200.0,6,0,0,0,0,1,0,0,0,,0,0,0.0,22,3,0,0,N,2,39 55:11.898,3.0,3,75 12:02.668,0,0,0,0,67301,0,0,0,N,0,0,0,4,67301,0,,1,9,2203.0,N,N,Y,0,,0,0,0,0,0,Y,2200,0,2,0,0,4,0,0,3,4,0,2,7,7.0,N,,,,,,,,,,,
2020054011,1355.0,0,0,0,0,0,0,0,0,0,1,0,,67,7,2020,5,39.9969,-75.1166,1350.0,6,0,0,0,0,0,0,0,1,,0,0,0.0,13,1,1,0,N,0,39 59:48.709,,0,75 06:59.759,8,0,0,0,67301,0,0,0,N,0,0,0,3,67301,0,,1,1,,N,N,Y,1,,0,0,1,0,0,,1350,1,3,0,0,2,1,0,3,4,0,3,3,3.0,N,,,,,,,,,,,
2020058985,1525.0,1,0,0,0,0,0,0,0,0,7,0,,67,7,2020,7,39.8811,-75.2458,1439.0,6,0,0,0,0,0,0,0,0,,0,0,0.0,14,1,0,0,N,0,39 52:51.952,,8,75 14:44.773,0,0,0,0,67301,0,0,0,N,0,0,0,1,68K01,0,,4,1,,N,N,N,0,,0,0,0,0,0,,1421,0,1,0,0,0,0,0,3,4,0,1,3,,N,,,,,,,,,,,
2020053267,2138.0,2,0,0,0,0,0,0,0,0,4,0,,67,7,2020,1,39.9128,-75.1604,2135.0,6,0,0,0,0,0,0,0,0,,0,0,0.0,20,3,1,1,,0,39 54:45.975,,0,75 09:37.454,3,0,0,0,67301,0,0,0,N,0,0,0,2,67301,0,,1,1,,N,N,N,0,,1,0,0,3,2,,2016,1,2,0,0,0,0,0,3,4,0,2,3,3.0,N,,,,,,,,,,,
2020054136,900.0,2,0,0,0,0,0,0,0,0,1,0,,67,7,2020,2,39.9819,-75.2653,856.0,6,0,1,0,0,0,2,0,0,,0,0,0.0,8,1,0,0,Y,0,39 58:54.850,,0,75 15:54.996,9,0,0,0,67301,0,0,0,N,0,0,0,4,67301,0,,1,1,,N,N,N,0,,0,0,2,3,2,,828,0,4,0,0,0,0,3,3,4,0,4,3,3.0,N,,,,,,,,,,,
2020047910,2124.0,2,0,0,0,0,0,0,0,0,6,0,,67,6,2020,7,39.994,-75.1282,2110.0,6,0,0,0,0,0,1,0,0,,0,0,0.0,21,1,0,0,N,0,39 59:38.430,,0,75 07:41.510,0,0,0,0,67301,0,0,0,N,0,0,0,1,67301,0,,6,1,,N,N,N,0,,0,0,1,0,0,,2100,0,3,0,0,1,0,0,3,4,0,3,3,,N,,,,,,,,,,,
2020044545,855.0,2,0,0,0,0,0,0,0,0,5,0,,67,6,2020,7,39.983,-75.1256,847.0,6,0,0,0,0,0,0,0,0,,0,0,0.0,6,1,0,0,N,0,39 58:58.910,,0,75 07:32.210,0,0,0,0,67301,0,0,0,N,0,0,0,1,67301,0,,6,1,,N,N,N,0,,0,0,1,0,0,,600,0,3,0,0,1,0,0,3,4,0,3,3,3.0,N,,,,,,,,,,,
2020050511,1224.0,1,0,0,0,0,0,0,0,0,1,0,,67,6,2020,6,39.9595,-75.1747,1216.0,6,0,0,0,0,1,0,0,0,,0,0,0.0,12,1,3,0,N,2,39 57:34.134,4.0,0,75 10:28.857,3,0,0,0,67301,0,0,0,N,0,0,0,5,68K01,0,,1,1,15.0,N,N,N,0,,3,0,1,0,0,N,1214,3,2,0,0,0,0,0,3,4,0,2,3,,N,,,,,,,,,,,
2020050512,1541.0,1,0,0,0,0,0,0,0,0,1,0,,67,6,2020,6,40.0088,-75.2048,1530.0,6,0,0,0,0,0,0,0,0,,0,0,0.0,15,1,0,0,N,0,40 00:31.519,,0,75 12:17.147,9,0,0,0,67301,0,0,0,N,0,0,0,2,68K01,0,,1,1,,N,N,N,0,,0,0,0,0,0,,1530,0,2,0,0,0,0,1,3,4,0,2,3,,N,,,,,,,,,,,
2020070467,1959.0,2,0,0,0,0,0,0,0,0,4,0,,67,7,2020,2,40.005,-75.0804,1951.0,6,0,0,0,0,0,0,0,0,,0,0,0.0,18,1,1,1,,0,40 00:18.118,,0,75 04:49.299,3,0,0,0,67301,0,0,0,N,0,0,0,2,67301,0,,1,9,,N,N,N,0,,1,0,0,3,3,,1837,1,2,0,0,0,0,0,3,4,0,2,7,7.0,N,,,,,,,,,,,
2020097797,2333.0,0,0,0,0,0,0,0,0,0,8,0,,67,11,2020,7,40.0512,-75.0541,2325.0,6,0,0,0,0,0,0,0,0,,0,0,0.0,23,3,1,0,N,0,40 03:04.200,,0,75 03:14.780,4,0,0,0,67301,1,0,0,N,1,0,0,1,67301,1,,1,1,,N,N,N,0,,0,0,0,0,0,,2304,1,2,0,0,0,0,0,3,4,0,1,3,,N,,,,,,,,,,,
2020098928,1345.0,2,0,0,0,0,0,0,0,0,4,1,,67,11,2020,3,39.9239,-75.2221,1339.0,6,0,0,0,0,0,1,0,0,,0,1,0.0,13,1,2,1,,0,39 55:26.137,,0,75 13:19.522,3,0,0,0,67301,0,0,0,N,0,0,0,4,67301,0,,1,1,,N,N,N,0,,2,0,0,3,2,,1330,2,3,0,0,2,0,0,3,4,0,3,3,3.0,N,,,,,,,,,,,
2020053410,1204.0,0,0,0,0,0,0,0,0,0,1,0,,67,7,2020,2,39.9681,-75.1294,1203.0,6,0,0,0,0,0,0,0,0,,0,0,0.0,11,1,0,0,N,1,39 58:05.257,1.0,0,75 07:45.955,0,0,0,0,67301,0,0,0,N,0,0,0,4,68K01,0,,1,1,1245.0,N,N,N,0,,0,0,3,0,0,N,1153,0,3,0,0,0,0,0,3,4,0,3,3,,N,,,,,,,,,,,
2020053609,1525.0,1,0,0,0,0,0,0,0,0,7,0,,67,7,2020,4,40.0079,-75.1723,1525.0,6,0,0,0,0,0,1,0,0,,0,0,0.0,14,1,1,1,,0,40 00:28.314,,0,75 10:20.141,3,0,0,0,67301,0,0,0,N,0,0,0,1,67301,0,,4,1,,N,N,N,0,,1,0,0,2,2,,1445,1,2,0,0,0,0,0,3,4,0,1,3,3.0,N,,,,,,,,,,,
2020097425,1243.0,1,0,0,0,0,0,0,0,0,5,0,,67,10,2020,6,39.947,-75.142,1227.0,6,0,0,0,0,0,1,0,0,,0,0,0.0,12,1,0,0,N,1,39 56:49.059,1.0,0,75 08:31.321,0,0,0,0,67301,0,0,0,N,0,0,0,2,68K01,0,,1,9,1320.0,N,N,N,1,,0,0,0,0,0,N,1212,0,2,0,0,0,0,0,3,4,0,2,7,7.0,N,,,,,,,,,,,
2020054266,400.0,1,0,0,0,0,0,0,0,0,7,0,,67,7,2020,5,40.0254,-75.0566,319.0,6,0,0,0,0,0,0,0,0,,0,0,0.0,3,2,0,0,N,0,40 01:31.530,,0,75 03:23.720,0,0,0,0,67301,0,0,0,N,0,0,0,1,67301,0,,4,1,,N,N,N,0,,0,0,0,0,0,,301,0,1,0,0,0,0,0,3,4,0,1,3,3.0,N,,,,,,,,,,,
2020058962,1029.0,0,0,0,0,0,0,0,0,0,7,0,,67,7,2020,6,39.8864,-75.2067,1014.0,6,0,0,0,0,0,0,0,0,,0,0,0.0,10,1,1,0,N,2,39 53:12.659,2.0,0,75 12:20.013,8,0,0,0,67301,0,0,0,N,0,0,0,1,68K01,0,,4,9,100.0,N,N,N,0,,0,0,1,0,0,Y,1013,1,1,0,0,1,1,0,3,4,0,1,7,7.0,N,,,,,,,,,,,
2020097685,1332.0,1,0,0,0,0,0,0,0,0,1,0,,67,11,2020,7,39.9489,-75.2496,1327.0,6,0,0,0,0,0,0,0,0,,0,0,0.0,13,1,1,0,N,1,39 56:56.121,5.0,0,75 14:58.688,8,0,0,0,67301,0,0,0,N,0,0,0,1,67301,0,,6,1,1406.0,N,N,N,0,,0,0,0,0,0,Y,1320,1,2,0,0,0,1,0,3,4,0,2,3,3.0,N,,,,,,,,,,,
2020054781,1139.0,0,0,0,0,0,0,0,0,0,4,0,,67,7,2020,5,40.0275,-75.0624,1137.0,6,0,0,0,0,0,0,0,0,,0,0,0.0,11,1,5,1,,0,40 01:38.783,,0,75 03:44.998,3,0,0,0,67301,0,0,0,N,0,0,0,5,67301,0,,1,1,,N,N,N,0,,5,0,1,3,2,,1132,5,2,0,0,0,0,0,3,4,1,2,3,,N,,,,,,,,,,,
2020045731,327.0,1,0,0,0,0,0,0,0,0,4,0,,67,6,2020,4,40.0003,-75.1531,159.0,6,0,0,0,0,0,0,0,0,,0,0,0.0,1,3,1,0,N,0,40 00:00.997,,7,75 09:11.097,3,0,0,0,67301,0,0,0,N,0,0,0,2,67301,0,,1,1,,N,N,N,0,,1,0,0,0,0,,159,1,2,0,0,0,0,0,3,4,0,2,3,3.0,N,,,,,,,,,,,
2020047463,1700.0,0,0,0,0,0,0,0,0,0,1,0,,67,6,2020,3,40.0351,-75.0179,1637.0,6,0,0,0,0,0,0,0,0,,0,0,0.0,16,1,1,0,N,0,40 02:06.375,,0,75 01:04.543,8,0,0,0,67301,0,0,0,N,0,0,0,2,68K01,0,,1,1,,N,N,N,1,,0,0,1,0,0,,1612,1,2,0,0,0,1,0,3,4,0,2,3,3.0,N,,,,,,,,,,,
2020087793,930.0,0,0,0,0,0,0,0,0,0,8,0,,67,10,2020,2,40.0029,-75.2063,900.0,6,0,0,0,0,0,0,0,0,,0,0,0.0,23,3,1,0,N,9,40 00:10.600,,7,75 12:22.570,3,0,0,0,67301,1,0,0,N,1,0,0,1,67301,0,,1,1,,N,N,N,0,,1,0,0,9,9,U,2300,1,2,0,0,0,0,0,3,4,0,1,3,3.0,N,,,,,,,,,,,
2020046527,1856.0,1,0,0,0,0,0,0,0,0,5,0,,67,6,2020,6,40.0054,-75.1086,1855.0,6,0,0,0,0,0,0,0,0,,0,0,0.0,18,1,1,0,N,0,40 00:19.424,,0,75 06:30.978,3,0,0,0,67301,0,0,0,N,0,0,0,2,67301,0,,1,1,,N,N,N,0,,1,0,0,0,0,,1841,1,2,0,0,0,0,0,3,4,1,2,3,3.0,N,,,,,,,,,,,
2020098806,1711.0,1,0,0,0,0,0,0,0,0,2,0,,67,11,2020,2,39.9623,-75.1613,1705.0,6,0,0,0,0,0,0,0,1,,0,0,0.0,17,4,2,1,,0,39 57:44.409,,0,75 09:40.847,3,0,0,0,67301,0,0,0,N,0,0,0,6,67301,0,,1,1,,N,N,N,0,,2,0,1,3,2,,1700,2,2,0,0,0,0,0,3,4,0,2,3,4.0,N,,,,,,,,,,,
2020053307,415.0,2,0,0,0,0,0,0,0,0,5,0,,67,7,2020,1,40.0245,-75.1478,412.0,6,0,0,0,0,0,1,0,0,,0,0,0.0,4,3,3,1,,0,40 01:28.189,,0,75 08:52.503,3,0,0,0,67301,0,0,0,N,0,0,0,3,67301,1,,1,1,,N,N,N,0,,2,0,1,3,2,,409,3,3,0,0,3,0,0,3,4,0,3,3,3.0,N,,,,,,,,,,,
2020085495,,1,0,0,0,0,0,0,0,0,5,0,,67,7,2020,7,40.0306,-75.1041,,6,0,0,0,0,0,0,0,0,,0,0,0.0,16,1,1,1,,0,40 01:50.059,,0,75 06:14.011,8,0,0,0,67301,0,0,0,N,0,0,0,2,00000,0,,1,1,,,,N,1,,0,0,0,3,3,,1630,1,2,0,0,0,1,0,3,4,0,2,3,,N,,,,,,,,,,,
2020093435,1010.0,1,0,0,0,0,0,0,0,0,8,0,,67,11,2020,4,39.994,-75.1792,1009.0,6,0,0,0,0,0,0,0,0,,0,0,0.0,10,1,1,1,,0,39 59:38.277,,0,75 10:45.278,8,0,0,0,67301,1,0,0,N,1,0,0,2,67301,0,,1,1,,N,N,N,0,,0,0,0,3,2,,1009,1,2,0,0,0,1,0,3,4,0,1,3,3.0,N,,,,,,,,,,,
2020058983,141.0,1,0,0,0,0,0,0,0,0,7,0,,67,7,2020,7,40.0123,-75.2052,125.0,6,0,0,0,0,1,0,0,0,,0,0,0.0,1,3,0,0,N,1,40 00:44.277,2.0,3,75 12:18.677,0,0,0,0,67301,0,0,0,N,0,0,0,2,68K01,0,,4,1,100.0,N,N,N,0,,0,0,0,0,0,N,122,0,1,0,0,0,0,0,3,4,0,1,3,,N,,,,,,,,,,,
2020097738,1325.0,0,0,0,0,0,0,0,0,0,7,1,35.0,67,11,2020,5,40.0112,-75.0613,1248.0,6,0,0,0,0,0,0,0,0,,0,1,0.0,12,1,0,0,N,2,40 00:40.217,1.0,0,75 03:40.734,0,0,0,0,67301,0,0,0,N,0,0,0,1,68K01,0,,4,1,200.0,N,N,N,0,,0,0,0,0,0,N,1244,0,1,0,0,0,0,0,3,4,0,1,3,,Y,4.0,1.0,Y,N,N,N,Y,N,N,N,N
2020054898,1632.0,2,0,0,0,0,0,0,0,0,4,0,,67,7,2020,1,40.0684,-75.2403,1630.0,6,0,0,0,0,0,0,0,0,,0,0,0.0,16,1,1,1,,0,40 04:06.301,,0,75 14:25.036,8,0,0,0,67301,0,0,0,N,0,0,0,5,67301,0,,1,1,,N,N,N,0,,0,0,0,3,2,,1613,1,2,0,0,0,1,1,3,4,0,2,3,3.0,N,,,,,,,,,,,
2020054017,310.0,1,0,0,0,0,0,0,0,0,4,0,,67,7,2020,3,40.0267,-75.1173,310.0,6,0,0,0,0,0,0,0,0,,0,0,0.0,0,3,1,1,,0,40 01:36.101,,0,75 07:02.125,8,0,0,0,67301,0,0,0,N,0,0,0,2,67301,0,,1,1,,N,N,N,0,,0,0,0,3,2,,38,1,2,0,0,0,1,0,3,4,0,2,4,4.0,N,,,,,,,,,,,
2020053607,1431.0,2,0,0,0,0,0,0,0,0,4,0,,67,7,2020,3,39.9663,-75.2167,1429.0,6,0,0,0,0,0,0,0,0,,0,0,0.0,14,1,2,1,,1,39 57:58.780,6.0,0,75 13:00.001,3,0,0,0,67301,0,0,0,N,0,0,0,4,67301,0,,1,1,1503.0,N,N,N,0,,2,0,0,3,2,N,1411,2,2,0,0,0,0,0,3,4,0,2,3,3.0,N,,,,,,,,,,,
2020097719,1615.0,3,0,0,0,0,0,0,0,0,1,0,,67,10,2020,6,39.9823,-75.1002,1611.0,6,0,1,0,0,0,0,0,0,,0,0,0.0,16,1,5,6,N,1,39 58:56.179,2.0,2,75 06:00.884,8,0,0,0,67301,0,0,0,N,0,0,0,7,68K01,0,,1,1,1708.0,N,N,N,1,,0,0,1,3,2,N,1610,5,5,0,0,0,5,0,3,4,0,5,3,,N,,,,,,,,,,,
2020044511,1321.0,0,0,0,1,0,0,0,0,0,4,0,,67,6,2020,1,40.0429,-75.1722,1321.0,6,0,0,0,0,0,0,1,0,,0,0,0.0,13,1,1,1,,0,40 02:34.511,,0,75 10:19.920,3,0,0,0,67301,1,0,0,N,0,0,0,2,67301,0,,1,1,,N,N,N,0,,1,0,1,3,2,,1321,1,2,0,0,0,0,0,3,4,0,1,3,3.0,N,,,,,,,,,,,
2020048758,418.0,0,0,0,0,0,0,0,0,0,5,0,,67,6,2020,6,39.986,-75.1721,418.0,6,0,0,0,0,0,0,0,0,,0,0,0.0,4,3,1,0,N,1,39 59:09.500,3.0,0,75 10:19.700,3,0,0,0,67301,0,0,0,N,0,0,0,2,67301,0,,1,9,430.0,N,N,N,0,,1,0,1,0,0,Y,400,1,2,0,0,0,0,0,3,4,0,2,3,3.0,N,,,,,,,,,,,
2020045408,2035.0,2,0,0,0,0,0,0,0,0,4,0,,67,6,2020,4,39.9856,-75.1637,2030.0,6,0,0,0,0,0,0,0,0,,0,0,0.0,20,4,1,2,,0,39 59:08.333,,0,75 09:49.457,3,0,0,0,67301,0,0,0,N,0,0,0,2,67505,0,,1,1,,N,N,N,0,,1,0,0,3,3,,2030,1,2,0,0,0,0,1,3,4,0,2,3,3.0,N,,,,,,,,,,,
2020054305,1654.0,1,0,0,0,0,0,0,0,0,6,0,,67,7,2020,6,40.0906,-75.064,1652.0,6,0,0,0,0,0,0,0,0,,0,0,0.0,16,1,0,0,N,2,40 05:26.250,6.0,0,75 03:50.240,0,0,0,0,67301,0,0,0,N,0,0,0,2,67301,0,,1,9,1910.0,N,N,N,0,,0,0,1,0,0,Y,1650,0,2,0,0,0,0,0,3,4,0,2,7,7.0,N,,,,,,,,,,,
2020084715,1905.0,1,0,0,0,0,0,0,0,0,8,0,,67,10,2020,6,39.9785,-75.1268,1858.0,6,0,0,0,0,0,0,0,0,,0,0,0.0,18,3,1,1,,0,39 58:42.656,,0,75 07:36.380,8,0,0,0,67301,1,0,0,N,1,0,0,2,67301,0,,1,1,,N,N,N,0,,0,0,0,3,3,,1855,1,2,0,0,0,1,1,3,4,0,1,3,,N,,,,,,,,,,,
2020098927,1200.0,1,0,0,0,0,0,0,0,0,7,0,,67,11,2020,3,39.8946,-75.2296,1150.0,6,0,0,0,0,0,1,0,0,,0,0,0.0,11,1,1,1,,0,39 53:40.896,,0,75 13:46.117,8,0,0,0,67301,0,0,0,N,0,0,0,1,67301,0,,5,1,,N,N,N,0,,0,0,0,0,0,,1147,1,1,0,0,0,1,0,3,4,0,1,3,,N,,,,,,,,,,,
2020097734,849.0,0,0,0,0,0,0,0,0,0,1,0,,67,11,2020,5,39.9838,-75.0972,837.0,6,0,0,0,0,0,0,0,0,,0,0,0.0,8,1,1,0,N,2,39 59:01.846,2.0,0,75 05:49.981,8,0,0,0,67301,0,0,0,N,0,0,0,5,68K01,0,,3,1,30.0,N,N,N,0,,0,0,1,0,0,N,834,1,2,0,0,0,1,0,3,4,1,2,3,,N,,,,,,,,,,,
2020096599,1134.0,1,0,0,0,0,0,0,0,0,7,0,,67,10,2020,7,39.993,-75.2176,1128.0,6,0,0,0,1,0,0,0,0,,2,0,0.0,11,1,0,5,,2,39 59:34.507,5.0,0,75 13:03.597,1,0,0,0,67301,0,0,0,N,0,0,0,2,67301,0,2.0,4,1,1135.0,N,N,N,0,0.0,0,0,0,3,2,Y,1126,0,1,0,0,0,0,0,3,4,0,1,3,3.0,N,,,,,,,,,,,
2020058954,2210.0,1,0,0,0,0,0,0,0,0,7,0,,67,7,2020,2,39.9606,-75.1817,2205.0,6,0,0,0,0,0,0,0,0,,0,0,0.0,22,3,0,0,N,2,39 57:38.178,3.0,0,75 10:54.246,0,0,0,0,67301,0,0,0,N,0,0,0,1,68K01,0,,4,9,2205.0,N,N,N,0,,0,0,0,0,0,N,2200,0,1,0,0,0,0,0,3,4,0,1,3,,N,,,,,,,,,,,
2020097918,230.0,1,0,0,0,0,0,0,0,0,2,0,,67,11,2020,7,39.9895,-75.1036,230.0,6,0,0,0,0,0,0,0,0,,0,0,0.0,2,3,0,0,N,0,39 59:22.080,,0,75 06:13.120,0,0,0,0,67301,0,0,0,N,0,0,0,1,67301,0,,1,1,,N,N,N,0,,0,0,1,0,0,,228,0,2,0,0,1,0,0,3,4,0,2,3,3.0,N,,,,,,,,,,,
2020099345,1140.0,0,0,0,0,0,0,0,0,0,4,0,,67,11,2020,4,40.0165,-75.1878,1133.0,6,0,0,0,0,0,0,0,0,,0,0,0.0,11,1,1,0,N,2,40 00:59.526,5.0,0,75 11:16.019,3,0,0,0,67301,0,0,0,N,0,0,0,2,67301,0,,1,1,300.0,N,N,N,0,,1,0,2,0,0,Y,1125,1,2,0,0,0,0,0,3,4,0,2,3,3.0,N,,,,,,,,,,,
2020099601,2318.0,0,0,0,0,0,0,0,0,0,5,1,45.0,67,11,2020,2,40.0123,-75.0596,2315.0,6,0,0,0,0,0,0,0,0,,0,1,0.0,23,3,0,0,N,1,40 00:44.446,2.0,0,75 03:34.617,0,0,0,0,67301,0,0,0,N,0,0,0,2,68K01,0,,1,1,30.0,N,N,N,0,,0,0,1,0,0,N,2309,0,2,0,0,0,0,0,3,4,0,2,3,,Y,1.0,1.0,N,,,N,Y,,,,N
2020054455,2130.0,0,0,0,0,0,0,0,0,0,8,0,,67,7,2020,6,40.0226,-75.0937,2126.0,6,0,0,0,0,0,0,0,0,,0,0,0.0,20,6,1,1,,0,40 01:21.017,,0,75 05:37.575,3,0,0,0,67301,1,0,0,N,1,0,0,2,67301,0,,1,9,,N,N,N,0,,1,0,0,9,9,,2000,1,2,0,0,0,0,1,3,4,1,1,7,,N,,,,,,,,,,,
2020054545,1424.0,2,0,0,0,0,0,0,0,0,1,0,,67,7,2020,6,39.8923,-75.2226,1420.0,6,0,0,0,0,0,1,1,0,,0,0,0.0,13,1,0,0,N,0,39 53:32.256,,2,75 13:21.484,0,0,0,0,67301,0,0,0,N,0,0,0,2,67301,0,,1,9,,N,N,N,0,,0,0,0,0,0,,1350,0,2,0,0,0,0,0,3,4,0,2,4,7.0,N,,,,,,,,,,,
2020053406,1940.0,0,0,0,0,0,0,0,0,0,0,0,,67,7,2020,1,39.9004,-75.1564,1936.0,6,0,0,0,0,0,0,0,0,,0,0,0.0,19,1,1,0,N,0,39 54:06.355,,3,75 09:05.910,8,0,0,1,67301,0,0,0,N,0,0,0,1,68K01,0,,4,1,,N,N,N,0,,0,0,0,0,0,,1936,1,1,0,0,0,1,0,3,4,0,1,3,3.0,N,,,,,,,,,,,
2020097801,1600.0,1,0,0,0,0,0,0,0,0,8,0,,67,11,2020,7,40.0634,-75.1526,1553.0,6,0,0,0,0,0,0,0,0,,0,0,0.0,15,1,1,2,,0,40 03:48.204,,0,75 09:09.219,8,0,0,0,67301,1,0,0,N,1,0,0,2,67301,0,,1,1,,N,N,N,0,,0,0,0,0,0,,1513,1,2,0,0,0,1,1,3,4,0,1,3,3.0,N,,,,,,,,,,,
2020050520,1604.0,1,0,0,0,0,0,0,0,0,1,0,45.0,67,6,2020,7,39.9673,-75.1322,1541.0,6,0,0,0,0,0,0,0,0,,0,0,0.0,15,1,0,0,N,1,39 58:02.430,1.0,0,75 07:55.868,0,0,0,0,67301,0,0,0,N,0,0,0,4,68K01,0,,1,1,20.0,N,N,N,0,,0,0,2,0,0,N,1528,0,3,0,0,0,0,0,3,4,0,3,3,,Y,4.0,1.0,N,,,N,,,,Y,N
2020050515,2.0,1,0,0,0,0,0,0,0,0,7,0,,67,6,2020,6,39.8876,-75.2164,2348.0,6,0,0,0,0,0,0,0,0,,0,0,0.0,23,3,0,0,N,1,39 53:08.574,1.0,0,75 12:43.597,9,0,0,0,67301,0,0,0,N,0,0,0,1,68K01,0,,4,1,45.0,N,N,N,0,,0,0,0,0,0,N,2347,0,1,0,0,0,0,1,3,4,0,1,3,,N,,,,,,,,,,,