CRN,ARRIVAL_TM,AUTOMOBILE_COUNT,BELTED_DEATH_COUNT,BELTED_SUSP_SERIOUS_INJ_COUNT,BICYCLE_COUNT,BICYCLE_DEATH_COUNT,BICYCLE_SUSP_SERIOUS_INJ_COUNT,BUS_COUNT,CHLDPAS_DEATH_COUNT,CHLDPAS_SUSP_SERIOUS_INJ_COUNT,COLLISION_TYPE,COMM_VEH_COUNT,CONS_ZONE_SPD_LIM,COUNTY,CRASH_MONTH,CRASH_YEAR,DAY_OF_WEEK,DEC_LAT,DEC_LONG,DISPATCH_TM,DISTRICT,DRIVER_COUNT_16YR,DRIVER_COUNT_17YR,DRIVER_COUNT_18YR,DRIVER_COUNT_19YR,DRIVER_COUNT_20YR,DRIVER_COUNT_50_64YR,DRIVER_COUNT_65_74YR,DRIVER_COUNT_75PLUS,EST_HRS_CLOSED,FATAL_COUNT,HEAVY_TRUCK_COUNT,HORSE_BUGGY_COUNT,HOUR_OF_DAY,ILLUMINATION,INJURY_COUNT,INTERSECT_TYPE,INTERSECTION_RELATED,LANE_CLOSED,LATITUDE,LN_CLOSE_DIR,LOCATION_TYPE,LONGITUDE,MAX_SEVERITY_LEVEL,MCYCLE_DEATH_COUNT,MCYCLE_SUSP_SERIOUS_INJ_COUNT,MOTORCYCLE_COUNT,MUNICIPALITY,NONMOTR_COUNT,NONMOTR_DEATH_COUNT,NONMOTR_SUSP_SERIOUS_INJ_COUNT,NTFY_HIWY_MAINT,PED_COUNT,PED_DEATH_COUNT,PED_SUSP_SERIOUS_INJ_COUNT,PERSON_COUNT,POLICE_AGCY,POSSIBLE_INJ_COUNT,RDWY_SURF_TYPE_CD,RELATION_TO_ROAD,ROAD_CONDITION,ROADWAY_CLEARED,SCH_BUS_IND,SCH_ZONE_IND,SECONDARY_CRASH,SMALL_TRUCK_COUNT,SPEC_JURIS_CD,SUSP_MINOR_INJ_COUNT,SUSP_SERIOUS_INJ_COUNT,SUV_COUNT,TCD_FUNC_CD,TCD_TYPE,TFC_DETOUR_IND,TIME_OF_DAY,TOT_INJ_COUNT,TOTAL_UNITS,UNB_DEATH_COUNT,UNB_SUSP_SERIOUS_INJ_COUNT,UNBELTED_OCC_COUNT,UNK_INJ_DEG_COUNT,UNK_INJ_PER_COUNT,URBAN_AREA,URBAN_RURAL,VAN_COUNT,VEHICLE_COUNT,WEATHER1,WEATHER2,WORK_ZONE_IND,WORK_ZONE_LOC,WORK_ZONE_TYPE,WORKERS_PRES,WZ_CLOSE_DETOUR,WZ_FLAGGER,WZ_LAW_OFFCR_IND,WZ_LN_CLOSURE,WZ_MOVING,WZ_OTHER,WZ_SHLDER_MDN,WZ_WORKERS_INJ_KILLED
2020054281,2120.0,1,0,0,0,0,0,0,0,0,1,0,,67,7,2020,2,40.0228,-75.1377,2110.0,6,0,1,0,0,0,0,0,0,,0,0,0.0,20,3,3,0,N,0,40 01:21.906,,0,75 08:15.626,2,0,0,0,67301,0,0,0,N,0,0,0,3,67301,0,,1,9,,N,N,N,0,,1,2,1,0,0,,2051,3,2,0,1,1,0,0,3,4,0,2,7,,N,,,,,,,,,,,
2020053111,616.0,1,0,0,0,0,0,0,0,0,7,0,,67,7,2020,1,40.0227,-75.1979,532.0,6,0,0,0,0,0,0,0,0,,0,0,0.0,5,5,0,0,N,0,40 01:21.570,,0,75 11:52.310,9,0,0,0,67301,0,0,0,N,0,0,0,1,67301,0,,4,1,,N,N,N,0,,0,0,0,0,0,,516,0,1,0,0,0,0,1,3,4,0,1,3,3.0,N,,,,,,,,,,,
2020054009,36.0,3,0,0,0,0,0,0,0,0,5,0,,67,7,2020,5,39.9914,-75.1155,31.0,6,0,0,0,0,0,0,0,0,,0,0,0.0,0,3,1,0,N,0,39 59:28.860,,0,75 06:55.970,3,0,0,0,67301,0,0,0,N,0,0,0,1,67301,0,,6,1,,N,N,N,0,,1,0,1,0,0,,18,1,4,0,0,0,0,0,3,4,0,4,3,3.0,N,,,,,,,,,,,
2020087791,2115.0,0,0,0,0,0,0,0,0,0,8,0,,67,10,2020,5,39.9719,-75.249,2110.0,6,0,0,0,0,0,0,0,0,,0,0,0.0,21,3,1,0,N,0,39 58:18.960,,0,75 14:56.320,3,0,0,0,67301,1,0,0,N,1,0,0,2,67301,0,,1,1,,N,N,N,1,,1,0,0,0,0,,2110,1,2,0,0,0,0,1,3,4,0,1,3,3.0,N,,,,,,,,,,,
2020047155,709.0,0,0,0,0,0,0,0,0,0,0,0,,67,6,2020,2,39.9763,-75.1954,706.0,6,0,0,0,1,0,0,0,0,,0,0,0.0,7,1,1,0,N,0,39 58:34.617,,0,75 11:43.496,3,0,0,1,67301,0,0,0,N,0,0,0,1,68K01,0,,2,1,,N,N,N,0,,1,0,0,0,0,,705,1,1,0,0,0,0,0,3,4,0,1,3,3.0,N,,,,,,,,,,,
2020052962,2126.0,2,0,0,0,0,0,0,0,0,4,0,,67,7,2020,2,40.039,-75.15,2126.0,6,0,0,0,0,0,1,0,0,,0,0,0.0,17,1,2,1,,0,40 02:20.299,,0,75 09:00.127,3,0,0,0,67301,0,0,0,N,0,0,0,5,67301,0,,1,99,,N,N,N,0,,2,0,0,3,2,,1700,2,3,0,0,0,0,0,3,4,0,3,99,,N,,,,,,,,,,,
2020058967,1255.0,1,0,0,0,0,0,0,0,0,7,0,,67,7,2020,6,40.033,-75.0205,1255.0,6,0,0,0,0,0,0,0,0,,0,0,0.0,12,1,1,0,N,2,40 01:58.764,1.0,0,75 01:13.699,8,0,0,0,67301,0,0,0,N,0,0,0,1,68K01,0,,4,9,100.0,N,N,N,0,,0,0,0,0,0,Y,1232,1,1,0,0,1,1,0,3,4,0,1,7,7.0,N,,,,,,,,,,,
2020097594,2021.0,3,0,0,0,0,0,0,0,0,5,0,,67,11,2020,7,40.0358,-75.1306,2018.0,6,0,0,0,0,0,1,0,0,,0,0,0.0,20,3,0,0,N,0,40 02:08.930,,0,75 07:50.320,9,0,0,0,67301,0,0,0,N,0,0,0,3,67301,0,,1,1,,N,N,N,0,,0,0,0,0,0,,2017,0,3,0,0,1,0,1,3,4,0,3,3,,N,,,,,,,,,,,
2020098746,1103.0,2,0,0,0,0,0,0,0,0,5,0,,67,11,2020,2,40.0331,-75.1459,1100.0,6,0,0,0,0,0,0,0,0,,0,0,0.0,10,1,0,0,N,0,40 01:59.244,,0,75 08:45.310,0,0,0,0,67301,0,0,0,N,0,0,0,1,67301,0,,1,1,,N,N,N,0,,0,0,0,0,0,,1059,0,2,0,0,0,0,0,3,4,0,2,3,3.0,N,,,,,,,,,,,
2020059873,1431.0,1,0,0,0,0,0,0,0,0,5,0,,67,7,2020,6,40.0378,-75.012,1425.0,6,0,0,0,0,0,0,1,0,,0,0,0.0,14,1,0,0,N,2,40 02:15.974,2.0,0,75 00:43.310,0,0,0,0,67301,0,0,0,N,0,0,0,3,68K01,0,,1,9,30.0,N,N,N,0,,0,0,2,0,0,N,1422,0,3,0,0,0,0,0,3,4,0,3,7,,N,,,,,,,,,,,
2020098810,430.0,0,0,0,0,0,0,0,0,0,1,1,,67,11,2020,7,39.9823,-75.1333,421.0,6,0,0,0,0,0,0,0,0,,0,1,0.0,4,3,0,0,N,0,39 58:56.260,,0,75 07:59.830,9,0,0,0,67301,0,0,0,N,0,0,0,1,67301,0,,6,1,,N,N,N,0,,0,0,2,0,0,,400,0,3,0,0,0,0,1,3,4,0,3,3,3.0,N,,,,,,,,,,,
2020099268,2258.0,2,0,0,0,0,0,0,0,0,6,0,,67,10,2020,7,39.977,-75.1991,2254.0,6,0,0,0,0,0,0,0,0,,0,0,0.0,22,3,6,0,N,2,39 58:37.290,3.0,0,75 11:56.689,3,0,0,0,67301,0,0,0,N,0,0,0,8,68K01,2,,1,1,2330.0,N,N,N,0,,4,0,0,0,0,N,2253,6,2,0,0,3,0,0,3,4,0,2,3,,N,,,,,,,,,,,
2020058986,1438.0,1,0,0,0,0,0,0,0,0,7,0,,67,7,2020,7,39.9229,-75.1919,1438.0,6,0,0,0,0,0,0,0,0,,0,0,0.0,14,1,2,0,N,1,39 55:22.339,3.0,0,75 11:30.903,4,0,0,0,67301,0,0,0,Y,0,0,0,2,68K01,1,,4,9,30.0,N,N,N,0,,0,0,0,0,0,N,1432,2,1,0,0,0,1,0,3,4,0,1,7,,N,,,,,,,,,,,
2020056892,1528.0,1,0,0,0,0,0,0,0,0,7,0,,67,7,2020,2,39.9601,-75.1804,1528.0,6,0,0,1,0,0,0,0,0,,0,0,0.0,15,1,0,0,N,1,39 57:36.316,3.0,3,75 10:49.391,0,0,0,0,67301,0,0,0,N,0,0,0,1,68K01,0,,4,9,1615.0,N,N,N,0,,0,0,0,0,0,Y,1528,0,1,0,0,0,0,0,3,4,0,1,7,,N,,,,,,,,,,,
2020097740,753.0,0,0,0,0,0,0,0,0,0,7,1,45.0,67,11,2020,6,40.0114,-75.0609,753.0,6,0,0,0,0,0,0,0,0,,0,1,0.0,7,1,1,0,N,2,40 00:41.078,1.0,0,75 03:39.191,3,0,0,0,67301,0,0,0,Y,0,0,0,1,68K01,0,,2,1,500.0,N,N,N,0,,1,0,0,3,2,N,749,1,1,0,0,0,0,0,3,4,0,1,3,,Y,4.0,1.0,Y,N,N,N,N,N,N,Y,N
2020096949,,1,0,0,0,0,0,0,0,0,4,0,,67,1,2020,5,40.0002,-75.1422,,6,0,0,0,0,0,0,0,0,,0,0,0.0,99,1,2,1,,0,40 00:00.791,,0,75 08:31.785,4,0,0,0,67301,0,0,0,N,0,0,0,3,00000,1,,1,1,,,,N,0,,0,0,0,3,3,,9999,2,2,0,0,0,1,0,3,4,0,2,3,,N,,,,,,,,,,,
2020084496,1735.0,0,0,0,0,0,0,0,0,0,8,0,,67,10,2020,6,39.9367,-75.216,1732.0,6,0,0,0,0,0,0,0,0,,0,0,0.0,17,1,1,0,N,0,39 56:12.080,,7,75 12:57.570,8,0,0,0,67301,1,0,0,N,1,0,0,2,67301,0,,1,1,,N,N,N,0,,0,0,0,0,0,,1730,1,2,0,0,1,1,0,3,4,1,1,3,3.0,N,,,,,,,,,,,
2020046017,1648.0,1,0,0,0,0,0,0,0,0,4,0,,67,6,2020,6,39.9704,-75.1482,1647.0,6,0,0,0,0,0,0,0,0,,0,0,0.0,15,1,1,1,,0,39 58:13.346,,0,75 08:53.302,3,0,0,0,67301,0,0,0,N,0,0,0,2,67301,0,,1,1,,N,N,N,0,,1,0,1,3,2,,1520,1,2,0,0,0,0,0,3,4,0,2,3,3.0,N,,,,,,,,,,,
2020044518,1855.0,3,0,0,0,0,0,0,0,0,4,0,,67,6,2020,6,40.0322,-75.0369,1849.0,6,0,0,0,0,0,0,0,1,,0,0,0.0,18,1,1,1,,0,40 01:55.909,,0,75 02:12.865,4,0,0,0,67301,0,0,0,N,0,0,0,3,67301,1,,1,9,,N,N,N,0,,0,0,1,3,2,,1848,1,4,0,0,0,0,0,3,4,0,4,7,7.0,N,,,,,,,,,,,
2020087797,1120.0,1,0,0,0,0,0,0,0,0,7,0,,67,10,2020,6,40.026,-75.1229,1117.0,6,0,0,0,0,0,0,0,0,,1,0,0.0,10,1,0,0,N,0,40 01:33.499,,0,75 07:22.590,1,0,0,0,67301,0,0,0,N,0,0,0,1,67301,0,2.0,5,9,,N,N,N,0,0.0,0,0,0,3,2,,1040,0,1,0,0,0,0,0,3,4,0,1,7,,N,,,,,,,,,,,
2020044809,2253.0,2,0,0,0,0,0,0,0,0,5,0,,67,6,2020,2,40.0035,-75.1309,2251.0,6,0,0,0,0,0,0,0,0,,0,0,0.0,22,3,0,0,N,0,40 00:12.430,,0,75 07:51.290,0,0,0,0,67301,0,0,0,N,0,0,0,1,67301,0,,6,1,,N,N,N,0,,0,0,1,0,0,,2250,0,3,0,0,0,0,0,3,4,0,3,3,3.0,N,,,,,,,,,,,
2020054130,2037.0,1,0,0,0,0,0,0,0,0,5,0,,67,7,2020,2,39.92,-75.2006,2037.0,6,0,0,0,0,0,0,0,0,,0,0,0.0,20,3,3,0,N,0,39 55:12.005,,3,75 12:02.094,3,0,0,0,67301,0,0,0,N,0,0,0,3,67301,0,,1,9,,N,N,N,1,,3,0,0,0,0,,2037,3,2,0,0,0,0,0,3,4,0,2,7,7.0,N,,,,,,,,,,,
2020055152,1439.0,2,0,0,0,0,0,0,0,0,4,0,,67,7,2020,3,40.009,-75.1128,1439.0,6,0,0,0,0,0,0,0,1,,0,0,0.0,14,1,4,1,,0,40 00:32.435,,0,75 06:46.188,4,0,0,0,67301,0,0,0,N,0,0,0,4,67301,4,,1,1,,N,N,N,0,,0,0,0,3,2,,1438,4,2,0,0,0,0,0,3,4,0,2,3,3.0,N,,,,,,,,,,,
2020097440,155.0,2,0,0,0,0,0,0,0,0,1,0,,67,11,2020,1,40.004,-75.1954,151.0,6,0,0,0,0,0,0,0,0,,0,0,0.0,1,3,1,0,N,0,40 00:14.529,,0,75 11:43.613,4,0,0,0,67301,0,0,0,N,0,0,0,3,68K01,1,,1,1,,N,N,N,0,,0,0,0,0,0,,150,1,2,0,0,0,0,0,3,4,0,2,3,,N,,,,,,,,,,,
2020054265,1621.0,4,0,0,0,0,0,0,0,0,7,0,,67,7,2020,6,40.0193,-75.0888,1614.0,6,0,0,0,0,0,0,0,0,,0,0,0.0,16,1,0,0,N,0,40 01:09.600,,0,75 05:19.700,0,0,0,0,67301,0,0,0,N,0,0,0,1,67301,0,,4,9,,N,N,N,0,,0,0,0,0,0,,1614,0,4,0,0,0,0,0,3,4,0,4,7,,N,,,,,,,,,,,
2020085041,1926.0,1,0,0,0,0,0,0,0,0,7,0,,67,10,2020,2,39.9681,-75.2021,1926.0,6,0,0,0,0,0,0,0,0,,0,0,0.0,19,3,1,1,,0,39 58:05.093,,0,75 12:07.413,8,0,0,0,67301,0,0,0,N,0,0,0,1,67301,0,,5,9,,N,N,N,0,,0,0,0,0,0,,1926,1,1,0,0,0,1,0,3,4,0,1,7,7.0,N,,,,,,,,,,,
2020087616,,1,0,0,0,0,0,0,0,0,1,0,,67,8,2020,7,39.9808,-75.1039,,6,0,0,0,0,0,0,0,0,,0,0,0.0,22,3,1,0,N,0,39 58:51.003,,0,75 06:13.999,8,0,0,0,67301,0,0,0,N,0,0,0,5,00000,0,,1,1,,,,N,0,,0,0,2,0,0,,2215,1,3,0,0,0,1,0,3,4,0,3,3,,N,,,,,,,,,,,
2020098018,650.0,2,0,0,0,0,0,0,0,0,5,1,,67,11,2020,1,40.0245,-75.1762,643.0,6,0,0,0,0,0,0,0,0,,0,1,0.0,6,1,0,0,N,2,40 01:28.200,3.0,0,75 10:34.240,0,0,0,0,67301,0,0,0,N,0,0,0,1,67301,0,,6,1,1008.0,N,N,N,0,,0,0,1,0,0,Y,642,0,4,0,0,0,0,0,3,4,0,4,3,3.0,N,,,,,,,,,,,
2020099147,2300.0,2,0,0,0,0,0,0,0,0,4,0,,67,11,2020,4,40.0314,-75.0849,2230.0,6,0,0,1,0,0,0,0,0,,0,0,0.0,20,3,1,1,,9,40 01:53.003,,0,75 05:05.484,4,0,0,0,67301,0,0,0,N,0,0,0,1,67301,1,,1,1,,N,N,N,0,,0,0,0,3,2,U,2030,1,2,0,0,0,0,0,3,4,0,2,3,3.0,N,,,,,,,,,,,
2020052318,2145.0,1,0,0,0,0,0,0,0,0,7,0,,67,7,2020,7,39.9831,-75.1568,2145.0,6,0,0,0,0,0,0,0,0,,0,0,0.0,21,3,0,0,N,0,39 58:59.012,,0,75 09:24.650,0,0,0,0,67301,0,0,0,N,0,0,0,1,67505,0,,4,1,,N,N,N,0,,0,0,0,0,0,,2145,0,1,0,0,0,0,0,3,4,0,1,3,3.0,N,,,,,,,,,,,
2020060576,845.0,2,0,0,0,0,0,0,0,0,4,0,,67,7,2020,5,40.047,-75.1429,841.0,6,0,0,0,0,0,0,0,0,,0,0,0.0,8,1,1,0,N,0,40 02:49.330,,7,75 08:34.368,3,0,0,0,67301,0,0,0,N,0,0,0,2,67301,0,,1,1,,N,N,N,0,,1,0,0,0,0,,835,1,2,0,0,0,0,0,3,4,0,2,3,3.0,N,,,,,,,,,,,
2020103295,1009.0,1,0,0,0,0,0,0,0,0,1,0,,67,11,2020,2,39.9584,-75.1673,1009.0,6,0,0,0,0,0,1,0,0,,0,0,0.0,10,1,1,0,N,1,39 57:30.403,4.0,0,75 10:02.403,8,0,0,0,67301,0,0,0,N,0,0,0,4,68K01,0,,1,1,1100.0,N,N,N,1,,0,0,0,0,0,N,1004,1,2,0,0,0,1,0,3,4,0,2,3,,N,,,,,,,,,,,
2020060871,1401.0,2,0,0,0,0,0,0,0,0,4,0,,67,7,2020,2,40.0467,-75.1669,1400.0,6,0,0,0,0,0,0,0,0,,0,0,0.0,13,1,2,2,,0,40 02:48.240,,0,75 10:00.738,3,0,0,0,67301,0,0,0,N,0,0,0,2,67301,0,,1,1,,N,N,N,0,,2,0,0,0,0,,1330,2,2,0,0,0,0,0,3,4,0,2,3,3.0,N,,,,,,,,,,,
2020060673,1508.0,1,0,0,0,0,0,0,0,0,4,0,,67,7,2020,5,39.9129,-75.232,1508.0,6,0,0,0,1,0,0,0,0,,0,0,0.0,15,1,1,1,,0,39 54:46.407,,0,75 13:55.185,3,0,0,0,67301,0,0,0,N,0,0,0,2,67301,0,,1,1,,N,N,N,0,,1,0,1,3,3,,1500,1,2,0,0,1,0,0,3,4,0,2,3,3.0,N,,,,,,,,,,,
2020061516,2231.0,2,0,0,0,0,0,0,0,0,2,0,,67,7,2020,5,40.001,-75.1905,2226.0,6,0,0,0,0,0,0,0,0,,0,0,0.0,22,3,2,0,N,2,40 00:03.456,5.0,0,75 11:25.808,2,0,0,0,67301,0,0,0,N,0,0,0,2,67301,0,,1,99,2355.0,N,N,N,0,,1,1,0,0,0,Y,2200,2,2,0,0,0,0,0,3,4,0,2,4,4.0,N,,,,,,,,,,,
2020062699,444.0,1,0,0,0,0,0,0,0,0,7,0,,67,8,2020,3,39.9697,-75.2231,444.0,6,0,0,0,0,0,0,0,0,,0,0,0.0,4,3,0,2,,0,39 58:11.067,,0,75 13:23.228,9,0,0,0,67301,0,0,0,N,0,0,0,1,67301,0,,4,9,,N,N,N,0,,0,0,0,0,0,,442,0,1,0,0,0,0,1,3,4,0,1,7,,N,,,,,,,,,,,
2020063619,151.0,1,0,0,0,0,0,0,0,0,7,0,,67,8,2020,3,39.9602,-75.1801,151.0,6,0,0,1,0,0,0,0,0,,0,0,0.0,1,3,0,0,N,0,39 57:36.544,,3,75 10:48.463,0,0,0,0,67301,0,0,0,N,0,0,0,1,68K01,0,,3,9,,N,N,N,0,,0,0,0,0,0,,151,0,1,0,0,0,0,0,3,4,0,1,7,,N,,,,,,,,,,,
2020107975,2132.0,3,0,0,0,0,0,0,0,0,1,0,,67,12,2020,6,39.9569,-75.1804,2132.0,6,0,0,0,0,0,0,0,0,,0,0,0.0,21,3,2,0,N,1,39 57:24.946,3.0,1,75 10:49.606,3,0,0,0,67301,0,0,0,N,0,0,0,4,68K01,0,,1,1,2210.0,N,N,N,0,,2,0,0,0,0,N,2109,2,3,0,0,2,0,0,3,4,0,3,3,3.0,N,,,,,,,,,,,
2020109308,11.0,1,0,0,0,0,0,0,0,0,1,0,,67,12,2020,3,39.9675,-75.1326,2356.0,6,0,0,0,0,0,0,0,0,,0,0,0.0,23,3,0,0,N,0,39 58:02.952,,0,75 07:57.294,0,0,0,0,67301,0,0,0,N,0,0,0,1,68K01,0,,1,1,,N,N,N,0,,0,0,0,0,0,,2324,0,2,0,0,0,0,0,3,4,0,2,3,,N,,,,,,,,,,,
2020062701,1930.0,1,0,0,0,0,0,0,0,0,7,0,,67,8,2020,3,39.9551,-75.2298,1928.0,6,0,0,0,0,0,0,0,0,,0,0,0.0,19,1,0,1,,0,39 57:18.208,,0,75 13:47.215,0,0,0,0,67301,0,0,0,N,0,0,0,1,67301,0,,4,1,,N,N,N,0,,0,0,0,3,2,,1928,0,1,0,0,0,0,0,3,4,0,1,3,3.0,N,,,,,,,,,,,
2020106358,1844.0,3,0,0,0,0,0,0,0,0,1,0,,67,11,2020,1,39.9793,-75.1086,1824.0,6,0,0,0,0,0,0,0,0,,0,0,0.0,18,3,0,0,N,2,39 58:45.588,2.0,0,75 06:31.009,0,0,0,0,67301,0,0,0,N,0,0,0,3,68K01,0,,1,1,30.0,N,N,Y,0,,0,0,0,0,0,N,1822,0,3,0,0,0,0,0,3,4,0,3,3,3.0,N,,,,,,,,,,,
2020106182,1950.0,2,0,0,0,0,0,0,0,0,2,0,,67,12,2020,3,40.0965,-75.0174,1942.0,6,0,0,0,0,0,1,0,0,,0,0,0.0,19,3,1,0,N,0,40 05:47.240,,0,75 01:02.610,3,0,0,0,67301,0,0,0,N,0,0,0,2,67301,0,,3,1,,N,N,N,0,,1,0,0,0,0,,1940,1,2,0,0,0,0,0,3,4,0,2,3,3.0,N,,,,,,,,,,,
2020060538,27.0,4,0,0,0,0,0,0,0,0,4,0,,67,7,2020,2,39.9555,-75.2381,26.0,6,0,0,0,0,0,0,0,0,,0,0,0.0,0,3,0,1,,0,39 57:19.836,,0,75 14:17.001,0,0,0,0,67301,0,0,0,N,0,0,0,2,67301,0,,1,1,,N,N,N,0,,0,0,1,3,3,,26,0,5,0,0,1,0,0,3,4,0,5,3,3.0,N,,,,,,,,,,,
2020059299,915.0,2,0,0,0,0,0,0,0,0,4,0,,67,7,2020,2,39.9538,-75.2201,912.0,6,0,0,0,0,0,2,0,0,,0,0,0.0,9,1,2,1,,0,39 57:13.845,,0,75 13:12.349,3,0,0,0,67301,0,0,0,N,0,0,0,2,67301,1,,1,1,,N,N,N,0,,1,0,0,3,2,,901,2,2,0,0,0,0,0,3,4,0,2,3,,N,,,,,,,,,,,
2020059123,1623.0,2,0,0,0,0,0,0,0,0,5,0,,67,7,2020,1,39.9982,-75.1103,1618.0,6,0,0,0,0,0,1,0,0,,0,0,0.0,13,1,0,0,N,0,39 59:53.520,,1,75 06:37.190,0,0,0,0,67301,0,0,0,N,0,0,0,1,67301,0,,6,1,,N,N,N,0,,0,0,0,0,0,,1349,0,2,0,0,0,0,0,3,4,0,2,3,3.0,N,,,,,,,,,,,
2020064848,1025.0,0,0,0,0,0,0,0,0,0,1,0,,67,7,2020,3,39.9582,-75.164,1024.0,6,0,0,0,0,0,0,0,0,,0,0,0.0,10,1,0,0,N,1,39 57:29.341,4.0,0,75 09:50.505,0,0,0,0,67301,0,0,0,N,0,0,0,3,68K01,0,,1,1,1027.0,N,N,N,0,,0,0,2,0,0,N,1018,0,2,0,0,0,0,0,3,4,0,2,3,,N,,,,,,,,,,,
2020059514,115.0,1,0,0,0,0,0,0,0,0,7,0,,67,7,2020,2,39.9484,-75.2104,108.0,6,0,0,0,0,0,0,0,0,,0,0,0.0,0,3,0,0,N,0,39 56:54.141,,0,75 12:37.391,9,0,0,0,67301,0,0,0,N,0,0,0,3,67301,0,,4,1,,N,N,N,0,,0,0,0,0,0,,44,0,1,0,0,0,0,3,3,4,0,1,3,,N,,,,,,,,,,,
2020059125,2302.0,1,0,0,0,0,0,0,0,0,7,0,,67,7,2020,7,39.9556,-75.1482,2302.0,6,0,0,0,0,0,0,0,0,,0,0,0.0,23,3,0,0,N,0,39 57:20.109,,2,75 08:53.565,0,0,0,0,67301,0,0,0,N,0,0,0,1,67501,0,,2,1,,N,N,N,0,,0,0,0,0,0,,2300,0,1,0,0,0,0,0,3,4,0,1,3,,N,,,,,,,,,,,
2020063200,1641.0,0,0,0,0,0,0,0,0,0,1,0,,67,7,2020,3,39.9477,-75.1875,1626.0,6,0,0,0,0,0,0,0,0,,0,0,0.0,16,1,0,0,N,0,39 56:51.674,,0,75 11:15.034,0,0,0,0,67301,0,0,0,N,0,0,0,2,68K01,0,,1,1,,N,N,N,0,,0,0,2,0,0,,1624,0,2,0,0,0,0,0,3,4,0,2,3,3.0,N,,,,,,,,,,,
2020106371,2212.0,0,0,0,0,0,0,0,0,0,1,0,,67,12,2020,3,40.0185,-75.0475,2143.0,6,0,1,0,0,0,1,0,0,,0,0,0.0,21,3,0,0,N,0,40 01:06.680,,0,75 02:51.053,0,0,0,0,67301,0,0,0,N,0,0,0,3,68K01,0,,1,1,,N,N,Y,0,,0,0,3,0,0,,2142,0,3,0,0,0,0,0,3,4,0,3,3,3.0,N,,,,,,,,,,,
2020060522,1635.0,0,0,0,0,0,0,0,0,0,5,0,,67,7,2020,7,39.9325,-75.2303,1635.0,6,0,0,0,0,0,0,0,0,,0,0,0.0,16,1,1,1,,0,39 55:57.258,,0,75 13:48.778,3,0,0,1,67301,0,0,0,N,0,0,0,1,67301,0,,1,1,,N,N,N,0,,1,0,1,3,2,,1635,1,3,0,0,0,0,0,3,4,0,2,3,3.0,N,,,,,,,,,,,
2020059131,110.0,0,0,0,0,0,0,0,0,0,7,0,,67,7,2020,1,39.9031,-75.1164,110.0,6,0,0,0,0,0,0,0,0,,0,0,0.0,1,3,0,0,N,2,39 54:11.100,4.0,3,75 06:58.900,0,0,0,0,67301,0,0,0,N,0,0,0,1,67501,0,,4,1,120.0,N,N,N,0,,0,0,1,0,0,N,110,0,1,0,0,0,0,0,3,3,0,1,3,,N,,,,,,,,,,,
2020060524,1330.0,2,0,0,0,0,0,0,0,0,1,0,,67,7,2020,2,39.9262,-75.2425,1320.0,6,0,1,0,0,0,0,0,0,,0,0,0.0,13,1,0,0,N,1,39 55:34.320,1.0,0,75 14:33.020,0,0,0,0,67301,0,0,0,N,0,0,0,1,67301,0,,6,1,30.0,N,N,Y,0,,0,0,0,0,0,Y,1316,0,2,0,0,0,0,0,3,4,0,2,3,3.0,N,,,,,,,,,,,
2020061184,1335.0,1,0,0,0,0,0,0,0,0,4,0,,67,7,2020,2,40.0086,-75.0688,1330.0,6,0,0,0,0,1,1,0,0,,0,0,0.0,13,1,5,1,,2,40 00:31.034,7.0,0,75 04:07.810,2,0,0,0,67301,0,0,0,N,0,0,0,5,67301,0,,1,1,1600.0,N,N,N,0,,0,5,1,3,2,Y,1326,5,2,0,3,3,0,0,3,4,0,2,3,3.0,N,,,,,,,,,,,
2020060870,1906.0,1,0,0,0,0,0,0,0,0,7,0,,67,7,2020,5,39.882,-75.227,1857.0,6,0,0,0,0,0,1,0,0,,0,0,0.0,18,1,1,0,N,0,39 52:55.310,,0,75 13:37.130,3,0,0,0,67301,0,0,0,N,0,0,0,1,67301,0,,4,1,,N,N,N,0,,1,0,0,0,0,,1837,1,1,0,0,0,0,0,3,4,0,1,3,3.0,N,,,,,,,,,,,
2020106645,1216.0,2,0,0,0,0,0,0,0,0,4,0,,67,11,2020,6,40.0057,-75.099,1212.0,6,0,0,0,0,0,1,0,0,,1,0,0.0,12,1,1,1,N,0,40 00:20.692,,0,75 05:56.577,1,0,0,0,67301,0,0,0,N,0,0,0,2,67301,0,2.0,1,1,,N,N,N,0,0.0,0,1,0,9,2,,1205,1,2,0,0,0,0,0,3,4,0,2,3,3.0,N,,,,,,,,,,,
2020089395,1005.0,0,0,0,0,0,0,0,0,0,8,0,,67,9,2020,3,39.9272,-75.1724,1005.0,6,0,0,0,0,0,0,1,0,,0,0,0.0,10,1,1,1,,0,39 55:38.056,,0,75 10:20.571,8,0,0,0,67301,1,0,0,N,1,0,0,2,67301,0,,1,1,,N,N,N,0,,0,0,1,3,3,,1003,1,2,0,0,1,1,0,3,4,0,1,3,,N,,,,,,,,,,,
2020105506,2213.0,1,0,0,0,0,0,0,0,0,5,1,,67,11,2020,1,39.8994,-75.1658,2200.0,6,0,0,0,0,0,1,0,0,,0,1,0.0,22,3,1,0,N,1,39 53:58.753,2.0,0,75 09:48.589,4,0,0,0,67301,0,0,0,N,0,0,0,2,68K01,1,,1,9,2300.0,N,N,Y,0,,0,0,0,0,0,N,2200,1,2,0,0,1,0,0,3,4,0,2,7,,N,,,,,,,,,,,