CRN,ARRIVAL_TM,AUTOMOBILE_COUNT,BELTED_DEATH_COUNT,BELTED_SUSP_SERIOUS_INJ_COUNT,BICYCLE_COUNT,BICYCLE_DEATH_COUNT,BICYCLE_SUSP_SERIOUS_INJ_COUNT,BUS_COUNT,CHLDPAS_DEATH_COUNT,CHLDPAS_SUSP_SERIOUS_INJ_COUNT,COLLISION_TYPE,COMM_VEH_COUNT,CONS_ZONE_SPD_LIM,COUNTY,CRASH_MONTH,CRASH_YEAR,DAY_OF_WEEK,DEC_LAT,DEC_LONG,DISPATCH_TM,DISTRICT,DRIVER_COUNT_16YR,DRIVER_COUNT_17YR,DRIVER_COUNT_18YR,DRIVER_COUNT_19YR,DRIVER_COUNT_20YR,DRIVER_COUNT_50_64YR,DRIVER_COUNT_65_74YR,DRIVER_COUNT_75PLUS,EST_HRS_CLOSED,FATAL_COUNT,HEAVY_TRUCK_COUNT,HORSE_BUGGY_COUNT,HOUR_OF_DAY,ILLUMINATION,INJURY_COUNT,INTERSECT_TYPE,INTERSECTION_RELATED,LANE_CLOSED,LATITUDE,LN_CLOSE_DIR,LOCATION_TYPE,LONGITUDE,MAX_SEVERITY_LEVEL,MCYCLE_DEATH_COUNT,MCYCLE_SUSP_SERIOUS_INJ_COUNT,MOTORCYCLE_COUNT,MUNICIPALITY,NONMOTR_COUNT,NONMOTR_DEATH_COUNT,NONMOTR_SUSP_SERIOUS_INJ_COUNT,NTFY_HIWY_MAINT,PED_COUNT,PED_DEATH_COUNT,PED_SUSP_SERIOUS_INJ_COUNT,PERSON_COUNT,POLICE_AGCY,POSSIBLE_INJ_COUNT,RDWY_SURF_TYPE_CD,RELATION_TO_ROAD,ROAD_CONDITION,ROADWAY_CLEARED,SCH_BUS_IND,SCH_ZONE_IND,SECONDARY_CRASH,SMALL_TRUCK_COUNT,SPEC_JURIS_CD,SUSP_MINOR_INJ_COUNT,SUSP_SERIOUS_INJ_COUNT,SUV_COUNT,TCD_FUNC_CD,TCD_TYPE,TFC_DETOUR_IND,TIME_OF_DAY,TOT_INJ_COUNT,TOTAL_UNITS,UNB_DEATH_COUNT,UNB_SUSP_SERIOUS_INJ_COUNT,UNBELTED_OCC_COUNT,UNK_INJ_DEG_COUNT,UNK_INJ_PER_COUNT,URBAN_AREA,URBAN_RURAL,VAN_COUNT,VEHICLE_COUNT,WEATHER1,WEATHER2,WORK_ZONE_IND,WORK_ZONE_LOC,WORK_ZONE_TYPE,WORKERS_PRES,WZ_CLOSE_DETOUR,WZ_FLAGGER,WZ_LAW_OFFCR_IND,WZ_LN_CLOSURE,WZ_MOVING,WZ_OTHER,WZ_SHLDER_MDN,WZ_WORKERS_INJ_KILLED
2020062115,1935.0,1,0,0,0,0,0,0,0,0,4,0,,67,7,2020,4,40.0064,-75.0892,1930.0,6,0,0,0,0,0,0,0,0,,0,0,0.0,13,1,1,0,N,0,40 00:22.952,,7,75 05:21.787,4,0,0,1,67301,0,0,0,N,0,0,0,2,67301,1,,1,1,,N,N,N,0,,0,0,0,0,0,,1330,1,2,0,0,0,0,0,3,4,0,2,3,,N,,,,,,,,,,,
2020063032,952.0,0,0,0,0,0,0,0,0,0,1,0,,67,7,2020,6,39.9718,-75.2119,951.0,6,0,0,0,0,0,1,0,0,,0,0,0.0,9,1,4,0,Y,1,39 58:18.602,2.0,0,75 12:42.927,4,0,0,0,67301,0,0,0,N,0,0,0,5,67301,4,,1,9,100.0,N,N,N,1,,0,0,1,3,2,N,930,4,2,0,0,0,0,0,3,4,0,2,7,7.0,N,,,,,,,,,,,
2020104829,1133.0,2,0,0,0,0,0,0,0,0,1,0,,67,11,2020,2,39.9931,-75.0852,1133.0,6,0,0,0,0,0,0,0,0,,0,0,0.0,10,1,0,7,N,2,39 59:35.013,1.0,2,75 05:06.819,0,0,0,0,67301,0,0,0,N,0,0,0,2,68K01,0,,1,1,100.0,N,N,N,0,,0,0,0,0,0,N,1055,0,2,0,0,0,0,0,3,4,0,2,3,,N,,,,,,,,,,,
2020102988,200.0,2,0,0,0,0,0,0,0,0,1,0,,67,1,2020,7,40.0367,-75.0645,,6,0,0,0,0,0,0,1,0,,0,0,0.0,2,3,1,1,,0,40 02:12.235,,0,75 03:52.193,8,0,0,0,67301,0,0,0,N,0,0,0,2,00000,0,,1,1,,,,N,0,,0,0,0,3,2,,200,1,2,0,0,0,1,0,3,4,0,2,3,,N,,,,,,,,,,,
2020058617,1500.0,0,0,0,0,0,0,0,0,0,4,0,,67,7,2020,6,40.0689,-75.1658,1450.0,6,0,0,0,0,0,0,1,0,,0,0,0.0,13,1,1,1,,0,40 04:07.952,,0,75 09:57.001,4,0,0,0,67301,0,0,0,N,0,0,0,2,67301,1,,1,9,,N,N,N,0,,0,0,1,3,3,,1338,1,2,0,0,0,0,0,3,4,0,2,7,7.0,N,,,,,,,,,,,
2020062707,1838.0,0,0,0,0,0,0,0,0,0,4,0,,67,7,2020,3,40.0046,-75.1321,1005.0,6,0,0,0,0,0,0,0,0,,0,0,0.0,10,1,1,1,,0,40 00:16.383,,0,75 07:55.433,3,0,0,0,67301,0,0,0,N,0,0,0,2,67301,0,,1,99,,N,N,N,0,,1,0,2,3,2,,1000,1,2,0,0,0,0,0,3,4,0,2,3,3.0,N,,,,,,,,,,,
2020106179,355.0,1,0,0,0,0,0,1,0,0,4,1,,67,11,2020,1,39.9858,-75.1645,345.0,6,0,0,0,0,0,0,0,0,,0,0,0.0,3,3,1,1,,2,39 59:08.710,7.0,0,75 09:52.318,8,0,0,0,67301,0,0,0,N,0,0,0,2,67508,0,,1,1,9999.0,N,N,Y,0,,0,0,0,3,2,Y,345,1,2,0,0,0,1,0,3,4,0,2,3,3.0,N,,,,,,,,,,,
2020104851,1510.0,2,0,0,0,0,0,0,0,0,5,0,,67,12,2020,4,39.9825,-75.2077,1508.0,6,0,0,0,0,0,0,0,0,,0,0,0.0,15,1,0,0,N,2,39 58:56.900,4.0,0,75 12:27.685,9,0,0,0,67301,0,0,0,N,0,0,0,2,68K01,0,,1,1,30.0,N,N,N,0,,0,0,0,0,0,N,1507,0,2,0,0,0,0,1,3,4,0,2,3,,N,,,,,,,,,,,
2020060568,1010.0,2,0,0,0,0,0,0,0,0,5,0,,67,7,2020,4,39.9913,-75.1349,1000.0,6,0,0,0,0,0,0,0,0,,0,0,0.0,9,1,0,1,,1,39 59:29.210,4.0,0,75 08:05.506,0,0,0,0,67301,0,0,0,N,0,0,0,2,67301,0,,1,1,1033.0,N,N,N,0,,0,0,0,3,2,N,930,0,2,0,0,1,0,0,3,4,0,2,3,3.0,N,,,,,,,,,,,
2020060539,1745.0,1,0,0,0,0,0,0,0,0,4,0,,67,7,2020,2,39.9538,-75.2364,1737.0,6,0,0,0,1,1,0,0,0,,0,0,0.0,17,1,1,1,,0,39 57:13.546,,0,75 14:11.122,3,0,0,0,67301,0,0,0,N,0,0,0,2,67301,0,,1,1,,N,N,N,0,,1,0,1,3,3,,1735,1,2,0,0,0,0,0,3,4,0,2,3,,N,,,,,,,,,,,
2020058870,2329.0,1,0,0,0,0,0,0,0,0,4,0,,67,7,2020,7,40.1005,-75.0297,2312.0,6,0,0,0,0,0,0,0,0,,0,0,0.0,23,3,0,2,,0,40 06:01.717,,7,75 01:46.863,9,0,0,0,67301,0,0,0,N,0,0,0,3,67301,0,,1,1,,N,N,N,0,,0,0,1,3,2,,2305,0,2,0,0,1,0,1,3,4,0,2,3,3.0,N,,,,,,,,,,,
2020060531,2318.0,0,0,0,0,0,0,0,0,0,7,0,,67,7,2020,7,40.056,-75.0472,2313.0,6,0,0,0,0,0,1,0,0,,0,0,0.0,23,3,0,0,N,0,40 03:21.810,,0,75 02:50.300,0,0,0,0,67301,0,0,0,N,0,0,0,1,67301,0,,3,1,,N,N,N,1,,0,0,0,2,1,,2305,0,2,0,0,0,0,0,3,4,0,1,3,3.0,N,,,,,,,,,,,
2020059026,900.0,1,0,0,0,0,0,0,0,0,5,0,,67,7,2020,1,40.0317,-75.1462,900.0,6,0,0,0,0,0,0,1,0,,0,0,0.0,8,1,0,0,N,0,40 01:54.160,,0,75 08:46.425,0,0,0,0,67301,0,0,0,N,0,0,0,2,67301,0,,6,1,,N,N,N,0,,0,0,2,0,0,,834,0,3,0,0,0,0,0,3,4,0,3,3,3.0,N,,,,,,,,,,,
2020105500,833.0,1,0,0,0,0,0,0,0,0,1,1,,67,11,2020,7,39.9592,-75.1731,827.0,6,0,0,0,0,0,1,0,0,,0,1,0.0,8,1,2,0,N,1,39 57:32.945,3.0,0,75 10:23.019,4,0,0,0,67301,0,0,0,N,0,0,0,2,68K01,1,,1,1,1000.0,N,N,N,0,,0,0,0,0,0,N,824,2,2,0,0,0,1,0,3,4,0,2,3,,N,,,,,,,,,,,
2020104513,1236.0,0,0,0,0,0,0,0,0,0,4,0,,67,12,2020,5,39.9701,-75.2374,1235.0,6,0,0,0,0,0,1,0,0,,0,1,0.0,12,1,2,1,,0,39 58:12.525,,0,75 14:14.801,3,0,0,0,67301,0,0,0,N,0,0,0,3,67301,0,,1,1,,N,N,N,1,,2,0,0,3,2,,1233,2,2,0,0,1,0,0,3,4,0,2,3,3.0,N,,,,,,,,,,,
2020060504,1537.0,0,0,0,0,0,0,0,0,0,1,0,,67,7,2020,7,40.0463,-75.0574,1530.0,6,0,0,0,0,0,0,0,0,,0,0,0.0,15,1,1,0,N,0,40 02:46.623,,0,75 03:26.622,8,0,0,0,67301,0,0,0,N,0,0,0,4,67301,0,,1,1,,N,N,N,0,,0,0,1,0,0,,1500,1,2,0,0,0,1,0,3,4,0,2,3,3.0,N,,,,,,,,,,,
2020060562,1535.0,3,0,0,0,0,0,0,0,0,5,0,,67,7,2020,1,39.9988,-75.1317,1533.0,6,0,0,0,0,0,0,0,0,,0,0,0.0,15,1,0,0,N,0,39 59:55.750,,0,75 07:53.958,0,0,0,0,67301,0,0,0,N,0,0,0,3,67301,0,,1,1,,N,N,N,0,,0,0,0,0,0,,1533,0,3,0,0,0,0,0,3,4,0,3,3,,N,,,,,,,,,,,
2020052501,325.0,1,0,0,0,0,0,0,0,0,5,0,,67,7,2020,1,40.0229,-75.0754,303.0,6,0,0,0,0,0,0,0,0,,0,0,0.0,3,3,0,0,N,0,40 01:22.320,,0,75 04:31.540,0,0,0,0,67301,0,0,0,N,0,0,0,1,67301,0,,6,1,,N,N,N,1,,0,0,2,0,0,,303,0,4,0,0,0,0,0,3,4,0,4,3,,N,,,,,,,,,,,
2020105739,730.0,4,0,0,0,0,0,0,0,0,5,0,,67,12,2020,1,40.0732,-75.1626,721.0,6,0,0,0,0,0,1,0,0,,0,0,0.0,6,1,0,0,N,2,40 04:23.460,1.0,0,75 09:45.480,0,0,0,0,67301,0,0,0,N,0,0,0,1,67301,0,,6,1,926.0,N,N,N,0,,0,0,0,0,0,N,651,0,4,0,0,0,0,0,3,4,0,4,3,3.0,N,,,,,,,,,,,
2020105526,2352.0,2,0,0,0,0,0,0,0,0,7,0,,67,11,2020,5,39.959,-75.1707,2327.0,6,0,0,0,0,0,1,0,0,,0,0,0.0,23,3,0,0,N,0,39 57:32.328,,0,75 10:14.374,0,0,0,0,67301,0,0,0,Y,0,0,0,3,68K01,0,,4,1,,N,N,N,0,,0,0,1,0,0,,2324,0,3,0,0,0,0,0,3,4,0,3,3,,N,,,,,,,,,,,
2020062117,1855.0,1,0,0,0,0,0,0,0,0,4,0,,67,7,2020,6,40.012,-75.07,1849.0,6,0,0,0,0,0,0,0,0,,0,0,0.0,18,1,2,1,,0,40 00:43.192,,0,75 04:11.917,3,0,0,0,67301,0,0,0,N,0,0,0,4,67301,0,,1,1,,N,N,N,0,,2,0,0,3,3,,1848,2,2,0,0,0,0,0,3,4,0,2,3,3.0,N,,,,,,,,,,,
2020105496,1038.0,2,0,0,0,0,0,0,0,0,1,0,,67,11,2020,6,39.9975,-75.1963,1033.0,6,0,0,0,0,0,0,0,0,,0,0,0.0,10,1,1,0,N,0,39 59:51.091,,0,75 11:46.664,8,0,0,0,67301,0,0,0,N,0,0,0,6,68K01,0,,1,1,,N,N,N,0,,0,0,0,0,0,,1031,1,2,0,0,0,1,0,3,4,0,2,3,3.0,N,,,,,,,,,,,
2020063421,1530.0,1,0,0,0,0,0,0,0,0,3,0,,67,7,2020,3,39.9677,-75.2301,1525.0,6,0,0,0,1,0,0,0,0,,0,0,0.0,15,1,1,1,,0,39 58:03.576,,0,75 13:48.302,3,0,0,0,67301,0,0,0,N,0,0,0,2,67301,0,,1,1,,N,N,N,1,,1,0,1,3,3,,1520,1,3,0,0,2,0,0,3,4,0,3,3,3.0,N,,,,,,,,,,,
2020084164,2146.0,1,0,0,0,0,0,0,0,0,7,0,,67,10,2020,6,40.0165,-75.2028,2141.0,6,0,0,0,0,0,1,0,0,,1,0,0.0,21,3,0,0,N,2,40 00:59.500,6.0,0,75 12:09.940,1,1,0,1,67301,0,0,0,N,0,0,0,2,67301,0,2.0,3,1,2258.0,N,N,N,0,0.0,0,0,0,0,0,N,2139,0,2,0,0,0,0,0,3,4,0,2,3,3.0,N,,,,,,,,,,,
2020060984,2134.0,2,0,0,0,0,0,0,0,0,4,0,,67,7,2020,5,40.0016,-75.1286,2130.0,6,0,0,0,0,0,0,0,0,,0,0,0.0,21,3,0,1,,1,40 00:05.796,3.0,0,75 07:42.898,0,0,0,0,67301,0,0,0,N,0,0,0,2,67301,0,,1,1,2200.0,N,N,Y,0,,0,0,1,3,2,Y,2130,0,3,0,0,0,0,0,3,4,0,3,3,3.0,N,,,,,,,,,,,
2020060679,22.0,3,0,0,0,0,0,0,0,0,5,0,,67,7,2020,2,39.9528,-75.2386,21.0,6,0,0,0,0,0,0,0,0,,0,0,0.0,23,3,1,0,N,2,39 57:10.030,1.0,0,75 14:19.070,3,0,0,0,67301,0,0,0,N,0,0,0,1,67301,0,,6,1,120.0,N,N,N,0,,1,0,0,0,0,Y,2310,1,3,0,0,1,0,0,3,4,0,3,3,3.0,N,,,,,,,,,,,
2020060676,1515.0,1,0,0,0,0,0,0,0,0,4,0,,67,7,2020,2,39.9631,-75.2181,1512.0,6,0,0,0,0,0,0,1,0,,0,0,0.0,15,1,2,3,,1,39 57:47.400,6.0,0,75 13:05.400,3,0,0,0,67301,0,0,0,N,0,0,0,4,67301,0,,1,1,1800.0,N,N,N,0,,2,0,2,0,0,Y,1510,2,3,0,0,0,0,0,3,4,0,3,3,3.0,N,,,,,,,,,,,
2020060226,27.0,0,0,0,0,0,0,0,0,0,7,0,,67,7,2020,2,39.8997,-75.1621,22.0,6,0,0,0,0,0,0,0,0,,0,0,0.0,0,3,1,0,N,1,39 54:01.798,1.0,3,75 09:20.169,8,0,0,0,67301,0,0,0,N,0,0,0,1,68K01,0,,4,1,100.0,N,N,N,0,,0,0,1,0,0,N,15,1,1,0,0,0,1,0,3,4,0,1,3,,N,,,,,,,,,,,
2020054451,1343.0,1,0,0,0,0,0,0,0,0,6,0,,67,7,2020,6,40.0843,-75.2277,1333.0,6,0,0,0,0,1,0,0,0,,0,0,0.0,13,1,3,0,N,2,40 05:03.400,5.0,0,75 13:39.630,3,0,0,0,67301,0,0,0,N,0,0,0,3,67301,0,,1,9,1600.0,N,N,N,0,,3,0,1,0,0,Y,1314,3,2,0,0,1,0,0,3,4,0,2,7,4.0,N,,,,,,,,,,,
2020053306,439.0,1,0,0,0,0,0,0,0,0,4,0,,67,7,2020,2,40.0246,-75.1237,427.0,6,0,0,0,0,0,1,0,0,,0,0,0.0,4,3,0,1,,0,40 01:28.689,,0,75 07:25.230,0,0,0,0,67301,0,0,0,N,0,0,0,3,67301,0,,1,1,,N,N,N,0,,0,0,0,3,2,,427,0,2,0,0,0,0,0,3,4,1,2,3,3.0,N,,,,,,,,,,,
2020058950,1557.0,0,0,0,0,0,0,0,0,0,7,0,,67,7,2020,1,40.0397,-75.0066,1554.0,6,0,0,0,0,0,0,0,0,,0,0,0.0,15,1,1,0,N,1,40 02:23.066,1.0,0,75 00:23.598,8,0,0,1,67301,0,0,0,N,0,0,0,1,68K01,0,,2,1,1640.0,N,N,Y,0,,0,0,0,0,0,N,1554,1,1,0,0,0,1,0,3,4,0,1,3,3.0,N,,,,,,,,,,,
2020060671,1259.0,0,0,0,0,0,0,0,0,0,6,0,,67,7,2020,5,40.0441,-75.0699,1255.0,6,0,0,0,0,0,0,0,0,,0,0,0.0,12,1,1,0,N,0,40 02:38.720,,0,75 04:11.570,3,0,0,0,67301,0,0,0,N,0,0,0,2,67301,0,,1,1,,N,N,N,0,,1,0,3,0,0,,1252,1,3,0,0,0,0,0,3,4,0,3,3,3.0,N,,,,,,,,,,,
2020059124,1447.0,2,0,0,0,0,0,0,0,0,4,0,,67,7,2020,1,40.0524,-75.1319,1447.0,6,0,0,0,0,1,0,0,0,,0,0,0.0,12,1,0,1,,0,40 03:08.474,,0,75 07:54.721,9,0,0,0,67301,0,0,0,N,0,0,0,2,67301,0,,1,1,,N,N,N,0,,0,0,0,3,3,,1200,0,2,0,0,0,0,1,3,4,0,2,3,,N,,,,,,,,,,,
2020060554,2323.0,4,0,0,0,0,0,0,0,0,4,0,,67,7,2020,7,39.985,-75.1068,2323.0,6,0,0,0,0,0,0,0,0,,0,0,0.0,23,3,0,1,,2,39 59:06.043,2.0,0,75 06:24.534,0,0,0,0,67301,0,0,0,N,0,0,0,4,67301,0,,1,1,200.0,N,N,N,0,,0,0,2,3,2,N,2322,0,6,0,0,0,0,0,3,4,0,6,3,3.0,N,,,,,,,,,,,
2020060521,1344.0,1,0,0,0,0,0,0,0,0,4,0,,67,7,2020,7,39.9368,-75.2212,1327.0,6,0,0,0,0,0,1,0,0,,0,0,0.0,13,1,1,2,,0,39 56:12.631,,0,75 13:16.172,3,0,0,0,67301,0,0,0,N,0,0,0,3,67301,0,,1,1,,N,N,N,0,,1,0,0,3,3,,1319,1,2,0,0,2,0,1,3,4,0,2,3,,N,,,,,,,,,,,
2020060219,2258.0,0,0,0,0,0,0,0,0,0,7,0,,67,7,2020,7,39.9696,-75.126,2250.0,6,0,0,0,0,0,0,0,0,,0,0,0.0,22,3,0,0,N,2,39 58:10.480,1.0,0,75 07:33.597,0,0,0,0,67301,0,0,0,N,0,0,0,1,68K01,0,,3,1,2257.0,N,N,N,0,,0,0,1,0,0,N,2242,0,1,0,0,0,0,0,3,4,0,1,3,,N,,,,,,,,,,,
2020103186,1724.0,1,0,0,0,0,0,0,0,0,2,0,,67,12,2020,3,40.0047,-75.1521,1723.0,6,0,0,0,0,0,0,0,0,,0,0,0.0,17,3,0,1,,0,40 00:16.745,,0,75 09:07.674,0,0,0,0,67301,0,0,0,N,0,0,0,2,67505,0,,1,1,,N,N,N,0,,0,0,1,3,2,,1720,0,2,0,0,0,0,0,3,4,0,2,3,,N,,,,,,,,,,,
2020060200,1120.0,1,0,0,0,0,0,0,0,0,0,0,,67,7,2020,6,39.9673,-75.1322,1113.0,6,0,0,0,0,0,0,0,0,,0,0,0.0,11,1,2,0,N,1,39 58:02.382,1.0,0,75 07:56.033,3,0,0,0,67301,0,0,0,N,0,0,0,3,68K01,1,,4,9,1136.0,N,N,N,0,,1,0,0,0,0,N,1110,2,1,0,0,0,0,0,3,4,0,1,7,,N,,,,,,,,,,,
2020073596,334.0,0,0,0,0,0,0,0,0,0,7,0,,67,7,2020,6,39.9976,-75.0816,318.0,6,0,0,0,0,0,0,0,0,,0,0,0.0,3,3,0,7,,0,39 59:51.200,,2,75 04:53.500,0,0,0,0,67301,0,0,0,N,0,0,0,1,68K01,0,,7,9,,N,N,N,0,,0,0,1,0,0,,315,0,1,0,0,0,0,0,3,4,0,1,7,7.0,N,,,,,,,,,,,
2020058913,246.0,3,0,0,0,0,0,0,0,0,1,0,,67,7,2020,1,39.9351,-75.1506,236.0,6,0,0,0,0,0,0,0,0,,0,0,0.0,2,3,0,0,N,1,39 56:06.280,2.0,0,75 09:02.280,0,0,0,0,67301,0,0,0,N,0,0,0,1,67301,0,,6,1,336.0,N,N,N,0,,0,0,0,0,0,Y,234,0,3,0,0,0,0,0,3,4,0,3,3,3.0,N,,,,,,,,,,,
2020060231,1302.0,2,0,0,0,0,0,0,0,0,5,0,,67,7,2020,2,39.9002,-75.159,1256.0,6,0,0,0,0,0,1,1,0,,0,0,0.0,12,1,0,0,N,1,39 54:01.560,2.0,3,75 09:25.877,0,0,0,0,67301,0,0,0,N,0,0,0,2,68K01,0,,1,1,1345.0,N,N,Y,0,,0,0,0,0,0,N,1255,0,2,0,0,0,0,0,3,4,0,2,3,3.0,N,,,,,,,,,,,
2020060004,2353.0,0,0,0,0,0,0,1,0,0,1,1,,67,7,2020,6,40.0003,-75.1065,2345.0,6,0,0,0,0,0,1,0,0,,0,0,0.0,23,3,2,5,,0,40 00:01.147,,1,75 06:23.257,4,0,0,0,67301,0,0,0,N,0,0,0,4,67508,2,,1,1,,N,N,Y,1,,0,0,0,3,2,,2345,2,2,0,0,0,0,0,3,4,0,2,3,3.0,N,,,,,,,,,,,
2020058640,338.0,1,0,0,0,0,0,0,0,0,5,0,,67,7,2020,6,39.9919,-75.2357,325.0,6,0,0,0,0,0,0,0,0,,0,0,0.0,3,3,0,0,N,0,39 59:30.940,,0,75 14:08.650,0,0,0,0,67301,0,0,0,N,0,0,0,1,67301,0,,6,9,,N,N,N,0,,0,0,1,0,0,,308,0,2,0,0,0,0,0,3,4,0,2,7,4.0,N,,,,,,,,,,,
2020106635,1609.0,0,0,0,0,0,0,0,0,0,8,0,,67,12,2020,4,40.0541,-75.1555,1608.0,6,0,0,0,0,0,0,1,0,,0,0,0.0,15,1,1,1,,0,40 03:14.655,,0,75 09:19.899,3,0,0,0,67301,1,0,0,N,1,0,0,2,67301,0,,1,1,,N,N,N,0,,1,0,1,3,3,,1555,1,2,0,0,1,0,0,3,4,0,1,3,3.0,N,,,,,,,,,,,
2020060571,1930.0,1,0,0,0,0,0,0,0,0,4,0,,67,7,2020,3,39.9644,-75.1343,1926.0,6,0,0,0,0,0,0,0,0,,0,0,0.0,19,1,0,1,,0,39 57:52.333,,0,75 08:03.809,0,0,0,0,67301,0,0,0,N,0,0,0,3,67301,0,,1,1,,N,N,N,0,,0,0,1,3,2,,1924,0,2,0,0,0,0,0,3,4,0,2,3,,N,,,,,,,,,,,
2020104831,1425.0,0,0,0,0,0,0,0,0,0,1,0,,67,11,2020,4,39.9568,-75.1542,1425.0,6,0,0,0,0,0,1,0,0,,0,0,0.0,14,1,0,0,N,0,39 57:24.447,,0,75 09:15.101,0,0,0,0,67301,0,0,0,N,0,0,0,4,68K01,0,,3,1,,N,N,N,0,,0,0,1,0,0,,1425,0,2,0,0,0,0,0,3,4,1,2,3,,N,,,,,,,,,,,
2020106374,1207.0,0,0,0,0,0,0,0,0,0,4,0,,67,12,2020,5,39.8873,-75.2045,1159.0,6,0,0,0,0,1,1,0,0,,0,0,0.0,11,1,0,0,N,1,39 53:49.146,1.0,3,75 11:21.196,9,0,0,0,67301,0,0,0,N,0,0,0,4,68K01,0,,1,1,1207.0,N,N,N,0,,0,0,2,0,0,N,1158,0,3,0,0,0,0,1,3,4,0,3,3,3.0,N,,,,,,,,,,,
2020061349,1214.0,2,0,0,0,0,0,0,0,0,4,0,,67,7,2020,5,40.011,-75.1042,1214.0,6,0,0,0,0,0,0,0,0,,0,0,0.0,23,3,0,1,,0,40 00:39.717,,0,75 06:14.985,9,0,0,0,67301,0,0,0,N,0,0,0,3,67301,0,,1,1,,N,N,N,0,,0,0,0,3,2,,2347,0,2,0,0,0,0,2,3,4,0,2,3,3.0,N,,,,,,,,,,,
2020105322,1920.0,1,0,0,0,0,0,0,0,0,7,0,,67,12,2020,1,40.0367,-75.1875,1904.0,6,0,0,0,0,0,1,0,0,,0,0,0.0,17,3,1,2,,0,40 02:12.175,,0,75 11:14.966,3,0,0,0,67301,0,0,0,N,0,0,0,1,67301,0,,2,1,,N,N,N,0,,1,0,0,3,2,,1743,1,1,0,0,0,0,0,3,4,0,1,3,,N,,,,,,,,,,,
2020058512,541.0,2,0,0,0,0,0,0,0,0,4,0,,67,7,2020,6,39.9985,-75.1293,541.0,6,0,0,0,0,0,0,0,0,,0,0,0.0,5,1,2,1,,0,39 59:54.633,,0,75 07:45.412,3,0,0,0,67301,0,0,0,N,0,0,0,2,67301,0,,1,9,,N,N,N,0,,2,0,0,3,2,,541,2,2,0,0,0,0,0,3,4,0,2,98,,N,,,,,,,,,,,
2020060677,2335.0,0,0,0,0,0,0,0,0,0,4,0,,67,7,2020,3,39.9669,-75.1921,2330.0,6,0,0,0,0,0,0,0,0,,0,0,0.0,13,1,0,1,,0,39 58:00.868,,0,75 11:31.632,0,0,0,0,67301,0,0,0,N,0,0,0,2,67301,0,,1,1,,N,N,N,0,,0,0,0,3,2,,1300,0,2,0,0,0,0,0,3,4,1,2,3,3.0,N,,,,,,,,,,,
2020060560,1732.0,2,0,0,0,0,0,0,0,0,4,0,,67,7,2020,4,39.9954,-75.1055,1728.0,6,0,0,0,0,0,1,0,0,,0,0,0.0,17,1,3,1,,2,39 59:43.551,2.0,0,75 06:19.875,3,0,0,0,67301,0,0,0,N,0,0,0,4,67301,1,,1,1,1900.0,N,N,Y,0,,2,0,0,3,2,Y,1726,3,3,0,0,0,0,0,3,4,1,3,3,3.0,N,,,,,,,,,,,
2020061972,1035.0,1,0,0,1,0,0,0,0,0,4,0,,67,7,2020,2,39.9418,-75.1741,1035.0,6,0,0,0,0,0,0,0,0,,0,0,0.0,19,1,1,1,,0,39 56:30.469,,0,75 10:26.774,3,0,0,0,67301,1,0,0,N,0,0,0,2,67301,0,,1,99,,N,N,N,0,,1,0,0,3,3,,1901,1,2,0,0,0,0,1,3,4,0,1,3,,N,,,,,,,,,,,
2020060572,2225.0,2,0,0,0,0,0,0,0,0,4,0,,67,7,2020,6,40.0258,-75.1235,2215.0,6,0,0,0,0,0,0,0,0,,0,0,0.0,22,3,2,1,,0,40 01:32.799,,0,75 07:24.504,3,0,0,0,67301,0,0,0,N,0,0,0,6,67301,0,,1,1,,N,N,N,0,,2,0,0,3,2,,2215,2,2,0,0,0,0,0,3,4,0,2,3,3.0,N,,,,,,,,,,,
2020058752,1520.0,0,0,0,0,0,0,0,0,0,7,0,99.0,67,7,2020,7,,,1518.0,6,0,0,0,0,0,1,0,0,,0,0,0.0,15,1,0,0,N,1,,3.0,3,,0,0,0,0,67301,0,0,0,N,0,0,0,1,67501,0,,1,1,1538.0,N,N,N,0,,0,0,1,0,0,N,1518,0,1,0,0,0,0,0,3,3,0,1,3,3.0,Y,4.0,1.0,U,,,U,Y,,,,N
2020060580,1745.0,2,0,0,0,0,0,0,0,0,1,0,,67,7,2020,3,40.0245,-75.1661,1745.0,6,0,0,0,0,0,0,1,0,,0,0,0.0,17,1,1,2,,0,40 01:28.437,,0,75 09:58.176,3,0,0,0,67301,0,0,0,N,0,0,0,3,67301,0,,1,1,,N,N,Y,0,,1,0,1,3,2,,1745,1,3,0,0,0,0,0,3,4,0,3,3,3.0,N,,,,,,,,,,,
2020105488,1122.0,0,0,0,0,0,0,0,0,0,7,0,,67,11,2020,3,39.8933,-75.2317,1114.0,6,0,0,0,0,0,1,0,0,,0,0,0.0,11,1,0,7,N,0,39 53:35.807,,0,75 13:53.874,0,0,0,0,67301,0,0,0,N,0,0,0,1,68K01,0,,2,1,,N,N,N,0,,0,0,1,0,0,,1113,0,1,0,0,0,0,0,3,4,0,1,3,3.0,N,,,,,,,,,,,
2020060506,834.0,0,0,0,0,0,0,0,0,0,1,0,,67,7,2020,3,40.0361,-75.0879,827.0,6,0,0,0,0,0,0,0,0,,0,1,0.0,8,1,2,1,,2,40 02:09.968,2.0,0,75 05:16.352,3,0,0,0,67301,0,0,0,N,0,0,0,4,67301,0,,1,1,925.0,N,N,N,0,,2,0,1,3,2,Y,826,2,3,0,0,0,0,0,3,4,0,3,3,,N,,,,,,,,,,,