CRN,ARRIVAL_TM,AUTOMOBILE_COUNT,BELTED_DEATH_COUNT,BELTED_SUSP_SERIOUS_INJ_COUNT,BICYCLE_COUNT,BICYCLE_DEATH_COUNT,BICYCLE_SUSP_SERIOUS_INJ_COUNT,BUS_COUNT,CHLDPAS_DEATH_COUNT,CHLDPAS_SUSP_SERIOUS_INJ_COUNT,COLLISION_TYPE,COMM_VEH_COUNT,CONS_ZONE_SPD_LIM,COUNTY,CRASH_MONTH,CRASH_YEAR,DAY_OF_WEEK,DEC_LAT,DEC_LONG,DISPATCH_TM,DISTRICT,DRIVER_COUNT_16YR,DRIVER_COUNT_17YR,DRIVER_COUNT_18YR,DRIVER_COUNT_19YR,DRIVER_COUNT_20YR,DRIVER_COUNT_50_64YR,DRIVER_COUNT_65_74YR,DRIVER_COUNT_75PLUS,EST_HRS_CLOSED,FATAL_COUNT,HEAVY_TRUCK_COUNT,HORSE_BUGGY_COUNT,HOUR_OF_DAY,ILLUMINATION,INJURY_COUNT,INTERSECT_TYPE,INTERSECTION_RELATED,LANE_CLOSED,LATITUDE,LN_CLOSE_DIR,LOCATION_TYPE,LONGITUDE,MAX_SEVERITY_LEVEL,MCYCLE_DEATH_COUNT,MCYCLE_SUSP_SERIOUS_INJ_COUNT,MOTORCYCLE_COUNT,MUNICIPALITY,NONMOTR_COUNT,NONMOTR_DEATH_COUNT,NONMOTR_SUSP_SERIOUS_INJ_COUNT,NTFY_HIWY_MAINT,PED_COUNT,PED_DEATH_COUNT,PED_SUSP_SERIOUS_INJ_COUNT,PERSON_COUNT,POLICE_AGCY,POSSIBLE_INJ_COUNT,RDWY_SURF_TYPE_CD,RELATION_TO_ROAD,ROAD_CONDITION,ROADWAY_CLEARED,SCH_BUS_IND,SCH_ZONE_IND,SECONDARY_CRASH,SMALL_TRUCK_COUNT,SPEC_JURIS_CD,SUSP_MINOR_INJ_COUNT,SUSP_SERIOUS_INJ_COUNT,SUV_COUNT,TCD_FUNC_CD,TCD_TYPE,TFC_DETOUR_IND,TIME_OF_DAY,TOT_INJ_COUNT,TOTAL_UNITS,UNB_DEATH_COUNT,UNB_SUSP_SERIOUS_INJ_COUNT,UNBELTED_OCC_COUNT,UNK_INJ_DEG_COUNT,UNK_INJ_PER_COUNT,URBAN_AREA,URBAN_RURAL,VAN_COUNT,VEHICLE_COUNT,WEATHER1,WEATHER2,WORK_ZONE_IND,WORK_ZONE_LOC,WORK_ZONE_TYPE,WORKERS_PRES,WZ_CLOSE_DETOUR,WZ_FLAGGER,WZ_LAW_OFFCR_IND,WZ_LN_CLOSURE,WZ_MOVING,WZ_OTHER,WZ_SHLDER_MDN,WZ_WORKERS_INJ_KILLED
2020059513,2030.0,1,0,1,0,0,0,0,0,0,4,0,,67,7,2020,6,39.9449,-75.2127,2028.0,6,0,0,0,0,0,0,0,0,,0,0,0.0,20,1,2,1,,0,39 56:41.625,,0,75 12:45.723,2,0,0,0,67301,0,0,0,N,0,0,0,2,67301,0,,1,1,,N,N,N,0,,1,1,1,3,2,,2025,2,2,0,0,0,0,0,3,4,0,2,3,3.0,N,,,,,,,,,,,
2020058916,1600.0,1,0,0,0,0,0,0,0,0,4,0,,67,7,2020,7,39.9931,-75.1479,1553.0,6,0,0,0,0,0,1,0,0,,0,0,0.0,15,1,0,1,,0,39 59:35.083,,0,75 08:52.393,0,0,0,0,67301,0,0,0,N,0,0,0,4,67301,0,,1,1,,N,N,N,0,,0,0,0,3,2,,1522,0,2,0,0,0,0,0,3,4,1,2,3,3.0,N,,,,,,,,,,,
2020059517,2050.0,1,0,0,0,0,0,0,0,0,4,0,,67,7,2020,1,40.0032,-75.2221,2050.0,6,0,0,0,0,0,0,0,0,,0,0,0.0,20,4,4,0,N,0,40 00:11.632,,7,75 13:19.559,3,0,0,0,67301,0,0,0,N,0,0,0,5,67301,3,,1,1,,N,N,N,0,,1,0,1,0,0,,2045,4,2,0,0,0,0,0,3,4,0,2,3,3.0,N,,,,,,,,,,,
2020060198,327.0,0,0,0,0,0,0,0,0,0,7,0,,67,7,2020,6,39.9853,-75.2082,318.0,6,0,0,0,0,0,0,0,0,,0,0,0.0,3,3,0,0,N,2,39 59:06.959,4.0,0,75 12:29.467,0,0,0,0,67301,0,0,0,N,0,0,0,1,68K01,0,,3,9,330.0,N,N,N,0,,0,0,1,0,0,N,315,0,1,0,0,0,0,0,3,4,0,1,7,,N,,,,,,,,,,,
2020059145,615.0,1,0,0,0,0,0,0,0,0,5,0,,67,7,2020,1,39.9485,-75.1644,615.0,6,0,0,0,0,0,0,0,0,,0,0,0.0,6,1,0,0,N,0,39 56:54.442,,0,75 09:51.740,0,0,0,0,67301,0,0,0,N,0,0,0,1,67301,0,,6,1,,N,N,N,0,,0,0,1,0,0,,615,0,3,0,0,0,0,0,3,4,1,3,3,3.0,N,,,,,,,,,,,
2020060569,1605.0,1,0,0,0,0,0,0,0,0,4,0,,67,7,2020,3,39.9703,-75.1466,1558.0,6,0,0,0,0,0,1,0,0,,0,0,0.0,15,1,2,1,,0,39 58:13.238,,0,75 08:47.584,8,0,0,0,67301,0,0,0,N,0,0,0,2,67301,0,,1,1,,N,N,N,0,,0,0,1,3,2,,1556,2,2,0,0,0,2,0,3,4,0,2,3,,N,,,,,,,,,,,
2020059512,1846.0,2,0,0,0,0,0,0,0,0,6,0,,67,7,2020,1,40.039,-75.1974,1841.0,6,0,0,0,0,0,0,0,0,,0,0,0.0,18,1,7,0,N,0,40 02:20.284,,0,75 11:50.574,3,0,0,0,67301,0,0,0,N,0,0,0,7,67301,3,,1,1,,N,N,N,0,,1,0,1,0,0,,1831,7,3,0,0,0,3,0,3,4,0,3,3,3.0,N,,,,,,,,,,,
2020104765,1515.0,0,0,0,0,0,0,1,0,0,8,1,,67,11,2020,1,40.1018,-75.0063,1455.0,6,0,0,0,0,0,0,0,0,,0,0,0.0,14,1,2,0,N,0,40 06:06.526,,7,75 00:22.753,4,0,0,0,67301,1,0,0,N,1,0,0,2,67508,2,,1,1,,N,N,Y,0,,0,0,0,3,2,,1455,2,2,0,0,0,0,0,3,4,0,1,3,3.0,N,,,,,,,,,,,
2020106246,2300.0,2,0,0,0,0,0,0,0,0,5,0,,67,12,2020,1,40.0062,-75.0746,2237.0,6,0,0,0,0,0,0,0,0,,0,0,0.0,22,3,0,0,N,0,40 00:22.348,,0,75 04:28.603,0,0,0,0,67301,0,0,0,N,0,0,0,2,68K01,0,,4,1,,N,N,N,0,,0,0,0,0,0,,2217,0,2,0,0,0,0,0,3,4,0,2,3,3.0,N,,,,,,,,,,,
2020060872,1241.0,2,0,0,0,0,0,0,0,0,5,0,,67,7,2020,4,40.0607,-75.1484,1241.0,6,0,0,0,1,0,0,0,0,,0,0,0.0,11,1,1,0,N,0,40 03:38.430,,0,75 08:54.070,3,0,0,0,67301,0,0,0,N,0,0,0,2,67301,0,,6,1,,N,N,N,0,,1,0,0,0,0,,1145,1,3,0,0,0,0,0,3,4,1,3,3,3.0,N,,,,,,,,,,,
2020061185,1333.0,0,0,0,0,0,0,0,0,0,8,0,,67,7,2020,5,40.0326,-75.0503,1327.0,6,0,0,0,0,0,1,0,0,,0,0,0.0,13,1,1,0,N,0,40 01:57.202,,7,75 03:00.991,3,0,0,0,67301,1,0,0,N,1,0,0,2,67301,0,,1,1,,N,N,N,0,,1,0,1,0,0,,1316,1,2,0,0,1,0,0,3,4,0,1,3,3.0,N,,,,,,,,,,,
2020060117,1507.0,0,0,0,0,0,0,0,0,0,4,0,,67,7,2020,4,39.9742,-75.1566,1504.0,6,0,0,0,0,0,0,0,0,,0,0,0.0,14,1,0,1,,0,39 58:27.123,,0,75 09:23.824,0,0,0,1,67301,0,0,0,N,0,0,0,2,67505,0,,1,1,,N,N,N,0,,0,0,1,3,2,,1455,0,2,0,0,1,0,0,3,4,0,2,3,3.0,N,,,,,,,,,,,
2020058767,328.0,1,0,0,0,0,0,0,0,0,4,0,,67,7,2020,6,39.9597,-75.2229,323.0,6,0,0,0,0,0,0,0,0,,0,0,0.0,3,3,2,1,,0,39 57:34.869,,0,75 13:22.576,8,0,0,0,67301,0,0,0,N,0,0,0,2,67301,0,,1,9,,N,N,N,0,,0,0,1,3,2,,316,2,2,0,0,0,2,0,3,4,0,2,7,,N,,,,,,,,,,,
2020060540,1323.0,1,0,0,0,0,0,0,0,0,4,0,,67,7,2020,3,39.9512,-75.2328,1320.0,6,0,0,0,0,0,0,0,0,,0,0,0.0,13,1,1,1,,2,39 57:04.287,7.0,0,75 13:58.047,3,0,0,0,67301,0,0,0,N,0,0,0,2,67301,0,,1,1,1600.0,N,N,N,0,,1,0,1,3,2,Y,1320,1,2,0,0,0,0,0,3,4,0,2,4,3.0,N,,,,,,,,,,,
2020060508,54.0,1,0,0,0,0,0,0,0,0,7,0,,67,7,2020,4,40.0379,-75.073,50.0,6,0,0,0,0,0,0,0,0,,0,0,0.0,0,3,1,0,N,0,40 02:16.300,,0,75 04:22.900,3,0,0,0,67301,0,0,0,N,0,0,0,1,67301,0,,4,1,,N,N,N,0,,1,0,0,0,0,,45,1,1,0,0,0,0,0,3,4,0,1,3,3.0,N,,,,,,,,,,,
2020060003,1529.0,0,0,0,0,0,0,0,0,0,1,0,,67,7,2020,1,39.909,-75.151,1527.0,6,0,0,0,0,0,1,0,0,,0,0,0.0,15,1,1,0,N,1,39 54:32.500,4.0,3,75 09:03.500,8,0,0,0,67301,0,0,0,N,0,0,0,2,67501,0,,1,1,1618.0,N,N,N,0,,0,0,2,3,8,N,1523,1,2,0,0,0,1,0,3,4,0,2,3,3.0,N,,,,,,,,,,,
2020061256,852.0,0,0,0,1,0,0,0,0,0,4,0,,67,7,2020,3,40.0683,-75.0055,847.0,6,0,0,0,0,0,1,0,0,,0,0,0.0,8,1,1,0,N,0,40 04:05.857,,7,75 00:19.744,3,0,0,0,67301,1,0,0,N,0,0,0,2,67301,0,,1,1,,N,N,N,0,,1,0,1,0,0,,835,1,2,0,0,0,0,0,3,4,0,1,3,3.0,N,,,,,,,,,,,
2020104796,806.0,1,0,0,0,0,0,0,0,0,1,1,,67,12,2020,6,40.0065,-75.1182,804.0,6,0,0,0,0,0,0,0,0,,0,0,0.0,6,3,1,0,N,0,40 00:23.527,,0,75 07:05.405,4,0,0,0,67301,0,0,0,N,0,0,0,1,67301,1,,6,1,,N,N,N,0,,0,0,0,0,0,,606,1,2,0,0,1,0,0,3,4,0,2,3,3.0,N,,,,,,,,,,,
2020058915,1235.0,1,0,0,0,0,0,0,0,0,2,0,,67,7,2020,1,39.954,-75.2343,1212.0,6,0,0,0,0,0,0,0,0,,0,0,0.0,0,3,1,1,,0,39 57:14.378,,0,75 14:03.526,3,0,0,0,67301,0,0,0,N,0,0,0,2,67301,0,,1,1,,N,N,N,0,,1,0,0,3,2,,1,1,2,0,0,0,0,0,3,4,0,2,3,3.0,N,,,,,,,,,,,
2020104882,1532.0,0,0,0,0,0,0,0,0,0,8,0,,67,12,2020,6,40.0445,-75.0539,1528.0,6,0,0,0,0,0,0,0,0,,0,0,0.0,15,1,1,0,N,0,40 02:40.202,,0,75 03:14.017,3,0,0,0,67301,1,0,0,N,1,0,0,1,67301,0,,2,9,,N,N,N,0,,1,0,1,0,0,,1508,1,2,0,0,0,0,0,3,4,0,1,7,7.0,N,,,,,,,,,,,
2020058851,1400.0,1,0,0,0,0,0,0,0,0,4,0,,67,7,2020,7,40.0051,-75.1555,1350.0,6,0,0,0,0,0,0,0,0,,0,0,0.0,13,1,2,1,,2,40 00:18.349,1.0,0,75 09:19.673,2,0,0,0,67301,0,0,0,N,0,0,0,3,67301,0,,1,1,1520.0,N,N,N,0,,1,1,0,3,3,Y,1330,2,2,0,0,0,0,0,3,4,0,2,3,,N,,,,,,,,,,,
2020104776,2250.0,0,0,0,0,0,0,1,0,0,4,1,,67,11,2020,1,39.9799,-75.1429,2235.0,6,0,0,0,0,0,0,0,0,,0,0,0.0,22,3,5,1,,0,39 58:47.465,,0,75 08:34.342,4,0,0,0,67301,0,0,0,N,0,0,0,6,67508,5,,1,1,,N,N,Y,1,,0,0,0,3,2,,2235,5,2,0,0,0,0,0,3,4,0,2,3,3.0,N,,,,,,,,,,,
2020060528,1646.0,0,0,0,0,0,0,0,0,0,4,0,,67,7,2020,4,39.9196,-75.2402,1646.0,6,0,0,0,0,0,1,0,0,,0,0,0.0,15,1,1,1,,0,39 55:10.448,,0,75 14:24.792,3,0,0,0,67301,0,0,0,N,0,0,0,2,67301,0,,1,1,,N,N,N,0,,1,0,2,3,2,,1550,1,2,0,0,0,0,0,3,4,0,2,3,3.0,N,,,,,,,,,,,
2020061265,819.0,3,0,0,0,0,0,0,0,0,5,0,,67,7,2020,2,40.0252,-75.1828,819.0,6,0,0,0,0,0,0,0,0,,0,0,0.0,6,1,0,0,N,2,40 01:30.850,7.0,0,75 10:58.100,0,0,0,0,67301,0,0,0,N,0,0,0,1,67301,0,,6,1,855.0,N,N,N,0,,0,0,0,0,0,Y,630,0,3,0,0,0,0,0,3,4,0,3,3,3.0,N,,,,,,,,,,,
2020061623,845.0,2,0,0,0,0,0,0,0,0,4,0,,67,7,2020,5,39.9286,-75.1445,830.0,6,0,0,0,0,0,0,1,0,,0,0,0.0,7,1,2,2,,0,39 55:43.055,,0,75 08:41.019,2,0,0,0,67301,0,0,0,N,0,0,0,2,67301,0,,1,1,,N,N,N,0,,0,2,0,0,0,,740,2,2,0,0,0,0,0,3,4,0,2,3,,N,,,,,,,,,,,
2020058637,225.0,1,0,0,0,0,0,0,0,0,5,0,,67,7,2020,7,39.9832,-75.1568,225.0,6,0,0,0,0,0,0,0,0,,0,0,0.0,2,3,0,1,N,0,39 58:59.480,,0,75 09:24.548,0,0,0,0,67301,0,0,0,N,0,0,0,3,67505,0,,1,1,,N,N,N,0,,0,0,2,3,2,,225,0,3,0,0,0,0,0,3,4,0,3,3,3.0,N,,,,,,,,,,,
2020105741,936.0,0,0,0,0,0,0,0,0,0,8,0,,67,12,2020,2,40.0384,-75.0362,928.0,6,0,0,0,0,0,0,0,0,,0,0,0.0,9,1,1,1,,0,40 02:18.342,,0,75 02:10.265,3,0,0,0,67301,1,0,0,N,1,0,0,1,67301,0,,1,1,,N,N,N,0,,1,0,0,3,2,,912,1,2,0,0,0,0,0,3,4,0,1,3,3.0,N,,,,,,,,,,,
2020105379,117.0,0,0,0,0,0,0,0,0,0,1,0,,67,12,2020,7,39.9493,-75.1419,117.0,6,0,0,0,0,0,0,0,0,,0,0,0.0,1,3,2,0,N,2,39 56:57.417,2.0,0,75 08:30.769,4,0,0,0,67301,0,0,0,N,0,0,0,2,68K01,2,,1,9,210.0,N,N,Y,0,,0,0,2,0,0,N,117,2,2,0,0,0,0,0,3,4,0,2,7,,N,,,,,,,,,,,
2020059551,5.0,0,0,0,0,0,0,0,0,0,4,0,,67,7,2020,1,40.0316,-75.0633,3.0,6,0,0,0,0,0,0,0,0,,0,0,0.0,0,3,1,5,,0,40 01:53.617,,0,75 03:47.844,2,0,1,1,67301,0,0,0,N,0,0,0,2,67301,0,,1,1,,N,N,N,0,,0,1,1,3,2,,1,1,2,0,0,0,0,0,3,4,0,2,3,3.0,N,,,,,,,,,,,
2020060684,1645.0,2,0,0,0,0,0,0,0,0,4,0,,67,7,2020,5,40.0359,-75.1266,1645.0,6,0,0,0,0,0,0,0,0,,0,0,0.0,10,1,0,1,,0,40 02:09.347,,0,75 07:35.479,9,0,0,0,67301,0,0,0,N,0,0,0,3,67301,0,,1,1,,N,N,N,0,,0,0,0,3,3,,1030,0,2,0,0,0,0,1,3,4,0,2,3,3.0,N,,,,,,,,,,,
2020105380,150.0,1,0,0,0,0,0,0,0,0,1,0,,67,12,2020,7,39.9492,-75.1419,150.0,6,0,0,0,0,0,0,0,0,,0,0,0.0,1,3,1,0,N,1,39 56:56.945,2.0,0,75 08:30.867,4,0,0,0,67301,0,0,0,N,0,0,0,5,68K01,1,,4,9,310.0,N,N,Y,0,,0,0,1,0,0,N,150,1,2,0,0,0,0,0,3,4,0,2,7,,N,,,,,,,,,,,
2020058506,1334.0,0,0,0,0,0,0,0,0,0,4,0,,67,7,2020,6,40.0697,-75.1832,1310.0,6,0,0,0,0,0,1,0,0,,0,0,0.0,10,8,1,2,,0,40 04:11.074,,0,75 10:59.516,3,0,0,0,67301,0,0,0,N,0,0,0,2,67301,0,,1,9,,N,N,N,0,,1,0,1,0,0,,1020,1,2,0,0,0,0,1,3,4,1,2,7,7.0,N,,,,,,,,,,,
2020061873,1828.0,0,0,0,0,0,0,0,0,0,8,0,,67,7,2020,6,39.9235,-75.1805,1813.0,6,0,0,0,0,0,0,0,0,,0,0,0.0,18,1,1,0,N,0,39 55:24.718,,0,75 10:49.471,3,0,0,0,67301,1,0,0,N,1,0,0,2,67301,0,,1,1,,N,N,N,0,,1,0,0,0,0,,1812,1,2,0,0,0,0,0,3,4,0,1,3,3.0,N,,,,,,,,,,,
2020059298,2300.0,1,0,0,0,0,0,0,0,0,4,0,,67,7,2020,1,39.952,-75.2265,2300.0,6,0,0,0,0,0,0,0,0,,0,0,0.0,23,3,0,1,,2,39 57:07.163,2.0,0,75 13:35.533,0,0,0,0,67301,0,0,0,N,0,0,0,2,67301,0,,1,1,2335.0,N,N,N,0,,0,0,1,3,2,N,2300,0,2,0,0,0,0,0,3,4,0,2,3,3.0,N,,,,,,,,,,,
2020106653,835.0,1,0,0,0,0,0,0,0,0,8,0,,67,12,2020,4,40.0097,-75.1961,824.0,6,0,0,0,0,0,0,0,0,,0,0,0.0,8,1,1,0,N,0,40 00:35.039,,99,75 11:45.927,3,0,0,0,67301,1,0,0,N,1,0,0,2,67301,0,,1,1,,N,N,N,0,,1,0,0,0,0,,820,1,2,0,0,0,0,0,3,4,0,1,3,3.0,N,,,,,,,,,,,
2020059552,657.0,2,0,1,0,0,0,0,0,0,1,0,,67,7,2020,1,40.0346,-75.0711,654.0,6,0,0,0,0,1,0,0,0,,0,0,0.0,6,1,1,1,,0,40 02:04.664,,0,75 04:16.099,2,0,0,0,67301,0,0,0,N,0,0,0,3,67301,0,,1,1,,N,N,N,0,,0,1,1,3,2,,652,1,3,0,0,0,0,0,3,4,0,3,3,3.0,N,,,,,,,,,,,
2020060561,2007.0,0,0,0,0,0,0,0,0,0,5,0,,67,7,2020,4,39.9862,-75.1107,2005.0,6,0,0,0,0,0,0,0,0,,0,0,0.0,19,1,0,0,N,1,39 59:10.486,1.0,0,75 06:38.448,0,0,0,0,67301,0,0,0,N,0,0,0,1,67301,0,,6,1,2130.0,N,N,N,2,,0,0,2,0,0,N,1956,0,4,0,0,0,0,0,3,4,0,4,3,3.0,N,,,,,,,,,,,
2020072347,940.0,1,0,1,0,0,0,0,0,0,4,0,,67,7,2020,2,40.03,-75.1044,935.0,6,0,0,0,0,0,2,0,0,,0,0,0.0,9,1,3,1,,2,40 01:48.000,2.0,0,75 06:15.600,2,0,0,0,67301,0,0,0,N,0,0,0,3,67301,0,,1,1,1228.0,N,N,N,0,,2,1,0,3,2,Y,922,3,2,0,0,0,0,0,3,4,1,2,3,,N,,,,,,,,,,,
2020059024,1247.0,4,0,0,0,0,0,0,0,0,1,0,,67,7,2020,6,39.9767,-75.1197,1247.0,6,0,0,0,0,1,1,1,0,,0,0,0.0,12,1,3,0,N,0,39 58:36.150,,0,75 07:10.748,3,0,0,0,67301,0,0,0,N,0,0,0,9,67301,0,,1,9,,N,N,N,0,,3,0,1,0,0,,1244,3,6,0,0,0,0,0,3,4,1,6,4,7.0,N,,,,,,,,,,,
2020059508,512.0,1,0,0,0,0,0,0,0,0,4,0,,67,7,2020,1,39.9247,-75.182,501.0,6,0,0,1,0,0,0,0,0,,0,0,0.0,4,3,2,1,,0,39 55:28.952,,0,75 10:55.160,4,0,0,0,67301,0,0,0,N,0,0,0,2,67301,2,,1,1,,N,N,N,0,,0,0,1,3,3,,457,2,2,0,0,0,0,0,3,4,0,2,3,98.0,N,,,,,,,,,,,
2020104836,957.0,1,0,0,0,0,0,0,0,0,5,1,,67,11,2020,6,39.9765,-75.1958,953.0,6,0,0,0,0,0,1,0,0,,0,1,0.0,9,1,0,0,N,0,39 58:35.324,,0,75 11:44.801,0,0,0,0,67301,0,0,0,N,0,0,0,2,68K01,0,,1,1,,N,N,N,0,,0,0,0,0,0,,947,0,2,0,0,0,0,0,3,4,0,2,3,,N,,,,,,,,,,,
2020060193,128.0,1,0,0,0,0,0,0,0,0,7,0,,67,7,2020,6,39.9838,-75.2081,128.0,6,0,0,0,0,1,0,0,0,,0,0,0.0,1,3,1,0,N,1,39 59:01.822,4.0,0,75 12:29.320,8,0,0,0,67301,0,0,0,N,0,0,0,1,68K01,0,,4,9,130.0,N,N,N,0,,0,0,0,0,0,N,127,1,1,0,0,0,1,0,3,4,0,1,7,,N,,,,,,,,,,,
2020060206,1749.0,1,0,0,0,0,0,0,0,0,7,0,,67,7,2020,6,39.9577,-75.1608,1734.0,6,0,0,0,0,0,1,0,0,,0,0,0.0,17,1,0,0,N,2,39 57:27.857,1.0,0,75 09:39.048,0,0,0,0,67301,0,0,0,N,0,0,0,1,68K01,0,,4,9,1800.0,N,N,N,0,,0,0,0,0,0,N,1725,0,1,0,0,0,0,0,3,4,0,1,3,,N,,,,,,,,,,,
2020060577,543.0,3,0,0,0,0,0,0,0,0,1,0,,67,7,2020,1,40.019,-75.1649,533.0,6,0,0,0,0,0,0,0,1,,0,0,0.0,5,5,0,0,N,2,40 01:08.392,2.0,0,75 09:53.650,0,0,0,0,67301,0,0,0,N,0,0,0,3,67301,0,,1,1,700.0,N,N,N,0,,0,0,0,0,0,Y,532,0,3,0,0,0,0,0,3,4,0,3,3,3.0,N,,,,,,,,,,,
2020103033,1720.0,1,0,0,0,0,0,1,0,0,1,1,,67,11,2020,3,39.9738,-75.2452,1710.0,6,0,0,0,0,0,1,0,0,,0,0,0.0,17,3,0,1,,1,39 58:25.594,1.0,0,75 14:43.063,0,0,0,0,67301,0,0,0,N,0,0,0,2,67508,0,,1,1,9999.0,N,N,Y,0,,0,0,0,3,2,Y,1710,0,2,0,0,0,0,0,3,4,0,2,3,3.0,N,,,,,,,,,,,
2020104721,0.0,0,0,0,0,0,0,0,0,0,1,1,,67,12,2020,6,40.0522,-75.1579,2357.0,6,0,0,0,0,0,0,0,0,,0,1,0.0,23,3,1,0,N,0,40 03:07.820,,0,75 09:28.610,3,0,0,0,67301,1,0,0,N,1,0,0,2,67301,0,,6,9,,N,N,N,1,,1,0,1,0,0,,2335,1,5,0,0,0,0,0,3,4,1,4,7,,N,,,,,,,,,,,
2020106387,703.0,0,0,0,0,0,0,0,0,0,1,1,,67,12,2020,2,39.9918,-75.0858,656.0,6,0,0,0,0,0,0,0,0,,0,1,0.0,6,5,0,0,N,1,39 59:30.466,1.0,0,75 05:08.923,0,0,0,0,67301,0,0,0,N,0,0,0,3,68K01,0,,1,1,640.0,N,N,Y,2,,0,0,0,0,0,N,630,0,3,0,0,0,0,0,3,4,0,3,4,4.0,N,,,,,,,,,,,
2020105507,2213.0,2,0,0,0,0,0,0,0,0,5,0,,67,11,2020,1,39.8994,-75.1659,2201.0,6,0,0,0,0,0,0,0,0,,0,0,0.0,22,3,1,0,N,1,39 53:58.730,2.0,0,75 09:48.776,8,0,0,0,67301,0,0,0,N,0,0,0,2,68K01,0,,1,9,2300.0,N,N,Y,0,,0,0,1,0,0,N,2201,1,3,0,0,0,1,0,3,4,0,3,7,,N,,,,,,,,,,,
2020060509,1205.0,1,0,0,0,0,0,0,0,0,4,0,,67,7,2020,6,39.9125,-75.1381,1159.0,6,0,0,0,0,0,0,0,0,,0,0,0.0,11,1,1,3,,0,39 54:45.058,,0,75 08:17.157,4,0,0,0,67301,0,0,0,N,0,0,0,2,67301,1,,1,1,,N,N,N,0,,0,0,1,3,2,,1156,1,2,0,0,0,0,0,3,4,0,2,4,,N,,,,,,,,,,,
2020060566,1610.0,1,0,0,0,0,0,0,0,0,1,0,,67,7,2020,2,40.0244,-75.1234,1610.0,6,0,0,0,0,0,0,0,0,,0,0,0.0,16,1,1,0,N,0,40 01:27.700,,0,75 07:24.200,3,0,0,0,67301,0,0,0,N,0,0,0,4,67301,0,,1,1,,N,N,N,0,,1,0,0,0,0,,1609,1,3,0,0,1,0,0,3,4,2,3,3,,N,,,,,,,,,,,
2020058869,300.0,1,0,0,0,0,0,0,0,0,5,0,,67,7,2020,1,39.9787,-75.1578,259.0,6,0,0,0,0,0,0,0,0,,0,0,0.0,2,3,0,1,,0,39 58:43.230,,0,75 09:28.092,0,0,0,0,67301,0,0,0,N,0,0,0,3,67505,0,,1,1,,N,N,N,0,,0,0,1,3,2,,259,0,2,0,0,0,0,0,3,4,0,2,3,3.0,N,,,,,,,,,,,
2020060530,20.0,1,0,0,0,0,0,0,0,0,1,0,,67,7,2020,6,40.0278,-75.0986,15.0,6,0,1,0,0,0,0,0,0,,0,0,0.0,0,3,0,1,,0,40 01:40.095,,0,75 05:55.134,0,0,0,0,67301,0,0,0,N,0,0,0,3,67301,0,,1,1,,N,N,N,0,,0,0,2,3,2,,10,0,3,0,0,1,0,0,3,4,0,3,3,3.0,N,,,,,,,,,,,
2020061874,2131.0,1,0,0,0,0,0,0,0,0,4,0,,67,7,2020,6,39.9172,-75.1746,2129.0,6,0,0,0,0,0,1,0,0,,0,0,0.0,21,3,3,1,,2,39 55:02.070,7.0,0,75 10:28.540,3,0,0,0,67301,0,0,0,N,0,0,0,6,67301,0,,1,1,100.0,N,N,N,0,,3,0,1,3,2,Y,2129,3,2,0,0,0,0,0,3,4,0,2,3,3.0,N,,,,,,,,,,,
2020063893,415.0,2,0,0,0,0,0,0,0,0,5,0,,67,7,2020,1,39.9896,-75.2059,412.0,6,0,0,0,0,0,0,0,0,,0,0,0.0,4,3,0,0,N,0,39 59:22.728,,0,75 12:21.224,9,0,0,0,67301,0,0,0,N,0,0,0,1,68K01,0,,2,1,,N,N,N,0,,0,0,0,0,0,,410,0,2,0,0,0,0,1,3,4,0,2,3,,N,,,,,,,,,,,
2020061628,58.0,2,0,0,0,0,0,0,0,0,5,0,,67,7,2020,5,40.0272,-75.1318,56.0,6,0,0,0,0,0,0,0,0,,0,0,0.0,23,3,1,0,N,2,40 01:37.900,3.0,0,75 07:54.440,2,0,0,0,67301,1,0,1,N,0,0,0,2,67301,0,,6,1,258.0,N,N,N,0,,0,1,0,0,0,Y,2307,1,2,0,0,0,0,0,3,4,0,2,3,3.0,N,,,,,,,,,,,
2020060515,145.0,1,0,0,0,0,0,0,0,0,5,0,,67,7,2020,4,39.9485,-75.1773,136.0,6,0,0,0,0,0,0,0,0,,0,0,0.0,1,3,0,0,N,0,39 56:54.750,,0,75 10:38.220,0,0,0,0,67301,0,0,0,N,0,0,0,1,67301,0,,6,1,,N,N,N,0,,0,0,2,0,0,,135,0,3,0,0,0,0,0,3,4,0,3,3,3.0,N,,,,,,,,,,,
2020062360,103.0,1,0,0,0,0,0,0,0,0,5,0,,67,8,2020,4,39.9874,-75.1873,102.0,6,0,0,0,0,0,0,0,0,,0,0,0.0,1,3,0,0,N,1,39 59:14.175,1.0,0,75 11:14.506,0,0,0,0,67301,0,0,0,N,0,0,0,1,67301,0,,6,1,200.0,N,N,N,0,,0,0,1,0,0,N,101,0,3,0,0,0,0,0,3,4,0,3,3,3.0,N,,,,,,,,,,,
2020108148,315.0,0,0,0,1,1,0,0,0,0,4,0,,67,12,2020,6,40.0545,-75.0859,309.0,6,0,0,0,0,0,1,0,0,,1,0,0.0,2,3,0,1,N,0,40 03:16.120,,0,75 05:09.150,1,0,0,0,67301,1,1,0,N,0,0,0,2,67301,0,2.0,1,1,,N,N,N,0,0.0,0,0,1,3,2,,256,0,2,0,0,1,0,0,3,4,0,1,3,3.0,N,,,,,,,,,,,