CRN,ARRIVAL_TM,AUTOMOBILE_COUNT,BELTED_DEATH_COUNT,BELTED_SUSP_SERIOUS_INJ_COUNT,BICYCLE_COUNT,BICYCLE_DEATH_COUNT,BICYCLE_SUSP_SERIOUS_INJ_COUNT,BUS_COUNT,CHLDPAS_DEATH_COUNT,CHLDPAS_SUSP_SERIOUS_INJ_COUNT,COLLISION_TYPE,COMM_VEH_COUNT,CONS_ZONE_SPD_LIM,COUNTY,CRASH_MONTH,CRASH_YEAR,DAY_OF_WEEK,DEC_LAT,DEC_LONG,DISPATCH_TM,DISTRICT,DRIVER_COUNT_16YR,DRIVER_COUNT_17YR,DRIVER_COUNT_18YR,DRIVER_COUNT_19YR,DRIVER_COUNT_20YR,DRIVER_COUNT_50_64YR,DRIVER_COUNT_65_74YR,DRIVER_COUNT_75PLUS,EST_HRS_CLOSED,FATAL_COUNT,HEAVY_TRUCK_COUNT,HORSE_BUGGY_COUNT,HOUR_OF_DAY,ILLUMINATION,INJURY_COUNT,INTERSECT_TYPE,INTERSECTION_RELATED,LANE_CLOSED,LATITUDE,LN_CLOSE_DIR,LOCATION_TYPE,LONGITUDE,MAX_SEVERITY_LEVEL,MCYCLE_DEATH_COUNT,MCYCLE_SUSP_SERIOUS_INJ_COUNT,MOTORCYCLE_COUNT,MUNICIPALITY,NONMOTR_COUNT,NONMOTR_DEATH_COUNT,NONMOTR_SUSP_SERIOUS_INJ_COUNT,NTFY_HIWY_MAINT,PED_COUNT,PED_DEATH_COUNT,PED_SUSP_SERIOUS_INJ_COUNT,PERSON_COUNT,POLICE_AGCY,POSSIBLE_INJ_COUNT,RDWY_SURF_TYPE_CD,RELATION_TO_ROAD,ROAD_CONDITION,ROADWAY_CLEARED,SCH_BUS_IND,SCH_ZONE_IND,SECONDARY_CRASH,SMALL_TRUCK_COUNT,SPEC_JURIS_CD,SUSP_MINOR_INJ_COUNT,SUSP_SERIOUS_INJ_COUNT,SUV_COUNT,TCD_FUNC_CD,TCD_TYPE,TFC_DETOUR_IND,TIME_OF_DAY,TOT_INJ_COUNT,TOTAL_UNITS,UNB_DEATH_COUNT,UNB_SUSP_SERIOUS_INJ_COUNT,UNBELTED_OCC_COUNT,UNK_INJ_DEG_COUNT,UNK_INJ_PER_COUNT,URBAN_AREA,URBAN_RURAL,VAN_COUNT,VEHICLE_COUNT,WEATHER1,WEATHER2,WORK_ZONE_IND,WORK_ZONE_LOC,WORK_ZONE_TYPE,WORKERS_PRES,WZ_CLOSE_DETOUR,WZ_FLAGGER,WZ_LAW_OFFCR_IND,WZ_LN_CLOSURE,WZ_MOVING,WZ_OTHER,WZ_SHLDER_MDN,WZ_WORKERS_INJ_KILLED
2020064022,629.0,1,0,0,0,0,0,0,0,0,7,0,,67,7,2020,6,39.9599,-75.1793,623.0,6,0,0,0,0,0,0,0,0,,0,0,0.0,6,5,0,0,N,1,39 57:35.766,3.0,3,75 10:45.391,0,0,0,0,67301,0,0,0,N,0,0,0,1,68K01,0,,2,9,700.0,N,N,N,0,,0,0,0,0,0,N,620,0,1,0,0,0,0,0,3,4,0,1,7,,N,,,,,,,,,,,
2020077914,301.0,2,0,0,0,0,0,0,0,0,4,0,,67,7,2020,5,39.9909,-75.1148,301.0,6,0,0,0,0,0,1,0,0,,0,0,0.0,3,3,1,2,,0,39 59:27.161,,0,75 06:53.387,3,0,0,0,67301,0,0,0,N,0,0,0,3,67301,0,,1,1,,N,N,N,0,,1,0,0,3,2,,300,1,2,0,0,0,0,0,3,4,0,2,3,3.0,N,,,,,,,,,,,
2020101882,1510.0,0,0,0,0,0,0,0,0,0,5,1,,67,11,2020,3,40.0094,-75.1158,1505.0,6,0,0,0,0,0,0,0,0,,0,1,0.0,15,1,0,0,N,0,40 00:33.880,,0,75 06:57.030,0,0,0,0,67301,1,0,0,N,0,0,0,3,67301,0,,6,1,,N,N,N,0,,0,0,1,0,0,,1500,0,2,0,0,0,0,0,3,4,0,2,3,3.0,N,,,,,,,,,,,
2020056643,1050.0,1,0,0,0,0,0,0,0,0,4,0,,67,7,2020,5,40.0335,-75.0853,1045.0,6,0,0,0,0,0,0,0,0,,0,0,0.0,10,1,2,1,,1,40 02:00.711,7.0,0,75 05:07.191,3,0,0,0,67301,0,0,0,N,0,0,0,3,67301,1,,1,1,1100.0,N,N,N,0,,1,0,0,3,2,N,1040,2,2,0,0,0,0,0,3,4,1,2,3,3.0,N,,,,,,,,,,,
2020058399,2240.0,1,0,0,0,0,0,0,0,0,4,0,,67,7,2020,2,39.9976,-75.1587,2227.0,6,0,0,0,0,0,0,1,0,,0,0,0.0,22,3,0,2,,0,39 59:51.522,,0,75 09:31.334,0,0,0,0,67301,0,0,0,N,0,0,0,2,67508,0,,1,1,,N,N,Y,0,,0,0,0,3,3,,2227,0,2,0,0,1,0,0,3,4,1,2,3,3.0,N,,,,,,,,,,,
2020056293,1135.0,1,0,0,0,0,0,0,0,0,5,0,,67,7,2020,6,39.9728,-75.1591,1130.0,6,0,0,0,0,0,0,0,0,,0,0,0.0,11,1,0,0,N,1,39 58:22.019,1.0,0,75 09:32.692,0,0,0,0,67301,0,0,0,N,0,0,0,2,67505,0,,1,1,59.0,N,N,N,0,,0,0,1,0,0,N,1125,0,2,0,0,0,0,0,3,4,0,2,3,3.0,N,,,,,,,,,,,
2020059352,1816.0,1,0,0,0,0,0,0,0,0,7,0,,67,7,2020,2,39.9818,-75.1017,1800.0,6,0,0,0,0,1,0,0,0,,0,0,0.0,17,1,0,0,N,1,39 58:54.519,2.0,0,75 06:06.178,0,0,0,0,67301,0,0,0,N,0,0,0,1,68K01,0,,4,1,1900.0,N,N,N,0,,0,0,0,0,0,N,1759,0,1,0,0,0,0,0,3,4,0,1,3,3.0,N,,,,,,,,,,,
2020061611,955.0,0,0,0,0,0,0,1,0,0,8,1,,67,7,2020,6,40.0455,-75.1649,945.0,6,0,0,0,0,0,0,0,0,,0,0,0.0,9,1,1,1,N,0,40 02:43.799,,0,75 09:53.518,3,0,0,0,67301,1,0,0,N,1,0,0,2,67508,0,,1,9,,N,N,Y,0,,1,0,0,3,2,,945,1,2,0,0,0,0,0,3,4,0,1,7,7.0,N,,,,,,,,,,,
2020057854,409.0,0,0,0,0,0,0,0,0,0,8,0,,67,7,2020,3,39.9959,-75.1542,403.0,6,0,0,0,0,0,0,0,0,,0,0,0.0,22,3,1,0,N,0,39 59:45.143,,0,75 09:15.020,3,0,0,0,67301,1,0,0,N,1,0,0,2,67301,0,,1,1,,N,N,N,0,,1,0,0,0,0,,2229,1,2,0,0,0,0,0,3,4,0,1,3,3.0,N,,,,,,,,,,,
2020103831,2017.0,2,0,0,0,0,0,0,0,0,1,0,,67,11,2020,4,39.9773,-75.1998,2006.0,6,0,0,0,0,0,0,0,0,,0,0,0.0,19,3,1,0,N,1,39 58:38.314,4.0,0,75 11:59.113,4,0,0,0,67301,0,0,0,N,0,0,0,3,68K01,1,,1,1,30.0,N,N,N,0,,0,0,0,0,0,N,1956,1,2,0,0,0,0,0,3,4,0,2,3,,N,,,,,,,,,,,
2020056664,55.0,1,0,0,0,0,0,0,0,0,4,0,,67,7,2020,6,39.9809,-75.1989,33.0,6,0,0,0,0,1,0,0,0,,0,0,0.0,23,3,2,0,N,0,39 58:51.115,,0,75 11:56.192,3,0,0,0,67301,0,0,0,N,0,0,0,3,67301,0,,1,1,,N,N,N,0,,2,0,1,0,0,,2359,2,2,0,0,0,0,0,3,4,0,2,3,3.0,N,,,,,,,,,,,
2020102387,1406.0,1,0,0,0,0,0,0,0,0,1,0,,67,11,2020,5,39.9735,-75.1196,1406.0,6,0,0,0,0,0,0,0,0,,0,0,0.0,13,1,4,0,N,1,39 58:24.443,1.0,0,75 07:10.433,8,0,0,0,67301,0,0,0,N,0,0,0,4,68K01,0,,1,1,1430.0,N,N,N,0,,0,0,1,0,0,N,1348,4,2,0,0,0,4,0,3,4,0,2,3,3.0,N,,,,,,,,,,,
2020102384,1919.0,1,0,0,0,0,0,0,0,0,1,0,,67,11,2020,4,40.0519,-74.9885,1910.0,6,0,0,0,0,0,0,0,0,,0,0,0.0,19,3,0,0,N,0,40 03:07.003,,0,74 59:18.757,0,0,0,0,67301,0,0,0,N,0,0,0,1,68K01,0,,1,1,,N,N,N,0,,0,0,1,0,0,,1907,0,2,0,0,0,0,0,3,4,0,2,3,3.0,N,,,,,,,,,,,
2020060175,1513.0,0,0,0,0,0,0,0,0,0,7,0,,67,7,2020,3,39.9453,-75.1427,1513.0,6,0,0,0,0,0,0,0,0,,0,0,0.0,15,1,0,0,N,1,39 56:43.109,2.0,0,75 08:33.555,0,0,0,0,67301,0,0,0,N,0,0,0,1,68K01,0,,4,1,1600.0,N,N,N,0,,0,0,1,0,0,N,1513,0,1,0,0,0,0,0,3,4,0,1,3,,N,,,,,,,,,,,
2020103818,1458.0,0,0,0,0,0,0,0,0,0,1,0,,67,11,2020,1,39.8901,-75.2008,1449.0,6,0,0,0,0,0,0,0,0,,0,0,0.0,14,1,1,0,N,0,39 53:28.517,,0,75 11:57.103,3,0,0,0,67301,0,0,0,N,0,0,0,2,68K01,0,,1,1,,N,N,N,1,,1,0,1,0,0,,1430,1,2,0,0,0,0,0,3,4,0,2,4,,N,,,,,,,,,,,
2020061878,1735.0,0,0,0,0,0,0,0,0,0,8,0,,67,7,2020,6,40.0389,-75.1439,1734.0,6,0,0,0,0,0,0,1,0,,0,0,0.0,17,1,1,0,N,0,40 02:20.005,,0,75 08:38.115,3,0,0,1,67301,1,0,0,N,1,0,0,3,67301,0,,4,1,,N,N,N,0,,1,0,1,0,0,,1730,1,3,0,0,1,0,0,3,4,0,2,3,3.0,N,,,,,,,,,,,
2020057385,1430.0,1,0,0,0,0,0,0,0,0,4,0,,67,7,2020,2,40.0034,-75.0658,1423.0,6,0,0,0,0,0,0,0,0,,0,0,0.0,14,1,0,2,,2,40 00:12.155,3.0,0,75 03:56.927,9,0,0,0,67301,0,0,0,N,0,0,0,2,67301,0,,1,1,1505.0,N,N,N,0,,0,0,1,3,3,N,1400,0,2,0,0,0,0,2,3,4,0,2,3,3.0,N,,,,,,,,,,,
2020103021,2225.0,1,0,0,0,0,0,0,0,0,2,0,,67,11,2020,1,40.0059,-75.1135,2224.0,6,0,0,0,0,0,0,0,0,,0,1,0.0,22,3,2,2,,0,40 00:21.351,,0,75 06:48.588,3,0,0,0,67301,0,0,0,N,0,0,0,2,67301,0,,1,9,,N,N,N,0,,2,0,1,3,3,,2217,2,3,0,0,0,0,0,3,4,0,3,7,,N,,,,,,,,,,,
2020103826,2101.0,2,0,0,0,0,0,0,0,0,4,0,,67,11,2020,2,39.9776,-75.2012,2059.0,6,0,0,0,0,0,1,0,0,,0,0,0.0,20,3,0,0,N,0,39 58:39.435,,0,75 12:04.151,0,0,0,0,67301,0,0,0,N,0,0,0,2,68K01,0,,1,1,,N,N,N,0,,0,0,0,0,0,,2055,0,2,0,0,0,0,0,3,4,0,2,3,,N,,,,,,,,,,,
2020063518,1035.0,1,0,0,0,0,0,0,0,0,1,0,,67,7,2020,6,39.9659,-75.2319,1033.0,6,0,0,0,0,0,0,0,0,,0,0,0.0,10,1,1,0,N,0,39 57:57.280,,0,75 13:54.680,3,0,0,0,67301,0,0,0,N,0,0,0,2,67301,0,,1,8,,N,N,N,0,,1,0,0,0,0,,1032,1,2,0,0,0,0,0,3,4,1,2,7,4.0,N,,,,,,,,,,,
2020103146,1850.0,0,0,0,0,0,0,1,0,0,4,1,,67,11,2020,4,40.0138,-75.126,1835.0,6,0,0,0,0,0,0,0,0,,0,0,0.0,18,2,1,1,N,0,40 00:49.824,,0,75 07:33.527,8,0,0,0,67301,0,0,0,N,0,0,0,4,67508,0,,1,9,,N,N,Y,0,,0,0,1,3,2,,1835,1,2,0,0,0,1,2,3,4,0,2,7,7.0,N,,,,,,,,,,,
2020058205,2115.0,1,0,0,0,0,0,0,0,0,4,0,,67,7,2020,2,39.989,-75.1409,2115.0,6,0,0,0,0,0,0,0,0,,0,0,0.0,20,4,3,1,,0,39 59:20.439,,0,75 08:27.146,3,0,0,0,67301,0,0,0,N,0,0,0,4,67301,0,,1,1,,N,N,N,0,,3,0,0,3,2,,2007,3,2,0,0,0,0,0,3,4,0,2,3,,N,,,,,,,,,,,
2020059382,1011.0,0,0,0,0,0,0,0,0,0,7,0,,67,7,2020,5,39.8868,-75.2056,1003.0,6,0,0,0,0,0,0,1,0,,0,0,0.0,10,1,0,0,N,1,39 53:14.763,2.0,0,75 12:16.003,0,0,0,0,67301,0,0,0,N,0,0,0,1,68K01,0,,4,9,45.0,N,N,N,1,,0,0,0,0,0,N,1001,0,1,0,0,0,0,0,3,4,0,1,7,,N,,,,,,,,,,,
2020104448,1021.0,1,0,0,0,0,0,0,0,0,98,0,,67,11,2020,7,39.9984,-75.1958,1009.0,6,0,0,0,0,0,0,0,1,,0,0,0.0,10,1,0,0,N,0,39 59:54.109,,0,75 11:45.059,0,0,0,0,67301,0,0,0,N,0,0,0,1,68K01,0,,1,1,,N,N,N,0,,0,0,0,0,0,,1006,0,1,0,0,0,0,0,3,4,0,1,3,,N,,,,,,,,,,,
2020055594,35.0,3,0,0,0,0,0,0,0,0,6,0,,67,7,2020,4,40.0125,-75.1401,30.0,6,0,0,0,0,0,0,0,0,,0,0,0.0,0,3,0,1,,0,40 00:45.093,,0,75 08:24.381,9,0,0,0,67301,0,0,0,N,0,0,0,3,67301,0,,1,1,,N,N,N,0,,0,0,1,3,3,,10,0,4,0,0,0,0,2,3,4,0,4,3,3.0,N,,,,,,,,,,,
2020103288,20.0,0,0,0,0,0,0,0,0,0,5,1,,67,11,2020,7,39.8862,-75.2066,16.0,6,0,0,0,0,0,0,1,0,,0,1,0.0,0,3,0,0,N,0,39 53:43.627,,3,75 11:35.333,9,0,0,0,67301,0,0,0,N,0,0,0,2,68K01,0,,1,1,,N,N,N,0,,0,0,1,0,0,,11,0,2,0,0,0,0,1,3,4,0,2,3,3.0,N,,,,,,,,,,,
2020059023,2335.0,2,0,0,0,0,0,0,0,0,1,0,,67,7,2020,5,40.0063,-75.194,2235.0,6,0,0,0,0,0,1,0,0,,0,0,0.0,21,3,0,0,N,2,40 00:22.618,3.0,8,75 11:38.245,0,0,0,0,67301,0,0,0,N,0,0,0,3,67301,0,,1,1,2300.0,N,N,N,0,,0,0,0,0,0,N,2150,0,2,0,0,0,0,0,3,4,0,2,3,3.0,N,,,,,,,,,,,
2020103523,1710.0,2,0,0,0,0,0,0,0,0,4,0,,67,12,2020,3,39.9512,-75.2455,1706.0,6,0,0,0,0,0,0,0,0,,0,0,0.0,16,4,2,0,N,0,39 57:04.440,,0,75 14:43.820,4,0,0,0,67301,0,0,0,N,0,0,0,3,67301,2,,1,1,,N,N,N,0,,0,0,0,0,0,,1659,2,3,0,0,0,0,1,3,4,0,3,3,,N,,,,,,,,,,,
2020057851,1334.0,0,0,0,0,0,0,0,0,0,5,0,,67,7,2020,4,39.9177,-75.2114,1334.0,6,0,0,0,0,0,0,0,0,,0,0,0.0,13,1,0,0,N,0,39 55:03.867,,0,75 12:40.916,0,0,0,0,67301,0,0,0,N,0,0,0,3,67301,0,,1,1,,N,N,N,0,,0,0,2,0,0,,1300,0,2,0,0,0,0,0,3,4,0,2,3,3.0,N,,,,,,,,,,,
2020101023,1555.0,0,0,0,0,0,0,1,0,0,1,1,,67,11,2020,4,40.0228,-75.159,1530.0,6,0,0,0,0,0,1,0,0,,0,0,0.0,15,1,3,5,,0,40 01:22.042,,0,75 09:32.483,8,0,0,0,67301,0,0,0,N,0,0,0,5,67508,0,,1,1,,N,N,Y,1,,0,0,0,3,3,,1530,3,2,0,0,0,3,0,3,4,0,2,3,3.0,N,,,,,,,,,,,
2020056851,110.0,2,0,0,0,0,0,0,0,0,5,0,,67,7,2020,6,39.9168,-75.1611,106.0,6,0,0,0,0,0,0,0,0,,0,0,0.0,0,3,0,0,N,2,39 55:00.316,2.0,0,75 09:40.049,0,0,0,0,67301,0,0,0,N,0,0,0,1,67301,0,,6,1,220.0,N,N,N,2,,0,0,1,0,0,Y,6,0,5,0,0,0,0,0,3,4,0,5,3,3.0,N,,,,,,,,,,,
2020057654,2028.0,1,0,0,0,0,0,0,0,0,4,0,,67,7,2020,7,40.064,-75.0596,2025.0,6,0,0,0,0,0,0,0,0,,0,0,0.0,20,1,1,1,,0,40 03:50.306,,0,75 03:34.568,8,0,0,1,67301,0,0,0,N,0,0,0,2,67301,0,,1,1,,N,N,N,0,,0,0,0,3,3,,2025,1,2,0,0,1,1,0,3,4,0,2,3,3.0,N,,,,,,,,,,,
2020056852,1015.0,2,0,0,0,0,0,0,0,0,5,0,,67,7,2020,1,40.0058,-75.1856,1010.0,6,0,0,0,0,0,0,0,0,,0,0,0.0,10,1,1,0,N,0,40 00:20.902,,0,75 11:08.043,4,0,0,0,67301,0,0,0,N,0,0,0,1,67301,1,,6,1,,N,N,N,0,,0,0,0,0,0,,1000,1,2,0,0,0,0,0,3,4,0,2,3,3.0,N,,,,,,,,,,,
2020057680,2000.0,0,0,0,0,0,0,0,0,0,7,0,,67,7,2020,3,40.0519,-75.1854,2000.0,6,0,0,0,0,0,0,0,0,,0,0,0.0,20,1,0,0,N,0,40 03:06.894,,0,75 11:07.445,0,0,0,0,67301,0,0,0,N,0,0,0,1,67301,0,,5,1,,N,N,N,0,,0,0,1,3,2,,2000,0,1,0,0,0,0,0,3,4,0,1,3,3.0,N,,,,,,,,,,,
2020104036,2130.0,2,0,0,0,0,0,0,0,0,1,0,,67,12,2020,4,40.0079,-75.1723,2124.0,6,0,0,0,0,0,0,0,0,,0,0,0.0,20,3,0,1,,0,40 00:28.314,,0,75 10:20.141,0,0,0,0,67301,0,0,0,N,0,0,0,1,67301,0,,1,1,,N,N,N,0,,0,0,0,3,2,,2056,0,2,0,0,0,0,0,3,4,0,2,3,3.0,N,,,,,,,,,,,
2020058755,2200.0,2,0,0,0,0,0,0,0,0,4,0,,67,7,2020,5,39.9802,-75.1575,2200.0,6,0,0,1,0,1,0,0,0,,0,0,0.0,22,3,1,1,,0,39 58:48.797,,0,75 09:27.327,4,0,0,0,67301,0,0,0,Y,0,0,0,3,67505,1,,1,1,,N,N,N,0,,0,0,0,3,2,,2200,1,2,0,0,0,0,0,3,4,0,2,3,3.0,N,,,,,,,,,,,
2020103317,543.0,1,0,0,0,0,0,0,0,0,1,0,,67,11,2020,5,39.9699,-75.1255,520.0,6,0,0,0,0,0,0,0,0,,0,0,0.0,5,3,1,6,N,0,39 58:11.804,,0,75 07:31.625,4,0,0,0,67301,0,0,0,N,0,0,0,3,68K01,1,,1,9,,N,N,N,0,,0,0,1,0,0,,506,1,2,0,0,0,0,1,3,4,0,2,7,,N,,,,,,,,,,,
2020056653,346.0,2,0,0,0,0,0,0,0,0,4,0,,67,7,2020,6,40.0204,-75.0803,332.0,6,0,0,0,0,0,0,0,0,,0,0,0.0,2,3,0,0,N,0,40 01:13.377,,0,75 04:49.032,0,0,0,0,67301,0,0,0,N,0,0,0,2,67301,0,,1,1,,N,N,N,0,,0,0,0,0,0,,235,0,2,0,0,0,0,0,3,4,0,2,3,,N,,,,,,,,,,,
2020056649,2330.0,4,0,1,0,0,0,0,0,0,4,0,,67,7,2020,5,39.9246,-75.2331,2330.0,6,0,0,0,0,0,0,0,0,,0,0,0.0,23,3,2,1,,0,39 55:28.434,,0,75 13:59.258,2,0,0,0,67301,0,0,0,N,0,0,0,2,67301,0,,1,1,,N,N,N,0,,1,1,1,3,2,,2330,2,6,0,0,1,0,0,3,4,1,6,3,3.0,N,,,,,,,,,,,
2020103299,1902.0,0,0,0,0,0,0,0,0,0,7,0,,67,11,2020,2,39.9632,-75.1839,1855.0,6,0,0,0,0,0,0,0,0,,0,0,0.0,18,3,0,0,N,0,39 57:47.575,,0,75 11:02.075,0,0,0,0,67301,0,0,0,N,0,0,0,1,68K01,0,,4,1,,N,N,N,0,,0,0,0,0,0,,1855,0,1,0,0,0,0,0,3,4,1,1,3,3.0,N,,,,,,,,,,,
2020103306,1334.0,1,0,0,0,0,0,0,0,0,1,0,,67,11,2020,3,39.9574,-75.1583,1321.0,6,0,0,0,0,0,1,0,0,,0,0,0.0,13,1,0,0,N,1,39 57:26.652,3.0,0,75 09:29.981,0,0,0,0,67301,0,0,0,N,0,0,0,3,68K01,0,,1,1,1430.0,N,N,N,1,,0,0,1,0,0,N,1319,0,3,0,0,1,0,0,3,4,0,3,3,,N,,,,,,,,,,,
2020056351,1832.0,0,0,0,1,0,0,0,0,0,4,0,,67,7,2020,5,39.9803,-75.2141,1828.0,6,0,0,0,0,0,0,0,0,,0,0,0.0,18,1,1,1,,0,39 58:48.993,,0,75 12:51.108,3,0,0,0,67301,1,0,0,N,0,0,0,2,67301,0,,1,1,,N,N,N,0,,1,0,0,3,2,,1823,1,2,0,0,0,0,0,3,4,0,1,3,3.0,N,,,,,,,,,,,
2020056957,650.0,1,0,0,0,0,0,0,0,0,5,0,,67,7,2020,1,40.0135,-75.1231,650.0,6,0,0,0,0,0,0,0,0,,0,0,0.0,6,1,1,0,N,0,40 00:48.500,,7,75 07:23.040,4,0,0,0,67301,0,0,0,N,0,0,0,3,67301,1,,1,1,,N,N,Y,0,,0,0,2,3,2,,640,1,3,0,0,0,0,0,3,4,0,3,3,,N,,,,,,,,,,,
2020058086,1220.0,0,0,0,0,0,0,0,0,0,4,0,,67,7,2020,4,39.9489,-75.2394,1217.0,6,0,0,0,0,0,0,0,0,,0,0,0.0,12,1,1,1,,0,39 56:56.158,,0,75 14:22.009,3,0,0,0,67301,0,0,0,N,0,0,0,2,67301,0,,1,1,,N,N,N,0,,1,0,2,3,3,,1207,1,2,0,0,0,0,1,3,4,0,2,3,,N,,,,,,,,,,,
2020103330,1910.0,1,0,0,0,0,0,0,0,0,5,0,,67,11,2020,6,39.8991,-75.174,1904.0,6,0,0,0,0,0,0,0,0,,0,0,0.0,18,3,0,6,N,0,39 53:55.828,,2,75 10:15.552,9,0,0,0,67301,0,0,0,N,0,0,0,2,68K01,0,,1,1,,N,N,N,1,,0,0,0,3,3,,1858,0,2,0,0,0,0,1,3,4,0,2,3,3.0,N,,,,,,,,,,,
2020057760,1815.0,2,0,0,0,0,0,0,0,0,4,0,,67,7,2020,1,40.0013,-75.1261,1757.0,6,0,0,0,0,0,1,0,0,,0,0,0.0,15,1,1,1,,0,40 00:04.608,,0,75 07:33.794,3,0,0,0,67301,0,0,0,N,0,0,0,3,67301,0,,1,99,,N,N,N,0,,1,0,0,3,3,,1530,1,2,0,0,0,0,2,3,4,0,2,3,,N,,,,,,,,,,,
2020057382,2340.0,1,0,0,0,0,0,0,0,0,4,0,,67,7,2020,1,39.9033,-75.1571,2339.0,6,0,0,1,0,0,0,0,0,,0,0,0.0,23,3,1,0,N,2,39 54:11.780,6.0,0,75 09:25.510,2,0,1,1,67301,0,0,0,N,0,0,0,2,67301,0,,1,1,200.0,N,N,N,0,,0,1,0,0,0,Y,2330,1,2,0,0,1,0,0,3,4,0,2,3,3.0,N,,,,,,,,,,,
2020103310,1843.0,0,0,0,0,0,0,0,0,0,5,1,,67,11,2020,3,39.9668,-75.1876,1836.0,6,0,0,0,0,0,0,0,0,,0,1,0.0,18,3,1,0,N,1,39 58:00.554,4.0,0,75 11:15.483,3,0,0,0,67301,0,0,0,N,0,0,0,1,68K01,0,,1,1,1930.0,N,N,N,0,,1,0,0,0,0,Y,1832,1,2,0,0,0,0,0,3,4,0,2,3,,N,,,,,,,,,,,
2020057132,2059.0,1,0,0,0,0,0,0,0,0,8,0,,67,7,2020,7,39.9906,-75.1592,2054.0,6,0,0,0,0,0,0,0,0,,0,0,0.0,20,1,1,0,N,2,39 59:26.330,2.0,0,75 09:33.040,2,0,0,0,67301,1,0,1,N,1,0,1,2,67301,0,,1,1,100.0,N,N,N,0,,0,1,0,0,0,Y,2047,1,2,0,0,0,0,0,3,4,0,1,3,3.0,N,,,,,,,,,,,
2020059119,1120.0,1,0,0,0,0,0,0,0,0,4,0,,67,7,2020,4,40.071,-75.0378,1114.0,6,0,0,0,0,0,0,2,0,,0,0,0.0,11,1,2,1,,2,40 04:15.698,6.0,0,75 02:16.038,8,0,0,0,67301,0,0,0,N,0,0,0,3,67301,0,,1,1,1215.0,N,N,N,0,,0,0,1,1,2,Y,1112,2,2,0,0,0,2,0,3,4,0,2,3,,N,,,,,,,,,,,
2020056902,1526.0,0,0,0,0,0,0,0,0,0,1,0,,67,7,2020,6,40.0103,-75.207,1436.0,6,0,0,0,0,0,1,0,0,,0,0,0.0,14,1,4,0,N,0,40 00:37.085,,0,75 12:25.233,3,0,0,0,67301,0,0,0,N,0,0,0,5,68K01,0,,1,1,,N,N,N,0,,4,0,2,0,0,,1434,4,2,0,0,0,0,0,3,4,0,2,3,,N,,,,,,,,,,,
2020103342,1716.0,0,0,0,0,0,0,0,0,0,1,0,,67,11,2020,1,40.0096,-75.0648,1716.0,6,0,0,0,0,0,1,0,0,,0,0,0.0,17,3,0,0,N,1,40 00:34.735,1.0,0,75 03:53.102,0,0,0,0,67301,0,0,0,N,0,0,0,2,68K01,0,,1,1,1735.0,N,N,N,0,,0,0,2,0,0,N,1702,0,2,0,0,0,0,0,3,4,0,2,3,,N,,,,,,,,,,,
2020058208,1456.0,2,0,0,0,0,0,0,0,0,1,0,,67,7,2020,4,40.0231,-75.1505,1345.0,6,0,0,0,0,0,0,0,0,,0,0,0.0,13,1,1,0,N,0,40 01:23.300,,0,75 09:01.700,3,0,0,0,67301,0,0,0,N,0,0,0,3,67301,0,,1,1,,N,N,N,0,,1,0,0,0,0,,1302,1,2,0,0,0,0,0,3,4,0,2,3,3.0,N,,,,,,,,,,,
2020103597,1545.0,2,0,0,0,0,0,0,0,0,6,0,,67,12,2020,3,40.0602,-75.0519,1545.0,6,0,0,0,0,0,1,0,0,,0,0,0.0,15,1,1,1,,0,40 03:36.751,,0,75 03:06.881,4,0,0,0,67301,0,0,0,N,0,0,0,3,67301,1,,1,1,,N,N,N,0,,0,0,0,3,3,,1542,1,2,0,0,0,0,0,3,4,0,2,3,,N,,,,,,,,,,,
2020058619,1719.0,1,0,0,0,0,0,0,0,0,4,0,,67,7,2020,5,39.9507,-75.2289,1717.0,6,0,0,0,0,0,0,0,0,,0,0,0.0,17,1,0,1,,0,39 57:02.545,,0,75 13:43.896,0,0,0,0,67301,0,0,0,N,0,0,0,3,67301,0,,1,1,,N,N,N,0,,0,0,1,0,0,,1716,0,2,0,0,0,0,0,3,4,0,2,3,,N,,,,,,,,,,,
2020056646,1715.0,1,0,0,0,0,0,0,0,0,4,0,,67,7,2020,6,40.1198,-75.0159,1715.0,6,0,0,0,0,0,0,0,0,,0,0,0.0,17,1,0,0,N,0,40 07:11.200,,7,75 00:57.300,0,0,0,0,67301,0,0,0,N,0,0,0,2,67301,0,,1,1,,N,N,N,0,,0,0,1,0,0,,1710,0,2,0,0,1,0,0,3,4,0,2,3,3.0,N,,,,,,,,,,,
2020058615,2330.0,2,0,0,0,0,0,0,0,0,5,0,,67,7,2020,5,40.0789,-74.9984,2325.0,6,0,0,0,0,0,1,0,0,,0,0,0.0,23,3,0,0,N,0,40 04:44.032,,0,74 59:54.062,0,0,0,0,67301,2,0,0,N,0,0,0,3,67301,0,,6,1,,N,N,N,1,,0,0,0,0,0,,2320,0,3,0,0,1,0,0,3,4,0,3,3,3.0,N,,,,,,,,,,,
2020057657,135.0,1,0,0,0,0,0,0,0,0,7,0,,67,7,2020,3,40.0138,-75.056,130.0,6,0,0,0,0,0,0,0,0,,0,0,0.0,1,3,0,1,,2,40 00:49.843,2.0,0,75 03:21.464,0,0,0,0,67301,0,0,0,N,0,0,0,2,67301,0,,4,1,245.0,N,N,N,0,,0,0,1,3,2,Y,125,0,2,0,0,1,0,0,3,4,0,2,3,3.0,N,,,,,,,,,,,