CRN,ARRIVAL_TM,AUTOMOBILE_COUNT,BELTED_DEATH_COUNT,BELTED_SUSP_SERIOUS_INJ_COUNT,BICYCLE_COUNT,BICYCLE_DEATH_COUNT,BICYCLE_SUSP_SERIOUS_INJ_COUNT,BUS_COUNT,CHLDPAS_DEATH_COUNT,CHLDPAS_SUSP_SERIOUS_INJ_COUNT,COLLISION_TYPE,COMM_VEH_COUNT,CONS_ZONE_SPD_LIM,COUNTY,CRASH_MONTH,CRASH_YEAR,DAY_OF_WEEK,DEC_LAT,DEC_LONG,DISPATCH_TM,DISTRICT,DRIVER_COUNT_16YR,DRIVER_COUNT_17YR,DRIVER_COUNT_18YR,DRIVER_COUNT_19YR,DRIVER_COUNT_20YR,DRIVER_COUNT_50_64YR,DRIVER_COUNT_65_74YR,DRIVER_COUNT_75PLUS,EST_HRS_CLOSED,FATAL_COUNT,HEAVY_TRUCK_COUNT,HORSE_BUGGY_COUNT,HOUR_OF_DAY,ILLUMINATION,INJURY_COUNT,INTERSECT_TYPE,INTERSECTION_RELATED,LANE_CLOSED,LATITUDE,LN_CLOSE_DIR,LOCATION_TYPE,LONGITUDE,MAX_SEVERITY_LEVEL,MCYCLE_DEATH_COUNT,MCYCLE_SUSP_SERIOUS_INJ_COUNT,MOTORCYCLE_COUNT,MUNICIPALITY,NONMOTR_COUNT,NONMOTR_DEATH_COUNT,NONMOTR_SUSP_SERIOUS_INJ_COUNT,NTFY_HIWY_MAINT,PED_COUNT,PED_DEATH_COUNT,PED_SUSP_SERIOUS_INJ_COUNT,PERSON_COUNT,POLICE_AGCY,POSSIBLE_INJ_COUNT,RDWY_SURF_TYPE_CD,RELATION_TO_ROAD,ROAD_CONDITION,ROADWAY_CLEARED,SCH_BUS_IND,SCH_ZONE_IND,SECONDARY_CRASH,SMALL_TRUCK_COUNT,SPEC_JURIS_CD,SUSP_MINOR_INJ_COUNT,SUSP_SERIOUS_INJ_COUNT,SUV_COUNT,TCD_FUNC_CD,TCD_TYPE,TFC_DETOUR_IND,TIME_OF_DAY,TOT_INJ_COUNT,TOTAL_UNITS,UNB_DEATH_COUNT,UNB_SUSP_SERIOUS_INJ_COUNT,UNBELTED_OCC_COUNT,UNK_INJ_DEG_COUNT,UNK_INJ_PER_COUNT,URBAN_AREA,URBAN_RURAL,VAN_COUNT,VEHICLE_COUNT,WEATHER1,WEATHER2,WORK_ZONE_IND,WORK_ZONE_LOC,WORK_ZONE_TYPE,WORKERS_PRES,WZ_CLOSE_DETOUR,WZ_FLAGGER,WZ_LAW_OFFCR_IND,WZ_LN_CLOSURE,WZ_MOVING,WZ_OTHER,WZ_SHLDER_MDN,WZ_WORKERS_INJ_KILLED
2020060179,45.0,1,0,0,0,0,0,0,0,0,7,0,,67,7,2020,4,39.9016,-75.1521,30.0,6,0,0,0,0,0,1,0,0,,0,0,0.0,0,3,0,0,N,1,39 54:08.312,2.0,0,75 09:04.623,0,0,0,0,67301,0,0,0,N,0,0,0,1,68K01,0,,4,1,30.0,N,N,N,0,,0,0,0,0,0,N,30,0,1,0,0,0,0,0,3,4,0,1,7,,N,,,,,,,,,,,
2020103796,2314.0,2,0,0,0,0,0,0,0,0,1,0,,67,10,2020,5,39.8862,-75.2075,2258.0,6,0,0,0,0,0,0,0,0,,0,0,0.0,22,3,1,0,N,1,39 53:11.524,2.0,0,75 12:23.007,3,0,0,0,67301,0,0,0,N,0,0,0,2,68K01,0,,1,9,2345.0,N,N,N,0,,1,0,0,0,0,N,2248,1,2,0,0,0,0,0,3,4,0,2,7,,N,,,,,,,,,,,
2020103820,2133.0,1,0,0,0,0,0,0,0,0,7,0,,67,11,2020,1,39.9571,-75.157,2131.0,6,0,0,0,0,0,0,0,0,,0,0,0.0,21,3,0,0,N,2,39 57:25.685,3.0,0,75 09:25.226,0,0,0,0,67301,0,0,0,N,0,0,0,1,68K01,0,,3,9,100.0,N,N,Y,0,,0,0,0,0,0,N,2116,0,1,0,0,0,0,0,3,4,0,1,7,,N,,,,,,,,,,,
2020056647,1830.0,1,0,0,1,0,0,0,0,0,5,0,,67,7,2020,5,39.9184,-75.2093,1822.0,6,0,0,0,0,0,0,0,0,,0,0,0.0,18,4,1,0,N,0,39 55:06.350,,0,75 12:33.320,4,0,0,0,67301,1,0,0,N,0,0,0,2,67301,1,,1,1,,N,N,N,0,,0,0,0,0,0,,1822,1,2,0,0,1,0,0,3,4,0,1,3,3.0,N,,,,,,,,,,,
2020057389,506.0,4,0,0,0,0,0,0,0,0,5,0,,67,7,2020,6,40.0309,-75.1317,500.0,6,0,0,0,0,0,0,0,0,,0,0,0.0,5,3,0,0,N,0,40 01:51.240,,0,75 07:54.180,0,0,0,0,67301,0,0,0,N,0,0,0,1,67301,0,,6,1,,N,N,N,0,,0,0,1,0,0,,500,0,6,0,0,1,0,0,3,4,0,5,3,,N,,,,,,,,,,,
2020057130,1122.0,1,0,0,0,0,0,0,0,0,5,0,90.0,67,7,2020,2,39.9869,-75.2159,1120.0,6,0,0,0,0,0,1,1,0,,0,0,0.0,11,1,0,0,N,1,39 59:12.668,1.0,0,75 12:57.268,0,0,0,0,67301,0,0,0,N,0,0,0,2,67301,0,,1,1,100.0,N,N,N,0,,0,0,0,0,0,N,1110,0,2,0,0,0,0,0,3,4,1,2,3,,Y,5.0,2.0,Y,N,N,N,Y,Y,N,Y,N
2020104579,1449.0,1,0,0,0,0,0,0,0,0,1,0,,67,11,2020,1,39.9704,-75.193,1440.0,6,0,0,0,0,0,1,0,0,,0,0,0.0,14,1,2,0,N,0,39 58:13.310,,0,75 11:34.629,8,0,0,0,67301,0,0,0,N,0,0,0,2,68K01,0,,1,9,,N,N,N,0,,0,0,0,0,0,,1432,2,2,0,0,1,2,0,3,4,1,2,7,4.0,N,,,,,,,,,,,
2020056212,1542.0,2,0,0,0,0,0,0,0,0,1,0,,67,7,2020,5,40.0719,-75.0844,1539.0,6,0,0,0,0,0,0,0,0,,0,0,0.0,14,1,2,0,Y,0,40 04:18.793,,0,75 05:03.921,3,0,0,0,67301,0,0,0,N,0,0,0,5,67301,0,,1,1,,N,N,N,0,,2,0,1,0,0,,1407,2,3,0,0,0,0,0,3,4,0,3,3,,N,,,,,,,,,,,
2020059515,1227.0,1,0,0,0,0,0,0,0,0,6,0,,67,7,2020,3,39.9823,-75.2644,1217.0,6,0,0,0,0,0,0,0,0,,0,0,0.0,12,1,1,2,,1,39 58:56.534,3.0,0,75 15:51.992,3,0,0,0,67301,0,0,0,N,0,0,0,3,67301,0,,1,1,200.0,N,N,N,0,,1,0,2,3,2,N,1210,1,3,0,0,0,0,0,3,4,0,3,3,3.0,N,,,,,,,,,,,
2020056806,1220.0,3,0,0,0,0,0,0,0,0,4,0,,67,7,2020,6,39.9813,-75.1421,1217.0,6,0,0,0,0,0,1,0,0,,0,0,0.0,12,1,1,2,,0,39 58:52.622,,0,75 08:31.412,8,0,0,0,67301,0,0,0,N,0,0,0,2,67301,0,,1,1,,N,N,N,0,,0,0,1,3,3,,1205,1,5,0,0,0,1,0,3,4,0,5,3,,N,,,,,,,,,,,
2020057469,1530.0,1,0,0,0,0,0,0,0,0,1,0,,67,7,2020,7,40.0456,-75.0564,1525.0,6,0,0,0,0,0,0,0,0,,0,0,0.0,15,1,0,2,,0,40 02:44.193,,0,75 03:23.098,9,0,0,0,67301,0,0,0,N,0,0,0,2,67301,0,,1,1,,N,N,N,0,,0,0,1,3,2,,1520,0,2,0,0,0,0,1,3,4,0,2,3,3.0,N,,,,,,,,,,,
2020056804,1330.0,1,0,0,0,0,0,0,0,0,4,0,,67,7,2020,6,39.9919,-75.2337,1320.0,6,0,0,0,0,1,1,0,0,,0,0,0.0,11,1,1,1,,0,39 59:30.778,,0,75 14:01.208,3,0,0,0,67301,0,0,0,N,0,0,0,2,67301,0,,1,1,,N,N,N,0,,1,0,1,3,2,,1150,1,2,0,0,0,0,0,3,4,0,2,3,,N,,,,,,,,,,,
2020056660,1708.0,2,0,0,0,0,0,0,0,0,4,0,,67,7,2020,6,39.9558,-75.236,1707.0,6,1,0,0,0,0,1,0,0,,0,0,0.0,17,1,0,1,N,0,39 57:20.995,,0,75 14:09.589,0,0,0,0,67301,0,0,0,N,0,0,0,4,67301,0,,1,1,,N,N,N,0,,0,0,1,3,2,,1700,0,5,0,0,1,0,0,3,4,2,5,3,,N,,,,,,,,,,,
2020057751,2147.0,2,0,0,0,0,0,0,0,0,5,0,,67,7,2020,2,39.9426,-75.2187,2144.0,6,0,0,0,0,0,0,0,0,,0,0,0.0,21,3,2,0,N,2,39 56:33.487,7.0,0,75 13:07.422,3,0,0,0,67301,0,0,0,N,0,0,0,2,67301,0,,6,1,200.0,N,N,N,1,,1,0,0,0,0,Y,2143,2,3,0,0,0,1,0,3,4,0,3,3,98.0,N,,,,,,,,,,,
2020058418,1845.0,1,0,0,0,0,0,0,0,0,8,0,,67,7,2020,4,39.9542,-75.1698,1826.0,6,0,0,0,0,0,0,0,0,,0,0,0.0,17,4,1,1,,0,39 57:15.100,,0,75 10:11.224,3,0,0,0,67301,1,0,0,N,1,0,0,2,67301,0,,1,9,,N,N,N,0,,1,0,0,3,2,,1725,1,2,0,0,1,0,1,3,4,0,1,7,4.0,N,,,,,,,,,,,
2020058089,615.0,1,0,0,0,0,0,0,0,0,7,0,,67,7,2020,4,39.9782,-75.1714,602.0,6,0,0,0,0,0,0,0,0,,0,0,0.0,6,1,1,1,,0,39 58:41.628,,0,75 10:17.032,3,0,0,0,67301,0,0,0,N,0,0,0,2,67301,0,,4,1,,N,N,N,0,,1,0,0,0,0,,600,1,1,0,0,0,0,0,3,4,0,1,3,3.0,N,,,,,,,,,,,
2020056931,1550.0,1,0,0,0,0,0,0,0,0,6,0,,67,7,2020,7,40.0002,-75.1423,1545.0,6,0,0,0,0,0,0,0,0,,0,0,0.0,15,1,1,0,N,0,40 00:00.851,,0,75 08:32.231,3,0,0,0,67301,0,0,0,N,0,0,0,2,67301,0,,1,1,,N,N,N,0,,1,0,1,0,0,,1530,1,2,0,0,0,0,0,3,4,0,2,3,3.0,N,,,,,,,,,,,
2020056925,1608.0,0,0,0,1,0,0,0,0,0,4,0,,67,7,2020,7,40.0396,-75.0632,1558.0,6,0,0,0,0,0,1,0,0,,0,0,0.0,15,1,1,0,N,1,40 02:22.570,2.0,0,75 03:47.480,8,0,0,0,67301,1,0,0,N,0,0,0,2,67301,0,,1,1,1436.0,N,N,N,0,,0,0,1,0,0,N,1553,1,2,0,0,0,1,0,3,4,0,1,3,3.0,N,,,,,,,,,,,
2020058206,1940.0,1,0,0,0,0,0,0,0,0,1,0,,67,7,2020,4,39.9865,-75.1334,1935.0,6,0,0,0,0,0,0,0,0,,0,0,0.0,18,1,0,1,,0,39 59:11.414,,0,75 08:00.225,9,0,0,0,67301,0,0,0,N,0,0,0,2,67301,0,,1,9,,Y,N,N,0,,0,0,0,0,0,,1824,0,2,0,0,0,0,1,3,4,1,2,7,7.0,N,,,,,,,,,,,
2020103738,1300.0,0,0,0,0,0,0,0,0,0,5,1,,67,12,2020,4,39.9081,-75.156,1300.0,6,0,0,0,0,0,0,0,0,,0,1,0.0,7,1,0,3,,0,39 54:28.947,,2,75 09:16.681,0,0,0,0,67301,0,0,0,N,0,0,0,2,67301,0,,1,1,,N,N,N,0,,0,0,1,0,0,,709,0,2,0,0,2,0,0,3,4,0,2,3,,N,,,,,,,,,,,
2020059482,1237.0,1,0,0,0,0,0,0,0,0,1,0,,67,7,2020,6,39.9594,-75.1744,1227.0,6,0,0,0,0,0,0,0,0,,0,0,0.0,12,1,1,0,N,0,39 57:34.016,,0,75 10:27.905,4,0,0,0,67301,0,0,0,N,0,0,0,3,68K01,1,,1,1,,N,N,N,1,,0,0,1,0,0,,1220,1,3,0,0,0,0,0,3,4,0,3,3,,N,,,,,,,,,,,
2020063175,652.0,0,0,0,0,0,0,0,0,0,7,0,,67,7,2020,6,39.986,-75.2082,652.0,6,0,0,0,0,0,0,1,0,,0,0,0.0,6,1,1,0,N,1,39 59:09.620,3.0,0,75 12:29.575,3,0,0,0,67301,0,0,0,N,0,0,0,1,68K01,0,,4,9,707.0,N,N,N,0,,1,0,1,0,0,N,650,1,1,0,0,0,0,0,3,4,0,1,7,,N,,,,,,,,,,,
2020058398,428.0,0,0,0,0,0,0,0,0,0,5,0,,67,7,2020,6,39.9834,-75.1581,428.0,6,0,0,0,0,0,0,0,0,,0,0,0.0,4,3,2,0,N,2,39 59:00.194,4.0,0,75 09:29.267,8,0,0,0,67301,0,0,0,N,0,0,0,2,67505,0,,6,9,700.0,N,N,N,1,,0,0,1,0,0,Y,425,2,2,0,0,0,2,0,3,4,0,2,7,,N,,,,,,,,,,,
2020098019,1010.0,0,0,0,0,0,0,0,0,0,7,0,,67,4,2020,4,39.8824,-75.2409,1000.0,6,0,0,0,0,0,0,0,0,,0,0,0.0,10,1,0,0,N,0,39 52:56.460,,0,75 14:27.260,0,0,0,0,67301,0,0,0,N,0,0,0,1,67301,0,,4,1,,N,N,N,0,,0,0,1,0,0,,1000,0,1,0,0,0,0,0,3,4,0,1,3,3.0,N,,,,,,,,,,,
2020103814,1007.0,1,0,0,0,0,0,0,0,0,5,0,,67,11,2020,6,40.0121,-75.0602,1007.0,6,0,0,0,0,0,0,0,0,,0,0,0.0,10,1,0,0,N,0,40 00:43.382,,0,75 03:36.557,9,0,0,0,67301,0,0,0,N,0,0,0,2,68K01,0,,1,9,,N,N,N,0,,0,0,0,0,0,,1007,0,2,0,0,0,0,1,3,4,0,2,7,,N,,,,,,,,,,,
2020059492,733.0,0,0,0,0,0,0,0,0,0,1,0,45.0,67,7,2020,7,39.9611,-75.1823,733.0,6,0,0,0,0,0,0,0,0,,0,0,0.0,7,1,0,0,N,0,39 57:39.882,,0,75 10:56.312,0,0,0,0,67301,0,0,0,N,0,0,0,4,68K01,0,,1,1,,N,N,N,2,,0,0,0,0,0,,732,0,2,0,0,0,0,0,3,4,0,2,3,,Y,4.0,2.0,N,Y,,N,,,,,N
2020059376,2257.0,2,0,0,0,0,0,0,0,0,5,0,,67,7,2020,4,39.947,-75.142,2236.0,6,0,0,0,0,0,2,0,0,,0,0,0.0,21,3,0,0,N,0,39 56:49.219,,0,75 08:31.287,0,0,0,0,67301,0,0,0,N,0,0,0,3,68K01,0,,1,1,,N,N,N,0,,0,0,0,0,0,,2137,0,2,0,0,0,0,0,3,4,0,2,3,,N,,,,,,,,,,,
2020057747,836.0,1,0,0,0,0,0,0,0,0,7,0,,67,7,2020,1,39.8785,-75.2567,920.0,6,0,0,0,0,0,0,0,0,,0,0,0.0,7,1,1,0,N,1,39 52:42.688,3.0,99,75 15:24.202,8,0,0,0,67301,0,0,0,N,0,0,0,1,67301,0,,4,1,1105.0,N,N,N,0,,0,0,0,0,0,N,710,1,1,0,0,0,1,0,3,4,0,1,3,3.0,N,,,,,,,,,,,
2020103741,402.0,1,0,0,0,0,0,0,0,0,4,0,,67,11,2020,1,40.0128,-75.1605,400.0,6,0,0,0,0,0,0,0,0,,0,0,0.0,3,3,1,0,N,2,40 00:46.129,6.0,7,75 09:37.648,3,0,0,0,67301,0,0,0,N,0,0,0,2,67301,0,,1,1,500.0,N,N,N,0,,1,0,2,0,0,Y,359,1,3,0,0,0,0,0,3,4,0,3,3,3.0,N,,,,,,,,,,,
2020058766,35.0,1,0,0,0,0,0,0,0,0,5,0,,67,7,2020,5,39.9563,-75.2012,27.0,6,0,0,0,0,0,0,0,0,,0,0,0.0,23,3,0,0,N,0,39 57:22.560,,0,75 12:04.310,0,0,0,0,67301,0,0,0,N,0,0,0,1,67301,0,,6,1,,N,N,N,1,,0,0,1,0,0,,2300,0,3,0,0,0,0,0,3,4,0,3,3,3.0,N,,,,,,,,,,,
2020056667,835.0,2,0,0,0,0,0,0,0,0,5,0,,67,7,2020,7,39.9858,-75.1629,831.0,6,0,0,0,0,0,1,0,0,,0,0,0.0,8,1,0,0,N,0,39 59:08.787,,0,75 09:46.415,0,0,0,0,67301,0,0,0,N,0,0,0,1,67301,0,,6,1,,N,N,N,0,,0,0,2,0,0,,825,0,4,0,0,0,0,0,3,4,0,4,3,3.0,N,,,,,,,,,,,
2020057474,1237.0,2,0,0,0,0,0,0,0,0,5,0,,67,7,2020,2,40.0095,-75.1533,1235.0,6,0,0,0,0,0,0,0,0,,0,0,0.0,12,1,1,0,N,2,40 00:34.285,6.0,0,75 09:11.982,8,0,0,0,67301,0,0,0,N,0,0,0,5,67301,0,,6,1,100.0,N,N,N,0,,0,0,2,0,0,Y,1233,1,4,0,0,0,1,0,3,4,0,4,3,3.0,N,,,,,,,,,,,
2020103014,1746.0,1,0,0,0,0,0,0,0,0,4,0,,67,11,2020,2,40.0086,-75.0688,1743.0,6,0,0,0,0,0,0,0,0,,0,0,0.0,17,3,4,1,,1,40 00:31.034,5.0,0,75 04:07.810,3,0,0,0,67301,0,0,0,N,0,0,0,5,67301,2,,1,9,2000.0,N,N,N,0,,2,0,1,3,2,N,1735,4,2,0,0,4,0,0,3,4,0,2,7,7.0,N,,,,,,,,,,,
2020104070,1944.0,0,0,0,0,0,0,0,0,0,1,0,,67,11,2020,1,39.9594,-75.1744,1934.0,6,0,1,0,0,0,1,0,0,,0,0,0.0,19,3,0,0,N,2,39 57:34.010,4.0,0,75 10:27.854,0,0,0,0,67301,0,0,0,N,0,0,0,3,68K01,0,,1,1,45.0,N,N,N,0,,0,0,2,0,0,N,1932,0,3,0,0,0,0,0,3,4,1,3,3,3.0,N,,,,,,,,,,,
2020056795,1415.0,0,0,0,0,0,0,0,0,0,8,0,5.0,67,7,2020,6,40.0488,-75.2354,1411.0,6,0,0,0,0,0,1,0,0,,0,0,0.0,14,1,1,1,,0,40 02:55.688,,0,75 14:07.506,8,0,0,1,67301,2,0,0,N,1,0,0,3,67301,0,,1,1,,N,N,Y,0,,0,0,1,3,7,,1400,1,3,0,0,0,1,1,3,4,0,2,3,,Y,8.0,1.0,Y,,Y,U,,,,,N
2020060545,457.0,1,0,0,0,0,0,0,0,0,1,0,,67,7,2020,2,39.9856,-75.1563,456.0,6,1,0,0,1,0,0,0,0,,0,0,0.0,4,3,7,0,N,2,39 59:08.038,5.0,0,75 09:22.682,2,0,0,0,67301,1,0,1,N,1,0,1,8,67301,0,,1,1,745.0,N,N,N,0,,6,1,1,0,0,Y,455,7,3,0,0,3,0,0,3,4,0,2,3,,N,,,,,,,,,,,
2020058616,948.0,0,0,0,0,0,0,0,0,0,4,0,,67,7,2020,7,40.0715,-75.1654,947.0,6,0,0,0,0,0,1,0,0,,0,0,0.0,9,1,1,1,,0,40 04:17.533,,0,75 09:55.522,4,0,0,0,67301,0,0,0,N,0,0,0,2,67301,1,,1,1,,N,N,N,0,,0,0,2,3,3,,945,1,2,0,0,0,0,0,3,4,0,2,3,3.0,N,,,,,,,,,,,
2020057656,110.0,1,0,0,0,0,0,0,0,0,6,0,,67,7,2020,2,40.0319,-75.0634,105.0,6,0,0,0,0,0,0,0,0,,0,0,0.0,1,3,0,0,N,1,40 01:54.961,1.0,0,75 03:48.265,0,0,0,0,67301,0,0,0,N,0,0,0,1,67301,0,,6,1,225.0,N,N,N,0,,0,0,1,0,0,N,100,0,2,0,0,1,0,0,3,4,0,2,3,,N,,,,,,,,,,,
2020056353,235.0,0,0,0,0,0,0,0,0,0,4,0,,67,7,2020,6,39.9582,-75.211,233.0,6,0,0,0,0,0,0,0,0,,0,0,0.0,2,3,0,2,,1,39 57:29.590,3.0,0,75 12:39.759,0,0,0,0,67301,0,0,0,N,0,0,0,2,67301,0,,1,1,245.0,N,N,N,0,,0,0,2,3,2,N,208,0,2,0,0,0,0,0,3,4,0,2,3,3.0,N,,,,,,,,,,,
2020104447,1645.0,1,0,0,0,0,0,0,0,0,1,0,,67,11,2020,6,40.0525,-74.9877,1636.0,6,0,0,0,0,0,0,0,0,,0,0,0.0,16,3,1,0,N,0,40 03:09.096,,0,74 59:15.668,3,0,0,0,67301,0,0,0,N,0,0,0,2,68K01,0,,1,1,,N,N,N,0,,1,0,0,0,0,,1634,1,2,0,0,0,0,1,3,4,0,2,3,3.0,N,,,,,,,,,,,
2020104032,2024.0,2,0,0,0,0,0,0,0,0,1,0,,67,12,2020,4,39.9847,-75.1687,2024.0,6,0,0,0,0,0,0,0,0,,0,0,0.0,20,3,0,0,N,0,39 59:05.090,,0,75 10:07.170,0,0,0,0,67301,0,0,0,N,0,0,0,1,67301,0,,1,1,,N,N,N,0,,0,0,0,0,0,,2024,0,2,0,0,1,0,0,3,4,0,2,3,3.0,N,,,,,,,,,,,
2020058346,712.0,0,0,0,0,0,0,0,0,0,7,0,,67,7,2020,5,40.0492,-74.9824,710.0,6,0,0,0,0,0,0,0,0,,0,0,0.0,6,5,0,0,N,0,40 02:57.000,,0,74 58:56.600,0,0,0,0,67301,0,0,0,N,0,0,0,1,67301,0,,5,1,,N,N,Y,0,,0,0,1,0,0,,645,0,1,0,0,0,0,0,3,4,0,1,3,,N,,,,,,,,,,,
2020058614,819.0,1,0,0,1,0,0,0,0,0,4,0,,67,7,2020,3,39.9686,-75.153,815.0,6,0,0,0,0,0,0,0,0,,0,0,0.0,8,1,1,1,,0,39 58:06.780,,0,75 09:10.846,3,0,0,0,67301,1,0,0,N,0,0,0,2,67301,0,,1,1,,N,N,N,0,,1,0,0,3,2,,810,1,2,0,0,0,0,0,3,4,0,1,3,3.0,N,,,,,,,,,,,
2020060549,1840.0,0,0,0,0,0,0,0,0,0,6,0,,67,7,2020,7,40.0133,-75.1087,1830.0,6,0,0,0,0,0,0,0,0,,0,0,0.0,18,3,1,1,,0,40 00:47.721,,0,75 06:31.269,2,0,1,1,67301,0,0,0,N,0,0,0,2,67301,0,,1,1,,N,N,N,0,,0,1,0,0,0,,1820,1,2,0,0,0,0,0,3,4,1,2,3,3.0,N,,,,,,,,,,,
2020057473,343.0,1,0,0,0,0,0,0,0,0,6,0,,67,7,2020,3,40.0497,-75.1477,327.0,6,0,0,0,0,0,0,0,0,,0,0,0.0,2,3,1,0,N,0,40 02:58.980,,0,75 08:51.790,3,0,0,0,67301,0,0,0,N,0,0,0,1,67301,0,,6,1,,N,N,N,0,,1,0,1,0,0,,238,1,2,0,0,1,0,0,3,4,0,2,3,,N,,,,,,,,,,,
2020059509,5.0,2,0,0,0,0,0,0,0,0,5,0,,67,7,2020,3,40.0542,-75.0249,1.0,6,0,0,0,0,0,0,0,0,,0,0,0.0,0,3,1,0,N,2,40 03:15.150,1.0,0,75 01:29.510,4,0,0,0,67301,0,0,0,N,0,0,0,1,67301,1,,6,1,130.0,N,N,N,0,,0,0,1,0,0,Y,1,1,3,0,0,0,0,0,3,4,0,3,3,3.0,N,,,,,,,,,,,
2020062698,42.0,2,0,0,0,0,0,0,0,0,4,0,,67,8,2020,2,39.9858,-75.2156,42.0,6,0,0,0,1,0,0,0,0,,0,0,0.0,23,3,2,1,,0,39 59:08.741,,0,75 12:56.531,3,0,0,0,67301,0,0,0,N,0,0,0,2,67301,0,,1,8,,N,N,N,0,,1,0,0,3,2,,2318,2,2,0,0,0,1,0,3,4,0,2,7,4.0,N,,,,,,,,,,,
2020058347,1747.0,1,0,0,0,0,0,0,0,0,5,0,,67,7,2020,5,40.1006,-74.9882,1743.0,6,0,0,0,0,0,1,0,0,,0,0,0.0,17,1,2,0,N,1,40 06:01.989,3.0,0,74 59:17.499,3,0,0,1,67301,0,0,0,N,0,0,0,4,67301,0,,1,1,1811.0,N,N,N,0,,2,0,1,0,0,N,1741,2,3,0,0,0,0,0,3,4,0,3,4,,N,,,,,,,,,,,
2020056791,2349.0,0,0,0,0,0,0,0,0,0,7,0,,67,7,2020,7,40.0679,-75.0731,2341.0,6,0,0,0,0,0,0,0,0,,0,0,0.0,23,3,0,0,N,0,40 04:04.300,,0,75 04:23.200,0,0,0,0,67301,0,0,0,N,0,0,0,1,67301,0,,5,1,,N,N,N,0,,0,0,1,0,0,,2340,0,1,0,0,0,0,0,3,4,0,1,3,,N,,,,,,,,,,,
2020057758,1320.0,1,0,0,0,0,0,0,0,0,7,0,,67,7,2020,6,40.0194,-75.1283,1317.0,6,0,0,0,0,0,0,0,0,,0,0,0.0,13,1,1,0,N,0,40 01:09.800,,0,75 07:41.700,3,0,0,0,67301,0,0,0,N,0,0,0,1,67301,0,,4,1,,N,N,N,0,,1,0,0,0,0,,1304,1,1,0,0,0,0,0,3,4,0,1,4,,N,,,,,,,,,,,
2020057847,1910.0,0,0,0,1,0,0,0,0,0,4,0,,67,7,2020,3,39.9183,-75.1624,1908.0,6,0,0,0,0,0,0,0,0,,0,0,0.0,19,1,1,1,,0,39 55:06.016,,0,75 09:44.625,3,0,0,0,67301,1,0,0,N,0,0,0,2,67301,0,,1,1,,N,N,N,0,,1,0,1,3,3,,1901,1,2,0,0,0,0,0,3,4,0,1,3,3.0,N,,,,,,,,,,,
2020058009,36.0,1,0,0,0,0,0,0,0,0,2,0,,67,7,2020,2,39.9651,-75.2405,32.0,6,0,0,0,0,0,0,0,0,,0,0,0.0,20,3,0,0,N,0,39 57:54.390,,0,75 14:25.890,0,0,0,0,67301,1,0,0,N,0,0,0,2,67301,0,,2,1,,N,N,N,1,,0,0,0,0,0,,2059,0,2,0,0,0,0,0,3,4,0,2,3,3.0,N,,,,,,,,,,,
2020057678,2256.0,1,0,0,0,0,0,0,0,0,4,0,,67,7,2020,1,39.9554,-75.1559,2253.0,6,0,0,0,0,0,0,0,0,,0,0,0.0,22,3,0,1,,0,39 57:19.340,,0,75 09:21.200,0,0,0,0,67301,0,0,0,N,0,0,0,3,67301,0,,1,1,,N,N,N,0,,0,0,1,3,2,,2249,0,2,0,0,0,0,0,3,4,0,2,3,3.0,N,,,,,,,,,,,
2020056675,127.0,0,0,0,0,0,0,0,0,0,8,0,,67,7,2020,7,40.0481,-75.1509,127.0,6,0,0,0,0,0,0,0,0,,0,0,0.0,0,6,1,1,,0,40 02:53.174,,0,75 09:03.304,4,0,0,0,67301,1,0,0,N,1,0,0,3,67301,1,,1,99,,N,N,N,0,,0,0,1,9,9,,20,1,2,0,0,0,0,0,3,4,0,1,3,3.0,N,,,,,,,,,,,
2020059198,1047.0,0,0,0,0,0,0,0,0,0,0,0,,67,7,2020,5,39.9091,-75.1517,1046.0,6,0,0,0,0,0,1,0,0,,0,0,0.0,10,1,0,0,N,1,39 54:32.800,4.0,3,75 09:06.000,0,0,0,0,67301,0,0,0,N,0,0,0,3,67501,0,,1,1,1155.0,N,N,N,0,,0,0,1,3,8,N,1044,0,1,0,0,0,0,0,3,4,0,1,3,3.0,N,,,,,,,,,,,
2020058201,714.0,2,0,0,0,0,0,0,0,0,4,0,,67,7,2020,5,39.9546,-75.173,710.0,6,0,0,0,0,0,0,0,0,,0,0,0.0,6,5,1,1,,0,39 57:16.499,,0,75 10:22.738,3,0,0,0,67301,0,0,0,N,0,0,0,3,67301,0,,1,1,,N,N,N,0,,1,0,0,3,2,,610,1,2,0,0,0,0,0,3,4,0,2,4,3.0,N,,,,,,,,,,,
2020057386,46.0,2,0,0,0,0,0,0,0,0,8,0,,67,7,2020,1,39.9475,-75.2406,44.0,6,0,0,0,0,0,0,0,0,,0,0,0.0,0,3,1,0,N,0,39 56:51.030,,0,75 14:26.020,8,0,0,0,67301,1,0,0,N,1,0,0,2,67301,0,,1,1,,N,N,N,0,,0,0,0,0,0,,44,1,3,0,0,0,1,0,3,4,0,2,3,3.0,N,,,,,,,,,,,
2020057849,1614.0,1,0,0,0,0,0,0,0,0,1,0,,67,7,2020,2,40.0471,-75.0048,1556.0,6,0,0,0,0,0,0,0,0,,0,0,0.0,15,1,0,1,,0,40 02:49.732,,0,75 00:17.150,0,0,0,0,67301,0,0,0,N,0,0,0,5,67301,0,,1,1,,N,N,N,0,,0,0,1,3,2,,1523,0,2,0,0,0,0,0,3,4,0,2,3,3.0,N,,,,,,,,,,,