CRN,ARRIVAL_TM,AUTOMOBILE_COUNT,BELTED_DEATH_COUNT,BELTED_SUSP_SERIOUS_INJ_COUNT,BICYCLE_COUNT,BICYCLE_DEATH_COUNT,BICYCLE_SUSP_SERIOUS_INJ_COUNT,BUS_COUNT,CHLDPAS_DEATH_COUNT,CHLDPAS_SUSP_SERIOUS_INJ_COUNT,COLLISION_TYPE,COMM_VEH_COUNT,CONS_ZONE_SPD_LIM,COUNTY,CRASH_MONTH,CRASH_YEAR,DAY_OF_WEEK,DEC_LAT,DEC_LONG,DISPATCH_TM,DISTRICT,DRIVER_COUNT_16YR,DRIVER_COUNT_17YR,DRIVER_COUNT_18YR,DRIVER_COUNT_19YR,DRIVER_COUNT_20YR,DRIVER_COUNT_50_64YR,DRIVER_COUNT_65_74YR,DRIVER_COUNT_75PLUS,EST_HRS_CLOSED,FATAL_COUNT,HEAVY_TRUCK_COUNT,HORSE_BUGGY_COUNT,HOUR_OF_DAY,ILLUMINATION,INJURY_COUNT,INTERSECT_TYPE,INTERSECTION_RELATED,LANE_CLOSED,LATITUDE,LN_CLOSE_DIR,LOCATION_TYPE,LONGITUDE,MAX_SEVERITY_LEVEL,MCYCLE_DEATH_COUNT,MCYCLE_SUSP_SERIOUS_INJ_COUNT,MOTORCYCLE_COUNT,MUNICIPALITY,NONMOTR_COUNT,NONMOTR_DEATH_COUNT,NONMOTR_SUSP_SERIOUS_INJ_COUNT,NTFY_HIWY_MAINT,PED_COUNT,PED_DEATH_COUNT,PED_SUSP_SERIOUS_INJ_COUNT,PERSON_COUNT,POLICE_AGCY,POSSIBLE_INJ_COUNT,RDWY_SURF_TYPE_CD,RELATION_TO_ROAD,ROAD_CONDITION,ROADWAY_CLEARED,SCH_BUS_IND,SCH_ZONE_IND,SECONDARY_CRASH,SMALL_TRUCK_COUNT,SPEC_JURIS_CD,SUSP_MINOR_INJ_COUNT,SUSP_SERIOUS_INJ_COUNT,SUV_COUNT,TCD_FUNC_CD,TCD_TYPE,TFC_DETOUR_IND,TIME_OF_DAY,TOT_INJ_COUNT,TOTAL_UNITS,UNB_DEATH_COUNT,UNB_SUSP_SERIOUS_INJ_COUNT,UNBELTED_OCC_COUNT,UNK_INJ_DEG_COUNT,UNK_INJ_PER_COUNT,URBAN_AREA,URBAN_RURAL,VAN_COUNT,VEHICLE_COUNT,WEATHER1,WEATHER2,WORK_ZONE_IND,WORK_ZONE_LOC,WORK_ZONE_TYPE,WORKERS_PRES,WZ_CLOSE_DETOUR,WZ_FLAGGER,WZ_LAW_OFFCR_IND,WZ_LN_CLOSURE,WZ_MOVING,WZ_OTHER,WZ_SHLDER_MDN,WZ_WORKERS_INJ_KILLED
2020057743,1146.0,1,0,0,0,0,0,0,0,0,4,0,,67,7,2020,2,40.0363,-75.0698,1139.0,6,0,0,0,0,1,0,0,0,,0,0,0.0,11,1,3,0,N,0,40 02:10.767,,7,75 04:11.359,3,0,0,0,67301,0,0,0,N,0,0,0,3,67301,0,,1,1,,N,N,N,0,,3,0,1,0,0,,1122,3,2,0,0,0,0,0,3,4,0,2,3,3.0,N,,,,,,,,,,,
2020089164,1538.0,0,0,0,0,0,0,0,0,0,8,0,,67,10,2020,6,39.9888,-75.1334,1525.0,6,0,0,0,0,0,0,0,0,,0,0,0.0,14,1,1,0,N,0,39 59:19.510,,0,75 08:00.190,8,0,0,0,67301,1,0,0,N,1,0,0,2,67301,0,,1,1,,N,N,N,0,,0,0,0,0,0,,1430,1,2,0,0,0,1,0,3,4,0,1,3,3.0,N,,,,,,,,,,,
2020059494,1823.0,2,0,0,0,0,0,0,0,0,1,0,45.0,67,7,2020,7,40.0211,-75.0421,1821.0,6,0,0,0,0,0,0,2,0,,0,0,0.0,18,1,2,0,N,1,40 01:15.837,2.0,3,75 02:31.395,3,0,0,0,67301,0,0,0,N,0,0,0,4,68K01,0,,1,1,20.0,N,N,N,0,,2,0,1,0,0,N,1812,2,3,0,0,0,0,0,3,4,0,3,3,,Y,2.0,1.0,N,,,N,Y,,,Y,N
2020058849,2308.0,0,0,0,0,0,0,0,0,0,5,0,,67,7,2020,5,40.0063,-75.1163,2308.0,6,0,0,0,0,0,1,0,0,,0,0,0.0,23,3,0,0,N,0,40 00:22.647,,0,75 06:58.607,9,0,0,0,67301,0,0,0,N,0,0,0,1,67301,0,,6,1,,N,N,N,0,,0,0,2,0,0,,2300,0,3,0,0,0,0,1,3,4,1,3,3,,N,,,,,,,,,,,
2020057322,520.0,2,0,0,0,0,0,0,0,0,1,0,,67,7,2020,1,40.0124,-75.1199,520.0,6,0,0,0,0,0,0,0,0,,0,0,0.0,5,5,0,0,N,1,40 00:44.695,2.0,0,75 07:11.725,0,0,0,0,67301,0,0,0,N,0,0,0,1,67301,0,,6,1,642.0,N,N,N,0,,0,0,0,0,0,N,500,0,3,0,0,0,0,0,3,4,1,3,3,3.0,N,,,,,,,,,,,
2020059022,1434.0,0,0,0,0,0,0,0,0,0,1,0,,67,7,2020,4,39.9605,-75.2136,1434.0,6,0,0,1,0,0,0,0,0,,0,0,0.0,14,1,2,0,N,0,39 57:37.640,,0,75 12:48.850,3,0,0,0,67301,0,0,0,N,0,0,0,3,67301,0,,1,1,,N,N,N,0,,2,0,1,0,0,,1410,2,2,0,0,0,0,0,3,4,1,2,3,,N,,,,,,,,,,,
2020059495,2319.0,0,0,0,0,0,0,0,0,0,0,0,,67,7,2020,7,39.8917,-75.2376,2310.0,6,0,0,0,0,0,0,0,0,,0,0,0.0,23,3,1,0,N,1,39 53:29.953,2.0,0,75 14:15.281,8,0,0,1,67301,0,0,0,N,0,0,0,1,68K01,0,,1,1,30.0,N,N,N,0,,0,0,0,0,0,N,2302,1,1,0,0,0,1,0,3,4,0,1,3,,N,,,,,,,,,,,
2020103182,1536.0,1,0,0,0,0,0,0,0,0,7,0,,67,11,2020,2,40.0289,-75.0895,1531.0,6,0,0,0,0,0,0,0,0,,1,0,0.0,15,1,1,1,N,2,40 01:44.217,6.0,0,75 05:22.290,1,0,0,0,67301,0,0,0,N,0,0,0,2,67301,0,2.0,3,1,1752.0,N,N,N,0,0.0,0,1,0,3,2,Y,1519,1,1,1,0,1,0,0,3,4,0,1,3,3.0,N,,,,,,,,,,,
2020089670,2038.0,2,0,0,0,0,0,0,0,0,1,0,,67,10,2020,7,40.0568,-75.0311,2032.0,6,0,0,0,0,0,2,0,0,,1,0,0.0,20,3,1,2,N,0,40 03:24.460,,0,75 01:51.950,1,0,0,0,67301,0,0,0,N,0,0,0,4,67301,0,2.0,1,1,,N,N,N,0,0.0,0,0,1,3,2,,2030,1,3,0,0,0,1,0,3,4,0,3,3,3.0,N,,,,,,,,,,,
2020058007,307.0,1,0,0,0,0,0,0,0,0,7,0,,67,7,2020,4,40.0276,-75.0871,303.0,6,0,0,0,0,0,0,0,0,,0,0,0.0,2,3,0,1,,0,40 01:39.316,,0,75 05:13.570,9,0,0,0,67301,0,0,0,N,0,0,0,1,67301,0,,5,1,,N,N,N,0,,0,0,0,3,3,,245,0,1,0,0,0,0,1,3,4,0,1,3,,N,,,,,,,,,,,
2020057750,1210.0,2,0,0,0,0,0,0,0,0,5,0,,67,7,2020,2,39.9448,-75.2316,1204.0,6,0,0,0,0,0,0,0,0,,0,0,0.0,12,1,0,0,N,1,39 56:41.430,3.0,0,75 13:53.580,0,0,0,0,67301,0,0,0,N,0,0,0,3,67301,0,,1,1,100.0,N,N,N,0,,0,0,0,0,0,N,1200,0,2,0,0,0,0,0,3,4,0,2,3,3.0,N,,,,,,,,,,,
2020103950,336.0,1,0,0,0,0,0,0,0,0,7,0,,67,11,2020,2,39.9856,-75.1467,335.0,6,0,0,0,0,0,0,0,0,,0,0,0.0,3,3,0,0,N,0,39 59:08.080,,0,75 08:48.010,9,0,0,0,67301,0,0,0,N,0,0,0,1,67301,0,,5,1,,N,N,N,0,,0,0,0,0,0,,335,0,1,0,0,0,0,1,3,4,0,1,3,3.0,N,,,,,,,,,,,
2020061350,1800.0,1,0,0,0,0,0,0,0,0,4,0,,67,7,2020,6,39.9932,-75.1492,1752.0,6,0,0,0,0,0,1,0,0,,0,0,0.0,15,1,2,1,,0,39 59:35.703,,0,75 08:57.313,3,0,0,0,67301,0,0,0,N,0,0,0,2,67301,0,,1,9,,N,N,N,0,,2,0,1,3,3,,1530,2,2,0,0,0,0,0,3,4,0,2,7,7.0,N,,,,,,,,,,,
2020058423,1024.0,2,0,0,0,0,0,0,0,0,1,0,,67,7,2020,5,40.0347,-75.033,1021.0,6,0,0,0,0,0,0,0,0,,0,0,0.0,10,1,0,0,N,0,40 02:05.060,,0,75 01:58.880,0,0,0,0,67301,0,0,0,N,0,0,0,2,67301,0,,1,1,,N,N,N,0,,0,0,0,0,0,,1021,0,2,0,0,0,0,0,3,4,0,2,4,,N,,,,,,,,,,,
2020057387,845.0,3,0,0,0,0,0,0,0,0,5,0,,67,7,2020,2,39.9535,-75.234,831.0,6,0,0,0,0,0,0,0,0,,0,0,0.0,8,1,0,0,N,0,39 57:12.540,,0,75 14:02.440,9,0,0,0,67301,0,0,0,N,0,0,0,1,67301,0,,6,1,,N,N,N,0,,0,0,0,0,0,,820,0,5,0,0,0,0,1,3,4,1,5,3,3.0,N,,,,,,,,,,,
2020103005,1150.0,3,0,0,0,0,0,0,0,0,1,0,,67,11,2020,1,40.0399,-75.2136,1148.0,6,0,0,0,0,0,0,0,0,,0,0,0.0,11,1,4,0,N,9,40 02:23.724,,0,75 12:48.945,8,0,0,0,67301,0,0,0,N,0,0,0,4,67301,0,,1,1,,N,N,N,0,,0,0,0,0,0,U,1145,4,3,0,0,0,4,0,3,4,0,3,3,,N,,,,,,,,,,,
2020059147,55.0,2,0,0,0,0,0,0,0,0,4,0,,67,7,2020,1,40.0227,-75.1482,48.0,6,0,0,0,0,0,2,0,0,,0,0,0.0,0,3,0,5,,1,40 01:22.460,2.0,0,75 08:53.790,0,0,0,0,67301,0,0,0,N,0,0,0,2,67301,0,,1,1,200.0,N,N,N,0,,0,0,0,3,2,N,40,0,2,0,0,0,0,0,3,4,0,2,3,,N,,,,,,,,,,,
2020104388,938.0,2,0,0,0,0,0,0,0,0,1,0,,67,12,2020,5,40.0743,-75.0348,938.0,6,0,0,0,0,0,1,0,0,,0,0,0.0,9,1,0,1,,1,40 04:27.147,1.0,0,75 02:05.032,0,0,0,0,67301,0,0,0,N,0,0,0,3,67301,0,,1,1,1105.0,N,N,N,1,,0,0,0,3,2,N,932,0,3,0,0,1,0,0,3,4,0,3,3,,N,,,,,,,,,,,
2020056669,531.0,2,0,0,0,0,0,0,0,0,4,0,,67,7,2020,6,40.0115,-75.108,530.0,6,0,0,0,0,0,0,0,0,,0,0,0.0,5,1,1,1,,0,40 00:41.562,,0,75 06:28.950,4,0,0,0,67301,0,0,0,N,0,0,0,3,67301,1,,1,1,,N,N,N,0,,0,0,0,3,2,,525,1,2,0,0,0,0,0,3,4,0,2,3,3.0,N,,,,,,,,,,,
2020056797,1220.0,0,0,0,0,0,0,0,0,0,0,0,,67,7,2020,7,40.0275,-75.0624,1219.0,6,0,0,0,0,0,0,0,0,,0,0,0.0,12,1,1,1,,2,40 01:38.783,2.0,0,75 03:44.998,2,0,1,1,67301,0,0,0,N,0,0,0,1,67301,0,,1,1,1500.0,N,N,N,0,,0,1,0,3,2,N,1218,1,1,0,0,0,0,0,3,4,0,1,3,,N,,,,,,,,,,,
2020057746,1500.0,0,0,0,0,0,0,0,0,0,7,0,,67,7,2020,7,39.9324,-75.219,1423.0,6,0,0,0,0,0,0,0,0,,0,0,0.0,14,1,2,0,N,1,39 55:56.470,6.0,1,75 13:08.390,4,0,0,0,67301,0,0,0,N,0,0,0,2,67301,2,,4,1,1600.0,N,N,N,0,,0,0,1,0,0,N,1420,2,2,0,0,0,0,0,3,4,0,1,3,3.0,N,,,,,,,,,,,
2020081934,1040.0,0,0,0,1,0,1,0,0,0,4,0,,67,7,2020,3,40.0004,-75.1432,1033.0,6,0,0,0,0,0,0,0,0,,0,0,0.0,10,1,1,0,N,0,40 00:01.554,,0,75 08:35.403,2,0,0,0,67301,1,0,1,N,0,0,0,2,67301,0,,1,1,,N,N,N,0,,0,1,0,0,0,,1026,1,2,0,0,0,0,0,3,4,0,1,3,3.0,N,,,,,,,,,,,
2020104034,1650.0,2,0,0,0,0,0,0,0,0,5,0,,67,12,2020,4,40.0107,-75.1841,1646.0,6,0,0,0,0,0,1,0,0,,0,0,0.0,15,1,0,0,N,0,40 00:38.534,,0,75 11:02.801,9,0,0,0,67301,0,0,0,N,0,0,0,2,67301,0,,1,1,,N,N,N,0,,0,0,0,0,0,,1516,0,2,0,0,0,0,1,3,4,0,2,3,3.0,N,,,,,,,,,,,
2020103920,235.0,1,0,0,0,0,0,0,0,0,1,0,,67,11,2020,1,40.0321,-75.1785,225.0,6,0,0,0,0,0,0,0,0,,0,0,0.0,1,3,0,0,N,0,40 01:55.690,,0,75 10:42.670,9,0,0,0,67301,0,0,0,N,0,0,0,1,67301,0,,6,1,,N,N,N,0,,0,0,1,0,0,,150,0,2,0,0,0,0,1,3,4,0,2,3,3.0,N,,,,,,,,,,,
2020103600,633.0,1,0,0,0,0,0,0,0,0,1,0,,67,11,2020,2,39.9858,-75.1562,627.0,6,0,0,0,0,0,0,0,0,,0,0,0.0,6,3,1,0,N,0,39 59:08.915,,0,75 09:22.490,3,0,0,0,67301,0,0,0,N,0,0,0,2,67301,0,,6,9,,N,N,N,0,,1,0,1,3,2,,620,1,2,0,0,0,0,0,3,4,0,2,7,,N,,,,,,,,,,,
2020056792,1341.0,1,0,0,0,0,0,0,0,0,5,0,,67,7,2020,5,40.0618,-75.2352,1335.0,6,0,0,0,1,0,0,0,0,,0,0,0.0,13,1,0,0,N,0,40 03:42.550,,0,75 14:06.660,0,0,0,0,67301,0,0,0,N,0,0,0,1,67301,0,,6,1,,N,N,N,0,,0,0,1,0,0,,1330,0,2,0,0,0,0,0,3,4,0,2,3,3.0,N,,,,,,,,,,,
2020065341,2150.0,2,0,0,0,0,0,0,0,0,2,0,,67,7,2020,3,40.0055,-75.1053,2150.0,6,0,0,0,0,0,1,0,0,,0,0,0.0,21,3,1,1,,1,40 00:19.857,3.0,0,75 06:19.237,3,0,0,0,67301,0,0,0,N,0,0,0,2,67301,0,,1,1,1200.0,N,N,N,0,,1,0,0,3,2,Y,2120,1,2,0,0,1,0,0,3,4,0,2,3,,N,,,,,,,,,,,
2020103082,122.0,0,0,0,0,0,0,0,0,0,7,0,,67,11,2020,6,40.0071,-75.1992,105.0,6,0,0,0,0,0,0,0,0,,0,0,0.0,1,3,0,0,N,0,40 00:25.506,,0,75 11:57.057,9,0,0,0,67301,0,0,0,N,0,0,0,1,68K01,0,,1,9,,N,N,N,0,,0,0,1,0,0,,104,0,1,0,0,0,0,1,3,4,0,1,7,,N,,,,,,,,,,,
2020103009,2202.0,1,0,0,0,0,0,0,0,0,5,0,,67,11,2020,7,39.9571,-75.1545,2202.0,6,0,0,0,0,0,0,0,0,,0,0,0.0,21,3,1,0,N,0,39 57:25.437,,0,75 09:16.296,8,0,0,0,67301,0,0,0,N,0,0,0,3,67301,0,,1,1,,N,N,N,0,,0,0,1,0,0,,2155,1,2,0,0,0,1,0,3,4,0,2,3,3.0,N,,,,,,,,,,,
2020058511,2155.0,1,0,0,0,0,0,0,0,0,6,0,,67,7,2020,1,40.0104,-75.0997,2150.0,6,0,0,0,0,1,1,0,0,,0,0,0.0,21,4,1,0,N,0,40 00:37.600,,0,75 05:58.810,3,0,0,0,67301,0,0,0,N,0,0,0,4,67301,0,,1,1,,N,N,Y,0,,1,0,2,0,0,,2150,1,3,0,0,0,0,0,3,4,0,3,3,3.0,N,,,,,,,,,,,
2020103143,1003.0,1,0,0,0,0,0,0,0,0,7,0,,67,11,2020,2,39.8933,-75.2315,946.0,6,0,0,0,0,0,0,0,0,,0,0,0.0,9,1,0,0,N,0,39 53:35.865,,0,75 13:53.241,0,0,0,0,67301,0,0,0,N,0,0,0,1,68K01,0,,4,9,,N,N,N,0,,0,0,0,0,0,,942,0,1,0,0,0,0,0,3,4,0,1,7,7.0,N,,,,,,,,,,,
2020063179,1520.0,1,0,0,0,0,0,0,0,0,1,0,,67,7,2020,6,39.9587,-75.1682,1520.0,6,0,0,0,0,0,0,1,0,,0,0,0.0,15,1,0,0,N,1,39 57:31.235,4.0,0,75 10:05.514,0,0,0,0,67301,0,0,0,N,0,0,0,2,68K01,0,,1,9,1550.0,N,N,N,0,,0,0,1,0,0,Y,1520,0,2,0,0,0,0,0,3,4,0,2,7,,N,,,,,,,,,,,
2020057292,1912.0,1,0,0,0,0,0,0,0,0,8,0,,67,7,2020,1,39.9558,-75.1592,1912.0,6,0,0,0,0,0,0,0,0,,0,0,0.0,15,1,1,0,N,0,39 57:20.840,,0,75 09:33.080,3,0,0,0,67301,1,0,0,N,1,0,0,2,67301,0,,1,1,,N,N,N,0,,1,0,0,0,0,,1530,1,2,0,0,0,0,0,3,4,0,1,3,3.0,N,,,,,,,,,,,
2020058317,700.0,1,0,0,0,0,0,0,0,0,4,0,,67,7,2020,4,40.0946,-75.0152,658.0,6,0,0,0,0,0,0,0,0,,0,0,0.0,6,1,0,1,,0,40 05:40.718,,0,75 00:54.707,0,0,0,0,67301,0,0,0,N,0,0,0,2,67301,0,,1,1,,N,N,N,0,,0,0,1,3,2,,655,0,2,0,0,0,0,0,3,4,0,2,3,,N,,,,,,,,,,,
2020059368,51.0,2,0,0,0,0,0,0,0,0,1,0,,67,7,2020,4,39.9696,-75.1923,51.0,6,0,0,0,0,0,0,0,0,,0,0,0.0,0,3,1,0,N,1,39 58:10.639,4.0,0,75 11:32.281,3,0,0,0,67301,0,0,0,N,0,0,0,2,68K01,0,,1,1,25.0,N,N,N,0,,1,0,0,0,0,N,39,1,2,0,0,0,0,0,3,4,0,2,3,3.0,N,,,,,,,,,,,
2020103084,503.0,1,0,0,0,0,0,0,0,0,1,0,,67,11,2020,6,40.0316,-75.0215,503.0,6,0,0,0,0,0,0,0,0,,0,0,0.0,4,3,1,0,N,1,40 01:53.803,2.0,0,75 01:17.410,4,0,0,0,67301,0,0,0,N,0,0,0,2,68K01,1,,1,9,520.0,N,N,Y,1,,0,0,0,0,0,N,447,1,2,0,0,0,0,0,3,4,0,2,7,,N,,,,,,,,,,,
2020057752,915.0,1,0,0,0,0,0,0,0,0,4,0,,67,7,2020,3,40.0381,-75.0546,904.0,6,0,0,0,0,0,0,0,0,,0,0,0.0,9,1,0,1,,0,40 02:17.228,,0,75 03:16.682,0,0,0,0,67301,0,0,0,N,0,0,0,2,67301,0,,1,1,,N,N,N,1,,0,0,0,3,2,,902,0,2,0,0,0,0,0,3,4,0,2,3,,N,,,,,,,,,,,
2020103948,30.0,0,0,0,0,0,0,0,0,0,8,0,,67,11,2020,7,40.0256,-75.1223,26.0,6,0,0,0,0,0,0,0,0,,0,0,0.0,19,3,1,1,,0,40 01:31.839,,0,75 07:20.608,8,0,0,0,67301,1,0,0,N,1,0,0,1,67301,0,,9,1,,N,N,N,0,,0,0,0,3,2,,1900,1,2,0,0,0,1,0,3,4,0,1,3,3.0,N,,,,,,,,,,,
2020056749,1145.0,3,0,0,0,0,0,0,0,0,5,0,,67,7,2020,7,40.0215,-75.1631,1139.0,6,0,0,0,0,0,1,0,0,,0,0,0.0,11,1,1,0,N,1,40 01:17.520,4.0,0,75 09:47.290,8,0,0,0,67301,0,0,0,N,0,0,0,3,67301,0,,1,1,100.0,N,N,N,0,,0,0,1,0,0,N,1104,1,4,0,0,0,1,0,3,4,0,4,3,,N,,,,,,,,,,,
2020064968,2125.0,2,0,0,0,0,0,0,0,0,6,0,,67,8,2020,4,39.9622,-75.2367,2123.0,6,0,0,0,0,0,1,0,0,,0,0,0.0,21,3,0,0,N,0,39 57:43.800,,0,75 14:12.000,9,0,0,0,67301,0,0,0,N,0,0,0,2,67301,0,,1,1,,N,N,N,0,,0,0,0,0,0,,2117,0,3,0,0,0,0,1,3,4,1,3,3,3.0,N,,,,,,,,,,,
2020061707,1415.0,1,0,0,0,0,0,0,0,0,4,0,,67,7,2020,6,39.914,-75.1493,1410.0,6,0,0,0,0,1,0,1,0,,0,0,0.0,14,1,2,0,N,0,39 54:50.521,,7,75 08:57.593,8,0,0,0,67301,0,0,0,N,0,0,0,3,67301,0,,1,1,,N,N,N,1,,0,0,0,0,0,,1405,2,2,0,0,0,2,0,3,4,0,2,3,3.0,N,,,,,,,,,,,
2020064201,1817.0,1,0,0,0,0,0,0,0,0,4,0,,67,8,2020,1,40.0373,-75.1251,1808.0,6,0,0,0,0,0,0,0,0,,0,0,0.0,18,1,1,1,,0,40 02:14.391,,0,75 07:30.237,3,0,0,0,67301,0,0,0,N,0,0,0,2,67301,0,,1,1,,N,N,N,0,,1,0,1,3,3,,1805,1,2,0,0,0,0,0,3,4,0,2,3,,N,,,,,,,,,,,
2020109627,1708.0,1,0,0,0,0,0,0,0,0,4,0,,67,12,2020,4,39.9891,-75.0896,1708.0,6,0,0,0,0,0,2,0,0,,0,0,0.0,17,3,1,1,N,0,39 59:20.625,,0,75 05:22.623,8,0,0,0,67301,0,0,0,N,0,0,0,3,68K01,0,,1,7,,N,N,N,0,,0,0,2,3,2,,1708,1,3,0,0,0,1,0,3,4,0,3,10,10.0,N,,,,,,,,,,,
2020061710,1137.0,2,0,0,0,0,0,0,0,0,2,0,,67,8,2020,2,39.9752,-75.1882,1137.0,6,0,0,0,0,0,0,0,0,,0,0,0.0,11,1,1,1,,0,39 58:30.573,,0,75 11:17.203,3,0,0,0,67301,0,0,0,N,0,0,0,2,67301,0,,1,1,,N,N,N,0,,1,0,0,3,2,,1135,1,2,0,0,0,0,1,3,4,0,2,3,3.0,N,,,,,,,,,,,
2020057679,1838.0,1,0,0,1,0,0,0,0,0,4,0,,67,7,2020,7,39.9644,-75.1764,1834.0,6,0,0,0,0,0,0,0,0,,0,0,0.0,18,1,1,5,,0,39 57:51.728,,0,75 10:34.926,3,0,0,0,67301,1,0,0,N,0,0,0,2,67301,0,,1,1,,N,N,N,0,,1,0,0,3,2,,1830,1,2,0,0,1,0,0,3,4,0,1,3,3.0,N,,,,,,,,,,,
2020103739,1710.0,0,0,0,0,0,0,0,0,0,8,0,,67,5,2020,4,39.9912,-75.143,1700.0,6,0,0,0,0,0,0,0,0,,0,0,0.0,14,1,1,0,N,0,39 59:28.330,,0,75 08:34.710,4,0,0,0,67301,1,0,0,N,1,0,0,2,67301,1,,1,1,,N,N,N,0,,0,0,0,0,0,,1430,1,2,0,0,1,0,0,3,4,1,1,3,3.0,N,,,,,,,,,,,
2020103668,156.0,1,0,0,0,0,0,0,0,0,1,0,,67,11,2020,5,39.9828,-75.2078,155.0,6,0,0,0,0,0,0,0,0,,0,0,0.0,1,3,1,0,N,0,39 58:57.991,,0,75 12:28.224,3,0,0,0,67301,0,0,0,N,0,0,0,3,68K01,0,,1,9,,N,N,N,0,,1,0,0,0,0,,151,1,2,0,0,1,0,1,3,4,0,2,7,,N,,,,,,,,,,,
2020102153,1404.0,1,0,0,0,0,0,0,0,0,5,1,,67,10,2020,6,40.0323,-75.0209,1321.0,6,0,0,1,0,0,0,0,0,,0,1,0.0,13,1,0,0,N,2,40 01:56.409,1.0,0,75 01:15.298,0,0,0,0,67301,0,0,0,N,0,0,0,1,68K01,0,,1,1,30.0,N,N,N,0,,0,0,0,0,0,N,1320,0,2,0,0,0,0,0,3,4,0,2,3,3.0,N,,,,,,,,,,,
2020104392,310.0,0,0,0,0,0,0,0,0,0,6,0,,67,12,2020,6,39.9226,-75.2307,259.0,6,0,0,0,0,0,0,0,0,,0,0,0.0,2,3,0,0,N,0,39 55:21.180,,0,75 13:50.658,0,0,0,0,67301,0,0,0,N,0,0,0,1,67301,0,,1,1,,N,N,N,0,,0,0,4,0,0,,250,0,4,0,0,0,0,0,3,4,0,4,3,3.0,N,,,,,,,,,,,
2020102868,2335.0,1,0,0,0,0,0,0,0,0,7,0,,67,11,2020,1,40.0172,-75.1737,2333.0,6,0,0,0,0,0,0,0,0,,0,0,0.0,23,2,0,0,N,0,40 01:01.983,,0,75 10:25.488,0,0,0,0,67301,0,0,0,N,0,0,0,1,67301,0,,4,1,,N,N,N,0,,0,0,0,3,8,,2305,0,1,0,0,0,0,0,3,4,0,1,3,3.0,N,,,,,,,,,,,
2020103252,2154.0,1,0,0,0,0,0,0,0,0,1,1,,67,10,2020,2,39.8914,-75.199,2142.0,6,0,0,0,0,0,0,0,0,,0,1,0.0,20,3,1,0,N,1,39 53:33.943,2.0,3,75 11:49.721,4,0,0,0,67301,0,0,0,N,0,0,0,3,68K01,1,,1,1,2142.0,N,N,N,0,,0,0,0,0,0,N,2025,1,2,0,0,0,0,0,3,4,0,2,3,,N,,,,,,,,,,,
2020055915,647.0,1,0,0,0,0,0,0,0,0,7,0,,67,7,2020,5,39.945,-75.1983,644.0,6,0,0,0,0,0,0,0,0,,0,0,0.0,6,1,1,0,N,0,39 56:41.335,,1,75 11:53.386,4,0,0,0,67301,0,0,0,N,0,0,0,1,67504,1,,4,1,,N,N,N,0,,0,0,0,0,0,,642,1,1,0,0,0,0,0,3,4,0,1,98,98.0,N,,,,,,,,,,,
2020060982,1845.0,0,0,0,0,0,0,0,0,0,7,0,,67,7,2020,6,40.003,-75.1161,1835.0,6,0,0,0,0,0,0,0,0,,0,0,0.0,16,1,0,11,,0,40 00:10.843,,0,75 06:57.880,9,0,0,0,67301,0,0,0,N,0,0,0,1,67301,0,,5,1,,N,N,N,0,,0,0,1,0,0,,1606,0,1,0,0,0,0,1,3,4,0,1,3,3.0,N,,,,,,,,,,,
2020058207,819.0,2,0,0,0,0,0,0,0,0,4,0,,67,7,2020,5,39.9898,-75.1352,818.0,6,0,0,0,0,0,1,0,0,,0,0,0.0,7,1,1,1,,0,39 59:23.334,,0,75 08:06.773,3,0,0,0,67301,0,0,0,N,0,0,0,3,67301,0,,1,1,,N,N,N,0,,1,0,1,3,2,,752,1,3,0,0,0,0,0,3,4,0,3,3,,N,,,,,,,,,,,
2020102835,1920.0,1,0,0,0,0,0,0,0,0,6,1,,67,11,2020,2,40.0072,-75.1516,1919.0,6,1,0,0,0,0,1,0,0,,0,1,0.0,19,3,0,0,N,0,40 00:25.865,,0,75 09:05.691,0,0,0,0,67301,0,0,0,N,0,0,0,2,67505,0,,1,9,,N,N,N,0,,0,0,0,0,0,,1915,0,2,0,0,0,0,0,3,4,0,2,4,4.0,N,,,,,,,,,,,
2020103822,2208.0,3,0,0,0,0,0,0,0,0,4,0,,67,11,2020,1,39.9571,-75.1566,2208.0,6,0,0,0,1,0,0,0,0,,0,0,0.0,22,3,0,0,N,2,39 57:25.506,3.0,0,75 09:23.888,0,0,0,0,67301,0,0,0,N,0,0,0,4,68K01,0,,3,9,100.0,N,N,N,0,,0,0,0,0,0,N,2208,0,3,0,0,0,0,0,3,4,0,3,7,,N,,,,,,,,,,,
2020102419,1300.0,1,0,0,0,0,0,0,0,0,5,1,,67,11,2020,4,40.0388,-75.1916,1300.0,6,0,0,0,0,1,0,0,0,,0,1,0.0,13,1,1,0,N,0,40 02:19.639,,0,75 11:29.923,4,0,0,0,67301,0,0,0,N,0,0,0,2,67301,1,,1,1,,N,N,N,0,,0,0,0,0,0,,1330,1,2,0,0,0,0,0,3,4,0,2,3,3.0,N,,,,,,,,,,,
2020057658,2146.0,0,0,0,0,0,0,0,0,0,7,0,35.0,67,7,2020,3,39.9126,-75.1744,2145.0,6,0,0,0,0,0,1,0,0,,0,0,0.0,21,3,0,0,N,2,39 54:45.300,3.0,3,75 10:28.000,0,0,0,0,67301,0,0,0,N,0,0,0,1,67501,0,,2,1,2214.0,N,N,N,0,,0,0,1,3,8,N,2145,0,1,0,0,0,0,0,3,4,0,1,3,3.0,Y,4.0,1.0,N,Y,,N,Y,,,Y,N