CRN,ARRIVAL_TM,AUTOMOBILE_COUNT,BELTED_DEATH_COUNT,BELTED_SUSP_SERIOUS_INJ_COUNT,BICYCLE_COUNT,BICYCLE_DEATH_COUNT,BICYCLE_SUSP_SERIOUS_INJ_COUNT,BUS_COUNT,CHLDPAS_DEATH_COUNT,CHLDPAS_SUSP_SERIOUS_INJ_COUNT,COLLISION_TYPE,COMM_VEH_COUNT,CONS_ZONE_SPD_LIM,COUNTY,CRASH_MONTH,CRASH_YEAR,DAY_OF_WEEK,DEC_LAT,DEC_LONG,DISPATCH_TM,DISTRICT,DRIVER_COUNT_16YR,DRIVER_COUNT_17YR,DRIVER_COUNT_18YR,DRIVER_COUNT_19YR,DRIVER_COUNT_20YR,DRIVER_COUNT_50_64YR,DRIVER_COUNT_65_74YR,DRIVER_COUNT_75PLUS,EST_HRS_CLOSED,FATAL_COUNT,HEAVY_TRUCK_COUNT,HORSE_BUGGY_COUNT,HOUR_OF_DAY,ILLUMINATION,INJURY_COUNT,INTERSECT_TYPE,INTERSECTION_RELATED,LANE_CLOSED,LATITUDE,LN_CLOSE_DIR,LOCATION_TYPE,LONGITUDE,MAX_SEVERITY_LEVEL,MCYCLE_DEATH_COUNT,MCYCLE_SUSP_SERIOUS_INJ_COUNT,MOTORCYCLE_COUNT,MUNICIPALITY,NONMOTR_COUNT,NONMOTR_DEATH_COUNT,NONMOTR_SUSP_SERIOUS_INJ_COUNT,NTFY_HIWY_MAINT,PED_COUNT,PED_DEATH_COUNT,PED_SUSP_SERIOUS_INJ_COUNT,PERSON_COUNT,POLICE_AGCY,POSSIBLE_INJ_COUNT,RDWY_SURF_TYPE_CD,RELATION_TO_ROAD,ROAD_CONDITION,ROADWAY_CLEARED,SCH_BUS_IND,SCH_ZONE_IND,SECONDARY_CRASH,SMALL_TRUCK_COUNT,SPEC_JURIS_CD,SUSP_MINOR_INJ_COUNT,SUSP_SERIOUS_INJ_COUNT,SUV_COUNT,TCD_FUNC_CD,TCD_TYPE,TFC_DETOUR_IND,TIME_OF_DAY,TOT_INJ_COUNT,TOTAL_UNITS,UNB_DEATH_COUNT,UNB_SUSP_SERIOUS_INJ_COUNT,UNBELTED_OCC_COUNT,UNK_INJ_DEG_COUNT,UNK_INJ_PER_COUNT,URBAN_AREA,URBAN_RURAL,VAN_COUNT,VEHICLE_COUNT,WEATHER1,WEATHER2,WORK_ZONE_IND,WORK_ZONE_LOC,WORK_ZONE_TYPE,WORKERS_PRES,WZ_CLOSE_DETOUR,WZ_FLAGGER,WZ_LAW_OFFCR_IND,WZ_LN_CLOSURE,WZ_MOVING,WZ_OTHER,WZ_SHLDER_MDN,WZ_WORKERS_INJ_KILLED
2020049012,1835.0,0,0,0,0,0,0,0,0,0,8,0,,67,6,2020,2,39.9839,-75.1259,1829.0,6,0,0,0,0,0,0,0,0,,0,0,0.0,18,1,1,0,N,0,39 59:01.880,,0,75 07:33.260,3,0,0,0,67301,1,0,0,N,1,0,0,2,67301,0,,1,1,,N,N,N,0,,1,0,0,0,0,,1811,1,2,0,0,0,0,0,3,4,0,1,3,3.0,N,,,,,,,,,,,
2020049936,1220.0,1,0,0,0,0,0,0,0,0,4,0,,67,6,2020,5,40.0239,-75.0354,1215.0,6,0,0,0,0,0,0,1,1,,0,0,0.0,12,1,3,5,,1,40 01:26.262,3.0,2,75 02:07.339,3,0,0,0,67301,0,0,0,N,0,0,0,3,67301,0,,1,1,1308.0,N,N,N,0,,3,0,1,3,2,N,1209,3,2,0,0,0,0,0,3,4,0,2,3,3.0,N,,,,,,,,,,,
2020093672,845.0,1,0,0,0,0,0,0,0,0,1,1,,67,11,2020,4,39.9207,-75.1976,839.0,6,0,1,0,0,0,1,0,0,,0,1,0.0,8,3,1,0,N,0,39 55:14.368,,3,75 11:51.350,3,0,0,0,67301,0,0,0,N,0,0,0,2,67301,0,,1,1,,N,N,N,0,,1,0,0,0,0,,830,1,2,0,0,0,0,0,3,4,0,2,3,3.0,N,,,,,,,,,,,
2020050028,358.0,3,0,0,0,0,0,0,0,0,4,0,,67,6,2020,6,39.9802,-75.1575,254.0,6,0,0,0,0,0,0,0,0,,0,0,0.0,2,3,3,1,,2,39 58:48.836,5.0,99,75 09:27.318,3,0,0,0,67301,0,0,0,N,0,0,0,7,67301,0,,1,1,530.0,N,N,N,0,,3,0,0,3,2,Y,253,3,3,0,0,0,0,0,3,4,0,3,3,,N,,,,,,,,,,,
2020050348,1923.0,0,0,0,0,0,0,0,0,0,7,0,35.0,67,6,2020,7,39.9112,-75.1618,1923.0,6,0,0,0,0,0,0,1,0,,0,0,0.0,18,1,0,7,,0,39 54:40.200,,8,75 09:42.400,0,0,0,0,67301,0,0,0,N,0,0,0,1,67501,0,,7,1,,N,N,N,1,,0,0,0,0,0,,1830,0,1,0,0,0,0,0,3,4,0,1,3,3.0,Y,4.0,1.0,N,,,N,Y,,,,N
2020087333,1138.0,0,0,0,0,0,0,0,0,0,8,0,,67,10,2020,1,40.0754,-75.0802,1130.0,6,0,0,0,0,0,0,0,1,,0,0,0.0,11,1,1,2,,0,40 04:31.618,,0,75 04:48.583,3,0,0,0,67301,1,0,0,N,1,0,0,2,67301,0,,1,1,,N,N,N,0,,1,0,1,3,8,,1115,1,2,0,0,1,0,0,3,4,0,1,3,3.0,N,,,,,,,,,,,
2020047161,1841.0,1,0,0,0,0,0,0,0,0,7,0,,67,6,2020,2,39.9173,-75.1475,1839.0,6,0,0,0,0,0,1,0,0,,0,0,0.0,18,1,1,0,N,2,39 55:02.401,1.0,0,75 08:51.114,4,0,0,0,67301,0,0,0,N,0,0,0,3,68K01,1,,2,1,20.0,N,N,N,0,,0,0,0,0,0,N,1838,1,2,0,0,0,0,0,3,4,1,2,3,3.0,N,,,,,,,,,,,
2020044710,1410.0,0,0,0,0,0,0,0,0,0,8,0,,67,6,2020,2,40.0257,-75.0872,1359.0,6,0,0,0,0,0,0,0,0,,0,0,0.0,13,1,1,1,,0,40 01:32.534,,0,75 05:13.851,4,0,0,1,67301,1,0,0,N,1,0,0,2,67301,1,,1,1,,N,N,N,0,,0,0,0,3,3,,1357,1,2,0,0,0,0,0,3,4,0,1,3,98.0,N,,,,,,,,,,,
2020088355,849.0,1,0,0,0,0,0,0,0,0,1,0,,67,10,2020,2,40.0077,-75.2018,843.0,6,0,0,0,0,0,0,0,0,,0,0,0.0,8,1,1,0,N,0,40 00:27.880,,0,75 12:06.404,8,0,0,0,67301,0,0,0,N,0,0,0,2,68K01,0,,1,1,,N,N,N,0,,0,0,1,0,0,,841,1,2,0,0,0,1,0,3,4,0,2,3,3.0,N,,,,,,,,,,,
2020045709,1450.0,2,0,0,0,0,0,0,0,0,4,0,,67,6,2020,4,40.0291,-75.1468,1450.0,6,0,0,0,0,0,0,0,0,,0,0,0.0,20,3,2,1,,0,40 01:44.692,,0,75 08:48.898,8,0,0,0,67301,0,0,0,N,0,0,0,3,67301,0,,1,1,,N,N,Y,0,,0,0,0,3,2,,2030,2,2,0,0,0,2,0,3,4,0,2,99,,N,,,,,,,,,,,
2020047003,1430.0,2,0,0,0,0,0,0,0,0,7,0,,67,6,2020,5,39.8866,-75.2061,1406.0,6,0,0,0,0,0,0,1,0,,0,0,0.0,14,1,1,0,N,2,39 53:13.841,2.0,3,75 12:17.578,8,0,0,0,67301,0,0,0,N,0,0,0,3,68K01,0,,2,9,1440.0,N,N,N,0,,0,0,1,0,0,N,1406,1,3,0,0,0,1,0,3,4,0,3,7,7.0,N,,,,,,,,,,,
2020046779,1640.0,3,0,0,0,0,0,0,0,0,1,0,,67,6,2020,6,39.9206,-75.2467,1631.0,6,0,0,0,0,0,1,0,0,,0,0,0.0,16,1,0,0,N,0,39 55:14.160,,0,75 14:48.011,9,0,0,0,67301,0,0,0,N,0,0,0,6,67301,0,,1,1,,N,N,N,0,,0,0,2,0,0,,1629,0,5,0,0,0,0,1,3,4,0,5,3,,N,,,,,,,,,,,
2020093193,1804.0,2,0,0,0,0,0,0,0,0,4,0,,67,11,2020,3,39.985,-75.1785,1803.0,6,0,0,0,0,0,0,0,1,,0,0,0.0,17,3,2,0,N,0,39 59:06.166,,0,75 10:42.570,8,0,0,0,67301,0,0,0,N,0,0,0,3,67301,0,,6,1,,N,N,N,1,,0,0,0,0,0,,1759,2,3,0,0,1,2,1,3,4,0,3,3,,N,,,,,,,,,,,
2020051987,2045.0,1,0,0,1,0,0,0,0,0,5,0,,67,6,2020,1,39.9484,-75.1591,2045.0,6,0,0,0,0,0,0,0,0,,0,0,0.0,20,4,1,0,N,0,39 56:54.240,,0,75 09:32.610,3,0,0,0,67301,1,0,0,N,0,0,0,2,67301,0,,1,1,,N,N,N,0,,1,0,0,0,0,,2043,1,2,0,0,0,0,0,3,4,0,1,3,3.0,N,,,,,,,,,,,
2020091351,24.0,1,0,0,0,0,0,0,0,0,5,1,,67,10,2020,2,40.0243,-75.1569,23.0,6,0,0,0,0,0,0,0,0,,0,1,0.0,0,3,0,0,N,0,40 01:27.300,,0,75 09:24.800,0,0,0,0,67301,0,0,0,N,0,0,0,1,67301,0,,6,9,,N,N,N,0,,0,0,0,0,0,,15,0,2,0,0,0,0,0,3,4,0,2,7,4.0,N,,,,,,,,,,,
2020050404,120.0,0,0,0,0,0,0,0,0,0,4,0,,67,6,2020,7,39.9667,-75.2111,117.0,6,0,0,0,0,0,0,1,0,,0,0,0.0,1,3,0,1,,0,39 58:00.292,,0,75 12:39.920,0,0,0,0,67301,0,0,0,N,0,0,0,2,67301,0,,1,1,,N,N,N,0,,0,0,2,1,2,,106,0,2,0,0,0,0,0,3,4,0,2,3,,N,,,,,,,,,,,
2020092496,1617.0,0,0,0,0,0,0,0,0,0,8,0,,67,10,2020,5,40.0203,-75.0804,1613.0,6,0,0,0,0,0,0,0,0,,0,0,0.0,16,1,1,1,,0,40 01:13.023,,0,75 04:49.359,3,0,0,0,67301,1,0,0,N,1,0,0,1,67301,0,,1,9,,N,N,N,0,,1,0,1,3,2,,1607,1,2,0,0,0,0,0,3,4,0,1,7,7.0,N,,,,,,,,,,,
2020050259,1644.0,1,0,0,0,0,0,0,0,0,7,0,,67,6,2020,4,39.8919,-75.2419,1644.0,6,0,0,0,0,0,0,0,0,,0,0,0.0,16,1,1,2,,0,39 53:32.170,,0,75 14:32.210,3,0,0,0,67301,0,0,0,N,0,0,0,1,67301,0,,4,1,,N,N,N,0,,1,0,0,3,2,,1634,1,1,0,0,0,0,0,3,4,0,1,3,3.0,N,,,,,,,,,,,
2020094035,2007.0,3,0,0,0,0,0,0,0,0,1,0,50.0,67,10,2020,2,39.9419,-75.1941,2007.0,6,0,0,0,0,0,0,0,0,,0,0,0.0,20,3,1,0,N,0,39 56:30.852,,0,75 11:38.623,3,0,0,0,67301,0,0,0,N,0,0,0,4,68K01,0,,1,9,,N,N,N,0,,1,0,1,0,0,,2007,1,4,0,0,0,0,0,3,4,0,4,7,,Y,2.0,1.0,Y,N,N,Y,Y,N,N,N,N
2020093289,1451.0,0,0,0,0,0,0,0,0,0,7,1,35.0,67,11,2020,1,39.9125,-75.1742,1451.0,6,0,0,0,0,0,0,0,0,,0,1,0.0,14,1,0,0,N,0,39 54:45.100,,3,75 10:27.200,0,0,0,0,67301,0,0,0,N,0,0,0,1,67501,0,,2,1,,N,N,N,1,,0,0,0,0,0,,1451,0,2,0,0,0,0,0,3,4,0,2,3,,Y,4.0,1.0,N,,,N,,,,Y,N
2020048529,528.0,1,0,0,0,0,0,0,0,0,7,0,,67,6,2020,1,39.9732,-75.2122,528.0,6,0,0,0,0,0,0,0,0,,0,0,0.0,5,3,0,1,,0,39 58:23.653,,0,75 12:44.012,9,0,0,0,67301,0,0,0,N,0,0,0,1,67301,0,,3,1,,N,N,N,0,,0,0,0,3,2,,500,0,1,0,0,0,0,1,3,4,0,1,3,,N,,,,,,,,,,,
2020087649,1040.0,2,0,0,0,0,0,0,0,0,4,0,,67,10,2020,6,40.0003,-75.0981,1034.0,6,0,0,0,0,0,0,0,0,,1,0,0.0,7,1,0,0,N,0,40 00:01.056,,0,75 05:53.337,1,0,0,0,67301,0,0,0,N,0,0,0,1,67301,0,2.0,4,1,,N,N,N,0,0.0,0,0,0,3,2,,755,0,2,0,0,0,0,0,3,4,0,2,3,3.0,N,,,,,,,,,,,
2020044490,1615.0,1,0,0,0,0,0,0,0,0,5,0,,67,6,2020,6,39.8999,-75.2068,1610.0,6,0,0,0,0,0,1,0,0,,0,0,0.0,16,1,1,0,N,1,39 53:59.487,3.0,3,75 12:24.648,3,0,0,0,67301,0,0,0,N,0,0,0,3,67301,0,,1,1,1645.0,N,N,N,0,,1,0,1,0,0,N,1607,1,2,0,0,0,0,0,3,4,0,2,3,3.0,N,,,,,,,,,,,
2020047162,1901.0,1,0,0,0,0,0,0,0,0,7,0,,67,6,2020,2,40.0336,-75.0203,1855.0,6,0,0,0,0,0,0,0,0,,0,0,0.0,18,1,0,0,N,1,40 02:00.911,2.0,0,75 01:13.212,0,0,0,0,67301,0,0,0,N,0,0,0,1,68K01,0,,2,1,1930.0,N,N,N,0,,0,0,0,0,0,N,1854,0,1,0,0,0,0,0,3,4,0,1,3,3.0,N,,,,,,,,,,,
2020087179,1555.0,1,0,0,0,0,0,0,0,0,1,0,,67,10,2020,1,40.0457,-75.161,1550.0,6,0,0,0,0,0,1,0,0,,0,0,0.0,15,1,1,0,N,1,40 02:44.590,1.0,0,75 09:39.490,3,0,0,0,67301,0,0,0,N,0,0,0,2,67301,0,,6,1,1616.0,N,N,N,0,,1,0,1,3,3,Y,1530,1,2,0,0,1,0,0,3,4,0,2,3,3.0,N,,,,,,,,,,,
2020086648,1320.0,0,0,0,0,0,0,0,0,0,1,0,,67,10,2020,6,40.0083,-75.2024,1304.0,6,0,0,0,0,0,0,0,1,,0,0,0.0,13,1,0,0,N,0,40 00:29.701,,0,75 12:08.649,0,0,0,0,67301,0,0,0,N,0,0,0,2,68K01,0,,1,1,,N,N,N,0,,0,0,2,0,0,,1301,0,2,0,0,0,0,0,3,4,0,2,3,,N,,,,,,,,,,,
2020089747,1500.0,0,0,0,0,0,0,0,0,0,4,0,,67,7,2020,4,40.0144,-75.1781,,6,0,0,0,0,0,1,0,0,,0,0,0.0,15,1,1,1,,0,40 00:51.660,,0,75 10:41.196,8,0,0,0,67301,0,0,0,N,0,0,0,2,00000,0,,1,1,,,,N,0,,0,0,1,3,2,,1500,1,2,0,0,0,1,0,3,4,1,2,3,,N,,,,,,,,,,,
2020053524,1647.0,2,0,0,0,0,0,0,0,0,1,0,,67,6,2020,6,39.9981,-75.0815,1642.0,6,0,0,0,0,0,0,0,0,,0,0,0.0,16,1,0,0,N,1,39 59:53.060,2.0,0,75 04:53.411,0,0,0,0,67301,0,0,0,N,0,0,0,2,68K01,0,,1,1,1735.0,N,N,Y,0,,0,0,0,0,0,N,1642,0,2,0,0,0,0,0,3,4,0,2,3,,N,,,,,,,,,,,
2020048724,820.0,1,0,0,0,0,0,0,0,0,5,0,,67,6,2020,2,40.1063,-74.9992,813.0,6,0,0,0,0,0,0,0,1,,0,0,0.0,8,1,1,0,N,0,40 06:22.619,,0,74 59:56.952,8,0,0,0,67301,0,0,0,N,0,0,0,3,67301,0,,1,1,,N,N,N,0,,0,0,1,0,0,,810,1,2,0,0,0,1,0,3,4,0,2,3,3.0,N,,,,,,,,,,,
2020093304,2046.0,1,0,0,0,0,0,0,0,0,8,0,,67,11,2020,3,40.0122,-75.1434,2041.0,6,0,0,0,0,0,0,0,0,,0,0,0.0,20,3,2,0,N,1,40 00:44.050,5.0,0,75 08:36.350,2,0,0,0,67301,1,0,1,N,1,0,1,2,67301,0,,1,1,2154.0,N,N,N,0,,1,1,0,0,0,N,2041,2,2,0,0,1,0,0,3,4,0,1,3,,N,,,,,,,,,,,
2020050909,1001.0,0,0,0,0,0,0,0,0,0,7,0,,67,6,2020,4,39.9976,-75.2051,1000.0,6,0,0,0,0,0,0,0,0,,0,0,0.0,1,3,1,0,N,0,39 59:51.400,,0,75 12:18.200,3,0,0,0,67301,0,0,0,N,0,0,0,1,67301,0,,4,1,,N,N,N,0,,1,0,1,0,0,,100,1,1,0,0,0,0,0,3,4,0,1,3,3.0,N,,,,,,,,,,,
2020048590,1702.0,2,0,0,0,0,0,0,0,0,4,0,,67,6,2020,1,39.9843,-75.1276,1700.0,6,0,1,0,0,0,0,0,0,,0,0,0.0,16,1,0,1,,0,39 59:03.487,,0,75 07:39.421,0,0,0,0,67301,0,0,0,N,0,0,0,4,67301,0,,1,1,,N,N,N,0,,0,0,0,3,3,,1600,0,2,0,0,0,0,0,3,4,0,2,3,3.0,N,,,,,,,,,,,
2020063252,1324.0,2,0,0,0,0,0,0,0,0,5,0,,67,6,2020,3,39.9464,-75.1892,1315.0,6,0,0,0,0,0,0,0,0,,0,0,0.0,13,1,1,0,N,1,39 56:47.065,3.0,0,75 11:21.034,4,0,0,0,67301,0,0,0,N,0,0,0,2,68K01,1,,1,1,1402.0,N,N,N,0,,0,0,0,0,0,N,1313,1,2,0,0,0,0,1,3,4,0,2,3,3.0,N,,,,,,,,,,,
2020050956,2325.0,0,0,0,0,0,0,0,0,0,4,0,,67,6,2020,6,39.9399,-75.1831,2323.0,6,0,0,0,0,1,1,0,0,,0,0,0.0,23,3,1,1,,0,39 56:23.585,,0,75 10:59.267,3,0,0,1,67301,0,0,0,N,0,0,0,2,67301,0,,1,1,,N,N,N,0,,1,0,1,3,2,,2300,1,2,0,0,0,0,0,3,4,0,2,3,,N,,,,,,,,,,,
2020049932,1915.0,0,0,0,0,0,0,0,0,0,4,0,,67,6,2020,5,39.9402,-75.1424,1850.0,6,0,0,0,0,0,2,0,0,,0,0,0.0,18,1,1,0,N,0,39 56:24.595,,7,75 08:32.498,8,0,0,0,67301,0,0,0,N,0,0,0,2,67301,0,,1,1,,N,N,N,0,,0,0,2,0,0,,1849,1,2,0,0,0,1,1,3,4,0,2,3,3.0,N,,,,,,,,,,,
2020046434,1410.0,1,0,0,0,0,0,0,0,0,4,0,,67,6,2020,6,40.0832,-75.026,1408.0,6,0,0,0,0,0,0,0,0,,0,0,0.0,14,1,2,0,N,1,40 04:59.509,1.0,7,75 01:33.611,3,0,0,0,67301,0,0,0,N,0,0,0,3,67301,0,,1,1,100.0,N,N,N,0,,2,0,1,3,2,Y,1402,2,2,0,0,0,0,0,3,4,0,2,3,,N,,,,,,,,,,,
2020086807,1010.0,0,0,0,0,0,0,0,0,0,7,1,,67,10,2020,7,40.0,-75.1893,945.0,6,0,0,0,0,0,0,0,0,,0,1,0.0,8,1,0,0,N,0,40 00:00.261,,1,75 11:20.908,0,0,0,0,67301,0,0,0,N,0,0,0,1,67301,0,,5,1,,N,N,N,0,,0,0,0,3,8,,830,0,1,0,0,0,0,0,3,4,0,1,3,3.0,N,,,,,,,,,,,
2020045305,1800.0,2,0,0,0,0,0,0,0,0,4,0,,67,6,2020,4,39.978,-75.1526,1758.0,6,0,0,0,0,1,1,0,0,,0,0,0.0,17,1,1,1,N,1,39 58:40.705,4.0,0,75 09:09.321,3,0,0,0,67301,0,0,0,N,0,0,0,2,67505,0,,1,1,1805.0,N,N,N,0,,1,0,0,3,2,N,1756,1,2,0,0,0,0,0,3,4,0,2,3,3.0,N,,,,,,,,,,,
2020049886,58.0,2,0,0,0,0,0,0,0,0,4,0,,67,6,2020,5,39.9895,-75.1108,52.0,6,0,0,0,0,0,0,0,0,,0,0,0.0,22,3,0,1,,0,39 59:22.074,,0,75 06:38.721,0,0,0,0,67301,0,0,0,N,0,0,0,1,67301,0,,1,1,,N,N,N,0,,0,0,0,3,3,,2218,0,2,0,0,0,0,0,3,4,0,2,3,3.0,N,,,,,,,,,,,
2020050185,1322.0,0,0,0,0,0,0,0,0,0,4,0,,67,6,2020,6,40.0395,-75.0334,1320.0,6,0,0,0,0,0,0,0,0,,0,0,0.0,13,1,1,1,,1,40 02:22.235,2.0,0,75 02:00.419,8,0,0,1,67301,0,0,0,N,0,0,0,2,67301,0,,1,1,1345.0,N,N,N,0,,0,0,1,3,2,N,1319,1,2,0,0,0,1,0,3,4,0,2,3,,N,,,,,,,,,,,
2020049748,530.0,2,0,0,0,0,0,0,0,0,4,0,,67,6,2020,5,39.991,-75.1679,421.0,6,0,0,0,1,0,0,0,0,,0,0,0.0,4,3,3,5,,0,39 59:27.459,,0,75 10:04.324,3,0,0,0,67301,0,0,0,N,0,0,0,3,67301,0,,1,1,,N,N,N,0,,2,0,0,3,2,,400,3,2,0,0,0,1,0,3,4,0,2,3,3.0,N,,,,,,,,,,,
2020048917,1716.0,1,0,0,0,0,0,0,0,0,4,0,,67,6,2020,2,40.0439,-75.0786,1712.0,6,0,0,0,0,1,1,0,0,,0,0,0.0,17,1,2,1,,0,40 02:38.062,,0,75 04:42.861,3,0,0,0,67301,0,0,0,N,0,0,0,3,67301,0,,1,1,,N,N,N,1,,2,0,0,3,3,,1703,2,2,0,0,0,0,0,3,4,0,2,3,,N,,,,,,,,,,,
2020092325,1038.0,2,0,0,0,0,0,0,0,0,4,0,,67,10,2020,6,40.0694,-75.0395,1030.0,6,1,0,0,0,0,0,0,0,,0,0,0.0,10,1,0,0,N,2,40 04:09.931,1.0,0,75 02:22.068,0,0,0,0,67301,0,0,0,N,0,0,0,2,67301,0,,1,9,100.0,N,N,N,0,,0,0,0,3,8,N,1029,0,2,0,0,0,0,0,3,4,0,2,7,7.0,N,,,,,,,,,,,
2020092359,1830.0,2,0,0,0,0,0,0,0,0,4,0,,67,10,2020,5,39.9813,-75.1803,1828.0,6,0,0,0,0,0,0,0,0,,0,0,0.0,18,3,0,0,N,0,39 58:52.730,,0,75 10:49.160,0,0,0,0,67301,0,0,0,N,0,0,0,0,67301,0,,1,9,,N,N,N,0,,0,0,1,0,0,,1826,0,3,0,0,0,0,0,3,4,0,3,7,,N,,,,,,,,,,,
2020091635,1025.0,3,0,0,0,0,0,0,0,0,5,2,,67,10,2020,6,39.9394,-75.1433,1023.0,6,0,0,0,0,0,0,0,0,,0,2,0.0,10,1,1,0,N,1,39 56:21.725,1.0,0,75 08:35.718,3,0,0,0,67301,0,0,0,N,0,0,0,6,68K01,0,,2,1,1130.0,N,N,N,0,,1,0,0,0,0,N,1021,1,5,0,0,0,0,0,3,4,0,5,4,,N,,,,,,,,,,,
2020092495,1449.0,2,0,0,0,0,0,0,0,0,4,0,,67,10,2020,4,40.0289,-75.0568,1448.0,6,0,0,0,0,0,0,0,1,,0,0,0.0,14,1,1,0,N,2,40 01:44.181,2.0,0,75 03:24.465,3,0,0,0,67301,0,0,0,N,0,0,0,2,67301,0,,1,9,1513.0,N,N,N,0,,1,0,0,0,0,N,1428,1,2,0,0,0,0,0,3,4,0,2,7,,N,,,,,,,,,,,
2020049933,745.0,0,0,0,0,0,0,0,0,0,7,0,,67,6,2020,5,40.0814,-74.9663,739.0,6,0,0,0,1,0,0,0,0,,0,0,0.0,7,1,2,0,N,1,40 04:52.958,3.0,0,74 57:58.526,3,0,0,0,67301,0,0,0,N,0,0,0,2,67301,0,,3,1,200.0,N,N,N,0,,2,0,1,0,0,N,738,2,1,0,0,2,0,0,3,4,0,1,3,,N,,,,,,,,,,,
2020092345,425.0,1,0,0,0,0,0,0,0,0,2,0,,67,10,2020,7,40.0413,-75.0285,418.0,6,0,0,0,0,1,0,0,0,,0,0,0.0,4,3,0,0,N,0,40 02:28.697,,0,75 01:42.720,0,0,0,0,67301,0,0,0,N,0,0,0,1,67301,0,,1,1,,N,N,N,0,,0,0,1,0,0,,415,0,2,0,0,0,0,0,3,4,0,2,3,3.0,N,,,,,,,,,,,
2020092357,1311.0,1,0,0,0,0,0,0,0,0,4,0,,67,11,2020,1,39.9738,-75.2582,1306.0,6,0,0,0,0,0,0,1,0,,0,0,0.0,11,1,0,2,,1,39 58:25.593,6.0,0,75 15:29.649,0,0,0,0,67301,0,0,0,N,0,0,0,1,67301,0,,1,9,1340.0,N,N,N,0,,0,0,1,3,2,N,1140,0,2,0,0,0,0,0,3,4,0,2,7,7.0,N,,,,,,,,,,,
2020052831,2343.0,1,0,0,0,0,0,0,0,0,7,0,,67,6,2020,7,39.96,-75.1799,2343.0,6,0,0,0,0,0,0,0,0,,0,0,0.0,23,3,0,0,N,2,39 57:36.078,3.0,3,75 10:47.662,9,0,0,0,67301,0,0,0,N,0,0,0,1,68K01,0,,4,1,30.0,N,N,N,0,,0,0,0,0,0,N,2343,0,1,0,0,0,0,1,3,4,0,1,3,3.0,N,,,,,,,,,,,
2020051231,1556.0,1,0,0,0,0,0,0,0,0,1,0,,67,6,2020,5,39.9582,-75.1646,1550.0,6,0,0,0,0,0,1,1,0,,0,0,0.0,15,1,1,0,N,0,39 57:29.567,,0,75 09:52.293,4,0,0,0,67301,0,0,0,N,0,0,0,2,68K01,1,,1,1,,N,N,N,0,,0,0,0,0,0,,1544,1,2,0,0,0,0,0,3,4,1,2,3,3.0,N,,,,,,,,,,,
2020049852,1825.0,1,0,0,0,0,0,0,0,0,8,0,,67,6,2020,5,39.9717,-75.2245,1815.0,6,0,0,0,0,0,0,0,0,,0,0,0.0,18,1,1,0,N,0,39 58:18.110,,0,75 13:28.340,3,0,0,0,67301,1,0,0,N,1,0,0,2,67301,0,,1,1,,N,N,N,0,,1,0,0,0,0,,1810,1,2,0,0,1,0,0,3,4,0,1,3,3.0,N,,,,,,,,,,,
2020049639,24.0,0,0,0,0,0,0,0,0,0,8,0,,67,6,2020,2,39.9074,-75.1537,24.0,6,0,0,0,0,0,0,0,0,,0,0,0.0,0,3,1,0,N,0,39 54:26.800,,0,75 09:13.400,2,0,0,0,67301,1,0,1,N,1,0,1,2,67301,0,,1,1,,N,N,N,1,,0,1,0,0,0,,24,1,2,0,0,0,0,0,3,4,0,1,3,3.0,N,,,,,,,,,,,
2020093219,2110.0,0,0,0,0,0,0,0,0,0,8,0,,67,11,2020,3,40.0267,-75.0538,2104.0,6,0,0,0,0,0,1,0,0,,0,0,0.0,16,1,1,0,N,0,40 01:36.260,,0,75 03:13.540,3,0,0,0,67301,1,0,0,N,1,0,0,2,67301,0,,1,1,,N,N,N,0,,1,0,1,0,0,,1618,1,2,0,0,0,0,0,3,4,0,1,3,,N,,,,,,,,,,,
2020049752,2240.0,1,0,0,0,0,0,0,0,0,4,0,,67,6,2020,4,40.021,-75.1639,2240.0,6,0,0,0,0,0,0,0,0,,0,0,0.0,22,3,0,1,,0,40 01:15.603,,0,75 09:50.111,0,0,0,0,67301,0,0,0,N,0,0,0,2,67301,0,,1,1,,N,N,N,0,,0,0,0,3,3,,2240,0,2,0,0,0,0,0,3,4,0,2,3,3.0,N,,,,,,,,,,,
2020050339,1721.0,3,0,0,0,0,0,0,0,0,4,0,,67,6,2020,6,39.9811,-75.1639,1721.0,6,0,0,0,0,0,0,0,0,,0,0,0.0,17,1,0,1,,2,39 58:51.790,1.0,0,75 09:50.150,0,0,0,0,67301,0,0,0,N,0,0,0,2,67301,0,,1,1,1800.0,N,N,N,0,,0,0,0,3,3,Y,1720,0,3,0,0,1,0,0,3,4,0,3,3,3.0,N,,,,,,,,,,,
2020050334,1515.0,2,0,0,0,0,0,0,0,0,1,0,,67,6,2020,7,39.9235,-75.2318,1515.0,6,0,0,0,0,0,0,0,0,,0,0,0.0,14,1,1,0,Y,0,39 55:24.545,,0,75 13:54.648,8,0,0,0,67301,0,0,0,N,0,0,0,2,67301,0,,1,1,,N,N,N,0,,0,0,0,3,2,,1401,1,2,0,0,0,1,0,3,4,0,2,3,3.0,N,,,,,,,,,,,
2020092112,1608.0,1,0,1,0,0,0,0,0,0,98,0,,67,11,2020,1,39.9832,-75.1568,1608.0,6,0,0,0,0,0,0,0,0,,0,0,0.0,16,4,1,1,,0,39 58:59.573,,0,75 09:24.969,2,0,0,0,67301,0,0,0,N,0,0,0,1,67505,0,,5,9,,N,N,N,0,,0,1,0,3,2,,1606,1,1,0,0,0,0,0,3,4,0,1,7,4.0,N,,,,,,,,,,,