CRN,ARRIVAL_TM,AUTOMOBILE_COUNT,BELTED_DEATH_COUNT,BELTED_SUSP_SERIOUS_INJ_COUNT,BICYCLE_COUNT,BICYCLE_DEATH_COUNT,BICYCLE_SUSP_SERIOUS_INJ_COUNT,BUS_COUNT,CHLDPAS_DEATH_COUNT,CHLDPAS_SUSP_SERIOUS_INJ_COUNT,COLLISION_TYPE,COMM_VEH_COUNT,CONS_ZONE_SPD_LIM,COUNTY,CRASH_MONTH,CRASH_YEAR,DAY_OF_WEEK,DEC_LAT,DEC_LONG,DISPATCH_TM,DISTRICT,DRIVER_COUNT_16YR,DRIVER_COUNT_17YR,DRIVER_COUNT_18YR,DRIVER_COUNT_19YR,DRIVER_COUNT_20YR,DRIVER_COUNT_50_64YR,DRIVER_COUNT_65_74YR,DRIVER_COUNT_75PLUS,EST_HRS_CLOSED,FATAL_COUNT,HEAVY_TRUCK_COUNT,HORSE_BUGGY_COUNT,HOUR_OF_DAY,ILLUMINATION,INJURY_COUNT,INTERSECT_TYPE,INTERSECTION_RELATED,LANE_CLOSED,LATITUDE,LN_CLOSE_DIR,LOCATION_TYPE,LONGITUDE,MAX_SEVERITY_LEVEL,MCYCLE_DEATH_COUNT,MCYCLE_SUSP_SERIOUS_INJ_COUNT,MOTORCYCLE_COUNT,MUNICIPALITY,NONMOTR_COUNT,NONMOTR_DEATH_COUNT,NONMOTR_SUSP_SERIOUS_INJ_COUNT,NTFY_HIWY_MAINT,PED_COUNT,PED_DEATH_COUNT,PED_SUSP_SERIOUS_INJ_COUNT,PERSON_COUNT,POLICE_AGCY,POSSIBLE_INJ_COUNT,RDWY_SURF_TYPE_CD,RELATION_TO_ROAD,ROAD_CONDITION,ROADWAY_CLEARED,SCH_BUS_IND,SCH_ZONE_IND,SECONDARY_CRASH,SMALL_TRUCK_COUNT,SPEC_JURIS_CD,SUSP_MINOR_INJ_COUNT,SUSP_SERIOUS_INJ_COUNT,SUV_COUNT,TCD_FUNC_CD,TCD_TYPE,TFC_DETOUR_IND,TIME_OF_DAY,TOT_INJ_COUNT,TOTAL_UNITS,UNB_DEATH_COUNT,UNB_SUSP_SERIOUS_INJ_COUNT,UNBELTED_OCC_COUNT,UNK_INJ_DEG_COUNT,UNK_INJ_PER_COUNT,URBAN_AREA,URBAN_RURAL,VAN_COUNT,VEHICLE_COUNT,WEATHER1,WEATHER2,WORK_ZONE_IND,WORK_ZONE_LOC,WORK_ZONE_TYPE,WORKERS_PRES,WZ_CLOSE_DETOUR,WZ_FLAGGER,WZ_LAW_OFFCR_IND,WZ_LN_CLOSURE,WZ_MOVING,WZ_OTHER,WZ_SHLDER_MDN,WZ_WORKERS_INJ_KILLED
2020054709,1312.0,1,0,0,0,0,0,0,0,0,4,0,,67,6,2020,4,39.9391,-75.1853,1308.0,6,0,0,0,0,0,0,0,0,,0,0,0.0,12,1,0,1,,0,39 56:20.925,,1,75 11:06.959,0,0,0,0,67301,0,0,0,N,0,0,0,2,67301,0,,1,1,,N,N,N,0,,0,0,0,3,3,,1245,0,2,0,0,0,0,0,3,4,1,2,3,,N,,,,,,,,,,,
2020092503,1331.0,1,0,0,0,0,0,0,0,0,1,1,,67,10,2020,6,40.013,-75.1194,1327.0,6,0,0,0,0,0,1,0,0,,0,1,0.0,12,1,1,1,,0,40 00:46.743,,0,75 07:09.776,3,0,0,0,67301,0,0,0,N,0,0,0,4,67301,0,,1,9,,N,N,N,0,,1,0,1,3,2,,1243,1,3,0,0,0,0,0,3,4,0,3,4,,N,,,,,,,,,,,
2020050265,850.0,1,0,0,0,0,0,0,0,0,4,0,,67,6,2020,6,39.9025,-75.2248,840.0,6,0,0,0,0,0,0,0,0,,0,0,0.0,7,1,0,5,,0,39 54:08.998,,0,75 13:29.191,0,0,0,0,67301,0,0,0,N,0,0,0,2,67301,0,,1,1,,N,N,N,0,,0,0,1,3,2,,758,0,2,0,0,0,0,0,3,4,0,2,3,3.0,N,,,,,,,,,,,
2020049118,1958.0,2,0,0,0,0,0,0,0,0,5,0,,67,6,2020,2,39.9232,-75.1514,1958.0,6,0,0,0,0,0,0,0,0,,0,0,0.0,19,1,1,0,N,2,39 55:23.680,4.0,0,75 09:04.960,8,0,0,0,67301,0,0,0,N,0,0,0,2,67301,0,,6,1,2100.0,N,N,N,0,,0,0,1,0,0,Y,1935,1,3,0,0,0,1,0,3,4,0,3,3,,N,,,,,,,,,,,
2020050342,2021.0,0,0,0,0,0,0,0,0,0,4,0,,67,6,2020,6,40.026,-75.1669,2017.0,6,0,0,0,0,0,0,0,0,,0,0,0.0,20,1,2,2,,2,40 01:33.500,2.0,0,75 10:01.000,3,0,0,0,67301,0,0,0,N,0,0,0,5,67301,0,,1,1,2132.0,N,Y,N,1,,2,0,1,0,0,Y,2015,2,2,0,0,0,0,0,3,4,0,2,3,,N,,,,,,,,,,,
2020049562,1711.0,2,0,0,0,0,0,0,0,0,1,0,,67,6,2020,3,39.9937,-75.1523,1703.0,6,0,0,0,0,0,0,0,0,,0,0,0.0,16,1,1,1,,1,39 59:37.177,4.0,0,75 09:08.634,4,0,0,0,67301,0,0,0,N,0,0,0,2,67301,1,,1,1,1730.0,N,N,N,0,,0,0,0,3,2,N,1632,1,2,0,0,0,0,1,3,4,0,2,3,3.0,N,,,,,,,,,,,
2020048582,1126.0,1,0,0,0,0,0,0,0,0,1,0,,67,6,2020,1,40.094,-75.0156,1115.0,6,0,0,0,0,0,0,0,0,,0,0,0.0,11,1,1,0,Y,0,40 05:38.311,,0,75 00:56.118,8,0,0,0,67301,0,0,0,N,0,0,0,5,67301,0,,1,1,,N,N,N,0,,0,0,1,3,2,,1110,1,2,0,0,0,1,0,3,4,0,2,3,3.0,N,,,,,,,,,,,
2020093300,2228.0,3,0,0,0,0,0,0,0,0,5,0,,67,10,2020,7,40.0001,-75.1269,2225.0,6,0,0,0,0,0,0,0,0,,0,0,0.0,22,3,0,0,N,0,40 00:00.510,,0,75 07:36.900,9,0,0,0,67301,0,0,0,N,0,0,0,1,67301,0,,1,1,,N,N,N,0,,0,0,1,0,0,,2220,0,4,0,0,0,0,1,3,4,0,4,3,,N,,,,,,,,,,,
2020050186,1145.0,1,0,0,0,0,0,0,0,0,4,0,,67,6,2020,6,39.9688,-75.1362,1142.0,6,0,0,0,0,0,0,0,0,,0,0,0.0,11,1,0,1,,0,39 58:07.829,,0,75 08:10.292,0,0,0,0,67301,0,0,0,N,0,0,0,2,67301,0,,1,1,,N,N,N,0,,0,0,1,3,2,,1123,0,2,0,0,0,0,0,3,4,0,2,3,3.0,N,,,,,,,,,,,
2020089801,,2,0,0,0,0,0,0,0,0,4,0,,67,7,2020,6,39.9113,-75.2427,,6,0,0,0,0,0,1,0,0,,0,0,0.0,20,3,0,5,,0,39 54:40.772,,0,75 14:34.179,0,0,0,0,67301,0,0,0,N,0,0,0,2,00000,0,,1,1,,,,N,0,,0,0,0,3,2,,2030,0,2,0,0,0,0,0,3,4,0,2,3,,N,,,,,,,,,,,
2020048341,135.0,1,0,0,0,0,0,0,0,0,4,0,,67,6,2020,1,39.9748,-75.1991,135.0,6,0,0,0,0,0,0,0,0,,0,0,0.0,1,3,3,3,,0,39 58:29.200,,2,75 11:56.600,4,0,0,0,67301,0,0,0,N,0,0,0,3,67301,3,,1,1,,N,N,N,0,,0,0,1,0,0,,135,3,2,0,0,0,0,0,3,4,0,2,3,,N,,,,,,,,,,,
2020048730,2230.0,1,0,0,0,0,0,0,0,0,1,0,,67,6,2020,1,39.9487,-75.1726,2230.0,6,0,0,0,0,0,0,0,0,,0,0,0.0,22,3,1,2,,0,39 56:55.450,,0,75 10:21.430,3,0,0,0,67301,0,0,0,N,0,0,0,3,67301,0,,1,1,,N,N,N,0,,1,0,1,3,3,,2215,1,2,0,0,0,0,0,3,4,0,2,3,3.0,N,,,,,,,,,,,
2020049008,1930.0,0,0,0,0,0,0,0,0,0,8,0,,67,6,2020,2,40.1093,-75.0256,1918.0,6,0,0,0,0,0,0,0,0,,0,0,0.0,16,1,1,2,,0,40 06:33.384,,0,75 01:31.999,4,0,0,0,67301,1,0,0,N,1,0,0,2,67301,1,,1,1,,N,N,N,0,,0,0,0,3,3,,1616,1,2,0,0,0,0,0,3,4,1,1,3,3.0,N,,,,,,,,,,,
2020048706,2030.0,1,0,0,0,0,0,0,0,0,4,0,,67,6,2020,1,40.0428,-75.0631,2027.0,6,0,0,0,0,0,0,0,0,,0,0,0.0,20,1,1,1,,0,40 02:34.113,,0,75 03:47.339,3,0,0,0,67301,0,0,0,N,0,0,0,5,67301,0,,1,1,,N,N,N,0,,1,0,1,3,2,,2024,1,2,0,0,0,0,0,3,4,0,2,3,3.0,N,,,,,,,,,,,
2020050335,1622.0,0,0,0,0,0,0,0,0,0,4,0,,67,6,2020,6,40.0722,-75.179,1619.0,6,0,0,0,0,0,0,0,0,,0,0,0.0,15,1,0,2,,0,40 04:19.873,,0,75 10:44.287,0,0,0,0,67301,1,0,0,N,0,0,0,2,67301,0,,1,1,,N,N,N,0,,0,0,2,3,3,,1558,0,2,0,0,0,0,0,3,4,0,2,3,3.0,N,,,,,,,,,,,
2020050258,1326.0,2,0,0,0,0,0,0,0,0,4,0,,67,6,2020,3,39.94,-75.231,1326.0,6,0,0,0,0,0,0,0,0,,0,0,0.0,13,1,1,1,,0,39 56:23.870,,0,75 13:51.772,3,0,0,0,67301,0,0,0,N,0,0,0,3,67301,0,,1,1,,N,N,N,0,,1,0,0,3,3,,1326,1,2,0,0,2,0,0,3,4,0,2,3,3.0,N,,,,,,,,,,,
2020092377,2034.0,1,0,0,0,0,0,0,0,0,7,0,,67,10,2020,7,40.0271,-75.1148,2014.0,6,0,0,0,0,0,0,0,0,,0,0,0.0,18,3,0,0,N,1,40 01:37.480,2.0,0,75 06:53.224,0,0,0,0,67301,0,0,0,N,0,0,0,0,67301,0,,5,1,2136.0,N,N,N,0,,0,0,0,0,0,N,1847,0,1,0,0,0,0,0,3,4,0,1,3,,N,,,,,,,,,,,
2020052682,1100.0,3,0,0,0,0,0,0,0,0,4,0,,67,6,2020,1,39.9434,-75.2323,1052.0,6,0,0,0,0,0,1,0,0,,0,0,0.0,10,1,1,1,,1,39 56:36.138,4.0,0,75 13:56.392,3,0,0,0,67301,0,0,0,N,0,0,0,3,67301,0,,1,1,1109.0,N,N,N,0,,1,0,0,3,2,N,1040,1,3,0,0,0,0,0,3,4,0,3,3,3.0,N,,,,,,,,,,,
2020050541,1836.0,1,0,0,0,0,0,0,0,0,7,0,,67,6,2020,3,39.9699,-75.1255,1836.0,6,0,0,0,0,0,0,0,0,,0,0,0.0,18,1,0,7,,1,39 58:13.300,1.0,2,75 07:29.000,0,0,0,0,67301,0,0,0,Y,0,0,0,2,68K01,0,,7,1,1846.0,N,N,N,0,,0,0,0,0,0,N,1832,0,1,0,0,0,0,0,3,4,0,1,3,,N,,,,,,,,,,,
2020053196,107.0,1,0,0,0,0,0,0,0,0,7,0,,67,6,2020,1,39.925,-75.1472,101.0,6,0,0,0,0,1,0,0,0,,0,0,0.0,1,3,1,0,N,2,39 55:29.883,2.0,0,75 08:50.092,3,0,0,0,67301,0,0,0,N,0,0,0,1,68K01,0,,4,1,140.0,N,N,N,0,,1,0,0,0,0,N,100,1,1,0,0,0,0,0,3,4,0,1,3,3.0,N,,,,,,,,,,,
2020093918,1200.0,1,0,0,0,0,0,0,0,0,7,0,,67,11,2020,5,40.131,-75.0138,1151.0,6,0,0,0,0,0,0,0,1,,0,0,0.0,11,1,0,0,N,1,40 07:51.583,3.0,0,75 00:49.839,9,0,0,0,67301,0,0,0,N,0,0,0,1,67301,0,,5,1,1250.0,N,N,N,0,,0,0,0,0,0,N,1150,0,1,0,0,0,0,1,3,4,0,1,3,3.0,N,,,,,,,,,,,
2020051025,1744.0,1,0,0,0,0,0,0,0,0,4,0,,67,6,2020,6,39.956,-75.1606,1738.0,6,0,0,0,0,0,1,0,0,,0,0,0.0,17,3,0,1,,0,39 57:21.490,,1,75 09:38.204,0,0,0,0,67301,0,0,0,N,0,0,0,3,67301,0,,1,1,,N,N,N,0,,0,0,1,3,2,,1735,0,2,0,0,0,0,0,3,4,0,2,3,3.0,N,,,,,,,,,,,
2020049645,153.0,2,0,0,0,0,0,0,0,0,5,0,,67,6,2020,4,39.9457,-75.242,153.0,6,0,0,0,0,0,0,0,0,,0,0,0.0,1,3,0,0,N,0,39 56:44.610,,0,75 14:31.330,0,0,0,0,67301,0,0,0,N,0,0,0,2,67301,0,,1,1,,N,N,N,0,,0,0,0,0,0,,130,0,3,0,0,0,0,0,3,4,0,3,3,3.0,N,,,,,,,,,,,
2020093433,1013.0,1,0,0,0,0,0,0,0,0,1,0,,67,11,2020,3,40.0567,-75.0469,1008.0,6,0,0,0,0,0,1,0,0,,0,0,0.0,9,1,1,0,Y,0,40 03:24.155,,0,75 02:48.805,3,0,0,0,67301,0,0,0,N,0,0,0,2,67301,0,,1,1,,N,N,N,0,,1,0,1,3,2,,918,1,2,0,0,0,0,0,3,4,0,2,3,,N,,,,,,,,,,,
2020050135,212.0,0,0,0,0,0,0,0,0,0,7,0,,67,6,2020,6,40.0846,-75.0026,210.0,6,0,0,0,0,0,0,0,0,,0,0,0.0,1,3,1,11,,0,40 05:04.419,,0,75 00:09.478,4,0,0,0,67301,0,0,0,N,0,0,0,1,67301,1,,4,1,,N,N,N,0,,0,0,1,2,3,,158,1,1,0,0,0,0,0,3,4,0,1,3,3.0,N,,,,,,,,,,,
2020050783,1740.0,1,0,0,0,0,0,0,0,0,4,0,,67,6,2020,6,40.012,-75.07,1735.0,6,0,0,0,0,0,0,1,0,,0,0,0.0,17,1,1,1,,0,40 00:43.192,,0,75 04:11.917,3,0,0,0,67301,0,0,0,N,0,0,0,2,67301,0,,1,1,,N,N,N,0,,1,0,1,3,3,,1729,1,2,0,0,0,0,0,3,4,0,2,3,3.0,N,,,,,,,,,,,
2020092319,1209.0,2,0,0,0,0,0,0,0,0,4,0,,67,10,2020,7,39.9609,-75.1434,1209.0,6,0,0,0,0,0,0,0,0,,0,0,0.0,12,1,0,2,,0,39 57:39.204,,0,75 08:36.176,0,0,0,0,67301,0,0,0,N,0,0,0,2,67301,0,,1,1,,N,N,N,0,,0,0,0,1,2,,1200,0,2,0,0,0,0,0,3,4,0,2,3,,N,,,,,,,,,,,
2020067670,1307.0,2,0,0,0,0,0,0,0,0,4,0,,67,8,2020,6,39.9783,-75.2461,1306.0,6,0,0,0,0,1,0,0,0,,0,0,0.0,13,1,1,1,,0,39 58:41.881,,0,75 14:45.795,3,0,0,0,67301,0,0,0,N,0,0,0,4,67301,0,,1,1,,N,N,N,0,,1,0,1,3,2,,1305,1,3,0,0,0,0,0,3,4,0,3,3,3.0,N,,,,,,,,,,,
2020069026,1843.0,1,0,0,1,0,0,0,0,0,4,0,,67,8,2020,3,39.9872,-75.1755,1842.0,6,0,0,0,1,0,0,0,0,,0,0,0.0,18,4,1,1,,0,39 59:13.822,,0,75 10:31.871,3,0,0,0,67301,1,0,0,N,0,0,0,2,67301,0,,1,1,,N,N,N,0,,1,0,0,0,0,,1841,1,2,0,0,0,0,0,3,4,0,1,3,,N,,,,,,,,,,,
2020067015,1400.0,2,0,0,0,0,0,0,0,0,4,0,,67,8,2020,4,39.9587,-75.1551,1400.0,6,0,0,0,0,0,1,0,0,,0,0,0.0,12,1,1,5,,0,39 57:31.443,,0,75 09:18.514,3,0,0,0,67301,0,0,0,N,0,0,0,3,67301,0,,1,9,,N,N,N,0,,1,0,0,3,2,,1254,1,2,0,0,0,0,0,3,4,0,2,3,,N,,,,,,,,,,,
2020067673,1225.0,2,0,0,0,0,0,0,0,0,4,0,,67,8,2020,6,40.0043,-75.128,1220.0,6,0,0,0,0,0,0,0,0,,0,0,0.0,12,8,1,1,N,2,40 00:15.530,5.0,0,75 07:40.814,4,0,0,0,67301,0,0,0,N,0,0,0,2,67301,1,,1,1,213.0,N,N,N,0,,0,0,0,3,2,Y,1215,1,2,0,0,0,0,0,3,4,0,2,3,3.0,N,,,,,,,,,,,
2020069943,1103.0,2,0,0,0,0,0,0,0,0,5,0,,67,8,2020,7,39.9192,-75.2427,1100.0,6,0,0,0,0,0,0,0,0,,0,0,0.0,1,3,0,0,N,0,39 55:09.230,,0,75 14:33.700,0,0,0,0,67301,0,0,0,N,0,0,0,1,67301,0,,6,1,,N,N,N,0,,0,0,0,0,0,,130,0,3,0,0,0,0,0,3,4,1,3,3,3.0,N,,,,,,,,,,,
2020067308,847.0,1,0,0,0,0,0,0,0,0,5,0,,67,8,2020,5,40.0936,-74.976,840.0,6,0,0,0,0,0,0,1,0,,0,0,0.0,8,1,1,0,N,0,40 05:37.110,,0,74 58:33.720,8,0,0,0,67301,0,0,0,N,0,0,0,2,67301,0,,1,1,,N,N,N,0,,0,0,1,0,0,,839,1,2,0,0,0,1,0,3,4,0,2,3,3.0,N,,,,,,,,,,,
2020068540,1620.0,1,0,0,0,0,0,0,0,0,4,0,,67,8,2020,2,40.0729,-75.0759,1615.0,6,0,0,0,1,0,2,0,0,,0,0,0.0,16,1,3,1,,1,40 04:22.410,1.0,0,75 04:33.193,3,0,0,0,67301,0,0,0,N,0,0,0,4,67301,0,,1,1,1645.0,N,N,N,0,,3,0,2,3,2,N,1614,3,3,0,0,0,0,0,3,4,0,3,3,3.0,N,,,,,,,,,,,
2020076337,1840.0,1,0,0,0,0,0,0,0,0,8,0,,67,9,2020,3,40.062,-75.0682,1838.0,6,0,0,0,1,0,0,0,0,,0,0,0.0,18,1,1,0,N,0,40 03:43.340,,0,75 04:05.630,3,0,0,0,67301,1,0,0,N,1,0,0,2,67301,0,,1,1,,N,N,N,0,,1,0,0,0,0,,1835,1,2,0,0,0,0,0,3,4,0,1,3,3.0,N,,,,,,,,,,,
2020096777,1645.0,1,0,0,0,0,0,0,0,0,4,0,,67,11,2020,4,39.9449,-75.2291,1641.0,6,0,0,0,0,0,0,1,0,,0,0,0.0,16,3,0,1,,0,39 56:41.596,,0,75 13:44.680,9,0,0,0,67301,0,0,0,N,0,0,0,2,67301,0,,1,9,,N,N,N,0,,0,0,1,3,3,,1630,0,2,0,0,0,0,1,3,4,0,2,7,7.0,N,,,,,,,,,,,
2020080523,1350.0,1,0,0,0,0,0,0,0,0,4,0,,67,9,2020,7,40.0416,-75.0277,1341.0,6,0,1,0,0,0,1,0,0,,0,0,0.0,13,1,1,0,N,0,40 02:29.587,,7,75 01:39.840,3,0,0,0,67301,0,0,0,N,0,0,0,2,67301,0,,1,9,,N,N,N,0,,1,0,1,0,0,,1328,1,2,0,0,0,0,0,3,4,0,2,4,7.0,N,,,,,,,,,,,
2020079326,820.0,0,0,0,0,0,0,0,0,0,7,0,,67,9,2020,7,40.0192,-75.1907,820.0,6,0,0,0,0,0,0,0,0,,0,0,0.0,8,5,0,0,N,1,40 01:09.059,1.0,0,75 11:26.527,0,0,0,0,67301,0,0,0,N,0,0,0,1,67301,0,,4,9,930.0,N,N,N,1,,0,0,0,0,0,N,815,0,1,0,0,0,0,0,3,4,0,1,7,5.0,N,,,,,,,,,,,
2020079322,1612.0,1,0,0,0,0,0,0,0,0,4,0,,67,9,2020,6,39.9644,-75.1764,1609.0,6,0,0,0,0,0,0,0,0,,0,0,0.0,16,1,2,5,,2,39 57:51.864,4.0,0,75 10:34.539,3,0,0,0,67301,0,0,0,N,0,0,0,5,67301,0,,1,1,1635.0,N,N,N,0,,2,0,1,3,2,N,1600,2,2,0,0,0,0,0,3,4,0,2,3,,N,,,,,,,,,,,
2020081961,26.0,1,0,0,0,0,0,0,0,0,7,0,,67,9,2020,7,40.0335,-75.0204,20.0,6,0,0,1,0,0,0,0,0,,0,0,0.0,0,3,1,0,N,1,40 02:00.558,2.0,0,75 01:13.506,4,0,0,0,67301,0,0,0,N,0,0,0,2,68K01,1,,4,1,40.0,N,N,N,0,,0,0,0,0,0,N,13,1,1,0,0,0,0,0,3,4,0,1,3,,N,,,,,,,,,,,
2020079684,230.0,2,0,0,0,0,0,0,0,0,5,0,,67,9,2020,1,40.0364,-75.187,230.0,6,0,0,0,1,0,0,0,0,,0,0,0.0,2,3,0,0,N,1,40 02:11.143,2.0,0,75 11:13.180,0,0,0,0,67301,0,0,0,N,0,0,0,1,67301,0,,6,9,330.0,N,N,N,0,,0,0,1,0,0,N,200,0,3,0,0,0,0,0,3,4,0,3,5,5.0,N,,,,,,,,,,,
2020074854,1805.0,2,0,0,0,0,0,0,0,0,4,0,,67,9,2020,7,39.9847,-75.1615,1803.0,6,0,0,0,0,0,0,0,0,,0,0,0.0,18,1,0,1,,0,39 59:04.959,,0,75 09:41.497,0,0,0,0,67301,0,0,0,N,0,0,0,2,67301,0,,1,1,,N,N,N,0,,0,0,0,3,3,,1800,0,2,0,0,0,0,0,3,4,0,2,3,,N,,,,,,,,,,,
2020070141,1715.0,1,0,0,0,0,0,0,0,0,4,0,,67,8,2020,3,40.0273,-75.0551,1711.0,6,0,0,0,0,0,0,0,0,,0,0,0.0,17,1,4,1,,2,40 01:38.294,7.0,6,75 03:18.509,3,0,0,0,67301,0,0,0,N,0,0,0,5,67301,0,,1,1,1837.0,N,N,N,0,,4,0,0,3,3,Y,1708,4,2,0,0,0,0,1,3,4,1,2,3,3.0,N,,,,,,,,,,,
2020068360,1130.0,0,0,0,0,0,0,0,0,0,4,0,,67,8,2020,2,39.9756,-75.192,1125.0,6,0,0,0,0,0,0,0,0,,0,0,0.0,11,1,0,2,,1,39 58:32.324,4.0,0,75 11:30.885,0,0,0,0,67301,0,0,0,N,0,0,0,3,67301,0,,1,1,1305.0,N,N,N,0,,0,0,2,0,0,N,1121,0,2,0,0,0,0,0,3,4,0,2,3,,N,,,,,,,,,,,
2020068246,1148.0,0,0,0,0,0,0,0,0,0,4,0,,67,8,2020,5,39.9858,-75.2156,2325.0,6,0,0,0,0,0,0,0,0,,0,0,0.0,19,1,1,1,,0,39 59:08.741,,0,75 12:56.531,8,0,0,1,67301,0,0,0,N,0,0,0,2,67301,0,,1,1,,N,N,N,0,,0,0,1,3,2,,1940,1,2,0,0,0,1,1,3,4,0,2,3,3.0,N,,,,,,,,,,,
2020068794,2349.0,1,0,0,0,0,0,0,0,0,4,0,,67,8,2020,2,40.0397,-75.0384,2337.0,6,0,1,1,0,0,0,0,0,,0,0,0.0,22,3,0,1,,1,40 02:22.955,1.0,0,75 02:18.106,9,0,0,0,67301,0,0,0,N,0,0,0,4,67301,0,,1,1,15.0,N,N,N,0,,0,0,0,3,3,Y,2205,0,2,0,0,0,0,1,3,4,1,2,3,,N,,,,,,,,,,,
2020069363,526.0,1,0,0,0,0,0,0,0,0,7,0,,67,8,2020,7,39.9468,-75.1421,523.0,6,0,0,1,0,0,0,0,0,,0,0,0.0,5,3,1,0,N,1,39 56:48.374,1.0,0,75 08:31.468,3,0,0,0,67301,0,0,0,N,0,0,0,3,68K01,0,,2,1,635.0,N,N,N,0,,1,0,0,0,0,N,520,1,1,0,0,0,0,0,3,4,0,1,3,,N,,,,,,,,,,,
2020068251,840.0,0,0,0,0,0,0,0,0,0,4,0,,67,8,2020,6,39.9658,-75.2461,836.0,6,0,0,0,0,0,2,0,0,,0,0,0.0,8,1,1,1,,0,39 57:56.909,,0,75 14:46.136,4,0,0,0,67301,0,0,0,N,0,0,0,2,67301,1,,1,1,,N,N,N,0,,0,0,2,3,2,,830,1,2,0,0,0,0,0,3,4,0,2,3,3.0,N,,,,,,,,,,,
2020069939,1140.0,1,0,0,0,0,0,0,0,0,4,0,,67,8,2020,6,39.9364,-75.219,1137.0,6,0,0,0,0,0,0,0,0,,0,0,0.0,9,1,2,1,,1,39 56:10.978,7.0,0,75 13:08.360,3,0,0,0,67301,0,0,0,N,0,0,0,2,67301,1,,1,1,1305.0,N,N,N,0,,1,0,1,3,2,Y,921,2,2,0,0,0,0,0,3,4,0,2,3,,N,,,,,,,,,,,
2020068257,754.0,1,0,0,0,0,0,0,0,0,1,0,,67,8,2020,6,40.0076,-75.1273,741.0,6,0,0,0,0,0,1,0,0,,0,0,0.0,7,1,1,1,,1,40 00:27.502,3.0,0,75 07:38.377,3,0,0,0,67301,0,0,0,N,0,0,0,2,67301,0,,1,1,840.0,N,N,N,0,,1,0,1,3,2,N,730,1,2,0,0,0,0,0,3,4,0,2,3,3.0,N,,,,,,,,,,,
2020067895,550.0,1,0,0,0,0,0,0,0,0,6,0,,67,8,2020,5,40.0058,-75.1344,545.0,6,0,0,0,0,1,0,0,0,,0,0,0.0,5,5,1,0,N,0,40 00:20.950,,0,75 08:04.010,4,0,0,0,67301,0,0,0,N,0,0,0,2,67301,1,,1,1,,N,N,N,0,,0,0,2,0,0,,540,1,3,0,0,1,0,0,3,4,0,3,3,3.0,N,,,,,,,,,,,
2020068649,1150.0,0,0,0,0,0,0,0,0,0,0,0,,67,8,2020,5,39.9947,-75.1179,1145.0,6,0,0,0,0,0,0,0,0,,0,0,0.0,11,1,1,3,,0,39 59:40.761,,0,75 07:04.497,3,0,0,1,67301,0,0,0,N,0,0,0,2,67301,0,,1,1,,N,N,N,0,,1,0,1,0,0,,1130,1,2,0,0,0,0,0,3,4,0,2,3,3.0,N,,,,,,,,,,,
2020069933,1448.0,0,0,0,1,0,0,0,0,0,4,0,,67,8,2020,5,39.9145,-75.2352,1448.0,6,0,0,0,0,0,0,0,0,,0,0,0.0,14,1,1,1,,0,39 54:52.156,,0,75 14:06.669,8,0,0,0,67301,1,0,0,N,0,0,0,2,67301,0,,1,1,,N,N,N,0,,0,0,1,3,3,,1445,1,2,0,0,0,1,0,3,4,0,1,3,3.0,N,,,,,,,,,,,
2020069950,1630.0,1,0,0,0,0,0,0,0,0,5,0,,67,8,2020,3,39.9201,-75.2131,1622.0,6,0,0,0,0,0,0,0,0,,0,0,0.0,16,1,1,0,N,0,39 55:12.470,,0,75 12:47.220,3,0,0,1,67301,0,0,0,N,0,0,0,2,67301,0,,1,1,,N,N,N,0,,1,0,0,0,0,,1615,1,2,0,0,0,0,0,3,4,0,2,3,3.0,N,,,,,,,,,,,
2020068299,713.0,1,0,0,0,0,0,0,0,0,7,0,,67,8,2020,6,39.9957,-75.1976,705.0,6,0,0,0,0,0,0,0,0,,0,0,0.0,7,1,1,0,N,0,39 59:44.342,,0,75 11:51.310,8,0,0,0,67301,0,0,0,N,0,0,0,1,68K01,0,,4,1,,N,N,N,0,,0,0,0,0,0,,700,1,1,0,0,1,1,0,3,4,0,1,3,,N,,,,,,,,,,,
2020083245,1540.0,1,0,0,0,0,0,0,0,0,7,0,,67,9,2020,7,39.9482,-75.1421,1515.0,6,0,0,0,0,0,0,0,0,,0,0,0.0,15,1,1,0,N,0,39 56:53.440,,0,75 08:31.585,3,0,0,0,67301,0,0,0,N,0,0,0,1,68K01,0,,4,9,,N,N,N,0,,1,0,0,0,0,,1510,1,1,0,0,0,0,0,3,4,0,1,3,,N,,,,,,,,,,,
2020080715,1012.0,2,0,0,0,0,0,0,0,0,1,0,,67,9,2020,1,39.9459,-75.1986,941.0,6,0,0,0,0,0,0,0,0,,0,0,0.0,9,8,1,0,N,1,39 56:45.401,2.0,0,75 11:54.889,3,0,0,0,67301,0,0,0,N,0,0,0,2,67301,0,,1,9,2317.0,N,N,N,0,,1,0,0,0,0,N,941,1,2,0,0,0,0,0,3,4,0,2,7,7.0,N,,,,,,,,,,,
2020080311,2030.0,2,0,0,0,0,0,0,0,0,4,0,,67,9,2020,2,39.9893,-75.1555,2028.0,6,0,0,0,0,1,0,0,0,,0,0,0.0,20,3,0,1,,0,39 59:21.634,,0,75 09:19.704,0,0,0,0,67301,0,0,0,N,0,0,0,3,67301,0,,1,1,,N,N,N,0,,0,0,0,3,2,,2027,0,2,0,0,0,0,0,3,4,0,2,3,3.0,N,,,,,,,,,,,