CRN,ARRIVAL_TM,AUTOMOBILE_COUNT,BELTED_DEATH_COUNT,BELTED_SUSP_SERIOUS_INJ_COUNT,BICYCLE_COUNT,BICYCLE_DEATH_COUNT,BICYCLE_SUSP_SERIOUS_INJ_COUNT,BUS_COUNT,CHLDPAS_DEATH_COUNT,CHLDPAS_SUSP_SERIOUS_INJ_COUNT,COLLISION_TYPE,COMM_VEH_COUNT,CONS_ZONE_SPD_LIM,COUNTY,CRASH_MONTH,CRASH_YEAR,DAY_OF_WEEK,DEC_LAT,DEC_LONG,DISPATCH_TM,DISTRICT,DRIVER_COUNT_16YR,DRIVER_COUNT_17YR,DRIVER_COUNT_18YR,DRIVER_COUNT_19YR,DRIVER_COUNT_20YR,DRIVER_COUNT_50_64YR,DRIVER_COUNT_65_74YR,DRIVER_COUNT_75PLUS,EST_HRS_CLOSED,FATAL_COUNT,HEAVY_TRUCK_COUNT,HORSE_BUGGY_COUNT,HOUR_OF_DAY,ILLUMINATION,INJURY_COUNT,INTERSECT_TYPE,INTERSECTION_RELATED,LANE_CLOSED,LATITUDE,LN_CLOSE_DIR,LOCATION_TYPE,LONGITUDE,MAX_SEVERITY_LEVEL,MCYCLE_DEATH_COUNT,MCYCLE_SUSP_SERIOUS_INJ_COUNT,MOTORCYCLE_COUNT,MUNICIPALITY,NONMOTR_COUNT,NONMOTR_DEATH_COUNT,NONMOTR_SUSP_SERIOUS_INJ_COUNT,NTFY_HIWY_MAINT,PED_COUNT,PED_DEATH_COUNT,PED_SUSP_SERIOUS_INJ_COUNT,PERSON_COUNT,POLICE_AGCY,POSSIBLE_INJ_COUNT,RDWY_SURF_TYPE_CD,RELATION_TO_ROAD,ROAD_CONDITION,ROADWAY_CLEARED,SCH_BUS_IND,SCH_ZONE_IND,SECONDARY_CRASH,SMALL_TRUCK_COUNT,SPEC_JURIS_CD,SUSP_MINOR_INJ_COUNT,SUSP_SERIOUS_INJ_COUNT,SUV_COUNT,TCD_FUNC_CD,TCD_TYPE,TFC_DETOUR_IND,TIME_OF_DAY,TOT_INJ_COUNT,TOTAL_UNITS,UNB_DEATH_COUNT,UNB_SUSP_SERIOUS_INJ_COUNT,UNBELTED_OCC_COUNT,UNK_INJ_DEG_COUNT,UNK_INJ_PER_COUNT,URBAN_AREA,URBAN_RURAL,VAN_COUNT,VEHICLE_COUNT,WEATHER1,WEATHER2,WORK_ZONE_IND,WORK_ZONE_LOC,WORK_ZONE_TYPE,WORKERS_PRES,WZ_CLOSE_DETOUR,WZ_FLAGGER,WZ_LAW_OFFCR_IND,WZ_LN_CLOSURE,WZ_MOVING,WZ_OTHER,WZ_SHLDER_MDN,WZ_WORKERS_INJ_KILLED
2020082414,1418.0,3,0,0,0,0,0,0,0,0,5,0,,67,9,2020,2,39.9919,-75.2022,1410.0,6,0,0,0,0,0,0,0,0,,0,0,0.0,14,1,1,0,N,1,39 59:30.705,4.0,0,75 12:07.878,3,0,0,0,67301,0,0,0,N,0,0,0,5,68K01,0,,1,1,1500.0,N,N,N,0,,1,0,1,0,0,N,1408,1,4,0,0,0,0,0,3,4,0,4,3,,N,,,,,,,,,,,
2020079200,351.0,1,0,0,0,0,0,0,0,0,4,0,,67,9,2020,6,39.9864,-75.1803,350.0,6,0,0,0,0,0,0,0,0,,0,0,0.0,3,3,0,1,,1,39 59:10.834,6.0,0,75 10:48.850,0,0,0,0,67301,0,0,0,N,0,0,0,3,67301,0,,1,1,444.0,N,N,N,0,,0,0,1,3,2,Y,346,0,2,0,0,0,0,0,3,4,0,2,3,,N,,,,,,,,,,,
2020079251,1857.0,1,0,0,0,0,0,0,0,0,4,0,,67,9,2020,6,40.0116,-75.1573,1851.0,6,0,0,0,0,0,0,0,0,,0,0,0.0,13,1,1,1,,0,40 00:41.886,,0,75 09:26.114,3,0,0,0,67301,0,0,0,N,0,0,0,3,67301,0,,1,1,,N,N,N,0,,1,0,1,3,3,,1347,1,2,0,0,0,0,0,3,4,0,2,3,3.0,N,,,,,,,,,,,
2020080864,1713.0,0,0,0,0,0,0,0,0,0,8,0,,67,9,2020,1,39.9628,-75.2345,1712.0,6,0,0,0,0,0,0,1,0,,0,0,0.0,17,1,1,1,,0,39 57:46.025,,0,75 14:04.315,3,0,0,0,67301,1,0,0,N,1,0,0,2,67301,0,,1,1,,N,N,N,0,,1,0,1,3,2,,1710,1,2,0,0,0,0,0,3,4,0,1,3,3.0,N,,,,,,,,,,,
2020070075,2240.0,1,0,0,0,0,0,0,0,0,2,0,,67,8,2020,5,39.9733,-75.2347,2235.0,6,0,0,0,0,0,0,0,0,,0,0,0.0,21,3,0,1,,0,39 58:23.861,,0,75 14:04.984,9,0,0,0,67301,0,0,0,N,0,0,0,2,67301,0,,1,1,,N,N,N,0,,0,0,1,3,2,,2139,0,2,0,0,1,0,1,3,4,0,2,3,3.0,N,,,,,,,,,,,
2020069468,2110.0,1,0,0,0,0,0,0,0,0,4,0,,67,8,2020,4,39.9915,-75.1361,2105.0,6,0,0,0,0,0,0,0,0,,0,0,0.0,20,4,0,1,,0,39 59:29.808,,0,75 08:10.139,0,0,0,0,67301,0,0,0,N,0,0,0,2,67301,0,,1,1,,N,N,N,0,,0,0,1,3,2,,2003,0,2,0,0,2,0,0,3,4,0,2,3,3.0,N,,,,,,,,,,,
2020073631,1327.0,1,0,0,0,0,0,0,0,0,1,0,,67,8,2020,4,39.9579,-75.1622,1305.0,6,0,0,0,0,0,2,0,0,,0,0,0.0,13,1,2,0,N,2,39 57:28.502,4.0,0,75 09:43.896,3,0,0,0,67301,0,0,0,N,0,0,0,7,68K01,0,,1,1,30.0,N,N,N,0,,2,0,3,0,0,N,1300,2,5,0,0,0,0,1,3,4,1,5,3,,N,,,,,,,,,,,
2020067640,820.0,1,0,0,0,0,0,0,0,0,1,0,,67,8,2020,5,39.9509,-75.2307,815.0,6,0,0,0,0,0,1,0,0,,0,0,0.0,8,1,0,1,,0,39 57:03.330,,0,75 13:50.354,0,0,0,0,67301,0,0,0,N,0,0,0,3,67301,0,,1,1,,N,N,N,0,,0,0,2,3,2,,810,0,3,0,0,0,0,0,3,4,0,3,3,3.0,N,,,,,,,,,,,
2020089569,1923.0,1,0,0,0,0,0,0,0,0,8,0,,67,10,2020,6,39.9332,-75.1897,1923.0,6,0,0,0,0,0,0,0,0,,0,0,0.0,19,3,1,1,,2,39 55:59.613,2.0,0,75 11:22.837,4,0,0,0,67301,1,0,0,N,1,0,0,2,67301,1,,1,1,2045.0,N,N,N,0,,0,0,0,3,3,Y,1923,1,2,0,0,0,0,0,3,4,0,1,3,3.0,N,,,,,,,,,,,
2020067734,1600.0,1,0,0,0,0,0,0,0,0,6,0,,67,8,2020,6,40.0516,-75.1941,1600.0,6,0,0,0,0,0,0,0,0,,0,0,0.0,15,1,0,2,,0,40 03:06.050,,0,75 11:38.555,9,0,0,0,67301,0,0,0,N,0,0,0,2,67301,0,,1,1,,N,N,N,0,,0,0,1,3,2,,1530,0,2,0,0,0,0,1,3,4,0,2,3,,N,,,,,,,,,,,
2020070325,1540.0,1,0,0,0,0,0,0,0,0,4,0,,67,8,2020,7,40.0671,-75.1487,1520.0,6,0,0,0,0,0,1,1,0,,0,0,0.0,15,1,1,1,,0,40 04:01.606,,0,75 08:55.201,8,0,0,0,67301,0,0,0,N,0,0,0,3,67301,0,,1,9,,N,N,N,0,,0,0,1,3,3,,1508,1,2,0,0,0,1,0,3,4,0,2,7,4.0,N,,,,,,,,,,,
2020091804,1942.0,1,0,0,0,0,0,0,0,0,1,0,,67,10,2020,6,39.9862,-75.0926,1937.0,6,0,0,0,0,0,1,0,0,,0,0,0.0,19,3,1,0,N,2,39 59:10.216,2.0,0,75 05:33.255,4,0,0,0,67301,0,0,0,N,0,0,0,2,68K01,1,,3,1,100.0,N,N,Y,0,,0,0,1,0,0,N,1937,1,2,0,0,0,0,0,3,4,0,2,3,,N,,,,,,,,,,,
2020079485,1527.0,1,0,0,0,0,0,0,0,0,7,0,,67,9,2020,7,40.0667,-75.178,1512.0,6,0,0,0,0,1,0,0,0,,0,0,0.0,15,1,1,1,,0,40 04:00.293,,0,75 10:40.850,8,0,0,0,67301,0,0,0,N,0,0,0,1,67301,0,,4,1,,N,N,N,0,,0,0,0,3,2,,1503,1,1,0,0,0,1,0,3,4,0,1,3,,N,,,,,,,,,,,
2020079784,432.0,0,0,0,0,0,0,0,0,0,7,0,99.0,67,9,2020,1,39.9842,-75.0991,426.0,6,0,0,0,0,0,0,0,0,,0,0,0.0,4,3,0,1,,0,39 59:03.303,,0,75 05:56.385,0,0,0,0,67301,0,0,0,N,0,0,0,1,67301,0,,4,9,,N,N,N,0,,0,0,1,3,2,,410,0,1,0,0,0,0,0,3,4,0,1,7,7.0,Y,4.0,1.0,N,N,N,N,N,N,N,Y,N
2020079561,1303.0,1,0,0,0,0,0,0,0,0,7,0,,67,9,2020,7,39.9457,-75.2352,1301.0,6,0,0,0,0,0,0,0,0,,0,0,0.0,12,1,0,11,,0,39 56:44.368,,0,75 14:06.554,0,0,0,0,67301,0,0,0,N,0,0,0,1,67301,0,,4,9,,N,N,Y,0,,0,0,0,0,0,,1250,0,1,0,0,0,0,0,3,4,0,1,7,4.0,N,,,,,,,,,,,
2020079612,419.0,1,0,0,0,0,0,0,0,0,7,0,,67,9,2020,1,39.9573,-75.1579,412.0,6,0,0,0,0,0,0,0,0,,0,0,0.0,4,3,0,0,N,0,39 57:26.100,,0,75 09:28.324,0,0,0,0,67301,0,0,0,N,0,0,0,1,68K01,0,,3,9,,N,N,N,0,,0,0,0,0,0,,410,0,1,0,0,0,0,0,3,4,0,1,3,3.0,N,,,,,,,,,,,
2020081639,1759.0,1,0,0,0,0,0,0,0,0,4,0,,67,9,2020,7,40.0189,-75.1472,1757.0,6,0,0,0,0,0,0,0,0,,0,0,0.0,17,1,0,1,,0,40 01:08.300,,0,75 08:49.600,0,0,0,0,67301,0,0,0,N,0,0,0,7,67301,0,,1,1,,N,N,N,0,,0,0,0,3,2,,1750,0,2,0,0,6,0,0,3,4,1,2,4,4.0,N,,,,,,,,,,,
2020095938,2007.0,1,0,0,0,0,0,0,0,0,1,0,,67,11,2020,4,40.0087,-75.1224,2007.0,6,0,0,0,0,0,0,0,0,,0,0,0.0,20,3,1,0,N,2,40 00:31.438,5.0,0,75 07:20.766,4,0,0,0,67301,0,0,0,N,0,0,0,3,67301,1,,3,1,2200.0,N,N,N,0,,0,0,2,0,0,N,2007,1,3,0,0,0,0,0,3,4,0,3,3,3.0,N,,,,,,,,,,,
2020082024,1744.0,1,0,0,0,0,0,0,0,0,8,0,,67,9,2020,1,40.0411,-75.0351,1744.0,6,0,0,0,0,0,0,0,0,,0,0,0.0,5,1,1,0,N,0,40 02:28.130,,0,75 02:06.210,3,0,0,0,67301,1,0,0,N,1,0,0,2,67301,0,,1,1,,N,N,N,0,,1,0,0,0,0,,525,1,2,0,0,1,0,0,3,4,0,1,3,3.0,N,,,,,,,,,,,
2020071784,2247.0,2,0,0,0,0,0,0,0,0,4,0,,67,8,2020,4,39.9642,-75.1902,2246.0,6,0,0,0,0,0,1,0,0,,0,0,0.0,22,3,4,1,,2,39 57:51.213,1.0,0,75 11:24.542,3,0,0,0,67301,0,0,0,N,0,0,0,4,67301,0,,1,1,2320.0,N,N,N,0,,2,0,2,3,2,Y,2230,4,4,0,0,0,2,0,3,4,0,4,3,3.0,N,,,,,,,,,,,
2020069430,319.0,1,0,0,0,0,0,0,0,0,4,0,,67,8,2020,7,39.9578,-75.1602,314.0,6,0,0,0,0,0,0,0,0,,0,0,0.0,3,3,1,1,,0,39 57:28.064,,3,75 09:36.770,3,0,0,0,67301,0,0,0,N,0,0,0,2,67301,0,,1,1,,N,N,N,0,,1,0,1,3,2,,314,1,3,0,0,0,0,0,3,4,1,3,3,,N,,,,,,,,,,,
2020080408,1320.0,1,0,0,0,0,0,0,0,0,1,0,,67,9,2020,4,39.9673,-75.1888,1314.0,6,0,0,0,0,0,0,0,0,,0,0,0.0,13,1,0,0,N,1,39 58:02.230,3.0,0,75 11:19.736,0,0,0,0,67301,0,0,0,N,0,0,0,2,68K01,0,,1,1,1336.0,N,N,N,0,,0,0,1,0,0,N,1310,0,2,0,0,0,0,0,3,4,0,2,3,,N,,,,,,,,,,,
2020069030,2055.0,2,0,0,0,0,0,0,0,0,5,0,,67,8,2020,3,40.0077,-75.1641,2050.0,6,0,0,0,0,0,0,0,0,,0,0,0.0,20,3,1,0,N,0,40 00:27.870,,0,75 09:50.900,3,0,0,0,67301,0,0,0,N,0,0,0,1,67301,0,,6,1,,N,N,N,0,,1,0,0,0,0,,2016,1,2,0,0,0,0,0,3,4,0,2,3,3.0,N,,,,,,,,,,,
2020067732,1834.0,0,0,0,0,0,0,0,0,0,7,0,,67,8,2020,5,39.9575,-75.1698,1834.0,6,0,0,0,0,0,0,0,0,,0,0,0.0,18,1,0,0,N,0,39 57:26.984,,0,75 10:11.200,0,0,0,0,67301,0,0,0,N,0,0,0,1,67301,0,,4,1,,N,N,N,1,,0,0,0,3,2,,1831,0,1,0,0,0,0,0,3,4,0,1,3,3.0,N,,,,,,,,,,,
2020076702,4.0,1,0,0,0,0,0,0,0,0,5,0,,67,8,2020,7,40.0305,-75.022,2347.0,6,0,0,0,0,0,0,0,0,,0,0,0.0,23,3,0,0,N,0,40 01:49.650,,0,75 01:19.154,0,0,0,0,67301,0,0,0,N,0,0,0,2,68K01,0,,1,1,,N,N,N,0,,0,0,1,0,0,,2344,0,2,0,0,0,0,0,3,4,0,2,3,,N,,,,,,,,,,,
2020101821,1045.0,2,0,0,0,0,0,0,0,0,4,0,,67,11,2020,4,39.9229,-75.2263,1045.0,6,0,0,0,0,0,0,0,0,,0,0,0.0,10,1,1,1,,0,39 55:22.321,,0,75 13:34.730,3,0,0,0,67301,0,0,0,N,0,0,0,3,67301,0,,1,1,,N,N,N,0,,1,0,0,3,2,,1040,1,2,0,0,0,0,0,3,4,0,2,3,3.0,N,,,,,,,,,,,
2020080101,521.0,1,0,0,0,0,0,0,0,0,4,0,,67,9,2020,7,40.0121,-75.1365,514.0,6,0,0,0,0,0,0,0,0,,0,0,0.0,5,3,0,2,,0,40 00:43.426,,0,75 08:11.475,0,0,0,0,67301,0,0,0,N,0,0,0,1,67301,0,,1,9,,N,N,N,0,,0,0,2,0,0,,506,0,3,0,0,0,0,0,3,4,0,3,7,4.0,N,,,,,,,,,,,
2020079563,1159.0,0,0,0,0,0,0,0,0,0,4,0,,67,9,2020,1,39.9237,-75.2321,1156.0,6,0,0,0,0,0,1,0,0,,0,0,0.0,11,1,1,2,,0,39 55:25.300,,0,75 13:55.600,8,0,0,1,67301,0,0,0,N,0,0,0,2,67301,0,,1,1,,N,N,N,0,,0,0,1,3,3,,1155,1,2,0,0,1,1,0,3,4,0,2,3,3.0,N,,,,,,,,,,,
2020080058,1539.0,0,0,0,0,0,0,0,0,0,8,0,,67,9,2020,1,40.0374,-75.1675,1539.0,6,0,0,0,0,0,0,0,0,,0,0,0.0,15,1,1,0,N,0,40 02:14.800,,0,75 10:02.900,2,0,0,0,67301,1,0,1,N,1,0,1,2,67301,0,,4,1,,N,N,N,0,,0,1,0,3,3,,1528,1,2,0,0,0,0,0,3,4,1,1,3,3.0,N,,,,,,,,,,,
2020081400,46.0,0,0,0,0,0,0,0,0,0,7,0,,67,9,2020,7,39.9807,-75.2061,41.0,6,0,0,0,0,0,1,0,0,,0,0,0.0,0,3,1,0,N,1,39 58:50.467,3.0,0,75 12:22.058,8,0,0,0,67301,0,0,0,N,0,0,0,6,68K01,0,,3,1,130.0,N,N,N,0,,0,0,1,0,0,N,41,1,1,0,0,0,1,0,3,4,0,1,3,3.0,N,,,,,,,,,,,
2020080062,1524.0,1,0,0,0,0,0,0,0,0,8,0,,67,9,2020,7,40.063,-75.1412,1524.0,6,0,0,0,0,0,0,0,0,,0,0,0.0,22,3,1,2,,0,40 03:46.868,,0,75 08:28.240,3,0,0,0,67301,1,0,0,N,1,0,0,2,67301,0,,1,1,,N,N,N,0,,1,0,0,3,3,,2230,1,2,0,0,0,0,0,3,4,0,1,3,3.0,N,,,,,,,,,,,
2020096474,1441.0,1,0,0,0,0,0,0,0,0,4,0,,67,11,2020,7,40.0287,-75.2055,1436.0,6,0,0,0,0,0,0,0,0,,0,0,0.0,14,1,0,1,,0,40 01:43.107,,0,75 12:20.348,0,0,0,0,67301,0,0,0,N,0,0,0,3,67301,0,,1,1,,N,N,N,0,,0,0,1,3,2,,1435,0,2,0,0,0,0,0,3,4,0,2,3,3.0,N,,,,,,,,,,,
2020079785,530.0,4,0,0,0,0,0,0,0,0,5,0,,67,9,2020,1,40.0126,-75.0996,511.0,6,0,0,0,0,0,0,0,0,,0,0,0.0,4,3,0,0,N,0,40 00:45.460,,0,75 05:58.390,0,0,0,0,67301,0,0,0,N,0,0,0,1,67301,0,,6,1,,N,N,N,1,,0,0,2,0,0,,458,0,7,0,0,0,0,0,3,4,0,7,3,,N,,,,,,,,,,,
2020099932,1540.0,1,0,0,0,0,0,0,0,0,2,0,,67,11,2020,3,40.0294,-75.0627,1539.0,6,0,0,0,0,0,1,0,0,,0,0,0.0,15,1,1,5,,0,40 01:45.870,,0,75 03:46.259,3,0,0,0,67301,0,0,0,N,0,0,0,2,67301,0,,1,1,,N,N,Y,0,,1,0,1,3,2,,1508,1,2,0,0,2,0,0,3,4,0,2,3,3.0,N,,,,,,,,,,,
2020068259,202.0,1,0,0,0,0,0,0,0,0,5,0,,67,8,2020,2,39.9969,-75.1167,202.0,6,0,0,0,0,0,0,0,0,,0,0,0.0,2,3,1,0,N,0,39 59:48.764,,0,75 07:00.190,2,0,1,1,67301,0,0,0,N,0,0,0,2,67301,0,,1,1,,N,N,N,0,,0,1,0,0,0,,200,1,2,0,0,0,0,0,3,4,0,2,3,3.0,N,,,,,,,,,,,
2020069772,11.0,1,0,0,0,0,0,0,0,0,6,0,,67,8,2020,5,39.9856,-75.1792,9.0,6,0,0,0,0,0,0,0,0,,0,0,0.0,0,3,0,1,,1,39 59:07.995,4.0,0,75 10:45.145,9,0,0,0,67301,0,0,0,N,0,0,0,3,67301,0,,1,1,310.0,N,N,N,0,,0,0,2,3,2,N,5,0,3,0,0,1,0,1,3,4,0,3,3,3.0,N,,,,,,,,,,,
2020074576,1515.0,1,0,0,0,0,0,0,0,0,5,0,,67,9,2020,6,39.9435,-75.1488,1501.0,6,0,0,0,1,1,0,0,0,,0,0,0.0,13,1,1,1,N,0,39 56:36.618,,0,75 08:55.545,4,0,0,0,67301,0,0,0,N,0,0,0,2,67301,1,,1,1,,N,N,N,1,,0,0,0,2,2,,1330,1,2,0,0,1,0,0,3,4,0,2,4,4.0,N,,,,,,,,,,,
2020073481,1746.0,3,0,0,0,0,0,0,0,0,4,0,,67,8,2020,4,39.9667,-75.2111,1744.0,6,0,0,0,0,0,0,0,0,,0,0,0.0,17,1,1,1,N,1,39 58:00.292,6.0,0,75 12:39.920,3,0,0,0,67301,0,0,0,N,0,0,0,1,67301,0,,1,1,1800.0,N,Y,N,0,,1,0,1,3,2,Y,1744,1,4,0,0,1,0,0,3,4,0,4,3,3.0,N,,,,,,,,,,,
2020079571,1747.0,2,0,0,0,0,0,0,0,0,4,0,,67,9,2020,6,40.0189,-75.0495,1742.0,6,0,0,0,0,0,0,0,0,,0,0,0.0,17,1,1,1,,1,40 01:08.120,4.0,0,75 02:58.216,3,0,0,0,67301,0,0,0,N,0,0,0,6,67301,0,,1,1,1855.0,N,N,N,0,,1,0,0,3,3,N,1741,1,2,0,0,0,0,0,3,4,0,2,3,,N,,,,,,,,,,,
2020071352,828.0,1,0,0,0,0,0,0,0,0,4,0,,67,8,2020,3,39.967,-75.1603,828.0,6,0,0,0,0,0,0,0,0,,0,0,0.0,8,1,0,1,,0,39 58:01.122,,0,75 09:37.238,0,0,0,0,67301,0,0,0,N,0,0,0,2,67301,0,,1,1,,N,N,N,0,,0,0,1,3,2,,825,0,2,0,0,0,0,0,3,4,0,2,3,3.0,N,,,,,,,,,,,
2020075909,109.0,2,0,0,0,0,0,0,0,0,2,0,,67,9,2020,4,40.039,-75.15,109.0,6,0,0,0,1,0,0,0,0,,0,0,0.0,1,3,2,1,,0,40 02:20.298,,0,75 09:00.063,8,0,0,0,67301,0,0,0,N,0,0,0,4,67301,0,,1,1,,N,N,N,0,,0,0,0,3,2,,105,2,2,0,0,3,2,2,3,4,0,2,3,3.0,N,,,,,,,,,,,
2020080865,1820.0,2,0,0,0,0,0,0,0,0,2,0,,67,9,2020,3,39.9809,-75.236,1814.0,6,0,0,0,1,0,0,0,0,,0,0,0.0,15,1,2,2,,0,39 58:51.327,,0,75 14:09.716,8,0,0,0,67301,0,0,0,N,0,0,0,3,67301,0,,1,9,,N,N,N,0,,0,0,0,3,2,,1521,2,2,0,0,0,2,1,3,4,0,2,7,7.0,N,,,,,,,,,,,
2020082153,2052.0,1,0,0,0,0,0,0,0,0,5,0,,67,10,2020,1,40.0814,-74.9762,2050.0,6,0,0,1,0,0,0,0,0,,0,0,0.0,20,3,2,1,,1,40 04:52.997,1.0,0,74 58:34.259,3,0,0,0,67301,0,0,0,N,0,0,0,2,67301,1,,1,1,1.0,N,N,N,0,,1,0,1,3,2,Y,2048,2,2,0,0,0,0,0,3,4,0,2,3,3.0,N,,,,,,,,,,,
2020072604,2100.0,1,0,0,0,0,0,0,0,0,4,0,,67,8,2020,1,40.0203,-75.0804,2055.0,6,0,0,0,0,0,1,0,0,,0,0,0.0,20,3,1,1,,0,40 01:13.197,,0,75 04:49.613,4,0,0,0,67301,0,0,0,N,0,0,0,3,67508,1,,1,1,,N,N,Y,0,,0,0,1,3,2,,2055,1,2,0,0,0,0,0,3,4,0,2,3,3.0,N,,,,,,,,,,,
2020097805,1717.0,1,0,0,0,0,0,0,0,0,8,0,,67,11,2020,5,39.9924,-75.142,1715.0,6,0,0,0,0,0,0,0,0,,0,0,0.0,15,1,1,0,N,0,39 59:32.537,,0,75 08:31.286,3,0,0,0,67301,1,0,0,N,1,0,0,2,67301,0,,1,9,,N,N,N,0,,1,0,0,3,2,,1553,1,2,0,0,0,0,0,3,4,0,1,7,4.0,N,,,,,,,,,,,
2020080314,1200.0,2,0,0,0,0,0,0,0,0,4,0,,67,9,2020,2,40.0573,-75.1407,1200.0,6,0,0,0,0,0,0,0,0,,0,0,0.0,22,3,0,1,,0,40 03:26.402,,0,75 08:26.444,0,0,0,0,67301,0,0,0,N,0,0,0,2,67301,0,,1,1,,N,N,N,0,,0,0,0,3,3,,2215,0,2,0,0,0,0,0,3,4,0,2,3,,N,,,,,,,,,,,
2020079647,1402.0,1,0,0,0,0,0,0,0,0,4,0,,67,9,2020,1,40.0594,-75.1511,1402.0,6,0,0,0,0,0,0,0,0,,0,0,0.0,14,1,1,1,,2,40 03:33.692,6.0,0,75 09:04.139,3,0,0,0,67301,0,0,0,N,0,0,0,2,67301,0,,1,1,1600.0,N,N,N,0,,1,0,1,3,3,Y,1402,1,2,0,0,0,0,0,3,4,0,2,3,3.0,N,,,,,,,,,,,
2020079882,1809.0,2,0,0,0,0,0,0,0,0,5,0,,67,9,2020,1,39.9537,-75.2161,1809.0,6,0,0,0,0,0,0,0,0,,0,0,0.0,17,4,0,0,N,0,39 57:13.410,,0,75 12:57.840,0,0,0,0,67301,0,0,0,N,0,0,0,1,67301,0,,6,1,,N,N,N,0,,0,0,1,0,0,,1745,0,3,0,0,1,0,0,3,4,0,3,3,3.0,N,,,,,,,,,,,
2020090643,2330.0,2,0,0,0,0,0,0,0,0,4,0,,67,9,2020,6,40.0262,-75.1173,2323.0,6,0,0,0,0,0,1,0,0,,0,0,0.0,23,3,1,1,,0,40 01:34.539,,0,75 07:01.801,4,0,0,0,67301,0,0,0,N,0,0,0,2,67301,1,,1,1,,N,N,N,0,,0,0,0,3,2,,2320,1,2,0,0,0,0,0,3,4,0,2,3,3.0,N,,,,,,,,,,,
2020094935,1738.0,1,0,0,0,0,0,0,0,0,5,0,,67,11,2020,7,40.0253,-75.1439,1736.0,6,0,0,0,0,0,0,0,0,,0,0,0.0,17,3,2,0,N,0,40 01:30.911,,0,75 08:37.901,3,0,0,0,67301,0,0,0,N,0,0,0,2,67301,0,,1,1,,N,N,N,0,,2,0,1,0,0,,1735,2,2,0,0,0,0,0,3,4,0,2,3,3.0,N,,,,,,,,,,,
2020079318,1745.0,0,0,0,0,0,0,0,0,0,8,0,,67,9,2020,6,39.9281,-75.1688,1743.0,6,0,0,0,0,0,0,0,0,,0,0,0.0,17,1,1,1,,0,39 55:41.036,,0,75 10:07.732,3,0,0,0,67301,1,0,0,N,1,0,0,2,67301,0,,1,1,,N,N,N,0,,1,0,1,3,2,,1732,1,2,0,0,0,0,0,3,4,0,1,3,3.0,N,,,,,,,,,,,
2020079433,2300.0,3,0,0,0,0,0,0,0,0,2,0,,67,9,2020,6,40.042,-75.1293,2259.0,6,0,0,0,0,0,0,0,0,,0,0,0.0,22,3,0,0,N,2,40 02:31.180,2.0,0,75 07:45.420,0,0,0,0,67301,0,0,0,N,0,0,0,2,67301,0,,1,1,10.0,N,N,N,0,,0,0,1,0,0,Y,2259,0,4,0,0,2,0,0,3,4,0,4,3,3.0,N,,,,,,,,,,,
2020067020,1343.0,1,0,0,0,0,0,0,0,0,1,0,,67,8,2020,4,39.9942,-75.2179,1342.0,6,0,0,0,0,0,1,0,0,,0,0,0.0,13,1,1,3,,0,39 59:40.186,,0,75 13:05.153,3,0,0,0,67301,0,0,0,N,0,0,0,3,67301,0,,1,1,,N,N,N,0,,1,0,1,0,0,,1341,1,3,0,0,0,0,0,3,4,0,3,4,4.0,N,,,,,,,,,,,
2020069941,0.0,2,0,0,0,0,0,0,0,0,4,0,,67,8,2020,6,39.9036,-75.2432,2355.0,6,0,0,0,0,0,0,0,0,,0,0,0.0,23,3,0,1,,1,39 54:12.900,4.0,0,75 14:35.500,9,0,0,0,67301,0,0,0,N,0,0,0,2,67301,0,,1,1,127.0,N,N,N,0,,0,0,0,3,2,N,2341,0,2,0,0,1,0,1,3,4,0,2,3,3.0,N,,,,,,,,,,,
2020075027,1806.0,1,0,0,0,0,0,0,0,0,7,0,,67,9,2020,5,39.9331,-75.2377,1757.0,6,0,0,0,0,0,0,0,0,,0,0,0.0,17,1,1,0,N,0,39 55:59.223,,0,75 14:15.757,3,0,0,0,67301,0,0,0,N,0,0,0,1,67301,0,,4,1,,N,N,N,0,,1,0,0,0,0,,1753,1,1,0,0,0,0,0,3,4,0,1,3,3.0,N,,,,,,,,,,,
2020067834,2030.0,0,0,0,0,0,0,0,0,0,8,0,,67,8,2020,6,40.0136,-75.0803,2027.0,6,0,0,0,0,0,0,0,0,,0,0,0.0,20,3,1,1,,0,40 00:49.075,,0,75 04:48.925,3,0,0,0,67301,1,0,0,N,1,0,0,2,67301,0,,1,1,,N,N,N,0,,1,0,0,0,0,,2024,1,2,0,0,0,0,0,3,4,0,1,3,3.0,N,,,,,,,,,,,
2020070932,1832.0,0,0,0,0,0,0,0,0,0,5,0,,67,8,2020,4,39.9962,-75.1166,1830.0,6,0,0,0,0,0,0,0,0,,0,0,0.0,18,1,2,0,N,0,39 59:46.190,,0,75 06:59.740,2,0,1,2,67301,0,0,0,N,0,0,0,2,67301,0,,4,1,,N,N,N,0,,1,1,0,0,0,,1830,2,2,0,0,0,0,0,3,4,0,2,3,3.0,N,,,,,,,,,,,
2020078133,1245.0,2,0,0,0,0,0,0,0,0,4,0,,67,8,2020,7,39.9842,-75.1528,1240.0,6,0,0,0,0,0,0,0,1,,0,0,0.0,12,1,1,1,,0,39 59:03.100,,0,75 09:10.215,3,0,0,0,67301,0,0,0,N,0,0,0,2,67505,0,,1,1,,N,N,N,0,,1,0,0,3,2,,1240,1,2,0,0,0,0,0,3,4,0,2,3,3.0,N,,,,,,,,,,,