CRN,ARRIVAL_TM,AUTOMOBILE_COUNT,BELTED_DEATH_COUNT,BELTED_SUSP_SERIOUS_INJ_COUNT,BICYCLE_COUNT,BICYCLE_DEATH_COUNT,BICYCLE_SUSP_SERIOUS_INJ_COUNT,BUS_COUNT,CHLDPAS_DEATH_COUNT,CHLDPAS_SUSP_SERIOUS_INJ_COUNT,COLLISION_TYPE,COMM_VEH_COUNT,CONS_ZONE_SPD_LIM,COUNTY,CRASH_MONTH,CRASH_YEAR,DAY_OF_WEEK,DEC_LAT,DEC_LONG,DISPATCH_TM,DISTRICT,DRIVER_COUNT_16YR,DRIVER_COUNT_17YR,DRIVER_COUNT_18YR,DRIVER_COUNT_19YR,DRIVER_COUNT_20YR,DRIVER_COUNT_50_64YR,DRIVER_COUNT_65_74YR,DRIVER_COUNT_75PLUS,EST_HRS_CLOSED,FATAL_COUNT,HEAVY_TRUCK_COUNT,HORSE_BUGGY_COUNT,HOUR_OF_DAY,ILLUMINATION,INJURY_COUNT,INTERSECT_TYPE,INTERSECTION_RELATED,LANE_CLOSED,LATITUDE,LN_CLOSE_DIR,LOCATION_TYPE,LONGITUDE,MAX_SEVERITY_LEVEL,MCYCLE_DEATH_COUNT,MCYCLE_SUSP_SERIOUS_INJ_COUNT,MOTORCYCLE_COUNT,MUNICIPALITY,NONMOTR_COUNT,NONMOTR_DEATH_COUNT,NONMOTR_SUSP_SERIOUS_INJ_COUNT,NTFY_HIWY_MAINT,PED_COUNT,PED_DEATH_COUNT,PED_SUSP_SERIOUS_INJ_COUNT,PERSON_COUNT,POLICE_AGCY,POSSIBLE_INJ_COUNT,RDWY_SURF_TYPE_CD,RELATION_TO_ROAD,ROAD_CONDITION,ROADWAY_CLEARED,SCH_BUS_IND,SCH_ZONE_IND,SECONDARY_CRASH,SMALL_TRUCK_COUNT,SPEC_JURIS_CD,SUSP_MINOR_INJ_COUNT,SUSP_SERIOUS_INJ_COUNT,SUV_COUNT,TCD_FUNC_CD,TCD_TYPE,TFC_DETOUR_IND,TIME_OF_DAY,TOT_INJ_COUNT,TOTAL_UNITS,UNB_DEATH_COUNT,UNB_SUSP_SERIOUS_INJ_COUNT,UNBELTED_OCC_COUNT,UNK_INJ_DEG_COUNT,UNK_INJ_PER_COUNT,URBAN_AREA,URBAN_RURAL,VAN_COUNT,VEHICLE_COUNT,WEATHER1,WEATHER2,WORK_ZONE_IND,WORK_ZONE_LOC,WORK_ZONE_TYPE,WORKERS_PRES,WZ_CLOSE_DETOUR,WZ_FLAGGER,WZ_LAW_OFFCR_IND,WZ_LN_CLOSURE,WZ_MOVING,WZ_OTHER,WZ_SHLDER_MDN,WZ_WORKERS_INJ_KILLED
2020069029,2040.0,1,0,0,1,0,0,0,0,0,4,0,,67,8,2020,2,40.0097,-75.1546,2033.0,6,0,0,0,0,0,0,0,0,,0,0,0.0,20,3,1,3,,1,40 00:35.027,1.0,0,75 09:16.971,8,0,0,0,67301,1,0,0,N,0,0,0,2,67301,0,,1,1,2158.0,N,N,N,0,,0,0,0,0,0,N,2025,1,2,0,0,0,1,0,3,4,0,1,3,3.0,N,,,,,,,,,,,
2020083215,1148.0,2,0,0,0,0,0,0,0,0,1,0,,67,9,2020,3,39.9802,-75.2054,1143.0,6,0,0,0,0,0,0,0,0,,0,0,0.0,11,1,0,0,N,1,39 58:48.667,3.0,0,75 12:19.288,0,0,0,0,67301,0,0,0,N,0,0,0,2,68K01,0,,1,1,1200.0,N,N,N,0,,0,0,0,0,0,N,1134,0,2,0,0,0,0,0,3,4,0,2,3,3.0,N,,,,,,,,,,,
2020071562,1827.0,4,0,0,0,0,0,0,0,0,2,0,,67,8,2020,7,39.9747,-75.1983,1817.0,6,0,0,1,0,0,1,0,0,,0,0,0.0,16,1,8,2,,0,39 58:29.530,,2,75 11:53.190,3,0,0,0,67301,0,0,0,N,0,0,0,8,67301,7,,1,1,,N,N,N,0,,1,0,1,3,2,,1655,8,5,0,0,0,0,0,3,4,0,5,3,3.0,N,,,,,,,,,,,
2020067736,1744.0,2,0,0,0,0,0,0,0,0,6,0,,67,8,2020,5,39.9759,-75.1898,1744.0,6,0,0,1,0,0,0,0,0,,0,0,0.0,5,1,0,0,N,0,39 58:33.330,,0,75 11:23.260,0,0,0,0,67301,0,0,0,N,0,0,0,2,67301,0,,1,1,,N,N,N,0,,0,0,0,0,0,,525,0,2,0,0,0,0,0,3,4,0,2,3,3.0,N,,,,,,,,,,,
2020067892,135.0,0,0,0,0,0,0,0,0,0,4,0,,67,8,2020,5,39.958,-75.2335,125.0,6,0,0,0,0,0,0,0,0,,0,0,0.0,1,3,0,1,,0,39 57:28.630,,0,75 14:00.608,0,0,0,0,67301,0,0,0,N,0,0,0,2,67301,0,,1,1,,N,N,N,0,,0,0,2,3,1,,110,0,2,0,0,1,0,0,3,4,0,2,3,3.0,N,,,,,,,,,,,
2020068258,2200.0,1,0,0,0,0,0,0,0,0,4,0,,67,8,2020,6,40.0164,-75.133,2155.0,6,0,0,0,0,0,0,0,0,,0,0,0.0,21,3,1,2,,2,40 00:58.971,7.0,0,75 07:58.706,2,0,1,1,67301,0,0,0,N,0,0,0,4,67301,0,,1,1,2344.0,N,N,N,0,,0,1,0,3,3,Y,2150,1,2,0,0,0,0,0,3,4,0,2,3,,N,,,,,,,,,,,
2020068796,1603.0,3,0,0,0,0,0,0,0,0,5,0,,67,8,2020,2,39.9729,-75.245,1557.0,6,0,0,0,0,0,1,0,0,,0,0,0.0,15,1,0,0,N,0,39 58:22.507,,0,75 14:42.073,0,0,0,0,67301,0,0,0,N,0,0,0,1,67301,0,,6,1,,N,N,N,1,,0,0,1,0,0,,1552,0,5,0,0,1,0,0,3,4,0,5,3,,N,,,,,,,,,,,
2020070330,424.0,0,0,0,0,0,0,0,0,0,4,0,,67,8,2020,2,40.012,-75.1358,422.0,6,0,0,0,0,0,0,0,0,,0,0,0.0,4,3,1,1,,0,40 00:43.128,,0,75 08:09.038,3,0,0,0,67301,0,0,0,N,0,0,0,2,67301,0,,1,1,,N,N,N,0,,1,0,3,3,2,,422,1,3,0,0,0,0,0,3,4,0,3,3,,N,,,,,,,,,,,
2020088627,1113.0,0,0,0,0,0,0,0,0,0,1,0,,67,10,2020,1,39.9159,-75.2453,1113.0,6,0,0,0,0,0,0,0,0,,0,0,0.0,11,1,1,2,,0,39 54:57.295,,0,75 14:43.230,4,0,0,0,67301,0,0,0,N,0,0,0,2,67301,1,,1,1,,N,N,N,0,,0,0,2,0,0,,1100,1,2,0,0,0,0,0,3,4,0,2,3,3.0,N,,,,,,,,,,,
2020079487,511.0,1,0,0,0,0,0,0,0,0,4,0,,67,9,2020,7,39.9575,-75.2234,508.0,6,0,0,0,0,0,0,1,0,,0,0,0.0,5,1,1,1,,0,39 57:26.841,,0,75 13:24.214,3,0,0,0,67301,0,0,0,N,0,0,0,3,67301,0,,1,1,,N,N,N,0,,1,0,1,3,3,,500,1,2,0,0,2,0,0,3,4,0,2,3,4.0,N,,,,,,,,,,,
2020094834,1610.0,2,0,0,0,0,0,0,0,0,4,0,,67,11,2020,7,39.9886,-75.1617,1554.0,6,0,0,0,0,1,0,0,0,,0,0,0.0,15,1,1,1,,0,39 59:19.273,,0,75 09:44.225,8,0,0,0,67301,0,0,0,N,0,0,0,3,67301,0,,1,1,,N,N,N,0,,0,0,0,3,2,,1524,1,2,0,0,0,1,0,3,4,0,2,3,,N,,,,,,,,,,,
2020068798,1038.0,2,0,0,0,0,0,0,0,0,5,0,,67,8,2020,3,39.9831,-75.1568,1021.0,6,0,0,0,0,0,0,0,0,,0,0,0.0,10,1,0,0,Y,0,39 58:59.002,,0,75 09:24.652,9,0,0,0,67301,0,0,0,N,0,0,0,2,67301,0,,1,1,,N,N,N,0,,0,0,0,3,2,,1015,0,3,0,0,0,0,1,3,4,1,3,3,3.0,N,,,,,,,,,,,
2020069611,1613.0,1,0,0,0,0,0,0,0,0,6,0,,67,8,2020,2,40.0226,-75.2128,1607.0,6,0,0,0,0,0,0,0,0,,0,0,0.0,16,1,0,2,,0,40 01:21.295,,7,75 12:46.000,0,0,0,0,67301,1,0,0,N,0,0,0,2,67301,0,,5,1,,N,N,N,0,,0,0,1,3,3,,1600,0,2,0,0,1,0,0,3,4,0,2,3,3.0,N,,,,,,,,,,,
2020069932,745.0,1,0,0,0,0,0,0,0,0,6,0,,67,8,2020,5,39.9279,-75.2303,744.0,6,0,0,0,0,0,0,0,0,,0,0,0.0,7,1,1,0,N,2,39 55:40.460,5.0,0,75 13:49.200,3,0,0,0,67301,0,0,0,N,0,0,0,2,67301,0,,6,1,845.0,N,N,N,0,,1,0,2,0,0,Y,742,1,3,0,0,2,0,0,3,4,0,3,3,3.0,N,,,,,,,,,,,
2020069940,1729.0,1,0,0,1,0,0,0,0,0,4,0,,67,8,2020,6,39.9251,-75.236,1727.0,6,0,0,0,0,0,0,0,0,,0,0,0.0,17,1,1,2,,0,39 55:30.428,,0,75 14:09.758,3,0,0,0,67301,1,0,0,N,0,0,0,2,67301,0,,1,98,,N,N,N,0,,1,0,0,3,3,,1727,1,2,0,0,0,0,0,3,4,0,1,3,3.0,N,,,,,,,,,,,
2020070940,2112.0,1,0,0,0,0,0,0,0,0,8,0,,67,8,2020,7,40.0132,-75.1423,2106.0,6,0,0,0,0,0,0,0,0,,0,0,0.0,20,3,1,0,N,0,40 00:47.390,,0,75 08:32.430,3,0,0,0,67301,1,0,0,N,1,0,0,2,67301,0,,1,99,,N,N,N,0,,1,0,0,0,0,,2024,1,2,0,0,0,0,0,3,4,0,1,3,3.0,N,,,,,,,,,,,
2020083018,1131.0,1,0,0,0,0,0,0,0,0,1,0,,67,10,2020,7,40.0129,-75.0718,1118.0,6,0,0,0,0,0,0,0,0,,0,0,0.0,18,1,2,1,,0,40 00:46.319,,0,75 04:18.532,4,0,0,0,67301,0,0,0,N,0,0,0,3,67301,2,,1,1,,N,N,N,0,,0,0,1,3,3,,1817,2,2,0,0,0,0,1,3,4,0,2,3,,N,,,,,,,,,,,
2020069822,220.0,1,0,0,0,0,0,0,0,0,5,0,,67,8,2020,6,40.0361,-75.1277,215.0,6,0,0,0,0,0,1,0,0,,0,0,0.0,1,3,0,1,,0,40 02:09.834,,0,75 07:39.560,9,0,0,0,67301,0,0,0,N,0,0,0,2,67301,0,,1,1,,N,N,N,0,,0,0,1,3,2,,150,0,2,0,0,0,0,1,3,4,0,2,3,3.0,N,,,,,,,,,,,
2020068363,2015.0,2,0,0,0,0,0,0,0,0,5,0,,67,8,2020,1,40.033,-75.0728,2005.0,6,0,0,0,0,0,0,0,0,,0,0,0.0,20,4,0,0,N,0,40 01:58.770,,0,75 04:21.960,0,0,0,0,67301,0,0,0,N,0,0,0,1,67301,0,,6,1,,N,N,Y,0,,0,0,0,0,0,,2000,0,2,0,0,0,0,0,3,4,0,2,3,3.0,N,,,,,,,,,,,
2020068541,1520.0,1,0,0,0,0,0,0,0,0,5,0,,67,8,2020,2,39.9227,-75.1564,1517.0,6,0,0,0,0,0,0,0,0,,0,0,0.0,15,1,0,0,N,0,39 55:21.589,,0,75 09:23.029,0,0,0,0,67301,0,0,0,N,0,0,0,2,67301,0,,1,1,,N,N,N,1,,0,0,0,0,0,,1500,0,2,0,0,0,0,0,3,4,0,2,3,,N,,,,,,,,,,,
2020068256,1200.0,2,0,0,0,0,0,0,0,0,4,0,,67,8,2020,7,39.9844,-75.1544,1156.0,6,0,0,0,0,0,0,0,0,,0,0,0.0,11,1,2,1,,0,39 59:03.868,,0,75 09:15.876,3,0,0,0,67301,0,0,0,N,0,0,0,3,67301,0,,1,1,,N,N,N,0,,2,0,0,3,2,,1156,2,2,0,0,0,0,0,3,4,0,2,3,3.0,N,,,,,,,,,,,
2020068252,500.0,0,0,0,0,0,0,0,0,0,5,0,,67,8,2020,7,39.9797,-75.2166,455.0,6,0,0,0,1,0,0,0,0,,0,0,0.0,4,3,0,0,N,0,39 58:46.910,,0,75 12:59.890,0,0,0,0,67301,1,0,0,N,0,0,0,3,67301,0,,6,1,,N,N,N,0,,0,0,2,0,0,,426,0,2,0,0,2,0,0,3,4,0,2,3,3.0,N,,,,,,,,,,,
2020084162,234.0,2,0,0,0,0,0,0,0,0,4,0,,67,10,2020,7,40.0486,-75.1449,234.0,6,0,0,0,0,0,0,0,0,,0,0,0.0,2,3,1,1,,0,40 02:55.080,,0,75 08:41.593,8,0,0,0,67301,0,0,0,N,0,0,0,2,67301,0,,1,1,,N,N,N,0,,0,0,0,3,2,,232,1,2,0,0,0,1,1,3,4,0,2,3,3.0,N,,,,,,,,,,,
2020079321,1336.0,0,0,0,1,0,0,0,0,0,1,0,,67,9,2020,6,39.9517,-75.1641,1336.0,6,0,0,0,0,0,0,0,0,,0,0,0.0,13,1,1,0,N,0,39 57:05.995,,0,75 09:50.808,8,0,0,0,67301,1,0,0,N,0,0,0,2,67301,0,,1,1,,N,N,N,0,,0,0,0,0,0,,1335,1,2,0,0,0,1,0,3,4,1,1,3,3.0,N,,,,,,,,,,,
2020080524,1530.0,1,0,0,0,0,0,0,0,0,1,0,,67,9,2020,2,40.059,-74.9948,1524.0,6,0,0,0,0,0,0,0,0,,0,0,0.0,14,1,1,0,N,0,40 03:32.313,,0,74 59:41.232,3,0,0,0,67301,1,0,0,N,0,0,0,2,67301,0,,6,1,,N,N,N,0,,1,0,1,0,0,,1433,1,2,0,0,0,0,0,3,4,0,2,3,3.0,N,,,,,,,,,,,
2020079057,745.0,1,0,0,0,0,0,0,0,0,6,0,,67,9,2020,6,40.01,-75.1206,743.0,6,0,0,0,0,0,0,0,0,,0,0,0.0,7,1,0,0,N,0,40 00:36.040,,0,75 07:14.230,9,0,0,0,67301,0,0,0,N,0,0,0,1,67301,0,,6,1,,N,N,Y,0,,0,0,2,0,0,,719,0,4,0,0,0,0,1,3,4,1,4,3,3.0,N,,,,,,,,,,,
2020079880,1129.0,1,0,0,0,0,0,0,0,0,4,0,,67,9,2020,1,40.054,-75.1865,1129.0,6,0,0,0,0,0,0,0,0,,0,0,0.0,11,1,2,2,,0,40 03:14.294,,0,75 11:11.403,3,0,0,0,67301,0,0,0,N,0,0,0,3,67301,0,,1,1,,N,N,N,0,,2,0,1,3,3,,1103,2,2,0,0,0,0,0,3,4,0,2,3,3.0,N,,,,,,,,,,,
2020087521,1758.0,2,0,0,0,0,0,0,0,0,4,0,,67,9,2020,2,39.9733,-75.2347,1747.0,6,0,0,0,0,0,0,1,0,,0,0,0.0,17,1,3,1,,0,39 58:23.861,,6,75 14:04.984,3,0,0,0,67301,0,0,0,N,0,0,0,4,67301,0,,1,99,,N,N,N,0,,3,0,0,3,2,,1719,3,2,0,0,2,0,0,3,4,0,2,3,3.0,N,,,,,,,,,,,
2020080073,333.0,2,0,0,0,0,0,0,0,0,4,0,,67,9,2020,1,39.9968,-75.1538,329.0,6,0,0,0,0,0,0,0,0,,0,0,0.0,3,3,1,1,,0,39 59:48.618,,0,75 09:13.788,4,0,0,0,67301,0,0,0,N,0,0,0,2,67301,1,,1,9,,N,N,N,0,,0,0,0,3,2,,307,1,2,0,0,0,0,0,3,4,0,2,7,,N,,,,,,,,,,,
2020069465,1640.0,0,0,0,0,0,0,0,0,0,4,0,,67,8,2020,3,39.9667,-75.2249,1638.0,6,0,0,0,0,0,1,0,0,,0,0,0.0,16,1,1,1,,0,39 57:59.820,,0,75 13:29.529,3,0,0,0,67301,0,0,0,N,0,0,0,2,67301,0,,1,1,,N,N,N,1,,1,0,1,3,2,,1613,1,2,0,0,0,0,0,3,4,0,2,3,3.0,N,,,,,,,,,,,
2020070572,1735.0,1,0,0,0,0,0,0,0,0,4,0,,67,8,2020,2,40.0202,-75.1141,1735.0,6,0,0,0,0,0,0,0,0,,0,0,0.0,17,1,1,1,,0,40 01:12.937,,0,75 06:50.646,3,0,0,1,67301,0,0,0,N,0,0,0,2,67301,0,,1,1,,N,N,N,0,,1,0,0,3,2,,1700,1,2,0,0,1,0,0,3,4,0,2,3,3.0,N,,,,,,,,,,,
2020068364,0.0,1,0,0,0,0,0,0,0,0,7,0,,67,8,2020,1,40.0311,-75.1569,2338.0,6,0,0,0,0,0,0,0,0,,0,0,0.0,22,3,0,0,N,0,40 01:51.810,,0,75 09:24.670,9,0,0,0,67301,0,0,0,N,0,0,0,1,67301,0,,5,1,,N,N,N,0,,0,0,0,0,0,,2218,0,1,0,0,0,0,1,3,4,0,1,3,,N,,,,,,,,,,,
2020067967,46.0,1,0,0,0,0,0,0,0,0,5,0,,67,8,2020,7,40.0135,-75.1235,46.0,6,0,0,1,0,1,0,0,0,,0,0,0.0,0,3,0,0,N,0,40 00:48.710,,0,75 07:24.700,0,0,0,1,67301,0,0,0,N,0,0,0,2,67301,0,,1,1,,N,N,N,0,,0,0,0,0,0,,20,0,2,0,0,0,0,0,3,4,0,2,3,,N,,,,,,,,,,,
2020083559,2030.0,1,0,0,0,0,0,0,0,0,1,0,,67,10,2020,3,40.0317,-75.0533,2016.0,6,0,0,0,0,0,0,0,0,,0,0,0.0,19,3,1,1,,0,40 01:54.162,,0,75 03:12.035,3,0,0,0,67301,0,0,0,N,0,0,0,3,67301,0,,1,1,,N,N,N,0,,1,0,1,3,2,,1932,1,2,0,0,0,0,0,3,4,0,2,3,,N,,,,,,,,,,,
2020080716,1355.0,2,0,0,0,0,0,0,0,0,4,0,,67,9,2020,2,39.9907,-75.1151,1353.0,6,0,0,0,0,0,1,1,0,,0,0,0.0,13,1,1,1,,1,39 59:26.698,5.0,0,75 06:54.505,3,0,0,0,67301,0,0,0,N,0,0,0,2,67301,0,,3,1,1405.0,N,N,N,0,,1,0,0,0,0,N,1345,1,2,0,0,0,0,0,3,4,0,2,3,3.0,N,,,,,,,,,,,
2020069351,1831.0,1,0,0,0,0,0,0,0,0,5,0,,67,8,2020,5,39.9003,-75.1575,1820.0,6,0,0,0,0,1,0,0,0,,0,0,0.0,18,1,0,0,N,0,39 54:04.784,,3,75 09:08.359,9,0,0,0,67301,0,0,0,N,0,0,0,2,68K01,0,,1,1,,N,N,N,0,,0,0,0,0,0,,1803,0,2,0,0,0,0,1,3,4,0,2,3,,N,,,,,,,,,,,
2020077899,1845.0,0,0,0,0,0,0,0,0,0,4,0,,67,8,2020,4,39.9279,-75.1876,1842.0,6,0,0,0,0,0,1,0,0,,0,0,0.0,18,1,1,1,,0,39 55:40.556,,1,75 11:15.502,3,0,0,1,67301,0,0,0,N,0,0,0,2,67301,0,,1,1,,N,N,N,0,,1,0,1,0,0,,1840,1,2,0,0,0,0,0,3,4,0,2,3,,N,,,,,,,,,,,
2020067891,1855.0,0,0,0,0,0,0,0,0,0,4,0,,67,8,2020,7,40.0624,-75.1606,1849.0,6,0,0,0,0,0,0,0,0,,0,0,0.0,18,1,1,1,,0,40 03:44.571,,0,75 09:38.106,3,0,0,1,67301,0,0,0,N,0,0,0,1,67301,0,,1,1,,N,N,N,0,,1,0,1,0,0,,1849,1,2,0,0,0,0,0,3,4,0,2,3,3.0,N,,,,,,,,,,,
2020069945,1553.0,2,0,0,0,0,0,0,0,0,5,0,,67,8,2020,1,39.8953,-75.2372,1553.0,6,0,0,0,0,0,0,0,0,,0,0,0.0,14,1,0,3,,0,39 53:44.867,,0,75 14:14.960,9,0,0,0,67301,0,0,0,N,0,0,0,3,67301,0,,1,9,,N,N,N,0,,0,0,0,0,0,,1400,0,2,0,0,1,0,1,3,4,0,2,7,7.0,N,,,,,,,,,,,
2020080053,858.0,2,0,0,0,0,0,0,0,0,5,0,,67,9,2020,7,39.958,-75.1486,856.0,6,0,0,0,0,0,1,0,0,,0,0,0.0,8,1,1,0,N,0,39 57:28.700,,0,75 08:54.800,3,0,0,0,67301,0,0,0,N,0,0,0,2,67301,0,,1,9,,N,N,N,0,,1,0,0,0,0,,853,1,2,0,0,0,0,0,3,4,0,2,7,4.0,N,,,,,,,,,,,
2020096197,958.0,2,0,0,0,0,0,0,0,0,4,0,,67,11,2020,6,39.973,-75.2185,953.0,6,0,0,0,0,0,0,0,0,,0,0,0.0,8,1,1,2,,0,39 58:22.955,,0,75 13:06.420,8,0,0,0,67301,0,0,0,N,0,0,0,2,67301,0,,1,1,,N,N,Y,0,,0,0,0,3,3,,851,1,2,0,0,0,1,1,3,4,0,2,3,,N,,,,,,,,,,,
2020079643,1840.0,1,0,0,0,0,0,0,0,0,7,0,,67,9,2020,1,40.0983,-74.9944,1830.0,6,0,0,0,0,0,0,0,0,,0,0,0.0,18,1,0,0,N,0,40 05:53.830,,0,74 59:39.790,0,0,0,0,67301,0,0,0,N,0,0,0,1,67301,0,,4,9,,N,N,N,0,,0,0,0,0,0,,1815,0,1,0,0,0,0,0,3,4,0,1,7,7.0,N,,,,,,,,,,,
2020070134,230.0,2,0,0,0,0,0,0,0,0,8,0,,67,8,2020,1,39.9032,-75.1547,1230.0,6,0,0,0,0,0,0,0,0,,0,0,0.0,0,3,1,0,N,0,39 54:11.539,,0,75 09:16.838,2,0,0,0,67301,1,0,1,N,1,0,1,5,67301,0,,1,1,,N,N,N,0,,0,1,0,0,0,,20,1,3,0,0,0,0,1,3,4,0,2,3,3.0,N,,,,,,,,,,,
2020067748,1057.0,1,0,0,0,0,0,0,0,0,1,0,,67,8,2020,7,39.9756,-75.1586,1055.0,6,0,0,0,0,0,0,0,0,,0,0,0.0,10,1,3,0,N,0,39 58:32.069,,0,75 09:30.992,8,0,0,0,67301,1,0,0,N,0,0,0,4,67505,0,,6,1,,N,N,Y,0,,0,0,1,0,0,,1053,3,2,0,0,0,3,1,3,4,0,2,3,3.0,N,,,,,,,,,,,
2020070151,1108.0,0,0,0,0,0,0,0,0,0,1,0,,67,8,2020,4,40.0059,-75.1569,1108.0,6,0,0,0,0,0,0,0,0,,0,0,0.0,23,3,2,0,N,0,40 00:21.270,,0,75 09:24.850,4,0,0,0,67301,0,0,0,N,0,0,0,3,67301,2,,1,1,,N,N,N,0,,0,0,2,0,0,,2308,2,2,0,0,0,0,0,3,4,0,2,3,3.0,N,,,,,,,,,,,
2020078397,1818.0,1,0,0,0,0,0,0,0,0,7,0,,67,9,2020,5,39.9699,-75.1255,1815.0,6,0,0,0,1,0,0,0,0,,0,0,0.0,18,1,1,7,N,2,39 58:11.804,1.0,2,75 07:31.625,3,0,0,0,67301,0,0,0,Y,0,0,0,2,68K01,0,,7,1,20.0,N,N,N,0,,1,0,0,0,0,N,1811,1,1,0,0,0,0,0,3,4,0,1,3,3.0,N,,,,,,,,,,,
2020069360,1801.0,0,0,0,0,0,0,0,0,0,7,0,,67,8,2020,6,40.0286,-75.023,1756.0,6,0,0,1,0,0,0,0,0,,0,0,0.0,17,1,0,0,N,1,40 01:42.983,1.0,0,75 01:22.670,0,0,0,0,67301,0,0,0,N,0,0,0,1,68K01,0,,4,1,1803.0,N,N,N,0,,0,0,1,0,0,N,1755,0,1,0,0,0,0,0,3,4,0,1,3,3.0,N,,,,,,,,,,,
2020068799,1910.0,0,0,0,0,0,0,0,0,0,8,0,,67,8,2020,2,39.9915,-75.1167,1906.0,6,0,0,0,0,0,0,0,0,,0,0,0.0,19,4,1,1,,0,39 59:29.234,,0,75 07:00.004,3,0,0,0,67301,1,0,0,N,1,0,0,2,67301,0,,1,1,,N,N,N,0,,1,0,1,3,2,,1900,1,2,0,0,0,0,0,3,4,0,1,3,3.0,N,,,,,,,,,,,
2020068236,2215.0,0,0,0,0,0,0,0,0,0,6,0,,67,8,2020,6,40.0467,-74.9957,2206.0,6,0,0,0,0,0,1,0,0,,0,0,0.0,21,3,2,0,N,2,40 02:48.210,6.0,0,74 59:44.610,3,0,0,0,67301,0,0,0,N,0,0,0,2,67301,0,,1,1,2300.0,N,N,N,1,,2,0,1,0,0,Y,2146,2,2,0,0,0,0,0,3,4,0,2,3,3.0,N,,,,,,,,,,,
2020069021,1715.0,1,0,0,0,0,0,0,0,0,4,0,,67,8,2020,3,40.0548,-75.169,1715.0,6,0,0,0,0,0,1,0,0,,0,0,0.0,16,1,1,1,,0,40 03:17.448,,0,75 10:08.247,3,0,0,0,67301,0,0,0,N,0,0,0,2,67301,0,,1,1,,N,N,N,0,,1,0,1,3,2,,1656,1,2,0,0,0,0,0,3,4,0,2,3,3.0,N,,,,,,,,,,,
2020068543,1358.0,0,0,0,0,0,0,0,0,0,4,0,,67,8,2020,1,39.9535,-75.2344,1358.0,6,0,0,0,0,0,1,0,0,,0,0,0.0,13,1,2,1,,0,39 57:12.725,,0,75 14:03.886,4,0,0,0,67301,0,0,0,N,0,0,0,4,67301,2,,1,1,,N,N,N,0,,0,0,1,3,3,,1351,2,2,0,0,0,0,0,3,4,1,2,3,3.0,N,,,,,,,,,,,
2020074580,1705.0,1,0,0,0,0,0,0,0,0,7,0,,67,8,2020,7,39.9719,-75.2052,1705.0,6,0,0,0,0,0,0,0,0,,0,0,0.0,17,1,1,0,N,0,39 58:18.720,,0,75 12:18.620,3,0,0,0,67301,0,0,0,N,0,0,0,1,67301,0,,4,1,,N,N,N,0,,1,0,0,0,0,,1705,1,1,0,0,0,0,0,3,4,0,1,3,3.0,N,,,,,,,,,,,
2020075028,735.0,2,0,0,0,0,0,0,0,0,2,0,,67,9,2020,5,40.0806,-75.2233,713.0,6,0,0,0,0,1,0,0,0,,0,0,0.0,7,1,0,0,N,2,40 04:50.181,6.0,0,75 13:23.750,0,0,0,0,67301,0,0,0,N,0,0,0,2,67301,0,,1,9,900.0,N,N,N,0,,0,0,0,0,0,Y,708,0,2,0,0,0,0,0,3,4,0,2,7,7.0,N,,,,,,,,,,,
2020068542,1619.0,1,0,0,0,0,0,0,0,0,4,0,,67,8,2020,2,39.9347,-75.1523,1516.0,6,0,0,0,0,0,0,0,0,,0,0,0.0,2,8,1,1,,0,39 56:04.970,,0,75 09:08.445,3,0,0,0,67301,0,0,0,N,0,0,0,2,67301,0,,1,1,,N,N,N,0,,1,0,1,3,2,,256,1,2,0,0,1,0,0,3,4,0,2,3,3.0,N,,,,,,,,,,,
2020069022,2345.0,0,0,0,0,0,0,0,0,0,4,0,,67,8,2020,3,40.0189,-75.0495,2340.0,6,0,0,0,0,0,0,0,0,,0,0,0.0,23,3,1,2,,0,40 01:08.120,,0,75 02:58.216,3,0,0,0,67301,0,0,0,N,0,0,0,2,67301,0,,1,1,,N,N,N,0,,1,0,0,3,3,,2334,1,2,0,0,0,0,0,3,4,1,2,3,3.0,N,,,,,,,,,,,
2020076701,244.0,1,0,0,0,0,0,0,0,0,7,0,,67,8,2020,7,39.888,-75.2036,244.0,6,0,0,0,0,0,0,0,0,,0,0,0.0,2,3,0,0,N,0,39 53:20.201,,3,75 12:08.456,0,0,0,0,67301,0,0,0,N,0,0,0,1,68K01,0,,4,1,,N,N,N,0,,0,0,0,0,0,,243,0,1,0,0,0,0,0,3,4,0,1,3,,N,,,,,,,,,,,
2020069381,2022.0,1,0,0,0,0,0,0,0,0,7,0,,67,8,2020,2,39.921,-75.1481,2022.0,6,0,0,0,0,0,0,0,0,,0,0,0.0,20,3,0,0,N,1,39 55:15.761,2.0,0,75 08:53.208,0,0,0,0,67301,0,0,0,N,0,0,0,1,68K01,0,,2,1,2025.0,N,N,N,0,,0,0,0,0,0,N,2022,0,1,0,0,0,0,0,3,4,0,1,3,,N,,,,,,,,,,,
2020075816,740.0,4,0,0,0,0,0,0,0,0,4,0,,67,9,2020,3,39.959,-75.2296,736.0,6,0,0,0,0,0,1,0,0,,0,0,0.0,7,1,0,2,,0,39 57:32.527,,6,75 13:46.676,0,0,0,0,67301,0,0,0,N,0,0,0,2,67301,0,,1,1,,N,N,N,0,,0,0,0,3,3,,718,0,4,0,0,0,0,0,3,4,0,4,3,3.0,N,,,,,,,,,,,