CRN,ARRIVAL_TM,AUTOMOBILE_COUNT,BELTED_DEATH_COUNT,BELTED_SUSP_SERIOUS_INJ_COUNT,BICYCLE_COUNT,BICYCLE_DEATH_COUNT,BICYCLE_SUSP_SERIOUS_INJ_COUNT,BUS_COUNT,CHLDPAS_DEATH_COUNT,CHLDPAS_SUSP_SERIOUS_INJ_COUNT,COLLISION_TYPE,COMM_VEH_COUNT,CONS_ZONE_SPD_LIM,COUNTY,CRASH_MONTH,CRASH_YEAR,DAY_OF_WEEK,DEC_LAT,DEC_LONG,DISPATCH_TM,DISTRICT,DRIVER_COUNT_16YR,DRIVER_COUNT_17YR,DRIVER_COUNT_18YR,DRIVER_COUNT_19YR,DRIVER_COUNT_20YR,DRIVER_COUNT_50_64YR,DRIVER_COUNT_65_74YR,DRIVER_COUNT_75PLUS,EST_HRS_CLOSED,FATAL_COUNT,HEAVY_TRUCK_COUNT,HORSE_BUGGY_COUNT,HOUR_OF_DAY,ILLUMINATION,INJURY_COUNT,INTERSECT_TYPE,INTERSECTION_RELATED,LANE_CLOSED,LATITUDE,LN_CLOSE_DIR,LOCATION_TYPE,LONGITUDE,MAX_SEVERITY_LEVEL,MCYCLE_DEATH_COUNT,MCYCLE_SUSP_SERIOUS_INJ_COUNT,MOTORCYCLE_COUNT,MUNICIPALITY,NONMOTR_COUNT,NONMOTR_DEATH_COUNT,NONMOTR_SUSP_SERIOUS_INJ_COUNT,NTFY_HIWY_MAINT,PED_COUNT,PED_DEATH_COUNT,PED_SUSP_SERIOUS_INJ_COUNT,PERSON_COUNT,POLICE_AGCY,POSSIBLE_INJ_COUNT,RDWY_SURF_TYPE_CD,RELATION_TO_ROAD,ROAD_CONDITION,ROADWAY_CLEARED,SCH_BUS_IND,SCH_ZONE_IND,SECONDARY_CRASH,SMALL_TRUCK_COUNT,SPEC_JURIS_CD,SUSP_MINOR_INJ_COUNT,SUSP_SERIOUS_INJ_COUNT,SUV_COUNT,TCD_FUNC_CD,TCD_TYPE,TFC_DETOUR_IND,TIME_OF_DAY,TOT_INJ_COUNT,TOTAL_UNITS,UNB_DEATH_COUNT,UNB_SUSP_SERIOUS_INJ_COUNT,UNBELTED_OCC_COUNT,UNK_INJ_DEG_COUNT,UNK_INJ_PER_COUNT,URBAN_AREA,URBAN_RURAL,VAN_COUNT,VEHICLE_COUNT,WEATHER1,WEATHER2,WORK_ZONE_IND,WORK_ZONE_LOC,WORK_ZONE_TYPE,WORKERS_PRES,WZ_CLOSE_DETOUR,WZ_FLAGGER,WZ_LAW_OFFCR_IND,WZ_LN_CLOSURE,WZ_MOVING,WZ_OTHER,WZ_SHLDER_MDN,WZ_WORKERS_INJ_KILLED
2020080313,1020.0,0,0,0,0,0,0,0,0,0,1,0,,67,9,2020,7,40.01,-75.0961,1020.0,6,0,0,0,0,0,0,0,0,,0,0,0.0,9,1,1,5,,0,40 00:35.978,,0,75 05:46.118,3,0,0,0,67301,0,0,0,N,0,0,0,3,67301,0,,1,9,,N,N,N,1,,1,0,1,3,2,,925,1,2,0,0,2,0,0,3,4,0,2,7,,N,,,,,,,,,,,
2020067672,2015.0,2,0,0,0,0,0,0,0,0,4,0,,67,8,2020,6,39.9875,-75.2557,2009.0,6,0,0,0,0,0,0,1,0,,0,0,0.0,20,3,2,2,,1,39 59:14.871,3.0,0,75 15:20.359,3,0,0,0,67301,0,0,0,N,0,0,0,2,67301,0,,1,1,2040.0,N,N,N,0,,2,0,0,0,0,N,2005,2,2,0,0,0,0,0,3,4,0,2,3,,N,,,,,,,,,,,
2020067102,1530.0,0,0,0,0,0,0,0,0,0,4,0,,67,8,2020,4,40.0354,-75.0395,1515.0,6,0,0,0,0,0,0,0,0,,0,0,0.0,14,1,0,1,,0,40 02:07.380,,0,75 02:21.834,0,0,0,0,67301,0,0,0,N,0,0,0,2,67301,0,,1,1,,N,N,N,0,,0,0,2,3,2,,1445,0,2,0,0,0,0,0,3,4,0,2,3,98.0,N,,,,,,,,,,,
2020069467,16.0,2,0,0,0,0,0,0,0,0,4,0,,67,8,2020,3,39.9702,-75.1451,15.0,6,0,0,0,0,0,0,0,0,,0,0,0.0,23,3,0,1,,1,39 58:12.552,3.0,0,75 08:42.076,0,0,0,0,67301,0,0,0,N,0,0,0,3,67301,0,,1,1,110.0,N,N,N,0,,0,0,0,3,2,N,2315,0,2,0,0,0,0,0,3,4,0,2,3,3.0,N,,,,,,,,,,,
2020067409,1145.0,1,0,0,0,0,0,0,0,0,2,0,,67,8,2020,5,40.0019,-75.1186,1139.0,6,0,0,0,0,0,0,1,0,,0,0,0.0,11,1,1,0,N,1,40 00:06.840,3.0,0,75 07:07.100,3,0,0,0,67301,0,0,0,N,0,0,0,2,67301,0,,1,1,1227.0,N,N,N,0,,1,0,0,0,0,Y,1128,1,2,0,0,2,0,0,3,4,1,2,3,,N,,,,,,,,,,,
2020069935,1937.0,0,0,0,0,0,0,0,0,0,8,0,,67,8,2020,5,39.916,-75.236,1934.0,6,0,0,0,0,0,0,0,0,,0,0,0.0,19,4,1,1,,0,39 54:57.726,,0,75 14:09.736,3,0,0,0,67301,1,0,0,N,1,0,0,2,67301,0,,1,1,,N,N,N,0,,1,0,1,3,2,,1929,1,2,0,0,0,0,0,3,4,0,1,3,,N,,,,,,,,,,,
2020066882,1103.0,2,0,0,0,0,0,0,0,0,4,0,,67,8,2020,4,39.9301,-75.2307,1100.0,6,0,0,0,0,0,0,0,0,,0,0,0.0,10,1,0,2,,0,39 55:48.482,,0,75 13:50.660,9,0,0,0,67301,0,0,0,N,0,0,0,2,67301,0,,1,9,,N,N,N,0,,0,0,0,3,3,,1057,0,2,0,0,0,0,1,3,4,0,2,7,7.0,N,,,,,,,,,,,
2020068240,949.0,2,0,0,0,0,0,0,0,0,4,0,,67,8,2020,1,40.0702,-75.1667,940.0,6,0,0,0,0,0,1,1,0,,0,0,0.0,9,1,0,1,,0,40 04:12.648,,0,75 10:00.224,0,0,0,0,67301,0,0,0,N,0,0,0,2,67301,0,,1,1,,N,N,N,0,,0,0,0,3,2,,934,0,3,0,0,0,0,0,3,4,1,3,3,3.0,N,,,,,,,,,,,
2020068800,1545.0,1,0,0,0,0,0,0,0,0,1,0,,67,8,2020,2,40.0294,-75.1371,1545.0,6,0,0,0,0,0,0,0,1,,0,0,0.0,14,1,0,1,,0,40 01:45.908,,0,75 08:13.524,0,0,0,0,67301,0,0,0,N,0,0,0,1,67301,0,,1,1,,N,N,N,0,,0,0,1,3,3,,1430,0,3,0,0,0,0,0,3,4,0,2,3,3.0,N,,,,,,,,,,,
2020076650,755.0,1,0,0,0,0,0,0,0,0,8,0,,67,9,2020,1,40.0054,-75.1091,755.0,6,0,0,0,0,0,0,0,0,,0,0,0.0,7,1,1,0,N,0,40 00:19.384,,0,75 06:32.616,8,0,0,0,67301,1,0,0,N,1,0,0,2,67301,0,,1,1,,N,N,N,0,,0,0,0,0,0,,749,1,2,0,0,0,1,0,3,4,0,1,3,3.0,N,,,,,,,,,,,
2020068244,521.0,0,0,0,0,0,0,0,0,0,7,0,,67,8,2020,1,40.0281,-75.0576,519.0,6,0,0,0,0,0,0,0,0,,0,0,0.0,4,3,0,0,N,0,40 01:41.189,,0,75 03:27.083,0,0,0,0,67301,0,0,0,N,0,0,0,1,67301,0,,5,1,,N,N,N,0,,0,0,1,0,0,,456,0,1,0,0,0,0,0,3,4,0,1,3,3.0,N,,,,,,,,,,,
2020068239,11.0,2,0,0,0,0,0,0,0,0,5,0,,67,8,2020,1,39.97,-75.1684,9.0,6,0,0,0,0,0,0,0,0,,0,0,0.0,0,3,0,0,Y,0,39 58:12.130,,0,75 10:06.160,0,0,0,0,67301,0,0,0,N,0,0,0,1,67301,0,,6,1,,N,N,N,1,,0,0,4,0,0,,8,0,7,0,0,0,0,0,3,4,0,7,3,3.0,N,,,,,,,,,,,
2020069946,15.0,2,0,0,0,0,0,0,0,0,4,0,,67,8,2020,2,39.9261,-75.2424,15.0,6,0,0,0,0,0,0,0,0,,0,0,0.0,0,3,1,1,,0,39 55:33.920,,0,75 14:32.499,3,0,0,0,67301,0,0,0,N,0,0,0,2,67301,0,,1,9,,N,N,N,0,,1,0,0,3,2,,15,1,2,0,0,0,0,0,3,4,0,2,3,3.0,N,,,,,,,,,,,
2020069916,1634.0,0,0,0,0,0,0,0,0,0,4,0,,67,8,2020,3,39.9632,-75.1678,1626.0,6,0,0,0,0,0,0,0,0,,0,0,0.0,16,1,1,1,,0,39 57:47.867,,0,75 10:04.096,3,0,0,1,67301,0,0,0,N,0,0,0,2,67301,0,,1,1,,N,N,N,0,,1,0,1,3,2,,1615,1,2,0,0,0,0,0,3,4,0,2,3,3.0,N,,,,,,,,,,,
2020079325,1250.0,0,0,0,0,0,0,0,0,0,4,0,,67,9,2020,6,40.014,-75.1579,1250.0,6,0,0,0,1,0,0,0,0,,0,0,0.0,12,1,4,1,,2,40 00:50.303,4.0,0,75 09:28.618,3,0,0,0,67301,0,0,0,N,0,0,0,4,67301,0,,1,1,200.0,N,N,N,0,,4,0,2,0,0,Y,1245,4,2,0,0,0,0,0,3,4,0,2,3,3.0,N,,,,,,,,,,,
2020079552,926.0,1,0,0,0,0,0,0,0,0,4,0,,67,9,2020,6,40.1189,-75.018,923.0,6,0,0,0,0,0,0,0,0,,0,0,0.0,9,1,2,1,,2,40 07:07.949,4.0,0,75 01:05.123,3,0,0,0,67301,0,0,0,N,0,0,0,3,67301,0,,1,1,30.0,N,N,N,0,,2,0,1,3,2,Y,920,2,2,0,0,0,0,0,3,4,0,2,3,3.0,N,,,,,,,,,,,
2020079483,2121.0,1,0,0,0,0,0,0,0,0,7,0,,67,9,2020,6,39.9129,-75.1713,2120.0,6,0,0,0,0,0,0,0,0,,0,0,0.0,21,3,0,0,N,0,39 54:46.400,,0,75 10:16.700,9,0,0,0,67301,0,0,0,N,0,0,0,1,67301,0,,4,1,,N,N,N,0,,0,0,0,0,0,,2110,0,1,0,0,0,0,1,3,4,0,1,3,3.0,N,,,,,,,,,,,
2020094296,1454.0,2,0,0,0,0,0,0,0,0,2,0,,67,11,2020,5,39.9927,-75.1203,1453.0,6,0,0,0,0,0,0,0,0,,0,0,0.0,14,1,1,1,,0,39 59:33.691,,0,75 07:13.223,4,0,0,0,67301,0,0,0,N,0,0,0,2,67301,1,,1,1,,N,N,N,0,,0,0,0,3,2,,1448,1,2,0,0,0,0,1,3,4,0,2,3,3.0,N,,,,,,,,,,,
2020067737,1938.0,1,0,0,0,0,0,0,0,0,4,0,,67,8,2020,5,39.9746,-75.1835,1837.0,6,0,0,0,0,0,1,0,0,,0,0,0.0,18,1,0,1,,0,39 58:28.437,,0,75 11:00.481,0,0,0,0,67301,0,0,0,N,0,0,0,1,67301,0,,1,1,,N,N,N,0,,0,0,1,3,2,,1830,0,2,0,0,0,0,0,3,4,0,2,3,3.0,N,,,,,,,,,,,
2020070072,650.0,2,0,0,0,0,0,0,0,0,4,0,,67,8,2020,2,40.0716,-74.9877,645.0,6,0,0,0,0,0,0,0,0,,0,0,0.0,6,1,1,1,,0,40 04:17.800,,0,74 59:15.880,3,0,0,0,67301,0,0,0,N,0,0,0,2,67301,0,,1,1,,N,N,N,0,,1,0,0,3,3,,630,1,2,0,0,0,0,0,3,4,0,2,3,,N,,,,,,,,,,,
2020068544,248.0,2,0,0,0,0,0,0,0,0,4,0,,67,8,2020,2,39.9607,-75.243,244.0,6,0,0,0,0,0,0,0,0,,0,0,0.0,2,3,2,1,,0,39 57:38.474,,0,75 14:34.999,3,0,0,0,67301,0,0,0,N,0,0,0,3,67301,0,,1,1,,N,N,N,0,,2,0,1,3,2,,234,2,3,0,0,0,0,0,3,4,0,3,3,3.0,N,,,,,,,,,,,
2020069374,2235.0,0,0,0,0,0,0,0,0,0,7,0,,67,8,2020,1,39.9487,-75.142,2230.0,6,0,0,0,0,0,0,0,0,,0,0,0.0,22,3,1,0,N,1,39 56:55.488,2.0,0,75 08:31.165,3,0,0,0,67301,0,0,0,N,0,0,0,1,68K01,0,,4,9,1111.0,N,N,N,0,,1,0,1,0,0,N,2226,1,1,0,0,0,0,0,3,4,0,1,7,,N,,,,,,,,,,,
2020073160,1350.0,1,0,0,0,0,0,0,0,0,8,0,,67,9,2020,2,39.9303,-75.2276,1345.0,6,0,0,0,0,0,0,0,0,,0,0,0.0,13,1,1,0,N,0,39 55:49.036,,0,75 13:39.496,3,0,0,0,67301,1,0,0,N,1,0,0,2,67301,0,,2,1,,N,N,N,0,,1,0,0,3,2,,1340,1,2,0,0,0,0,0,3,4,0,1,3,,N,,,,,,,,,,,
2020113121,1800.0,1,0,0,0,0,0,0,0,0,5,0,,67,2,2020,4,39.9584,-75.2375,,6,0,0,0,0,0,1,0,0,,0,0,0.0,18,1,1,1,,0,39 57:30.385,,0,75 14:14.799,8,0,0,0,67301,0,0,0,N,0,0,0,2,00000,0,,1,1,,,,N,0,,0,0,0,3,2,,1800,1,2,0,0,0,1,0,3,4,0,2,3,,N,,,,,,,,,,,
2020069771,1323.0,0,0,0,0,0,0,0,0,0,5,0,,67,8,2020,3,39.9413,-75.1762,1304.0,6,0,0,0,0,0,0,1,0,,0,0,0.0,12,1,0,0,N,0,39 56:28.500,,0,75 10:34.300,0,0,0,0,67301,0,0,0,N,0,0,0,1,67301,0,,6,1,,N,N,Y,1,,0,0,3,0,0,,1250,0,4,0,0,0,0,0,3,4,0,4,3,3.0,N,,,,,,,,,,,
2020070139,1220.0,2,0,0,0,0,0,0,0,0,5,0,,67,8,2020,3,40.0092,-75.0718,1214.0,6,0,0,0,0,0,0,1,0,,0,0,0.0,11,1,0,0,Y,0,40 00:33.233,,0,75 04:18.367,9,0,0,0,67301,0,0,0,N,0,0,0,4,67301,0,,1,1,,N,N,N,0,,0,0,1,3,2,,1104,0,4,0,0,0,0,4,3,4,1,4,3,3.0,N,,,,,,,,,,,
2020089228,1657.0,1,0,0,0,0,0,0,0,0,4,0,,67,10,2020,5,39.9692,-75.1669,1656.0,6,0,0,0,0,0,0,0,0,,0,0,0.0,16,1,1,2,,0,39 58:09.288,,0,75 10:00.969,8,0,0,0,67301,0,0,0,N,0,0,0,3,67301,0,,1,1,,N,N,N,0,,0,0,1,3,3,,1656,1,2,0,0,0,1,0,3,4,0,2,3,3.0,N,,,,,,,,,,,
2020069463,2220.0,2,0,0,0,0,0,0,0,0,4,0,,67,8,2020,7,39.9643,-75.2464,2215.0,6,0,0,0,0,0,0,1,0,,0,0,0.0,22,3,0,1,,0,39 57:51.442,,0,75 14:47.279,0,0,0,0,67301,0,0,0,N,0,0,0,2,67301,0,,1,1,,N,N,N,0,,0,0,0,0,0,,2200,0,2,0,0,0,0,0,3,4,0,2,3,3.0,N,,,,,,,,,,,
2020070941,2002.0,0,0,0,0,0,0,0,0,0,7,0,,67,8,2020,1,40.019,-75.1463,1948.0,6,0,0,0,0,0,0,0,0,,0,0,0.0,16,1,0,0,N,0,40 01:08.385,,0,75 08:46.502,9,0,0,0,67301,0,0,0,N,0,0,0,1,67301,0,,5,1,,N,N,N,0,,0,0,1,0,0,,1633,0,1,0,0,0,0,1,3,4,0,1,3,3.0,N,,,,,,,,,,,
2020070140,1601.0,2,0,0,0,0,0,0,0,0,1,0,,67,8,2020,3,40.0272,-75.0989,1556.0,6,0,0,0,0,1,0,0,0,,0,0,0.0,15,1,2,2,,0,40 01:38.692,,0,75 05:56.941,3,0,0,0,67301,0,0,0,N,0,0,0,3,67301,0,,1,1,,N,N,N,0,,2,0,0,3,2,,1511,2,2,0,0,0,0,1,3,4,0,2,3,,N,,,,,,,,,,,
2020074223,1545.0,2,0,0,0,0,0,0,0,0,2,0,,67,9,2020,2,39.9419,-75.2355,1527.0,6,0,0,0,0,0,1,0,0,,0,0,0.0,15,1,1,0,N,0,39 56:30.860,,0,75 14:07.940,3,0,0,0,67301,0,0,0,N,0,0,0,3,67301,0,,9,1,,N,N,N,0,,1,0,0,0,0,,1511,1,2,0,0,3,0,2,3,4,0,2,3,3.0,N,,,,,,,,,,,
2020083635,708.0,1,0,0,0,0,0,0,0,0,7,0,,67,9,2020,7,40.0338,-75.0202,653.0,6,0,0,0,0,0,0,0,0,,0,0,0.0,6,1,0,0,N,0,40 02:01.560,,0,75 01:12.641,0,0,0,0,67301,0,0,0,N,0,0,0,1,68K01,0,,3,9,,N,N,N,0,,0,0,0,0,0,,641,0,1,0,0,0,0,0,3,4,0,1,6,,N,,,,,,,,,,,
2020082126,1411.0,1,0,0,0,0,0,0,0,0,5,0,,67,9,2020,1,39.9566,-75.1644,1410.0,6,0,0,0,0,1,0,0,0,,0,0,0.0,14,1,0,0,N,0,39 57:23.870,,0,75 09:51.970,0,0,0,0,67301,0,0,0,N,0,0,0,2,67301,0,,1,1,,N,N,N,0,,0,0,1,0,0,,1400,0,2,0,0,0,0,0,3,4,0,2,3,3.0,N,,,,,,,,,,,
2020068795,40.0,2,0,0,0,0,0,0,0,0,4,0,,67,8,2020,3,40.0126,-75.0732,37.0,6,0,0,0,0,0,0,0,0,,0,0,0.0,0,3,1,1,,0,40 00:45.124,,0,75 04:23.885,8,0,0,0,67301,0,0,0,N,0,0,0,2,67301,0,,1,1,,N,N,N,0,,0,0,0,3,2,,35,1,2,0,0,0,1,0,3,4,0,2,3,3.0,N,,,,,,,,,,,
2020067312,1454.0,0,0,0,0,0,0,0,0,0,8,0,,67,8,2020,5,40.0446,-75.1446,1454.0,6,0,0,0,0,0,0,0,0,,0,0,0.0,14,1,1,1,,0,40 02:40.423,,0,75 08:40.657,3,0,0,0,67301,1,0,0,N,1,0,0,2,67301,0,,1,1,,N,N,N,0,,1,0,0,3,2,,1400,1,2,0,0,0,0,0,3,4,0,1,3,3.0,N,,,,,,,,,,,
2020067833,950.0,1,0,0,0,0,0,0,0,0,4,0,,67,8,2020,7,40.023,-75.2193,945.0,6,0,0,0,0,0,0,0,0,,0,0,0.0,9,1,0,2,,0,40 01:22.764,,0,75 13:09.476,0,0,0,0,67301,0,0,0,N,0,0,0,2,67301,0,,1,1,,N,N,N,0,,0,0,1,3,3,,940,0,2,0,0,0,0,0,3,4,0,2,3,3.0,N,,,,,,,,,,,
2020074523,1738.0,1,0,0,0,0,0,0,0,0,1,0,,67,8,2020,6,39.9582,-75.1641,1726.0,6,0,0,0,0,0,1,0,0,,0,0,0.0,16,1,0,0,N,1,39 57:29.352,4.0,0,75 09:50.596,0,0,0,0,67301,0,0,0,N,0,0,0,5,68K01,0,,1,1,1810.0,N,N,N,0,,0,0,1,0,0,N,1657,0,3,0,0,0,0,0,3,4,1,3,3,3.0,N,,,,,,,,,,,
2020076708,1647.0,1,0,0,0,0,0,0,0,0,1,0,,67,8,2020,2,39.9585,-75.1669,1639.0,6,0,0,0,0,0,1,0,0,,0,0,0.0,16,1,1,0,N,1,39 57:30.654,4.0,0,75 10:00.849,4,0,0,0,67301,0,0,0,N,0,0,0,2,68K01,1,,1,1,1730.0,N,N,Y,0,,0,0,1,0,0,N,1637,1,2,0,0,0,0,0,3,4,0,2,3,,N,,,,,,,,,,,
2020067529,2330.0,1,0,0,0,0,0,0,0,0,4,0,,67,8,2020,5,40.0354,-75.1328,2324.0,6,0,0,0,0,0,0,0,0,,0,0,0.0,23,3,1,1,,0,40 02:07.263,,0,75 07:57.982,3,0,0,0,67301,0,0,0,N,0,0,0,2,67301,0,,1,1,,N,N,N,0,,1,0,1,3,3,,2300,1,2,0,0,0,0,0,3,4,0,2,3,3.0,N,,,,,,,,,,,
2020068545,1136.0,2,0,0,0,0,0,0,0,0,4,0,,67,8,2020,2,39.946,-75.214,1112.0,6,0,0,0,0,0,0,1,0,,0,0,0.0,11,1,2,1,,0,39 56:45.502,,0,75 12:50.328,3,0,0,0,67301,0,0,0,N,0,0,0,3,67301,0,,1,1,,N,N,N,0,,2,0,0,3,2,,1111,2,2,0,0,0,0,0,3,4,0,2,3,3.0,N,,,,,,,,,,,
2020068248,1827.0,1,0,0,0,0,0,0,0,0,5,0,,67,8,2020,6,39.9588,-75.2274,1817.0,6,0,0,0,0,0,0,0,0,,0,0,0.0,16,1,2,0,N,0,39 57:31.536,,0,75 13:38.624,3,0,0,0,67301,0,0,0,N,0,0,0,3,67301,0,,1,99,,N,N,N,1,,2,0,0,0,0,,1656,2,2,0,0,1,0,0,3,4,0,2,3,,N,,,,,,,,,,,
2020073638,1246.0,1,0,0,0,0,0,0,0,0,7,0,,67,8,2020,6,39.9825,-75.1002,1240.0,6,0,0,0,0,0,0,0,0,,0,0,0.0,12,1,0,0,N,1,39 58:57.018,2.0,0,75 06:00.636,9,0,0,0,67301,0,0,0,N,0,0,0,1,68K01,0,,2,1,1330.0,N,N,N,0,,0,0,0,0,0,N,1238,0,1,0,0,0,0,1,3,4,0,1,3,3.0,N,,,,,,,,,,,
2020081635,632.0,1,0,0,0,0,0,0,0,0,5,0,,67,9,2020,2,39.9588,-75.2154,632.0,6,0,0,0,0,0,0,0,0,,0,0,0.0,6,1,0,0,N,2,39 57:31.815,4.0,0,75 12:55.263,0,0,0,0,67301,0,0,0,N,0,0,0,2,67301,0,,6,1,911.0,N,N,N,0,,0,0,1,0,0,N,632,0,2,0,0,0,0,0,3,4,0,2,3,3.0,N,,,,,,,,,,,
2020079432,45.0,1,0,0,0,0,0,0,0,0,6,0,,67,9,2020,6,40.0452,-75.1253,37.0,6,0,0,0,0,0,0,0,0,,0,0,0.0,0,3,0,0,N,1,40 02:42.795,3.0,0,75 07:30.969,0,0,0,1,67301,0,0,0,N,0,0,0,1,67301,0,,6,1,210.0,N,N,N,0,,0,0,2,0,0,N,29,0,5,0,0,0,0,0,3,4,1,5,3,3.0,N,,,,,,,,,,,
2020068231,2325.0,0,0,0,0,0,0,0,0,0,6,0,,67,8,2020,1,40.056,-75.0754,2315.0,6,0,0,0,0,0,0,0,0,,0,0,0.0,23,3,0,0,N,0,40 03:21.440,,99,75 04:31.520,0,0,0,0,67301,0,0,0,N,0,0,0,1,67301,0,,6,9,,N,N,N,0,,0,0,2,0,0,,2300,0,2,0,0,0,0,0,3,4,0,2,7,,N,,,,,,,,,,,
2020069930,100.0,1,0,0,0,0,0,0,0,0,7,0,,67,8,2020,5,39.935,-75.2352,55.0,6,0,0,0,0,0,0,0,0,,0,0,0.0,0,3,1,2,,0,39 56:06.028,,0,75 14:06.874,3,0,0,0,67301,0,0,0,N,0,0,0,1,67301,0,,5,1,,N,N,N,0,,1,0,0,3,3,,45,1,1,0,0,0,0,0,3,4,0,1,3,3.0,N,,,,,,,,,,,
2020067735,2240.0,2,0,0,0,0,0,0,0,0,5,0,,67,8,2020,5,39.9596,-75.225,2226.0,6,0,0,0,0,0,0,0,0,,0,0,0.0,22,3,0,0,N,0,39 57:34.443,,0,75 13:29.832,9,0,0,0,67301,0,0,0,N,0,0,0,1,67301,0,,6,1,,N,N,N,0,,0,0,1,0,0,,2224,0,3,0,0,1,0,1,3,4,0,3,3,3.0,N,,,,,,,,,,,
2020074858,1553.0,2,0,0,0,0,0,0,0,0,4,0,,67,9,2020,7,39.9799,-75.1429,1551.0,6,0,0,0,0,0,1,0,0,,0,0,0.0,14,1,0,1,,0,39 58:47.465,,0,75 08:34.342,0,0,0,0,67301,0,0,0,N,0,0,0,2,67301,0,,1,1,,N,N,N,0,,0,0,0,3,2,,1459,0,2,0,0,2,0,0,3,4,0,2,3,3.0,N,,,,,,,,,,,
2020070142,1854.0,0,0,0,0,0,0,0,0,0,4,0,,67,8,2020,3,40.0253,-75.1092,1845.0,6,0,0,0,0,0,0,0,0,,0,0,0.0,18,1,1,3,,0,40 01:30.934,,0,75 06:33.245,8,0,0,1,67301,0,0,0,N,0,0,0,1,67301,0,,1,1,,N,N,N,0,,0,0,1,0,0,,1838,1,2,0,0,0,1,0,3,4,0,2,3,,N,,,,,,,,,,,
2020069019,325.0,2,0,0,0,0,0,0,0,0,5,0,,67,8,2020,3,40.0365,-75.0874,320.0,6,0,0,0,0,0,0,0,0,,0,0,0.0,3,3,0,0,N,0,40 02:11.300,,0,75 05:14.600,0,0,0,0,67301,0,0,0,N,0,0,0,1,67301,0,,6,1,,N,N,N,0,,0,0,0,0,0,,310,0,3,0,0,0,0,0,3,4,1,3,3,3.0,N,,,,,,,,,,,
2020067890,110.0,1,0,0,0,0,0,0,0,0,5,0,,67,8,2020,6,40.0574,-75.1884,104.0,6,0,0,0,0,0,0,0,0,,0,0,0.0,0,3,1,0,N,0,40 03:26.738,,0,75 11:18.160,3,0,0,0,67301,1,0,0,N,0,0,0,2,67301,0,,6,1,,N,N,N,0,,1,0,1,0,0,,28,1,2,0,0,1,0,0,3,4,0,2,3,3.0,N,,,,,,,,,,,
2020067665,53.0,1,0,0,0,0,0,0,0,0,4,0,,67,8,2020,7,40.0277,-75.11,48.0,6,0,0,1,0,0,0,0,0,,0,0,0.0,0,3,1,1,,0,40 01:39.827,,0,75 06:35.893,3,0,0,1,67301,0,0,0,N,0,0,0,2,67301,0,,1,1,,N,N,N,0,,1,0,0,3,2,,44,1,2,0,0,0,0,0,3,4,0,2,3,,N,,,,,,,,,,,
2020069464,2001.0,0,0,0,1,0,0,0,0,0,4,0,,67,8,2020,2,39.9643,-75.2464,2000.0,6,0,0,0,0,0,0,0,0,,0,0,0.0,19,1,2,1,,0,39 57:51.442,,0,75 14:47.279,3,0,0,1,67301,1,0,0,N,0,0,0,2,67301,0,,1,1,,N,N,N,0,,2,0,0,0,0,,1951,2,2,0,0,0,0,0,3,4,0,1,3,3.0,N,,,,,,,,,,,
2020070333,2153.0,1,0,0,0,0,0,0,0,0,3,0,,67,8,2020,6,40.0312,-75.1458,2146.0,6,0,0,0,0,0,1,0,0,,0,0,0.0,21,6,1,1,,9,40 01:52.420,,99,75 08:44.761,3,0,0,0,67301,0,0,0,N,0,0,0,3,67301,0,,1,1,,N,N,N,0,,1,0,0,9,9,,2126,1,2,0,0,0,0,1,3,4,0,2,4,4.0,N,,,,,,,,,,,
2020076583,423.0,2,0,0,0,0,0,0,0,0,1,0,,67,9,2020,1,39.9672,-75.1334,414.0,6,0,0,0,0,0,0,0,0,,0,0,0.0,4,3,0,0,N,2,39 58:02.311,2.0,0,75 07:59.457,9,0,0,0,67301,0,0,0,N,0,0,0,2,68K01,0,,1,1,30.0,N,N,N,0,,0,0,0,0,0,N,412,0,2,0,0,0,0,1,3,4,0,2,3,4.0,N,,,,,,,,,,,
2020080714,1045.0,3,0,0,0,0,0,0,0,0,5,1,,67,9,2020,7,39.9461,-75.2108,1030.0,6,0,0,0,0,0,0,0,0,,0,1,0.0,9,1,0,0,N,2,39 56:45.800,2.0,0,75 12:38.880,9,0,0,0,67301,0,0,0,N,0,0,0,1,67301,0,,6,1,1230.0,N,N,N,0,,0,0,0,0,0,Y,945,0,5,0,0,0,0,1,3,4,1,5,3,3.0,N,,,,,,,,,,,
2020081878,523.0,1,0,0,0,0,0,0,0,0,4,0,,67,9,2020,2,40.0312,-75.1458,522.0,6,0,0,0,0,0,0,0,0,,0,0,0.0,5,6,2,1,,0,40 01:52.420,,0,75 08:44.761,8,0,0,0,67301,0,0,0,N,0,0,0,3,67301,0,,1,1,,N,N,N,0,,0,0,3,3,2,,520,2,4,0,0,1,2,0,3,4,0,4,3,,N,,,,,,,,,,,
2020079484,1325.0,1,0,0,0,0,0,0,0,0,4,0,,67,9,2020,7,40.0674,-75.1505,1323.0,6,0,0,0,0,0,0,0,0,,0,0,0.0,13,1,1,1,,0,40 04:02.557,,0,75 09:01.792,4,0,0,0,67301,0,0,0,N,0,0,0,2,67301,1,,1,1,,N,N,N,0,,0,0,1,3,3,,1320,1,2,0,0,1,0,1,3,4,0,2,4,7.0,N,,,,,,,,,,,