CRN,ARRIVAL_TM,AUTOMOBILE_COUNT,BELTED_DEATH_COUNT,BELTED_SUSP_SERIOUS_INJ_COUNT,BICYCLE_COUNT,BICYCLE_DEATH_COUNT,BICYCLE_SUSP_SERIOUS_INJ_COUNT,BUS_COUNT,CHLDPAS_DEATH_COUNT,CHLDPAS_SUSP_SERIOUS_INJ_COUNT,COLLISION_TYPE,COMM_VEH_COUNT,CONS_ZONE_SPD_LIM,COUNTY,CRASH_MONTH,CRASH_YEAR,DAY_OF_WEEK,DEC_LAT,DEC_LONG,DISPATCH_TM,DISTRICT,DRIVER_COUNT_16YR,DRIVER_COUNT_17YR,DRIVER_COUNT_18YR,DRIVER_COUNT_19YR,DRIVER_COUNT_20YR,DRIVER_COUNT_50_64YR,DRIVER_COUNT_65_74YR,DRIVER_COUNT_75PLUS,EST_HRS_CLOSED,FATAL_COUNT,HEAVY_TRUCK_COUNT,HORSE_BUGGY_COUNT,HOUR_OF_DAY,ILLUMINATION,INJURY_COUNT,INTERSECT_TYPE,INTERSECTION_RELATED,LANE_CLOSED,LATITUDE,LN_CLOSE_DIR,LOCATION_TYPE,LONGITUDE,MAX_SEVERITY_LEVEL,MCYCLE_DEATH_COUNT,MCYCLE_SUSP_SERIOUS_INJ_COUNT,MOTORCYCLE_COUNT,MUNICIPALITY,NONMOTR_COUNT,NONMOTR_DEATH_COUNT,NONMOTR_SUSP_SERIOUS_INJ_COUNT,NTFY_HIWY_MAINT,PED_COUNT,PED_DEATH_COUNT,PED_SUSP_SERIOUS_INJ_COUNT,PERSON_COUNT,POLICE_AGCY,POSSIBLE_INJ_COUNT,RDWY_SURF_TYPE_CD,RELATION_TO_ROAD,ROAD_CONDITION,ROADWAY_CLEARED,SCH_BUS_IND,SCH_ZONE_IND,SECONDARY_CRASH,SMALL_TRUCK_COUNT,SPEC_JURIS_CD,SUSP_MINOR_INJ_COUNT,SUSP_SERIOUS_INJ_COUNT,SUV_COUNT,TCD_FUNC_CD,TCD_TYPE,TFC_DETOUR_IND,TIME_OF_DAY,TOT_INJ_COUNT,TOTAL_UNITS,UNB_DEATH_COUNT,UNB_SUSP_SERIOUS_INJ_COUNT,UNBELTED_OCC_COUNT,UNK_INJ_DEG_COUNT,UNK_INJ_PER_COUNT,URBAN_AREA,URBAN_RURAL,VAN_COUNT,VEHICLE_COUNT,WEATHER1,WEATHER2,WORK_ZONE_IND,WORK_ZONE_LOC,WORK_ZONE_TYPE,WORKERS_PRES,WZ_CLOSE_DETOUR,WZ_FLAGGER,WZ_LAW_OFFCR_IND,WZ_LN_CLOSURE,WZ_MOVING,WZ_OTHER,WZ_SHLDER_MDN,WZ_WORKERS_INJ_KILLED
2020081351,425.0,1,0,0,0,0,0,0,0,0,4,0,,67,9,2020,7,40.0021,-75.1032,423.0,6,0,0,0,0,0,0,0,0,,0,0,0.0,2,3,1,2,,0,40 00:07.683,,1,75 06:11.546,3,0,0,0,67301,0,0,0,N,0,0,0,2,67301,0,,1,1,,N,N,N,0,,1,0,0,0,0,,240,1,2,0,0,0,0,0,3,4,1,2,3,3.0,N,,,,,,,,,,,
2020083254,620.0,1,0,0,0,0,0,0,0,0,7,0,,67,9,2020,1,39.9477,-75.1874,615.0,6,0,0,0,0,0,0,0,0,,0,0,0.0,6,3,0,0,N,1,39 56:51.884,3.0,0,75 11:14.738,0,0,0,0,67301,0,0,0,N,0,0,0,2,68K01,0,,2,9,654.0,N,N,N,0,,0,0,0,0,0,N,606,0,2,0,0,0,0,0,3,4,0,1,3,,N,,,,,,,,,,,
2020094821,725.0,0,0,0,0,0,0,0,0,0,7,0,,67,11,2020,1,39.9545,-75.1561,718.0,6,0,0,0,0,0,0,0,0,,0,0,0.0,7,1,1,1,N,2,39 57:16.126,3.0,0,75 09:21.908,2,0,0,0,67301,0,0,0,N,0,0,0,2,67301,0,,4,1,100.0,N,N,N,0,,0,1,1,0,0,Y,700,1,1,0,1,2,0,0,3,4,0,1,4,4.0,N,,,,,,,,,,,
2020070147,2231.0,1,0,0,0,0,0,0,0,0,8,0,,67,8,2020,4,39.9719,-75.2449,2230.0,6,0,0,0,0,0,0,0,0,,0,0,0.0,22,3,1,1,,0,39 58:18.695,,0,75 14:41.643,2,0,0,0,67301,1,0,1,N,1,0,1,2,67301,0,,1,1,,N,N,N,0,,0,1,0,3,2,,2220,1,2,0,0,0,0,0,3,4,0,1,3,3.0,N,,,,,,,,,,,
2020069931,315.0,2,0,0,0,0,0,0,0,0,4,0,,67,8,2020,5,39.9216,-75.2427,310.0,6,0,0,0,0,0,1,0,0,,0,0,0.0,3,3,1,1,,0,39 55:17.939,,0,75 14:33.701,3,0,0,0,67301,0,0,0,N,0,0,0,2,67301,0,,1,1,,N,N,N,0,,1,0,0,3,2,,305,1,2,0,0,0,0,1,3,4,0,2,3,3.0,N,,,,,,,,,,,
2020068650,1144.0,1,0,0,0,0,0,0,0,0,8,0,,67,8,2020,1,40.0146,-75.1567,1142.0,6,0,0,0,0,0,0,0,0,,0,0,0.0,11,1,1,1,,1,40 00:52.463,1.0,0,75 09:23.952,3,0,0,0,67301,1,0,0,N,1,0,0,2,67301,0,,1,1,1215.0,N,N,N,0,,1,0,0,3,2,N,1140,1,2,0,0,0,0,0,3,4,0,1,3,,N,,,,,,,,,,,
2020069934,1405.0,1,0,0,1,0,0,0,0,0,4,0,,67,8,2020,5,39.9455,-75.2204,1400.0,6,0,0,0,0,0,0,0,0,,0,0,0.0,14,1,1,1,,0,39 56:43.724,,0,75 13:13.472,4,0,0,0,67301,1,0,0,N,0,0,0,2,67301,1,,1,1,,N,N,N,0,,0,0,0,3,3,,1400,1,2,0,0,1,0,0,3,4,0,1,3,3.0,N,,,,,,,,,,,
2020068238,1600.0,1,0,0,0,0,0,0,0,0,5,0,,67,8,2020,1,40.0987,-74.986,1550.0,6,0,0,0,0,0,0,0,0,,0,0,0.0,14,1,0,0,N,0,40 05:55.467,,0,74 59:09.731,0,0,0,0,67301,0,0,0,N,0,0,0,3,67301,0,,1,9,,N,N,Y,0,,0,0,1,0,0,,1415,0,2,0,0,0,0,0,3,4,0,2,7,7.0,N,,,,,,,,,,,
2020069260,1550.0,0,0,0,0,0,0,0,0,0,7,0,,67,8,2020,2,39.9578,-75.1642,1540.0,6,0,0,0,0,0,0,0,0,,0,0,0.0,13,1,1,2,,0,39 57:27.700,,2,75 09:51.140,8,0,0,0,67301,0,0,0,N,0,0,0,1,67301,0,,4,1,,N,N,N,0,,0,0,1,3,2,,1350,1,1,0,0,0,1,0,3,4,0,1,3,3.0,N,,,,,,,,,,,
2020069025,1640.0,2,0,0,0,0,0,0,0,0,4,0,,67,8,2020,2,39.9595,-75.2332,1633.0,6,0,0,0,0,0,0,0,0,,0,0,0.0,16,1,2,1,,1,39 57:34.098,3.0,0,75 13:59.431,3,0,0,0,67301,1,0,0,N,1,0,0,3,67301,0,,1,1,1930.0,N,N,N,0,,2,0,0,3,2,N,1625,2,3,0,0,1,0,0,3,4,0,2,3,3.0,N,,,,,,,,,,,
2020067101,848.0,2,0,0,0,0,0,0,0,0,1,0,,67,8,2020,4,39.9971,-75.0738,838.0,6,0,0,0,0,0,0,0,0,,0,0,0.0,8,1,1,0,N,0,39 59:49.300,,0,75 04:26.516,8,0,0,0,67301,0,0,0,N,0,0,0,1,67301,0,,6,1,,N,N,Y,0,,0,0,1,0,0,,830,1,3,0,0,0,1,0,3,4,0,3,4,3.0,N,,,,,,,,,,,
2020070942,1900.0,2,0,0,0,0,0,0,0,0,4,0,,67,8,2020,2,40.0243,-75.1304,1900.0,6,0,0,0,0,0,0,0,0,,0,0,0.0,18,1,0,1,,0,40 01:27.386,,0,75 07:49.479,0,0,0,0,67301,0,0,0,N,0,0,0,2,67301,0,,1,1,,N,N,N,0,,0,0,0,3,2,,1830,0,2,0,0,0,0,0,3,4,0,2,3,3.0,N,,,,,,,,,,,
2020067638,1615.0,1,0,0,0,0,0,0,0,0,6,0,,67,8,2020,6,39.9201,-75.1706,1606.0,6,0,0,0,0,0,1,0,0,,0,0,0.0,16,1,1,0,N,0,39 55:12.272,,0,75 10:13.986,3,0,0,0,67301,0,0,0,N,0,0,0,1,67301,0,,3,1,,N,N,N,0,,1,0,1,0,0,,1605,1,2,0,0,0,0,0,3,4,0,2,3,3.0,N,,,,,,,,,,,
2020074581,1518.0,1,0,0,0,0,0,0,0,0,4,0,,67,8,2020,1,39.9738,-75.2064,1518.0,6,0,0,0,0,0,0,0,0,,0,0,0.0,15,1,3,1,,0,39 58:25.797,,0,75 12:23.198,4,0,0,0,67301,0,0,0,N,0,0,0,4,67301,3,,1,1,,N,N,N,0,,0,0,0,3,2,,1517,3,2,0,0,0,0,0,3,4,1,2,3,3.0,N,,,,,,,,,,,
2020068793,1907.0,1,0,0,0,0,0,0,0,0,4,0,,67,8,2020,2,40.0026,-75.0819,1851.0,6,0,0,0,0,0,0,0,0,,0,0,0.0,18,1,1,0,N,0,40 00:09.300,,7,75 04:54.900,3,0,0,1,67301,0,0,0,N,0,0,0,2,67301,0,,1,1,,N,N,N,0,,1,0,0,0,0,,1850,1,2,0,0,0,0,0,3,4,0,2,3,,N,,,,,,,,,,,
2020071976,1620.0,2,0,0,0,0,0,0,0,0,4,0,,67,8,2020,6,40.0471,-75.1429,1617.0,6,0,0,0,0,0,1,0,0,,0,0,0.0,15,1,1,0,N,0,40 02:49.408,,7,75 08:34.351,3,0,0,0,67301,0,0,0,N,0,0,0,3,67301,0,,1,1,,N,N,N,0,,1,0,1,0,0,,1550,1,3,0,0,0,0,0,3,4,0,3,3,3.0,N,,,,,,,,,,,
2020069028,9.0,2,0,0,0,0,0,0,0,0,5,0,,67,8,2020,4,40.0316,-75.145,8.0,6,0,0,0,0,1,0,0,0,,0,0,0.0,0,3,0,0,N,0,40 01:53.870,,0,75 08:42.010,0,0,0,0,67301,0,0,0,N,0,0,0,3,67301,0,,6,1,,N,N,N,0,,0,0,2,0,0,,0,0,4,0,0,0,0,0,3,4,0,4,3,,N,,,,,,,,,,,
2020068569,536.0,1,0,0,0,0,0,0,0,0,7,0,,67,8,2020,2,39.922,-75.1905,534.0,6,0,0,0,0,0,0,0,0,,0,0,0.0,5,3,0,0,N,1,39 55:19.211,3.0,0,75 11:25.964,0,0,0,0,67301,0,0,0,N,0,0,0,1,67301,0,,4,1,600.0,N,N,N,0,,0,0,0,0,0,N,500,0,1,0,0,0,0,0,3,4,0,1,3,3.0,N,,,,,,,,,,,
2020069953,2010.0,0,0,0,0,0,0,0,0,0,7,0,,67,8,2020,5,39.9859,-75.1403,2005.0,6,0,0,0,0,0,1,0,0,,0,0,0.0,17,1,1,0,N,0,39 59:09.073,,0,75 08:24.965,3,0,0,0,67301,0,0,0,N,0,0,0,1,67301,0,,5,1,,N,N,N,0,,1,0,1,0,0,,1759,1,1,0,0,0,0,0,3,4,0,1,3,3.0,N,,,,,,,,,,,
2020080639,20.0,1,0,0,0,0,0,0,0,0,5,0,,67,9,2020,2,40.0444,-75.1707,15.0,6,0,0,0,0,0,0,0,0,,0,0,0.0,23,3,0,0,N,0,40 02:40.000,,0,75 10:14.400,0,0,0,0,67301,1,0,0,N,0,0,0,2,67301,0,,6,9,,N,N,N,0,,0,0,1,0,0,,2355,0,2,0,0,0,0,0,3,4,0,2,7,,N,,,,,,,,,,,
2020083250,2119.0,1,0,0,0,0,0,0,0,0,7,0,,67,9,2020,7,39.9593,-75.1742,2113.0,6,0,0,0,1,0,0,0,0,,0,0,0.0,21,3,2,0,N,1,39 57:33.465,3.0,0,75 10:27.171,3,0,0,0,67301,0,0,0,N,0,0,0,4,68K01,0,,4,1,2118.0,N,N,N,0,,2,0,0,0,0,N,2112,2,1,0,0,0,0,0,3,4,0,1,3,,N,,,,,,,,,,,
2020079246,809.0,3,0,0,0,0,0,0,0,0,5,0,,67,9,2020,7,39.9833,-75.1602,807.0,6,0,0,0,0,0,0,0,1,,0,0,0.0,8,1,0,0,N,1,39 58:59.900,4.0,0,75 09:36.800,0,0,0,0,67301,0,0,0,N,0,0,0,1,67301,0,,6,9,851.0,N,N,N,0,,0,0,2,0,0,N,805,0,5,0,0,0,0,0,3,4,0,5,7,,N,,,,,,,,,,,
2020079434,33.0,2,0,0,0,0,0,0,0,0,6,0,,67,9,2020,7,40.0368,-75.1334,25.0,6,0,0,0,0,0,0,0,0,,0,0,0.0,0,3,0,0,N,2,40 02:12.516,1.0,0,75 08:00.327,0,0,0,0,67301,0,0,0,N,0,0,0,4,67301,0,,1,1,213.0,N,N,N,0,,0,0,2,0,0,Y,20,0,4,0,0,0,0,0,3,4,0,4,3,3.0,N,,,,,,,,,,,
2020080527,2127.0,0,0,0,0,0,0,0,0,0,8,1,,67,9,2020,1,40.0238,-75.1239,2127.0,6,0,0,0,0,0,0,0,0,,0,1,0.0,21,3,1,5,,2,40 01:25.766,5.0,0,75 07:25.892,2,0,0,0,67301,1,0,1,N,1,0,1,2,67301,0,,1,9,2300.0,N,N,N,0,,0,1,0,3,2,Y,2125,1,2,0,0,0,0,0,3,4,0,1,7,,N,,,,,,,,,,,
2020101152,1550.0,3,0,0,0,0,0,0,0,0,1,0,,67,11,2020,6,40.0327,-75.021,1525.0,6,0,0,0,0,0,0,0,0,,0,0,0.0,15,1,1,0,N,1,40 01:57.642,2.0,0,75 01:15.649,3,0,0,0,67301,0,0,0,N,0,0,0,3,68K01,0,,1,1,1722.0,N,N,N,0,,1,0,0,0,0,N,1516,1,3,0,0,0,0,0,3,4,0,3,3,,N,,,,,,,,,,,
2020079778,2035.0,1,0,0,0,0,0,0,0,0,4,0,,67,9,2020,1,40.0818,-75.1792,2030.0,6,0,0,0,0,0,0,1,0,,0,0,0.0,20,3,1,2,,2,40 04:54.656,7.0,0,75 10:45.116,8,0,0,0,67301,0,0,0,N,0,0,0,4,67301,0,,1,1,100.0,N,N,N,0,,0,0,0,3,3,Y,2027,1,2,0,0,0,1,1,3,4,1,2,3,4.0,N,,,,,,,,,,,
2020070332,2215.0,2,0,0,0,0,0,0,0,0,1,0,,67,8,2020,1,40.0331,-75.1459,2210.0,6,0,0,0,0,0,0,0,0,,0,0,0.0,22,3,1,0,N,1,40 01:59.214,1.0,0,75 08:45.317,8,0,0,0,67301,0,0,0,N,0,0,0,2,67301,0,,1,9,2301.0,N,N,N,0,,0,0,0,0,0,N,2200,1,2,0,0,0,1,1,3,4,0,2,7,4.0,N,,,,,,,,,,,
2020087332,1320.0,1,0,0,0,0,0,0,0,0,4,0,,67,10,2020,6,39.921,-75.1732,1315.0,6,0,0,0,0,0,1,0,0,,0,0,0.0,12,1,0,1,,0,39 55:15.671,,0,75 10:23.671,0,0,0,0,67301,0,0,0,N,0,0,0,2,67301,0,,1,9,,N,N,N,1,,0,0,0,3,3,,1215,0,2,0,0,0,0,0,3,4,0,2,7,,N,,,,,,,,,,,
2020068791,1106.0,0,0,0,0,0,0,0,0,0,7,0,,67,8,2020,2,40.0289,-75.0585,1102.0,6,0,0,0,0,0,0,0,0,,0,0,0.0,11,1,1,0,N,0,40 01:44.008,,0,75 03:30.600,3,0,0,0,67301,0,0,0,N,0,0,0,1,67301,0,,4,1,,N,N,N,0,,1,0,1,0,0,,1100,1,2,0,0,0,0,0,3,4,0,1,3,,N,,,,,,,,,,,
2020068237,920.0,2,0,0,0,0,0,0,0,0,2,0,,67,8,2020,7,40.0758,-74.9985,920.0,6,0,0,0,0,0,0,0,1,,0,0,0.0,9,1,1,0,N,0,40 04:32.880,,0,74 59:54.750,3,0,0,0,67301,0,0,0,N,0,0,0,1,67301,0,,6,1,,N,N,N,0,,1,0,0,0,0,,911,1,2,0,0,0,0,0,3,4,0,2,3,3.0,N,,,,,,,,,,,
2020083337,1400.0,1,0,0,0,0,0,0,0,0,4,0,,67,8,2020,5,39.9659,-75.2068,1400.0,6,0,0,0,0,0,0,0,0,,0,0,0.0,14,1,1,1,,0,39 57:57.368,,0,75 12:24.551,8,0,0,1,67301,0,0,0,N,0,0,0,2,67301,0,,1,1,,N,N,N,0,,0,0,0,3,3,,1400,1,2,0,0,0,1,0,3,4,0,2,3,,N,,,,,,,,,,,
2020067896,2307.0,2,0,0,0,0,0,0,0,0,1,0,,67,8,2020,6,40.0194,-75.1604,2307.0,6,0,0,0,0,1,0,0,0,,0,0,0.0,23,3,0,0,N,0,40 01:09.800,,0,75 09:37.400,0,0,0,0,67301,0,0,0,N,0,0,0,3,67301,0,,1,1,,N,N,N,0,,0,0,0,0,0,,2300,0,2,0,0,2,0,0,3,4,0,2,3,3.0,N,,,,,,,,,,,
2020068232,18.0,1,0,0,0,0,0,0,0,0,7,0,,67,8,2020,2,40.0615,-75.0834,14.0,6,0,0,0,0,0,0,0,0,,0,0,0.0,0,3,0,0,N,0,40 03:41.245,,0,75 05:00.387,0,0,0,0,67301,0,0,0,N,0,0,0,1,67301,0,,4,1,,N,N,N,0,,0,0,0,0,0,,13,0,1,0,0,0,0,0,3,4,0,1,3,3.0,N,,,,,,,,,,,
2020068539,2000.0,0,0,0,0,0,0,0,0,0,4,0,,67,8,2020,1,39.9267,-75.188,1956.0,6,0,0,0,0,1,0,1,0,,0,0,0.0,19,3,3,1,,0,39 55:36.191,,1,75 11:16.447,3,0,0,0,67301,0,0,0,N,0,0,0,3,67301,0,,1,9,,N,N,N,0,,3,0,1,3,3,,1955,3,2,0,0,0,0,0,3,4,1,2,7,7.0,N,,,,,,,,,,,
2020066456,927.0,2,0,0,0,0,0,0,0,0,4,0,,67,8,2020,2,39.9852,-75.1478,926.0,6,0,0,0,0,0,0,0,0,,0,0,0.0,9,1,0,1,,0,39 59:06.738,,0,75 08:51.936,0,0,0,0,67301,0,0,0,N,0,0,0,2,67301,0,,1,1,,N,N,N,0,,0,0,0,3,3,,925,0,3,0,0,1,0,0,3,4,1,3,3,3.0,N,,,,,,,,,,,
2020067406,1500.0,1,0,0,1,0,1,0,0,0,4,0,,67,8,2020,2,40.0238,-75.1239,1457.0,6,0,0,0,0,0,0,0,0,,0,0,0.0,14,1,1,5,,0,40 01:25.766,,0,75 07:25.892,2,0,0,0,67301,1,0,1,N,0,0,0,2,67301,0,,1,1,,N,N,N,0,,0,1,0,3,2,,1402,1,2,0,0,0,0,0,3,4,0,1,3,3.0,N,,,,,,,,,,,
2020112540,1420.0,0,0,0,0,0,0,0,0,0,8,0,,67,12,2020,7,39.9268,-75.179,1420.0,6,0,0,0,0,0,0,0,1,,0,0,0.0,17,4,1,1,,0,39 55:36.577,,0,75 10:44.284,8,0,0,0,67301,1,0,0,N,1,0,0,2,67301,0,,1,1,,N,N,N,0,,0,0,1,3,3,,1715,1,2,0,0,0,1,0,3,4,0,1,3,,N,,,,,,,,,,,
2020069924,1546.0,0,0,0,1,0,0,0,0,0,4,0,,67,8,2020,2,39.925,-75.2263,1546.0,6,0,0,0,0,0,1,0,0,,0,0,0.0,15,1,1,1,,0,39 55:30.139,,0,75 13:34.685,3,0,0,0,67301,1,0,0,N,0,0,0,3,67301,0,,1,1,,N,N,N,1,,1,0,0,3,2,,1545,1,2,0,0,0,0,0,3,4,0,1,3,,N,,,,,,,,,,,
2020067021,1010.0,0,0,0,1,0,0,0,0,0,4,0,,67,8,2020,3,39.9989,-75.1052,1010.0,6,0,0,0,0,0,0,0,0,,0,0,0.0,10,1,1,1,,0,39 59:55.880,,0,75 06:18.695,8,0,0,0,67301,1,0,0,N,0,0,0,2,67301,0,,1,1,,N,N,N,0,,0,0,1,3,2,,1005,1,2,0,0,0,1,0,3,4,0,1,3,3.0,N,,,,,,,,,,,
2020068189,1328.0,2,0,0,0,0,0,0,0,0,1,0,,67,8,2020,4,39.9068,-75.1388,1320.0,6,0,0,0,0,0,1,2,0,,0,0,0.0,13,1,0,0,N,1,39 54:24.500,3.0,3,75 08:19.600,0,0,0,0,67301,0,0,0,N,0,0,0,4,67501,0,,1,1,1350.0,N,N,N,0,,0,0,1,0,0,N,1315,0,3,0,0,0,0,0,3,4,0,3,3,3.0,N,,,,,,,,,,,
2020066878,1925.0,2,0,0,0,0,0,0,0,0,4,0,,67,8,2020,1,39.9579,-75.1641,1917.0,6,0,0,0,0,0,1,0,0,,0,0,0.0,19,1,2,5,,0,39 57:28.566,,8,75 09:50.918,3,0,0,0,67301,0,0,0,N,0,0,0,3,67301,0,,1,1,,N,N,N,0,,2,0,0,3,2,,1915,2,2,0,0,3,0,0,3,4,0,2,3,3.0,N,,,,,,,,,,,
2020067641,1159.0,0,0,0,0,0,0,0,0,0,4,0,,67,8,2020,3,39.9753,-75.121,1155.0,6,0,0,0,1,0,0,0,0,,0,0,0.0,11,1,2,1,,0,39 58:31.081,,0,75 07:16.303,3,0,0,1,67301,0,0,0,N,0,0,0,3,67301,0,,1,1,,N,N,N,1,,2,0,0,3,2,,1145,2,2,0,0,0,0,0,3,4,0,2,3,,N,,,,,,,,,,,
2020083133,1932.0,0,0,0,1,0,0,0,0,0,4,0,,67,10,2020,1,39.9332,-75.151,1907.0,6,0,0,0,0,0,0,0,0,,0,0,0.0,19,3,1,1,,0,39 55:59.592,,0,75 09:03.769,3,0,0,0,67301,1,0,0,N,0,0,0,2,67301,0,,1,1,,N,N,N,0,,1,0,0,3,3,,1900,1,2,0,0,0,0,0,3,4,0,1,3,3.0,N,,,,,,,,,,,
2020081546,1315.0,3,0,0,0,0,0,0,0,0,4,0,,67,10,2020,5,39.9337,-75.1737,1310.0,6,0,0,0,0,0,0,0,0,,0,0,0.0,13,1,1,1,,0,39 56:01.230,,0,75 10:25.210,8,0,0,0,67301,0,0,0,N,0,0,0,2,67301,0,,1,1,,N,N,N,0,,0,0,1,3,3,,1305,1,4,0,0,0,1,1,3,4,0,4,3,3.0,N,,,,,,,,,,,
2020093434,1418.0,1,0,0,0,0,0,0,0,0,4,0,,67,11,2020,3,40.0447,-75.0263,1418.0,6,0,0,0,0,0,2,0,0,,0,0,0.0,14,1,0,1,,0,40 02:40.815,,0,75 01:34.766,9,0,0,0,67301,0,0,0,N,0,0,0,2,67301,0,,1,1,,N,N,N,0,,0,0,1,3,3,,1400,0,2,0,0,0,0,1,3,4,0,2,3,3.0,N,,,,,,,,,,,
2020079248,1508.0,2,0,0,0,0,0,0,0,0,4,0,,67,9,2020,6,39.9724,-75.1626,1508.0,6,0,1,0,0,0,0,0,0,,0,0,0.0,15,1,0,1,,2,39 58:20.801,1.0,0,75 09:45.298,0,0,0,0,67301,0,0,0,N,0,0,0,2,67301,0,,1,1,1510.0,N,N,N,0,,0,0,1,3,3,Y,1508,0,3,0,0,2,0,0,3,4,0,3,3,3.0,N,,,,,,,,,,,
2020113568,,0,0,0,0,0,0,0,0,0,4,0,,67,3,2020,6,40.0283,-75.1201,,6,0,0,1,0,0,1,0,0,,0,0,0.0,16,1,0,1,,0,40 01:41.801,,0,75 07:12.241,0,0,0,0,67301,0,0,0,N,0,0,0,4,00000,0,,1,1,,,,N,0,,0,0,1,3,2,,1600,0,2,0,0,0,0,0,3,4,1,2,3,,N,,,,,,,,,,,
2020112996,,1,0,0,0,0,0,0,0,0,7,0,,67,1,2020,6,39.8914,-75.199,,6,0,0,0,0,0,0,0,0,,0,0,0.0,14,1,1,0,N,0,39 53:33.950,,3,75 11:49.711,8,0,0,0,67301,0,0,0,N,0,0,0,1,00000,0,,3,1,,,,N,0,,0,0,0,0,0,,1445,1,1,0,0,0,1,0,3,4,0,1,3,,N,,,,,,,,,,,
2020067838,1006.0,1,0,0,0,0,0,0,0,0,2,0,,67,8,2020,1,40.0198,-75.1102,1006.0,6,0,0,0,0,0,0,0,0,,0,0,0.0,9,5,0,0,N,0,40 01:11.210,,0,75 06:36.670,0,0,0,0,67301,0,0,0,N,0,0,0,1,67301,0,,6,9,,N,N,N,0,,0,0,0,0,0,,958,0,2,0,0,0,0,0,3,4,0,2,7,,N,,,,,,,,,,,
2020069344,1455.0,2,0,0,0,0,0,0,0,0,1,0,,67,8,2020,4,39.9424,-75.1432,1455.0,6,0,0,0,0,0,0,0,1,,0,0,0.0,14,1,0,0,N,0,39 56:32.555,,0,75 08:35.695,0,0,0,0,67301,0,0,0,N,0,0,0,2,68K01,0,,1,1,,N,N,N,0,,0,0,0,0,0,,1455,0,2,0,0,0,0,0,3,4,0,2,3,3.0,N,,,,,,,,,,,
2020067024,1740.0,3,0,0,0,0,0,0,0,0,4,0,,67,8,2020,2,39.9883,-75.1355,1740.0,6,0,0,0,1,0,0,0,0,,0,0,0.0,16,1,1,1,,0,39 59:17.962,,0,75 08:07.915,2,0,0,0,67301,1,0,1,N,1,0,1,3,67301,0,,1,1,,N,N,N,0,,0,1,0,3,2,,1658,1,5,0,0,0,0,1,3,4,1,4,3,3.0,N,,,,,,,,,,,
2020066073,320.0,0,0,0,0,0,0,0,0,0,7,0,,67,8,2020,2,39.9811,-75.1503,308.0,6,0,0,0,0,0,0,0,0,,0,0,0.0,3,3,0,0,N,0,39 58:52.000,,0,75 09:01.000,0,0,0,0,67301,0,0,0,N,0,0,0,2,67505,0,,4,1,,N,N,N,1,,0,0,2,0,0,,308,0,3,0,0,2,0,0,3,4,0,3,3,3.0,N,,,,,,,,,,,
2020085038,1904.0,1,0,0,0,0,0,0,0,0,8,0,,67,9,2020,4,39.9198,-75.1885,1901.0,6,0,0,0,0,0,0,0,0,,0,0,0.0,18,1,1,2,,0,39 55:11.200,,0,75 11:18.500,3,0,0,0,67301,1,0,0,N,1,0,0,2,67301,0,,1,1,,N,N,N,0,,1,0,0,3,2,,1823,1,2,0,0,0,0,0,3,4,0,1,3,3.0,N,,,,,,,,,,,
2020083915,1349.0,1,0,0,0,0,0,0,0,0,5,0,,67,10,2020,1,40.0158,-75.1174,1349.0,6,0,0,0,0,0,0,0,0,,0,0,0.0,13,1,0,0,N,0,40 00:56.488,,0,75 07:02.773,0,0,0,0,67301,0,0,0,N,0,0,0,1,67301,0,,6,1,,N,N,N,0,,0,0,0,0,0,,1326,0,2,0,0,0,0,0,3,4,0,2,3,3.0,N,,,,,,,,,,,
2020082030,1325.0,0,0,0,0,0,0,0,0,0,4,0,,67,10,2020,5,40.0133,-75.07,1312.0,6,0,0,0,0,0,2,0,0,,0,0,0.0,13,1,1,2,,0,40 00:47.788,,0,75 04:11.938,3,0,0,1,67301,0,0,0,N,0,0,0,2,67301,0,,1,1,,N,N,N,0,,1,0,1,0,0,,1310,1,2,0,0,0,0,0,3,4,0,2,3,3.0,N,,,,,,,,,,,
2020081931,53.0,2,0,0,0,0,0,0,0,0,6,0,,67,10,2020,7,39.9907,-75.1659,49.0,6,0,0,0,0,0,0,0,0,,0,0,0.0,0,3,0,0,N,2,39 59:26.500,4.0,0,75 09:57.300,0,0,0,0,67301,0,0,0,N,0,0,0,1,67301,0,,6,1,145.0,N,N,N,0,,0,0,0,0,0,Y,31,0,3,0,0,0,0,0,3,4,1,3,3,3.0,N,,,,,,,,,,,
2020082330,1845.0,0,0,0,1,0,0,0,0,0,5,0,,67,10,2020,7,39.9467,-75.161,1841.0,6,0,0,0,0,0,0,0,1,,0,0,0.0,18,3,1,0,Y,0,39 56:47.950,,0,75 09:39.680,3,0,0,0,67301,1,0,0,N,0,0,0,2,67301,0,,1,1,,N,N,N,1,,1,0,0,3,2,,1835,1,2,0,0,1,0,0,3,4,0,1,3,3.0,N,,,,,,,,,,,
2020083270,218.0,0,0,0,0,0,0,0,0,0,7,0,45.0,67,9,2020,4,40.0111,-75.0614,211.0,6,0,0,0,0,0,1,0,0,,0,0,0.0,2,3,1,0,N,2,40 00:40.026,1.0,0,75 03:41.077,8,0,0,0,67301,0,0,0,N,0,0,0,1,68K01,0,,4,9,240.0,N,N,N,0,,0,0,1,0,0,N,208,1,1,0,0,0,1,0,3,4,0,1,7,7.0,Y,4.0,1.0,N,,,N,,,,Y,N