CRN,ARRIVAL_TM,AUTOMOBILE_COUNT,BELTED_DEATH_COUNT,BELTED_SUSP_SERIOUS_INJ_COUNT,BICYCLE_COUNT,BICYCLE_DEATH_COUNT,BICYCLE_SUSP_SERIOUS_INJ_COUNT,BUS_COUNT,CHLDPAS_DEATH_COUNT,CHLDPAS_SUSP_SERIOUS_INJ_COUNT,COLLISION_TYPE,COMM_VEH_COUNT,CONS_ZONE_SPD_LIM,COUNTY,CRASH_MONTH,CRASH_YEAR,DAY_OF_WEEK,DEC_LAT,DEC_LONG,DISPATCH_TM,DISTRICT,DRIVER_COUNT_16YR,DRIVER_COUNT_17YR,DRIVER_COUNT_18YR,DRIVER_COUNT_19YR,DRIVER_COUNT_20YR,DRIVER_COUNT_50_64YR,DRIVER_COUNT_65_74YR,DRIVER_COUNT_75PLUS,EST_HRS_CLOSED,FATAL_COUNT,HEAVY_TRUCK_COUNT,HORSE_BUGGY_COUNT,HOUR_OF_DAY,ILLUMINATION,INJURY_COUNT,INTERSECT_TYPE,INTERSECTION_RELATED,LANE_CLOSED,LATITUDE,LN_CLOSE_DIR,LOCATION_TYPE,LONGITUDE,MAX_SEVERITY_LEVEL,MCYCLE_DEATH_COUNT,MCYCLE_SUSP_SERIOUS_INJ_COUNT,MOTORCYCLE_COUNT,MUNICIPALITY,NONMOTR_COUNT,NONMOTR_DEATH_COUNT,NONMOTR_SUSP_SERIOUS_INJ_COUNT,NTFY_HIWY_MAINT,PED_COUNT,PED_DEATH_COUNT,PED_SUSP_SERIOUS_INJ_COUNT,PERSON_COUNT,POLICE_AGCY,POSSIBLE_INJ_COUNT,RDWY_SURF_TYPE_CD,RELATION_TO_ROAD,ROAD_CONDITION,ROADWAY_CLEARED,SCH_BUS_IND,SCH_ZONE_IND,SECONDARY_CRASH,SMALL_TRUCK_COUNT,SPEC_JURIS_CD,SUSP_MINOR_INJ_COUNT,SUSP_SERIOUS_INJ_COUNT,SUV_COUNT,TCD_FUNC_CD,TCD_TYPE,TFC_DETOUR_IND,TIME_OF_DAY,TOT_INJ_COUNT,TOTAL_UNITS,UNB_DEATH_COUNT,UNB_SUSP_SERIOUS_INJ_COUNT,UNBELTED_OCC_COUNT,UNK_INJ_DEG_COUNT,UNK_INJ_PER_COUNT,URBAN_AREA,URBAN_RURAL,VAN_COUNT,VEHICLE_COUNT,WEATHER1,WEATHER2,WORK_ZONE_IND,WORK_ZONE_LOC,WORK_ZONE_TYPE,WORKERS_PRES,WZ_CLOSE_DETOUR,WZ_FLAGGER,WZ_LAW_OFFCR_IND,WZ_LN_CLOSURE,WZ_MOVING,WZ_OTHER,WZ_SHLDER_MDN,WZ_WORKERS_INJ_KILLED
2020066881,1642.0,0,0,0,0,0,0,0,0,0,4,0,,67,8,2020,3,39.9587,-75.1621,1641.0,6,0,0,0,0,0,0,0,0,,0,0,0.0,16,1,1,1,,0,39 57:31.795,,0,75 09:44.035,3,0,0,0,67301,0,0,0,N,0,0,0,2,67301,0,,1,1,,N,N,N,0,,1,0,1,0,0,,1638,1,2,0,0,0,0,0,3,4,1,2,3,3.0,N,,,,,,,,,,,
2020070133,1732.0,0,0,0,0,0,0,0,0,0,8,0,,67,8,2020,6,39.941,-75.144,1725.0,6,0,0,0,0,0,1,0,0,,0,0,0.0,16,1,1,2,,1,39 56:27.488,1.0,0,75 08:38.576,3,0,0,0,67301,1,0,0,N,1,0,0,2,67301,0,,1,1,1658.0,N,N,N,0,,1,0,1,3,3,N,1653,1,2,0,0,0,0,0,3,4,0,1,3,3.0,N,,,,,,,,,,,
2020067527,1335.0,0,0,0,0,0,0,0,0,0,4,0,,67,8,2020,4,39.9431,-75.2153,1327.0,6,0,0,0,0,0,0,1,0,,0,0,0.0,13,1,1,1,,0,39 56:35.185,,0,75 12:55.029,3,0,0,0,67301,0,0,0,N,0,0,0,2,67301,0,,1,9,,N,N,N,0,,1,0,2,3,2,,1324,1,2,0,0,0,0,0,3,4,0,2,7,7.0,N,,,,,,,,,,,
2020069917,50.0,1,0,0,0,0,0,0,0,0,4,0,,67,8,2020,7,39.9183,-75.209,44.0,6,0,0,0,0,1,0,0,0,,0,0,0.0,0,3,1,2,,0,39 55:05.953,,0,75 12:31.983,2,0,0,0,67301,0,0,0,N,0,0,0,3,67301,0,,1,1,,N,N,N,0,,0,1,2,3,2,,35,1,3,0,0,0,0,0,3,4,0,3,3,3.0,N,,,,,,,,,,,
2020081879,1351.0,0,0,0,0,0,0,0,0,0,8,0,,67,10,2020,7,40.0315,-75.1174,1351.0,6,0,0,0,0,0,0,0,1,,0,0,0.0,13,1,1,0,N,0,40 01:53.400,,0,75 07:02.700,8,0,0,0,67301,1,0,0,N,1,0,0,2,67301,0,,1,1,,N,N,N,0,,0,0,0,0,0,,1325,1,2,0,0,0,1,0,3,4,1,1,3,,N,,,,,,,,,,,
2020081543,2347.0,1,0,0,0,0,0,0,0,0,5,0,,67,10,2020,5,40.0501,-75.1815,2340.0,6,0,0,0,0,0,0,0,0,,0,0,0.0,22,3,0,0,N,0,40 03:00.297,,0,75 10:53.549,0,0,0,0,67301,0,0,0,N,0,0,0,1,67301,0,,6,9,,N,N,N,0,,0,0,1,0,0,,2220,0,2,0,0,0,0,0,3,4,0,2,7,,N,,,,,,,,,,,
2020081858,20.0,2,0,0,0,0,0,0,0,0,4,0,,67,10,2020,6,39.9609,-75.245,10.0,6,0,0,0,0,0,0,0,0,,0,0,0.0,22,3,0,1,,0,39 57:39.347,,0,75 14:42.100,9,0,0,0,67301,0,0,0,N,0,0,0,2,67301,0,,1,1,,N,N,N,0,,0,0,0,3,1,,2250,0,2,0,0,1,0,1,3,4,0,2,3,3.0,N,,,,,,,,,,,
2020080868,2200.0,2,0,0,0,0,0,0,0,0,4,0,,67,9,2020,3,40.0401,-75.1222,2153.0,6,0,1,0,0,0,1,0,0,,0,0,0.0,21,3,0,2,,1,40 02:24.532,7.0,0,75 07:19.927,9,0,0,0,67301,0,0,0,N,0,0,0,3,67301,0,,1,9,2345.0,N,N,N,0,,0,0,1,3,3,Y,2146,0,3,0,0,0,0,3,3,4,0,3,7,,N,,,,,,,,,,,
2020099979,855.0,3,0,1,0,0,0,0,0,0,4,0,,67,9,2020,3,39.9672,-75.1686,853.0,6,0,0,0,0,0,0,0,0,,0,0,0.0,8,1,2,1,,0,39 58:01.984,,0,75 10:06.845,2,0,0,0,67301,0,0,0,N,0,0,0,5,67301,1,,1,1,,N,N,Y,0,,0,1,0,3,2,,853,2,3,0,0,0,0,2,3,4,0,3,4,,N,,,,,,,,,,,
2020081742,119.0,1,0,0,0,0,0,0,0,0,5,0,,67,10,2020,7,39.9345,-75.2262,109.0,6,0,0,0,0,0,0,0,0,,0,0,0.0,1,3,0,0,N,0,39 56:04.300,,0,75 13:34.400,0,0,0,0,67301,0,0,0,N,0,0,0,1,67301,0,,4,1,,N,N,N,0,,0,0,2,0,0,,107,0,3,0,0,0,0,0,3,4,0,3,3,3.0,N,,,,,,,,,,,
2020081776,1613.0,0,0,0,0,0,0,0,0,0,4,0,,67,10,2020,7,39.9893,-75.1555,1613.0,6,0,0,0,0,0,0,0,0,,0,0,0.0,16,1,1,1,,0,39 59:21.634,,0,75 09:19.704,4,0,0,0,67301,0,0,0,N,0,0,0,2,67505,1,,1,1,,N,N,N,0,,0,0,2,3,2,,1613,1,2,0,0,0,0,1,3,4,0,2,3,3.0,N,,,,,,,,,,,
2020081733,1031.0,1,0,0,0,0,0,0,0,0,7,0,,67,10,2020,5,39.9623,-75.1713,1030.0,6,0,0,0,0,0,0,0,0,,0,0,0.0,10,1,1,1,,1,39 57:44.157,1.0,0,75 10:16.543,3,0,0,0,67301,0,0,0,N,0,0,0,1,67301,0,,4,1,30.0,N,N,N,0,,1,0,0,3,3,Y,1025,1,1,0,0,1,0,0,3,4,0,1,3,3.0,N,,,,,,,,,,,
2020083032,354.0,0,0,0,0,0,0,0,0,0,4,0,,67,10,2020,7,39.9923,-75.1422,350.0,6,0,0,0,0,0,0,0,0,,0,0,0.0,3,3,3,1,,2,39 59:32.605,7.0,0,75 08:31.814,3,0,0,0,67301,1,0,0,N,1,0,0,5,67301,2,,1,1,600.0,N,N,N,0,,1,0,1,3,2,Y,345,3,3,0,0,0,0,0,3,4,1,2,3,3.0,N,,,,,,,,,,,
2020069923,118.0,4,0,0,0,0,0,0,0,0,6,0,,67,8,2020,2,39.929,-75.2309,118.0,6,0,0,0,0,0,0,0,0,,0,0,0.0,0,2,0,0,N,0,39 55:44.380,,0,75 13:51.320,0,0,0,0,67301,0,0,0,N,0,0,0,1,67301,0,,6,1,,N,N,N,0,,0,0,4,0,0,,0,0,8,0,0,0,0,0,3,4,0,8,3,4.0,N,,,,,,,,,,,
2020065786,1326.0,0,0,0,0,0,0,0,0,0,1,0,,67,8,2020,6,40.0411,-75.1514,1325.0,6,0,0,0,0,0,1,0,0,,0,0,0.0,13,1,2,0,N,0,40 02:27.900,,0,75 09:04.900,3,0,0,0,67301,0,0,0,N,0,0,0,3,67301,0,,1,1,,N,N,N,1,,2,0,1,0,0,,1314,2,2,0,0,0,0,0,3,4,0,2,3,3.0,N,,,,,,,,,,,
2020066713,2214.0,1,0,0,0,0,0,0,0,0,1,0,,67,8,2020,3,39.9732,-75.2122,2214.0,6,0,0,0,0,0,1,0,0,,0,0,0.0,22,3,2,1,,1,39 58:23.653,4.0,0,75 12:44.012,3,0,0,0,67301,0,0,0,N,0,0,0,3,67301,0,,1,1,50.0,N,N,N,0,,2,0,1,3,2,N,2214,2,2,0,0,0,0,0,3,4,0,2,3,3.0,N,,,,,,,,,,,
2020113453,,1,0,0,0,0,0,0,0,0,1,0,,67,2,2020,5,39.9985,-75.1956,,6,0,0,0,0,0,0,0,0,,0,0,0.0,15,1,2,0,N,0,39 59:54.518,,0,75 11:44.130,4,0,0,0,67301,0,0,0,N,0,0,0,3,00000,1,,1,1,,,,N,0,,0,0,0,0,0,,1500,2,2,0,0,0,1,0,3,4,0,2,3,,N,,,,,,,,,,,
2020065788,2228.0,2,0,0,0,0,0,0,0,0,1,0,,67,8,2020,6,40.0107,-75.1844,2215.0,6,0,0,0,0,0,0,1,0,,0,0,0.0,22,3,0,0,N,2,40 00:38.378,2.0,0,75 11:03.962,0,0,0,0,67301,0,0,0,N,0,0,0,3,67301,0,,1,1,2320.0,N,N,N,0,,0,0,0,0,0,N,2210,0,2,0,0,0,0,0,3,4,0,2,3,3.0,N,,,,,,,,,,,
2020072556,1805.0,1,0,0,0,0,0,0,0,0,2,0,,67,9,2020,7,39.9902,-75.1801,1805.0,6,0,0,0,1,0,0,0,0,,0,0,0.0,18,1,1,1,,0,39 59:24.662,,0,75 10:48.244,3,0,0,0,67301,0,0,0,N,0,0,0,2,67301,0,,1,1,,N,N,N,0,,1,0,1,3,2,,1805,1,2,0,0,0,0,0,3,4,0,2,3,3.0,N,,,,,,,,,,,
2020113442,,1,0,0,0,0,0,0,0,0,1,0,,67,2,2020,6,39.9732,-75.159,,6,0,0,0,0,0,0,0,0,,0,0,0.0,7,1,1,1,,0,39 58:23.478,,0,75 09:32.375,8,0,0,0,67301,0,0,0,N,0,0,0,3,00000,0,,1,1,,,,N,0,,0,0,0,3,2,,755,1,2,0,0,0,1,0,3,4,1,2,3,,N,,,,,,,,,,,
2020066782,2005.0,1,0,0,0,0,0,0,0,0,4,0,,67,8,2020,6,40.0079,-75.1723,1948.0,6,0,0,0,0,0,1,0,0,,0,0,0.0,19,3,0,1,,0,40 00:28.314,,0,75 10:20.141,0,0,0,0,67301,0,0,0,N,0,0,0,2,67301,0,,1,1,,N,N,N,0,,0,0,1,3,2,,1946,0,2,0,0,0,0,0,3,4,0,2,3,,N,,,,,,,,,,,
2020066572,934.0,0,0,0,1,0,0,0,0,0,4,0,,67,8,2020,2,39.9923,-75.12,933.0,6,0,0,0,0,0,0,0,0,,0,0,0.0,9,1,1,1,,0,39 59:32.200,,0,75 07:11.866,3,0,0,0,67301,1,0,0,N,0,0,0,2,67301,0,,1,1,,N,N,N,0,,1,0,0,3,3,,932,1,2,0,0,1,0,0,3,4,1,1,3,3.0,N,,,,,,,,,,,
2020069328,107.0,1,0,0,0,0,0,0,0,0,1,0,,67,8,2020,2,39.9265,-75.1948,101.0,6,0,0,0,0,0,0,0,0,,0,0,0.0,1,3,1,0,N,1,39 55:35.579,3.0,0,75 11:41.113,8,0,0,0,67301,0,0,0,N,0,0,0,3,68K01,0,,1,1,200.0,N,N,N,0,,0,0,1,0,0,N,100,1,2,0,0,0,1,0,3,4,0,2,3,3.0,N,,,,,,,,,,,
2020069343,1251.0,1,0,0,0,0,0,0,0,0,7,0,,67,8,2020,4,39.9649,-75.1379,1241.0,6,0,0,0,0,0,0,0,0,,0,0,0.0,12,1,1,0,N,1,39 57:53.743,2.0,0,75 08:16.325,8,0,0,0,67301,0,0,0,N,0,0,0,2,68K01,0,,2,1,1330.0,N,N,Y,0,,0,0,0,0,0,N,1238,1,1,0,0,0,1,0,3,4,0,1,3,3.0,N,,,,,,,,,,,
2020065845,932.0,0,0,0,0,0,0,0,0,0,4,0,,67,8,2020,6,40.0467,-75.1669,932.0,6,0,0,0,0,0,0,0,0,,0,0,0.0,9,1,0,2,,0,40 02:48.240,,0,75 10:00.738,0,0,0,0,67301,0,0,0,N,0,0,0,1,67301,0,,1,1,,N,N,N,0,,0,0,2,3,3,,930,0,3,0,0,1,0,0,3,4,1,3,3,3.0,N,,,,,,,,,,,
2020080863,212.0,1,0,0,0,0,0,0,0,0,2,0,,67,9,2020,3,40.0292,-75.1746,100.0,6,0,0,0,0,0,0,0,0,,0,0,0.0,22,3,1,1,,0,40 01:45.210,,0,75 10:28.410,3,0,0,0,67301,0,0,0,N,0,0,0,2,67301,0,,1,9,,N,N,N,0,,1,0,1,3,2,,2210,1,2,0,0,0,0,0,3,4,0,2,7,,N,,,,,,,,,,,
2020083036,2125.0,4,0,0,0,0,0,0,0,0,5,0,,67,10,2020,1,40.0204,-75.1544,2118.0,6,0,0,0,0,0,0,0,0,,0,0,0.0,21,3,1,7,,0,40 01:13.300,,2,75 09:16.300,3,0,0,0,67301,0,0,0,N,0,0,0,8,67301,0,,7,1,,N,N,N,0,,1,0,0,0,0,,2115,1,6,0,0,0,0,0,3,4,0,6,3,3.0,N,,,,,,,,,,,
2020083028,2331.0,1,0,0,0,0,0,0,0,0,5,0,,67,10,2020,7,39.9836,-75.1056,2331.0,6,0,0,0,0,0,0,0,0,,0,0,0.0,23,3,0,0,N,2,39 59:00.800,3.0,0,75 06:20.000,9,0,0,0,67301,0,0,0,N,0,0,0,1,67301,0,,6,1,15.0,N,N,N,0,,0,0,1,0,0,Y,2325,0,2,0,0,0,0,1,3,4,0,2,3,3.0,N,,,,,,,,,,,
2020081746,2332.0,2,0,0,0,0,0,0,0,0,7,0,,67,10,2020,6,40.0184,-75.1686,2312.0,6,0,0,0,0,0,0,0,0,,0,0,0.0,23,3,0,0,N,2,40 01:06.140,2.0,0,75 10:06.889,0,0,0,0,67301,0,0,0,N,0,0,0,2,67301,0,,3,1,30.0,N,N,N,0,,0,0,0,0,0,Y,2311,0,4,0,0,0,0,0,3,4,0,2,3,3.0,N,,,,,,,,,,,
2020081353,1350.0,2,0,0,0,0,0,0,0,0,4,0,,67,9,2020,4,40.0122,-75.1004,1338.0,6,0,0,0,0,0,1,0,0,,0,0,0.0,13,1,1,1,,0,40 00:43.945,,0,75 06:01.519,3,0,0,0,67301,0,0,0,N,0,0,0,2,67301,0,,1,1,,N,N,Y,0,,1,0,1,3,3,,1331,1,3,0,0,0,0,0,3,4,0,3,3,3.0,N,,,,,,,,,,,
2020104797,935.0,2,0,0,0,0,0,0,0,0,1,0,,67,12,2020,5,40.0068,-75.1934,910.0,6,0,0,0,0,1,1,0,0,,0,0,0.0,9,1,1,0,N,0,40 00:24.333,,3,75 11:36.133,3,0,0,0,67301,0,0,0,N,0,0,0,2,67301,0,,1,1,,N,N,N,0,,1,0,0,0,0,,900,1,2,0,0,0,0,0,3,4,0,2,3,3.0,N,,,,,,,,,,,
2020081238,1529.0,1,0,0,0,0,0,0,0,0,1,0,,67,10,2020,5,39.9688,-75.2453,1528.0,6,0,0,0,0,1,0,0,0,,0,0,0.0,13,1,1,0,Y,0,39 58:07.800,,0,75 14:43.100,8,0,0,0,67301,0,0,0,N,0,0,0,2,67301,0,,1,1,,N,N,N,0,,0,0,0,3,2,,1348,1,2,0,0,0,1,0,3,4,1,2,3,,N,,,,,,,,,,,
2020080555,2318.0,1,0,0,0,0,0,0,0,0,7,0,,67,9,2020,3,40.0046,-75.13,2309.0,6,0,0,0,0,0,0,0,0,,0,0,0.0,23,3,1,2,,0,40 00:16.426,,0,75 07:48.082,3,0,0,0,67301,0,0,0,N,0,0,0,1,67301,0,,1,9,,N,N,N,0,,1,0,0,0,0,,2309,1,1,0,0,0,0,0,3,4,0,1,7,7.0,N,,,,,,,,,,,
2020081633,122.0,1,0,0,0,0,0,0,0,0,1,0,,67,10,2020,7,40.0329,-75.1066,119.0,6,0,0,0,0,0,0,0,0,,0,0,0.0,1,3,0,0,N,0,40 01:58.308,,0,75 06:23.773,0,0,0,0,67301,0,0,0,N,0,0,0,1,67301,0,,1,1,,N,N,N,0,,0,0,1,0,0,,109,0,2,0,0,1,0,0,3,4,0,2,3,3.0,N,,,,,,,,,,,
2020082129,1056.0,1,0,0,0,0,0,0,0,0,4,0,,67,10,2020,1,39.9478,-75.2274,1054.0,6,0,0,0,0,0,0,1,0,,0,0,0.0,10,1,2,1,,0,39 56:52.000,,0,75 13:38.740,3,0,0,0,67301,0,0,0,N,0,0,0,3,67301,0,,1,1,,N,N,N,0,,2,0,1,3,2,,1053,2,2,0,0,1,0,1,3,4,0,2,3,3.0,N,,,,,,,,,,,
2020083015,1500.0,1,0,0,0,0,0,0,0,0,4,0,,67,10,2020,6,39.928,-75.2193,1430.0,6,0,0,0,0,0,0,1,0,,0,0,0.0,13,1,1,1,,1,39 55:40.948,3.0,0,75 13:09.423,2,0,1,1,67301,0,0,0,N,0,0,0,2,67301,0,,1,1,1730.0,N,N,N,0,,0,1,0,3,2,N,1330,1,2,0,0,0,0,0,3,4,0,2,3,3.0,N,,,,,,,,,,,
2020082493,2112.0,2,0,0,0,0,0,0,0,0,4,0,,67,9,2020,3,39.9802,-75.2693,2112.0,6,0,0,0,0,0,0,0,0,,0,0,0.0,21,3,2,1,,0,39 58:48.595,,0,75 16:09.378,3,0,0,0,67301,0,0,0,N,0,0,0,2,67301,0,,1,9,,N,N,N,0,,2,0,0,3,2,,2112,2,2,0,0,0,0,0,3,4,0,2,7,7.0,N,,,,,,,,,,,
2020101745,47.0,1,0,0,0,0,0,0,0,0,7,0,,67,11,2020,5,40.0597,-75.0254,42.0,6,0,0,0,0,0,0,0,0,,0,0,0.0,0,3,1,0,N,0,40 03:34.840,,0,75 01:31.610,3,0,0,0,67301,0,0,0,N,0,0,0,1,67301,0,,5,1,,N,N,N,0,,1,0,0,0,0,,40,1,1,0,0,1,0,0,3,4,0,1,3,3.0,N,,,,,,,,,,,
2020066455,1239.0,0,0,0,0,0,0,0,0,0,0,0,,67,8,2020,1,39.9739,-75.118,1238.0,6,0,0,0,0,0,0,0,0,,0,0,0.0,12,1,1,0,N,0,39 58:26.130,,0,75 07:04.967,3,0,0,1,67301,0,0,0,N,0,0,0,1,67301,0,,1,9,,N,N,N,0,,1,0,0,0,0,,1237,1,1,0,0,0,0,0,3,4,0,1,7,7.0,N,,,,,,,,,,,
2020066879,1744.0,0,0,0,1,0,1,0,0,0,4,0,,67,8,2020,2,39.9526,-75.1653,1744.0,6,0,0,0,0,0,0,0,0,,0,0,0.0,17,1,1,2,,2,39 57:09.326,7.0,0,75 09:55.033,2,0,0,0,67301,1,0,1,N,0,0,0,2,67301,0,,1,1,1858.0,N,N,N,0,,0,1,1,3,2,Y,1744,1,2,0,0,0,0,0,3,4,0,1,3,3.0,N,,,,,,,,,,,
2020112993,,1,0,0,0,0,0,0,0,0,4,0,,67,1,2020,5,39.9865,-75.2051,,6,0,0,0,0,0,0,0,0,,0,0,0.0,15,1,0,2,,0,39 59:11.490,,0,75 12:18.431,0,0,0,0,67301,0,0,0,N,0,0,0,2,00000,0,,1,1,,,,N,0,,0,0,1,3,3,,1500,0,2,0,0,0,0,0,3,4,0,2,3,,N,,,,,,,,,,,
2020069922,1825.0,0,0,0,0,0,0,0,0,0,4,0,,67,8,2020,1,39.9364,-75.2276,1815.0,6,0,0,0,0,0,0,0,0,,0,0,0.0,18,1,1,1,,0,39 56:10.985,,0,75 13:39.504,3,0,0,0,67301,0,0,0,N,0,0,0,2,67301,0,,1,1,,N,N,N,0,,1,0,2,3,3,,1814,1,2,0,0,1,0,0,3,4,0,2,3,3.0,N,,,,,,,,,,,
2020071216,1220.0,1,0,0,0,0,0,0,0,0,7,0,,67,8,2020,1,39.8766,-75.2582,1220.0,6,0,0,0,0,0,0,0,0,,0,0,0.0,12,1,2,0,N,0,39 52:35.810,,8,75 15:29.654,3,0,0,0,67301,0,0,0,N,0,0,0,2,67301,0,,4,9,,N,N,N,0,,2,0,0,0,0,,1216,2,1,0,0,0,0,0,3,4,0,1,7,7.0,N,,,,,,,,,,,
2020068096,1538.0,1,0,0,0,0,0,0,0,0,1,0,,67,8,2020,1,39.9713,-75.1213,1524.0,6,0,0,0,0,0,0,0,0,,0,0,0.0,15,1,0,1,,1,39 58:16.976,1.0,2,75 07:17.136,0,0,0,0,67301,0,0,0,N,0,0,0,3,68K01,0,,1,1,1610.0,N,N,N,1,,0,0,0,3,2,N,1523,0,2,0,0,0,0,0,3,4,0,2,4,4.0,N,,,,,,,,,,,
2020066689,2137.0,1,0,0,0,0,0,0,0,0,4,0,,67,8,2020,2,39.9769,-75.2459,2135.0,6,0,0,0,0,0,0,0,0,,0,0,0.0,21,3,2,0,N,0,39 58:36.899,,0,75 14:45.300,3,0,0,0,67301,0,0,0,N,0,0,0,2,67301,0,,1,1,,N,N,N,1,,1,0,2,0,0,,2130,2,4,0,0,1,1,0,3,4,0,4,3,3.0,N,,,,,,,,,,,
2020112922,,1,0,0,0,0,0,0,0,0,4,0,,67,2,2020,1,39.9935,-75.1127,,6,0,0,0,0,0,0,0,0,,0,0,0.0,18,1,2,2,,0,39 59:36.704,,0,75 06:45.716,4,0,0,0,67301,0,0,0,N,0,0,0,4,00000,2,,1,1,,,,N,0,,0,0,1,3,3,,1858,2,2,0,0,0,0,0,3,4,0,2,3,,N,,,,,,,,,,,
2020068085,1700.0,1,0,0,0,0,0,0,0,0,7,0,,67,8,2020,6,40.0318,-75.0214,1648.0,6,0,0,0,0,0,0,0,0,,0,0,0.0,16,1,0,0,N,0,40 01:54.429,,0,75 01:17.155,0,0,0,0,67301,0,0,0,N,0,0,0,1,68K01,0,,2,1,,N,N,N,0,,0,0,0,0,0,,1645,0,1,0,0,0,0,0,3,4,0,1,3,,N,,,,,,,,,,,
2020069928,945.0,1,0,0,0,0,0,0,0,0,4,0,,67,8,2020,4,39.9193,-75.2268,945.0,6,0,1,0,0,0,0,0,0,,0,0,0.0,9,1,1,1,,0,39 55:09.382,,0,75 13:36.651,3,0,0,0,67301,0,0,0,N,0,0,0,2,67301,0,,1,9,,N,N,N,0,,1,0,2,0,0,,940,1,3,0,0,0,0,0,3,4,0,3,7,4.0,N,,,,,,,,,,,
2020113455,,2,0,0,0,0,0,0,0,0,1,0,,67,2,2020,2,40.0082,-75.1909,,6,0,0,0,0,0,0,0,0,,0,0,0.0,22,3,1,0,N,0,40 00:29.458,,0,75 11:27.085,8,0,0,0,67301,0,0,0,N,0,0,0,2,00000,0,,1,1,,,,N,0,,0,0,0,0,0,,2230,1,2,0,0,0,1,0,3,4,0,2,3,,N,,,,,,,,,,,
2020081545,1552.0,0,0,0,0,0,0,0,0,0,5,0,,67,10,2020,6,40.0374,-75.1731,1548.0,6,0,0,0,0,0,0,0,0,,0,0,0.0,15,1,1,2,,0,40 02:14.668,,0,75 10:23.152,3,0,0,0,67301,0,0,0,N,0,0,0,3,67301,0,,1,1,,N,N,N,0,,1,0,1,0,0,,1520,1,2,0,0,2,0,0,3,4,1,2,3,3.0,N,,,,,,,,,,,
2020083565,1420.0,1,0,0,0,0,0,0,0,0,4,0,,67,10,2020,1,40.0028,-75.1378,1414.0,6,0,0,0,0,0,2,0,0,,0,0,0.0,14,1,1,1,,0,40 00:10.040,,0,75 08:16.231,3,0,0,0,67301,0,0,0,N,0,0,0,2,67301,0,,1,1,,N,N,N,1,,1,0,0,3,2,,1414,1,2,0,0,0,0,0,3,4,0,2,3,3.0,N,,,,,,,,,,,
2020082033,1809.0,2,0,0,0,0,0,0,0,0,1,0,,67,10,2020,6,40.0427,-75.0514,1803.0,6,0,0,0,0,1,0,0,0,,0,0,0.0,17,1,1,0,N,0,40 02:33.766,,0,75 03:04.843,3,0,0,0,67301,0,0,0,N,0,0,0,2,67301,0,,1,1,,N,N,N,0,,1,0,0,0,0,,1740,1,2,0,0,0,0,0,3,4,0,2,3,3.0,N,,,,,,,,,,,
2020088076,1718.0,1,0,0,0,0,0,0,0,0,4,0,,67,10,2020,6,39.964,-75.2209,1718.0,6,0,0,0,0,0,1,0,0,,0,0,0.0,17,1,0,2,,0,39 57:50.556,,0,75 13:15.621,0,0,0,0,67301,0,0,0,N,0,0,0,2,67301,0,,1,1,,N,N,N,0,,0,0,0,3,3,,1718,0,2,0,0,0,0,0,3,4,1,2,3,3.0,N,,,,,,,,,,,
2020089081,1142.0,1,0,0,0,0,0,0,0,0,5,0,,67,10,2020,7,40.0208,-75.0428,1133.0,6,0,0,0,0,0,1,0,0,,0,0,0.0,11,1,1,6,,0,40 01:09.310,,2,75 02:45.750,3,0,0,1,67301,0,0,0,N,0,0,0,2,68K01,0,,7,1,,N,N,N,0,,1,0,0,0,0,,1126,1,2,0,0,0,0,0,3,4,0,2,3,,N,,,,,,,,,,,
2020083346,2103.0,2,0,0,0,0,0,0,0,0,4,0,,67,10,2020,1,39.9763,-75.2093,2057.0,6,0,0,0,0,0,0,0,0,,0,0,0.0,20,3,0,2,,0,39 58:34.522,,0,75 12:33.581,9,0,0,0,67301,1,0,0,N,0,0,0,2,67301,0,,1,1,,N,N,N,0,,0,0,0,3,2,,2057,0,2,0,0,0,0,1,3,4,0,2,3,,N,,,,,,,,,,,
2020081930,250.0,1,0,0,0,0,0,0,0,0,7,0,,67,10,2020,5,39.9777,-75.2264,250.0,6,0,0,0,0,0,0,0,0,,0,0,0.0,2,3,0,2,,0,39 58:39.724,,0,75 13:35.012,0,0,0,0,67301,0,0,0,N,0,0,0,1,67301,0,,3,1,,N,N,N,0,,0,0,0,3,3,,245,0,1,0,0,0,0,0,3,4,0,1,3,3.0,N,,,,,,,,,,,
2020083025,1735.0,1,0,0,1,0,0,0,0,0,4,0,,67,10,2020,7,39.9818,-75.1819,1735.0,6,0,0,0,0,0,0,0,0,,0,0,0.0,17,1,1,1,,0,39 58:54.410,,0,75 10:54.826,3,0,0,0,67301,1,0,0,N,0,0,0,2,67301,0,,1,1,,N,N,N,0,,1,0,0,3,2,,1730,1,2,0,0,0,0,0,3,4,0,1,3,3.0,N,,,,,,,,,,,
2020082233,625.0,2,0,0,0,0,0,0,0,0,5,0,,67,10,2020,7,40.0376,-75.1449,625.0,6,0,0,0,0,0,0,0,0,,0,0,0.0,6,1,2,0,N,1,40 02:15.399,1.0,0,75 08:41.729,3,0,0,0,67301,1,0,0,N,0,0,0,2,67301,0,,6,1,815.0,N,N,N,0,,2,0,2,0,0,N,617,2,4,0,0,0,0,0,3,4,0,4,3,,N,,,,,,,,,,,