CRN,ARRIVAL_TM,AUTOMOBILE_COUNT,BELTED_DEATH_COUNT,BELTED_SUSP_SERIOUS_INJ_COUNT,BICYCLE_COUNT,BICYCLE_DEATH_COUNT,BICYCLE_SUSP_SERIOUS_INJ_COUNT,BUS_COUNT,CHLDPAS_DEATH_COUNT,CHLDPAS_SUSP_SERIOUS_INJ_COUNT,COLLISION_TYPE,COMM_VEH_COUNT,CONS_ZONE_SPD_LIM,COUNTY,CRASH_MONTH,CRASH_YEAR,DAY_OF_WEEK,DEC_LAT,DEC_LONG,DISPATCH_TM,DISTRICT,DRIVER_COUNT_16YR,DRIVER_COUNT_17YR,DRIVER_COUNT_18YR,DRIVER_COUNT_19YR,DRIVER_COUNT_20YR,DRIVER_COUNT_50_64YR,DRIVER_COUNT_65_74YR,DRIVER_COUNT_75PLUS,EST_HRS_CLOSED,FATAL_COUNT,HEAVY_TRUCK_COUNT,HORSE_BUGGY_COUNT,HOUR_OF_DAY,ILLUMINATION,INJURY_COUNT,INTERSECT_TYPE,INTERSECTION_RELATED,LANE_CLOSED,LATITUDE,LN_CLOSE_DIR,LOCATION_TYPE,LONGITUDE,MAX_SEVERITY_LEVEL,MCYCLE_DEATH_COUNT,MCYCLE_SUSP_SERIOUS_INJ_COUNT,MOTORCYCLE_COUNT,MUNICIPALITY,NONMOTR_COUNT,NONMOTR_DEATH_COUNT,NONMOTR_SUSP_SERIOUS_INJ_COUNT,NTFY_HIWY_MAINT,PED_COUNT,PED_DEATH_COUNT,PED_SUSP_SERIOUS_INJ_COUNT,PERSON_COUNT,POLICE_AGCY,POSSIBLE_INJ_COUNT,RDWY_SURF_TYPE_CD,RELATION_TO_ROAD,ROAD_CONDITION,ROADWAY_CLEARED,SCH_BUS_IND,SCH_ZONE_IND,SECONDARY_CRASH,SMALL_TRUCK_COUNT,SPEC_JURIS_CD,SUSP_MINOR_INJ_COUNT,SUSP_SERIOUS_INJ_COUNT,SUV_COUNT,TCD_FUNC_CD,TCD_TYPE,TFC_DETOUR_IND,TIME_OF_DAY,TOT_INJ_COUNT,TOTAL_UNITS,UNB_DEATH_COUNT,UNB_SUSP_SERIOUS_INJ_COUNT,UNBELTED_OCC_COUNT,UNK_INJ_DEG_COUNT,UNK_INJ_PER_COUNT,URBAN_AREA,URBAN_RURAL,VAN_COUNT,VEHICLE_COUNT,WEATHER1,WEATHER2,WORK_ZONE_IND,WORK_ZONE_LOC,WORK_ZONE_TYPE,WORKERS_PRES,WZ_CLOSE_DETOUR,WZ_FLAGGER,WZ_LAW_OFFCR_IND,WZ_LN_CLOSURE,WZ_MOVING,WZ_OTHER,WZ_SHLDER_MDN,WZ_WORKERS_INJ_KILLED
2020082031,2023.0,1,0,0,0,0,0,0,0,0,4,0,,67,10,2020,5,40.0342,-75.0714,2021.0,6,0,0,0,0,0,0,0,0,,0,0,0.0,20,3,1,1,,1,40 02:03.258,5.0,0,75 04:17.332,8,0,0,0,67301,0,0,0,N,0,0,0,2,67301,0,,1,1,2015.0,N,N,N,0,,0,0,0,3,2,Y,2020,1,2,0,0,0,1,0,3,4,1,2,3,3.0,N,,,,,,,,,,,
2020071564,1820.0,1,0,0,0,0,0,0,0,0,4,0,,67,9,2020,3,39.9725,-75.1445,1815.0,6,0,0,0,0,0,0,0,0,,0,0,0.0,17,1,0,0,N,0,39 58:21.030,,0,75 08:40.070,0,0,0,0,67301,0,0,0,N,0,0,0,1,67301,0,,6,1,,N,N,N,0,,0,0,1,0,0,,1750,0,2,0,0,1,0,0,3,4,0,2,3,,N,,,,,,,,,,,
2020067837,1110.0,1,0,0,0,0,0,0,0,0,4,0,,67,8,2020,7,40.0074,-75.1252,1101.0,6,0,0,0,0,0,0,0,0,,0,0,0.0,10,1,0,2,,0,40 00:26.950,,0,75 07:31.750,0,0,0,0,67301,0,0,0,N,0,0,0,2,67301,0,,1,1,,N,N,N,0,,0,0,1,3,2,,1055,0,2,0,0,0,0,0,3,4,0,2,3,3.0,N,,,,,,,,,,,
2020068788,2035.0,1,0,0,0,0,0,0,0,0,8,0,,67,8,2020,1,40.0275,-75.0624,2031.0,6,0,0,0,0,0,0,0,0,,0,0,0.0,20,3,1,1,,0,40 01:38.846,,0,75 03:44.583,8,0,0,0,67301,1,0,0,N,1,0,0,2,67301,0,,1,1,,N,N,N,0,,0,0,0,3,2,,2010,1,2,0,0,1,1,0,3,4,0,1,3,3.0,N,,,,,,,,,,,
2020113005,,0,0,0,0,0,0,0,0,0,1,0,,67,1,2020,5,40.0205,-75.1586,,6,0,0,0,0,0,0,0,0,,0,0,0.0,17,1,1,0,N,0,40 01:13.855,,0,75 09:31.110,8,0,0,0,67301,0,0,0,N,0,0,0,2,00000,0,,1,1,,,,N,0,,0,0,1,0,0,,1720,1,2,0,0,0,1,0,3,4,0,2,3,,N,,,,,,,,,,,
2020065779,2252.0,1,0,0,0,0,0,0,0,0,4,0,,67,8,2020,6,40.0187,-75.1152,2250.0,6,0,0,1,1,0,0,0,0,,0,0,0.0,22,3,2,1,,0,40 01:07.709,,0,75 06:55.155,8,0,0,1,67301,0,0,0,N,0,0,0,3,67301,0,,1,1,,N,N,N,0,,0,0,0,3,2,,2240,2,2,0,0,0,2,0,3,4,0,2,3,3.0,N,,,,,,,,,,,
2020066209,2356.0,1,0,0,0,0,0,0,0,0,5,0,,67,8,2020,1,40.0493,-75.1424,2356.0,6,0,0,0,0,0,0,0,0,,0,0,0.0,23,3,6,0,N,0,40 02:57.404,,0,75 08:32.619,4,0,0,0,67301,0,0,0,N,0,0,0,8,67301,6,,1,1,,N,N,N,0,,0,0,1,0,0,,2326,6,2,0,0,3,0,1,3,4,0,2,3,,N,,,,,,,,,,,
2020067014,1245.0,2,0,0,0,0,0,0,0,0,4,0,,67,8,2020,3,39.9606,-75.1414,1240.0,6,0,0,0,0,0,0,0,0,,0,0,0.0,12,1,0,1,,0,39 57:38.457,,0,75 08:29.145,0,0,0,0,67301,0,0,0,N,0,0,0,2,67301,0,,1,1,,N,N,N,0,,0,0,0,3,2,,1230,0,2,0,0,0,0,0,3,4,0,2,3,3.0,N,,,,,,,,,,,
2020067667,1251.0,0,0,0,0,0,0,0,0,0,1,0,,67,8,2020,2,40.0011,-75.2154,1250.0,6,0,0,0,0,0,1,0,0,,0,0,0.0,21,3,2,5,,0,40 00:03.902,,0,75 12:55.382,3,0,0,0,67301,0,0,0,N,0,0,0,3,67301,0,,1,1,,N,N,Y,0,,2,0,1,3,2,,2100,2,2,0,0,0,0,0,3,4,1,2,3,3.0,N,,,,,,,,,,,
2020112932,,2,0,0,0,0,0,0,0,0,1,0,,67,2,2020,1,40.0512,-75.1187,,6,0,0,0,0,0,1,0,0,,0,0,0.0,14,1,2,1,,0,40 03:04.174,,0,75 07:07.232,4,0,0,0,67301,0,0,0,N,0,0,0,4,00000,2,,1,1,,,,N,0,,0,0,1,3,2,,1445,2,3,0,0,0,0,0,3,4,0,3,3,,N,,,,,,,,,,,
2020066573,1322.0,1,0,0,0,0,0,0,0,0,5,0,,67,8,2020,2,39.9939,-75.1138,1307.0,6,0,0,0,0,0,1,0,0,,0,0,0.0,12,1,1,0,N,0,39 59:38.190,,0,75 06:49.780,8,0,0,0,67301,1,0,0,N,0,0,0,2,67301,0,,6,1,,N,N,N,1,,0,0,2,0,0,,1252,1,4,0,0,0,1,0,3,4,0,4,3,3.0,N,,,,,,,,,,,
2020082507,25.0,1,0,0,0,0,0,0,0,0,7,0,,67,10,2020,6,39.9553,-75.1478,25.0,6,0,0,0,0,0,0,0,0,,0,0,0.0,0,3,0,0,N,0,39 57:19.055,,2,75 08:52.019,0,0,0,0,67301,0,0,0,N,0,0,0,2,67501,0,,4,9,,N,N,N,0,,0,0,0,0,0,,25,0,1,0,0,0,0,0,3,4,0,1,7,,N,,,,,,,,,,,
2020095606,200.0,1,0,0,0,0,0,0,0,0,2,0,,67,11,2020,2,40.0112,-75.1055,200.0,6,0,0,0,0,0,0,0,0,,0,0,0.0,1,3,2,0,N,0,40 00:40.350,,0,75 06:19.860,2,0,0,0,67301,0,0,0,N,0,0,0,2,67301,1,,1,1,,N,N,Y,0,,0,1,1,0,0,,145,2,2,0,0,0,0,0,3,4,0,2,3,3.0,N,,,,,,,,,,,
2020080643,527.0,2,0,0,0,0,0,0,0,0,2,0,,67,9,2020,3,39.9649,-75.2264,525.0,6,0,0,0,0,0,0,0,0,,0,0,0.0,5,3,0,0,N,0,39 57:53.800,,0,75 13:35.000,9,0,0,0,67301,0,0,0,N,0,0,0,1,67301,0,,6,1,,N,N,N,0,,0,0,0,0,0,,510,0,2,0,0,0,0,1,3,4,0,2,3,3.0,N,,,,,,,,,,,
2020081861,2122.0,2,0,0,0,0,0,0,0,0,4,0,,67,10,2020,6,39.9744,-75.147,2120.0,6,0,0,0,0,0,0,0,0,,0,0,0.0,20,3,0,0,N,0,39 58:27.740,,7,75 08:49.300,0,0,0,0,67301,0,0,0,N,0,0,0,2,67301,0,,1,1,,N,N,N,0,,0,0,1,0,0,,2023,0,3,0,0,0,0,0,3,4,0,3,3,,N,,,,,,,,,,,
2020082231,1401.0,1,0,0,0,0,0,0,0,0,8,0,,67,10,2020,7,40.0453,-75.1649,1400.0,6,0,0,0,0,0,0,0,0,,0,0,0.0,2,3,1,0,N,0,40 02:43.200,,0,75 09:53.700,3,0,0,0,67301,1,0,0,N,1,0,0,2,67301,0,,1,1,,N,N,N,0,,1,0,0,0,0,,240,1,2,0,0,0,0,0,3,4,0,1,3,,N,,,,,,,,,,,
2020081456,1356.0,1,0,0,0,0,0,0,0,0,4,0,,67,10,2020,5,40.0271,-75.1154,1356.0,6,0,0,0,0,0,0,0,0,,0,0,0.0,12,1,0,2,,0,40 01:37.459,,0,75 06:56.105,9,0,0,0,67301,0,0,0,N,0,0,0,3,67301,0,,1,1,,N,N,N,0,,0,0,1,3,3,,1255,0,2,0,0,0,0,2,3,4,0,2,3,,N,,,,,,,,,,,
2020080310,705.0,0,0,0,0,0,0,0,0,0,5,0,,67,9,2020,3,40.0299,-75.0557,705.0,6,0,0,0,0,0,0,0,0,,0,0,0.0,6,1,0,0,N,0,40 01:47.700,,0,75 03:20.500,0,0,0,0,67301,0,0,0,N,0,0,0,2,67301,0,,1,1,,N,N,N,1,,0,0,1,0,0,,645,0,2,0,0,0,0,0,3,4,0,2,3,3.0,N,,,,,,,,,,,
2020080556,1850.0,1,0,0,0,0,0,0,0,0,8,0,,67,9,2020,3,40.0433,-75.1471,1847.0,6,0,0,0,0,0,1,0,0,,0,0,0.0,17,8,1,1,,0,40 02:35.933,,0,75 08:49.534,3,0,0,0,67301,1,0,0,N,1,0,0,2,67301,0,,1,9,,N,N,N,0,,1,0,0,3,3,,1707,1,2,0,0,0,0,0,3,4,0,1,7,7.0,N,,,,,,,,,,,
2020080554,425.0,1,0,0,0,0,0,0,0,0,6,0,,67,9,2020,3,40.0301,-75.0901,415.0,6,0,0,0,0,0,0,0,0,,0,0,0.0,4,3,0,0,N,0,40 01:48.400,,0,75 05:24.210,0,0,0,0,67301,0,0,0,N,0,0,0,1,67301,0,,6,1,,N,N,N,1,,0,0,2,0,0,,405,0,4,0,0,0,0,0,3,4,0,4,3,3.0,N,,,,,,,,,,,
2020065778,540.0,3,0,0,0,0,0,0,0,0,5,0,,67,8,2020,6,39.9991,-75.1211,540.0,6,0,1,0,0,0,0,0,0,,0,0,0.0,5,1,0,0,N,0,39 59:56.880,,0,75 07:15.950,0,0,0,0,67301,0,0,0,N,0,0,0,1,67301,0,,6,1,,N,N,N,0,,0,0,0,0,0,,540,0,3,0,0,1,0,0,3,4,0,3,3,3.0,N,,,,,,,,,,,
2020065841,1320.0,3,0,0,0,0,0,0,0,0,5,0,,67,8,2020,6,39.9175,-75.2378,1314.0,6,0,0,0,0,0,1,0,0,,0,0,0.0,13,1,0,0,N,1,39 55:03.100,1.0,0,75 14:16.100,0,0,0,0,67301,0,0,0,N,0,0,0,1,67301,0,,6,1,1420.0,N,N,N,0,,0,0,0,0,0,N,1310,0,4,0,0,0,0,0,3,4,0,3,3,3.0,N,,,,,,,,,,,
2020070939,1039.0,2,0,0,0,0,0,0,0,0,4,0,,67,8,2020,2,40.0011,-75.1247,1024.0,6,0,0,0,0,0,0,0,0,,0,0,0.0,9,1,2,1,,0,40 00:03.985,,0,75 07:29.066,4,0,0,0,67301,0,0,0,N,0,0,0,3,67301,1,,1,1,,N,N,N,0,,0,0,0,3,2,,957,2,2,0,0,0,1,0,3,4,0,2,3,,N,,,,,,,,,,,
2020067605,500.0,1,0,0,0,0,0,0,0,0,7,0,45.0,67,8,2020,1,39.9812,-75.1032,446.0,6,0,0,0,0,0,0,0,0,,0,0,0.0,4,3,1,0,N,1,39 58:52.157,2.0,0,75 06:11.423,3,0,0,0,67301,0,0,0,N,0,0,0,1,68K01,0,,4,8,530.0,N,N,N,0,,1,0,0,0,0,N,444,1,1,0,0,1,0,0,3,4,0,1,7,5.0,Y,8.0,1.0,N,,,N,Y,,,,N
2020065785,530.0,1,0,0,0,0,0,0,0,0,6,0,,67,8,2020,6,40.0415,-75.1203,511.0,6,0,0,0,0,0,0,0,0,,0,0,0.0,4,3,0,0,Y,0,40 02:29.300,,0,75 07:13.000,0,0,0,0,67301,0,0,0,N,0,0,0,2,67301,0,,1,1,,N,N,N,0,,0,0,0,3,2,,433,0,2,0,0,0,0,0,3,4,1,2,3,3.0,N,,,,,,,,,,,
2020066736,351.0,1,0,0,0,0,0,0,0,0,7,0,,67,8,2020,4,39.9847,-75.1495,350.0,6,0,0,0,0,0,0,0,0,,0,0,0.0,3,3,1,0,N,0,39 59:05.000,,0,75 08:58.100,8,0,0,0,67301,0,0,0,N,0,0,0,1,67505,0,,4,1,,N,N,N,0,,0,0,0,0,0,,349,1,1,0,0,0,1,0,3,4,0,1,3,3.0,N,,,,,,,,,,,
2020069027,1927.0,2,0,0,0,0,0,0,0,0,1,0,,67,8,2020,4,40.0246,-75.1306,1923.0,6,0,0,0,0,0,0,1,0,,0,0,0.0,18,1,0,1,,0,40 01:28.473,,0,75 07:49.998,0,0,0,0,67301,0,0,0,N,0,0,0,3,67301,0,,1,1,,N,N,N,0,,0,0,0,3,2,,1820,0,3,0,0,0,0,0,3,4,1,3,3,,N,,,,,,,,,,,
2020074578,1740.0,1,0,0,0,0,0,0,0,0,7,0,,67,8,2020,2,39.9647,-75.2218,1618.0,6,0,0,0,0,1,0,0,0,,0,0,0.0,16,1,0,0,N,0,39 57:52.920,,0,75 13:18.400,0,0,0,0,67301,0,0,0,N,0,0,0,1,67301,0,,5,1,,N,N,N,0,,0,0,0,0,0,,1618,0,1,0,0,0,0,0,3,4,0,1,3,3.0,N,,,,,,,,,,,
2020065955,1528.0,0,0,0,0,0,0,0,0,0,8,0,,67,8,2020,6,39.9925,-75.1266,1528.0,6,0,0,0,0,0,1,0,0,,0,0,0.0,15,1,1,0,N,0,39 59:33.140,,0,75 07:35.680,3,0,0,0,67301,1,0,0,N,1,0,0,2,67301,0,,1,1,,N,N,N,1,,1,0,0,0,0,,1500,1,2,0,0,0,0,0,3,4,0,1,3,3.0,N,,,,,,,,,,,
2020068083,1227.0,2,0,0,0,0,0,0,0,0,1,0,,67,8,2020,6,39.9588,-75.1706,1222.0,6,0,0,0,0,0,1,1,0,,0,0,0.0,12,1,1,0,N,1,39 57:31.825,3.0,0,75 10:14.040,3,0,0,0,67301,0,0,0,N,0,0,0,11,68K01,0,,1,1,1313.0,N,N,N,0,,1,0,3,0,0,N,1217,1,5,0,0,0,0,0,3,4,0,5,3,,N,,,,,,,,,,,
2020067104,1005.0,0,0,0,0,0,0,0,0,0,6,0,,67,8,2020,4,40.0192,-75.1909,959.0,6,0,0,0,0,0,1,0,0,,0,0,0.0,9,1,2,0,N,1,40 01:09.093,5.0,0,75 11:27.219,3,0,0,0,67301,0,0,0,N,0,0,0,3,67301,0,,1,9,1045.0,N,N,N,1,,2,0,0,0,0,N,958,2,2,0,0,0,0,0,3,4,1,2,7,7.0,N,,,,,,,,,,,
2020069921,510.0,1,0,0,0,0,0,0,0,0,5,0,,67,8,2020,1,39.9133,-75.2388,504.0,6,0,0,0,0,0,0,0,0,,0,0,0.0,5,5,1,0,N,1,39 54:48.050,5.0,0,75 14:19.790,3,0,0,0,67301,0,0,0,N,0,0,0,1,67301,0,,6,9,700.0,N,N,Y,1,,1,0,1,0,0,Y,500,1,4,0,0,0,0,0,3,4,1,4,7,7.0,N,,,,,,,,,,,
2020080312,729.0,0,0,0,0,0,0,0,0,0,4,0,,67,9,2020,3,39.9858,-75.1525,728.0,6,0,0,0,0,0,0,0,0,,0,0,0.0,7,1,1,1,,0,39 59:08.941,,0,75 09:08.931,3,0,0,1,67301,0,0,0,N,0,0,0,2,67301,0,,1,1,,N,N,N,1,,1,0,0,3,2,,726,1,2,0,0,0,0,0,3,4,0,2,3,3.0,N,,,,,,,,,,,
2020081544,149.0,3,0,0,0,0,0,0,0,0,6,0,,67,10,2020,6,40.0548,-75.18,149.0,6,0,0,0,0,0,0,0,0,,0,0,0.0,1,3,1,0,N,0,40 03:17.399,,0,75 10:48.160,2,0,0,0,67301,0,0,0,N,0,0,0,1,67301,0,,6,9,,N,N,N,0,,0,1,1,0,0,,149,1,4,0,0,0,0,0,3,4,0,4,7,7.0,N,,,,,,,,,,,
2020083014,1622.0,1,0,0,0,0,0,0,0,0,4,0,,67,10,2020,1,39.9579,-75.1641,1616.0,6,0,0,0,0,0,0,0,0,,0,0,0.0,16,1,1,5,,0,39 57:28.700,,8,75 09:50.900,3,0,0,0,67301,0,0,0,N,0,0,0,3,67301,0,,1,1,,N,N,N,0,,1,0,1,3,2,,1600,1,2,0,0,0,0,0,3,4,0,2,3,3.0,N,,,,,,,,,,,
2020082333,1537.0,1,0,0,0,0,0,0,0,0,4,0,,67,10,2020,7,39.9275,-75.2435,1527.0,6,0,0,0,0,1,0,0,0,,0,0,0.0,12,1,1,1,,0,39 55:38.900,,0,75 14:35.500,8,0,0,0,67301,0,0,0,N,0,0,0,2,67301,0,,1,1,,N,N,N,0,,0,0,1,3,3,,1230,1,2,0,0,0,1,1,3,4,0,2,3,3.0,N,,,,,,,,,,,
2020080866,2200.0,1,0,0,0,0,0,0,0,0,1,0,,67,9,2020,3,39.9757,-75.2631,2159.0,6,0,0,0,0,0,1,0,0,,0,0,0.0,21,3,0,1,,0,39 58:33.000,,0,75 15:47.500,0,0,0,0,67301,0,0,0,N,0,0,0,3,67301,0,,1,9,,N,N,N,0,,0,0,1,3,2,,2155,0,3,0,0,1,0,0,3,4,1,3,7,7.0,N,,,,,,,,,,,
2020081932,305.0,1,0,0,0,0,0,0,0,0,7,0,,67,10,2020,7,39.9924,-75.1651,301.0,6,0,0,1,0,0,0,0,0,,0,0,0.0,3,3,6,2,,0,39 59:32.607,,0,75 09:54.237,2,0,0,0,67301,0,0,0,N,0,0,0,6,67301,2,,4,1,,N,N,N,0,,3,1,0,0,0,,301,6,1,0,0,0,0,0,3,4,0,1,3,3.0,N,,,,,,,,,,,
2020081640,1120.0,2,0,0,0,0,0,0,0,0,4,0,,67,10,2020,5,40.0138,-75.126,1120.0,6,0,0,0,0,0,0,1,0,,0,0,0.0,10,1,0,1,,0,40 00:49.824,,0,75 07:33.527,0,0,0,0,67301,0,0,0,N,0,0,0,2,67301,0,,1,1,,N,N,N,0,,0,0,0,3,2,,1015,0,2,0,0,1,0,0,3,4,0,2,3,3.0,N,,,,,,,,,,,
2020081551,1243.0,2,0,0,0,0,0,0,0,0,4,0,,67,10,2020,6,40.021,-75.1824,1243.0,6,0,0,0,0,0,0,0,0,,0,0,0.0,12,1,0,1,,0,40 01:15.575,,0,75 10:56.764,0,0,0,0,67301,0,0,0,N,0,0,0,2,67301,0,,1,1,,N,N,N,0,,0,0,0,3,3,,1235,0,2,0,0,0,0,0,3,4,0,2,3,3.0,N,,,,,,,,,,,
2020066712,1925.0,2,0,0,0,0,0,0,0,0,4,0,,67,8,2020,2,40.0784,-75.0863,1905.0,6,0,0,0,0,0,0,1,0,,0,0,0.0,18,1,1,0,N,0,40 04:42.200,,7,75 05:10.800,3,0,0,0,67301,0,0,0,N,0,0,0,2,67301,0,,6,1,,N,N,N,1,,1,0,0,0,0,,1847,1,3,0,0,0,0,0,3,4,0,3,3,3.0,N,,,,,,,,,,,
2020068789,2200.0,2,0,0,0,0,0,0,0,0,4,0,,67,8,2020,2,40.0242,-75.0955,2200.0,6,0,0,0,0,0,0,0,0,,0,0,0.0,21,3,2,1,,0,40 01:26.990,,0,75 05:43.929,2,0,1,1,67301,0,0,0,N,0,0,0,5,67301,0,,1,1,,N,N,N,0,,1,1,1,3,2,,2155,2,4,0,0,0,0,2,3,4,0,4,3,3.0,N,,,,,,,,,,,
2020065754,17.0,2,0,0,0,0,0,0,0,0,1,0,,67,8,2020,6,40.1056,-74.9939,1.0,6,0,0,0,0,0,0,0,0,,0,0,0.0,23,3,1,0,N,1,40 06:20.079,4.0,0,74 59:37.862,8,0,0,0,67301,0,0,0,N,0,0,0,3,67301,0,,1,1,215.0,N,N,N,0,,0,0,1,0,0,N,2347,1,3,0,0,0,1,0,3,4,0,3,3,3.0,N,,,,,,,,,,,
2020065851,1100.0,2,0,0,0,0,0,0,0,0,4,0,,67,8,2020,6,39.9381,-75.1684,1100.0,6,0,0,0,0,0,0,0,0,,0,0,0.0,6,1,1,1,,0,39 56:17.034,,0,75 10:06.383,3,0,0,0,67301,0,0,0,N,0,0,0,2,67301,0,,1,1,,N,N,N,0,,1,0,0,3,2,,655,1,2,0,0,0,0,0,3,4,0,2,3,3.0,N,,,,,,,,,,,
2020068245,454.0,0,0,0,0,0,0,0,0,0,7,0,,67,8,2020,1,39.9732,-75.212,448.0,6,0,0,0,0,0,0,0,0,,0,0,0.0,4,3,0,0,N,0,39 58:23.537,,0,75 12:43.176,0,0,0,0,67301,0,0,0,N,0,0,0,2,67301,0,,4,9,,N,N,N,0,,0,0,1,0,0,,445,0,1,0,0,0,0,0,3,4,0,1,7,7.0,N,,,,,,,,,,,
2020069918,44.0,1,0,0,0,0,0,0,0,0,2,0,,67,8,2020,1,39.9331,-75.2378,37.0,6,0,0,0,0,0,0,1,0,,0,0,0.0,0,3,0,0,N,0,39 55:59.062,,0,75 14:16.095,0,0,0,0,67301,0,0,0,N,0,0,0,4,67301,0,,1,1,,N,N,N,0,,0,0,1,0,0,,30,0,2,0,0,0,0,0,3,4,0,2,3,3.0,N,,,,,,,,,,,
2020081737,2051.0,0,0,0,0,0,0,0,0,0,7,0,,67,9,2020,4,39.933,-75.238,2051.0,6,0,0,0,0,0,0,0,0,,0,0,0.0,18,3,1,0,N,0,39 55:58.840,,0,75 14:16.928,8,0,0,1,67301,0,0,0,N,0,0,0,1,67301,0,,4,1,,N,N,N,0,,0,0,0,0,0,,1825,1,1,0,0,0,1,0,3,4,0,1,3,98.0,N,,,,,,,,,,,
2020081636,2326.0,0,0,0,0,0,0,0,0,0,7,0,,67,9,2020,3,39.9962,-75.202,2326.0,6,0,0,0,0,0,1,0,0,,0,0,0.0,21,2,1,0,N,0,39 59:46.170,,0,75 12:07.070,3,0,0,0,67301,0,0,0,N,0,0,0,1,67301,0,,4,9,,N,N,N,0,,1,0,0,0,0,,2141,1,1,0,0,0,0,0,3,4,1,1,7,,N,,,,,,,,,,,
2020084711,1945.0,1,0,0,0,0,0,0,0,0,4,0,,67,9,2020,1,40.0235,-75.1335,1940.0,6,0,0,0,0,0,0,0,0,,0,0,0.0,14,1,1,1,,0,40 01:24.700,,0,75 08:00.200,2,0,0,0,67301,0,0,0,N,0,0,0,2,67301,0,,1,1,,N,N,N,0,,0,1,0,3,2,,1400,1,2,0,0,0,0,0,3,4,0,2,3,3.0,N,,,,,,,,,,,
2020086220,40.0,2,0,0,0,0,0,0,0,0,1,0,,67,9,2020,1,40.0206,-75.1553,33.0,6,0,0,0,0,0,0,0,0,,0,0,0.0,0,3,1,0,N,2,40 01:14.037,2.0,3,75 09:18.964,3,0,0,0,67301,0,0,0,N,0,0,0,2,67301,0,,1,1,330.0,N,N,N,0,,1,0,0,0,0,Y,30,1,2,0,0,0,0,0,3,4,0,2,3,3.0,N,,,,,,,,,,,
2020079521,312.0,1,0,0,0,0,0,0,0,0,7,0,,67,9,2020,7,39.9654,-75.186,302.0,6,0,0,0,0,0,0,0,0,,0,0,0.0,2,3,0,7,,1,39 57:56.100,3.0,2,75 11:11.100,0,0,0,0,67301,0,0,0,N,0,0,0,2,68K01,0,,4,1,328.0,N,N,N,0,,0,0,0,0,0,N,258,0,1,0,0,0,0,0,3,4,0,1,3,3.0,N,,,,,,,,,,,
2020108269,1955.0,0,0,0,0,0,0,0,0,0,8,0,,67,12,2020,2,39.9948,-75.1119,1955.0,6,0,0,0,0,0,0,0,0,,1,0,0.0,19,3,0,0,N,0,39 59:41.361,,0,75 06:42.860,1,0,0,0,67301,1,1,0,N,1,1,0,2,67301,0,2.0,1,1,,N,N,N,0,0.0,0,0,1,0,0,,1955,0,2,0,0,0,0,0,3,4,0,1,3,,N,,,,,,,,,,,
2020068242,1550.0,1,0,0,0,0,0,0,0,0,4,0,,67,8,2020,4,40.0109,-75.0781,1546.0,6,0,0,0,0,0,1,0,0,,0,0,0.0,14,1,0,3,,0,40 00:39.100,,0,75 04:42.000,0,0,0,1,67301,0,0,0,N,0,0,0,2,67301,0,,1,1,,N,N,N,0,,0,0,0,3,3,,1439,0,2,0,0,0,0,0,3,4,0,2,3,3.0,N,,,,,,,,,,,
2020113434,,0,0,0,0,0,0,0,0,0,1,0,,67,2,2020,2,40.061,-75.0831,,6,0,0,0,0,0,0,0,0,,0,0,0.0,9,1,1,2,,0,40 03:39.597,,0,75 04:59.297,8,0,0,0,67301,0,0,0,N,0,0,0,2,00000,0,,1,1,,,,N,0,,0,0,1,3,3,,930,1,2,0,0,0,1,0,3,4,0,2,3,,N,,,,,,,,,,,
2020066778,1455.0,3,0,0,0,0,0,0,0,0,4,0,,67,8,2020,3,40.0214,-75.0521,1443.0,6,0,0,0,1,0,0,0,0,,0,0,0.0,14,1,2,0,N,2,40 01:16.931,2.0,7,75 03:07.489,3,0,0,0,67301,0,0,0,N,0,0,0,4,67301,0,,1,1,100.0,N,N,Y,0,,2,0,0,0,0,N,1438,2,3,0,0,0,0,0,3,4,0,3,3,,N,,,,,,,,,,,
2020067604,255.0,0,0,0,0,0,0,0,0,0,7,0,,67,8,2020,1,39.9602,-75.1802,240.0,6,0,0,0,0,0,0,0,0,,0,0,0.0,2,3,0,0,N,2,39 57:36.558,4.0,3,75 10:48.578,0,0,0,0,67301,0,0,0,N,0,0,0,1,68K01,0,,4,9,305.0,N,N,Y,0,,0,0,1,0,0,N,238,0,1,0,0,0,0,0,3,4,0,1,7,,N,,,,,,,,,,,
2020068094,829.0,1,0,0,0,0,0,0,0,0,7,0,,67,8,2020,1,39.9601,-75.1807,827.0,6,0,0,0,0,0,0,0,0,,0,0,0.0,8,1,0,0,N,2,39 57:36.533,3.0,3,75 10:50.656,0,0,0,0,67301,0,0,0,N,0,0,0,1,68K01,0,,2,9,30.0,N,N,N,0,,0,0,0,0,0,N,826,0,1,0,0,0,0,0,3,4,0,1,7,,N,,,,,,,,,,,
2020110843,,2,0,0,0,0,0,0,0,0,4,0,,67,2,2020,6,39.9387,-75.2184,,6,0,0,1,0,0,0,0,0,,0,0,0.0,14,1,1,2,,0,39 56:19.345,,0,75 13:06.412,8,0,0,0,67301,0,0,0,N,0,0,0,2,00000,0,,1,1,,,,N,0,,0,0,0,3,3,,1400,1,2,0,0,0,1,0,3,4,0,2,3,,N,,,,,,,,,,,