CRN,ARRIVAL_TM,AUTOMOBILE_COUNT,BELTED_DEATH_COUNT,BELTED_SUSP_SERIOUS_INJ_COUNT,BICYCLE_COUNT,BICYCLE_DEATH_COUNT,BICYCLE_SUSP_SERIOUS_INJ_COUNT,BUS_COUNT,CHLDPAS_DEATH_COUNT,CHLDPAS_SUSP_SERIOUS_INJ_COUNT,COLLISION_TYPE,COMM_VEH_COUNT,CONS_ZONE_SPD_LIM,COUNTY,CRASH_MONTH,CRASH_YEAR,DAY_OF_WEEK,DEC_LAT,DEC_LONG,DISPATCH_TM,DISTRICT,DRIVER_COUNT_16YR,DRIVER_COUNT_17YR,DRIVER_COUNT_18YR,DRIVER_COUNT_19YR,DRIVER_COUNT_20YR,DRIVER_COUNT_50_64YR,DRIVER_COUNT_65_74YR,DRIVER_COUNT_75PLUS,EST_HRS_CLOSED,FATAL_COUNT,HEAVY_TRUCK_COUNT,HORSE_BUGGY_COUNT,HOUR_OF_DAY,ILLUMINATION,INJURY_COUNT,INTERSECT_TYPE,INTERSECTION_RELATED,LANE_CLOSED,LATITUDE,LN_CLOSE_DIR,LOCATION_TYPE,LONGITUDE,MAX_SEVERITY_LEVEL,MCYCLE_DEATH_COUNT,MCYCLE_SUSP_SERIOUS_INJ_COUNT,MOTORCYCLE_COUNT,MUNICIPALITY,NONMOTR_COUNT,NONMOTR_DEATH_COUNT,NONMOTR_SUSP_SERIOUS_INJ_COUNT,NTFY_HIWY_MAINT,PED_COUNT,PED_DEATH_COUNT,PED_SUSP_SERIOUS_INJ_COUNT,PERSON_COUNT,POLICE_AGCY,POSSIBLE_INJ_COUNT,RDWY_SURF_TYPE_CD,RELATION_TO_ROAD,ROAD_CONDITION,ROADWAY_CLEARED,SCH_BUS_IND,SCH_ZONE_IND,SECONDARY_CRASH,SMALL_TRUCK_COUNT,SPEC_JURIS_CD,SUSP_MINOR_INJ_COUNT,SUSP_SERIOUS_INJ_COUNT,SUV_COUNT,TCD_FUNC_CD,TCD_TYPE,TFC_DETOUR_IND,TIME_OF_DAY,TOT_INJ_COUNT,TOTAL_UNITS,UNB_DEATH_COUNT,UNB_SUSP_SERIOUS_INJ_COUNT,UNBELTED_OCC_COUNT,UNK_INJ_DEG_COUNT,UNK_INJ_PER_COUNT,URBAN_AREA,URBAN_RURAL,VAN_COUNT,VEHICLE_COUNT,WEATHER1,WEATHER2,WORK_ZONE_IND,WORK_ZONE_LOC,WORK_ZONE_TYPE,WORKERS_PRES,WZ_CLOSE_DETOUR,WZ_FLAGGER,WZ_LAW_OFFCR_IND,WZ_LN_CLOSURE,WZ_MOVING,WZ_OTHER,WZ_SHLDER_MDN,WZ_WORKERS_INJ_KILLED
2020075332,2000.0,1,0,0,0,0,0,0,0,0,1,0,,67,9,2020,5,39.9594,-75.1741,1949.0,6,0,0,0,0,0,0,0,0,,0,0,0.0,19,3,1,0,N,2,39 57:33.873,4.0,0,75 10:26.751,4,0,0,0,67301,0,0,0,N,0,0,0,7,68K01,1,,1,1,2015.0,N,N,N,1,,0,0,1,0,0,N,1947,1,3,0,0,0,0,0,3,4,0,3,3,,N,,,,,,,,,,,
2020080309,1611.0,1,0,0,0,0,0,0,0,0,8,0,,67,9,2020,2,40.1183,-75.0359,1601.0,6,0,0,0,0,0,0,0,0,,0,0,0.0,15,1,1,0,N,0,40 07:05.750,,0,75 02:09.270,3,0,0,0,67301,1,0,0,N,1,0,0,2,67301,0,,1,1,,N,N,N,0,,1,0,0,0,0,,1550,1,2,0,0,0,0,0,3,4,0,1,3,,N,,,,,,,,,,,
2020082036,930.0,1,0,0,0,0,0,0,0,0,4,0,,67,10,2020,6,39.9865,-75.1579,923.0,6,0,0,0,0,0,0,0,0,,0,0,0.0,9,1,1,1,,0,39 59:11.485,,0,75 09:28.427,4,0,0,0,67301,0,0,0,N,0,0,0,2,67301,1,,1,1,,N,N,N,0,,0,0,0,3,2,,911,1,2,0,0,0,0,0,3,4,1,2,3,3.0,N,,,,,,,,,,,
2020082985,55.0,0,0,0,0,0,0,1,0,0,4,1,,67,9,2020,4,39.9666,-75.2398,45.0,6,0,0,0,0,0,0,0,0,,0,0,0.0,0,3,1,1,,0,39 57:59.670,,0,75 14:23.337,8,0,0,0,67301,0,0,0,N,0,0,0,2,67508,0,,1,1,,N,N,Y,0,,0,0,1,3,2,,45,1,2,0,0,0,1,0,3,4,0,2,3,3.0,N,,,,,,,,,,,
2020082332,1455.0,1,0,0,1,0,0,0,0,0,4,0,,67,10,2020,1,40.0832,-74.9721,1447.0,6,0,0,0,0,0,0,0,0,,0,0,0.0,14,1,1,0,N,0,40 04:59.400,,0,74 58:19.600,3,0,0,0,67301,1,0,0,N,0,0,0,2,67301,0,,1,1,,N,N,N,0,,1,0,0,0,0,,1440,1,2,0,0,0,0,0,3,4,0,1,3,3.0,N,,,,,,,,,,,
2020081072,1041.0,1,0,0,0,0,0,0,0,0,4,0,,67,10,2020,5,39.9551,-75.1916,1038.0,6,0,0,0,0,0,1,0,0,,0,0,0.0,10,1,0,1,,0,39 57:18.270,,0,75 11:29.842,0,0,0,0,67301,0,0,0,N,0,0,0,2,67507,0,,1,1,,,,N,1,,0,0,0,3,3,,1035,0,2,0,0,0,0,0,3,4,0,2,3,3.0,N,,,,,,,,,,,
2020096983,1827.0,1,0,0,0,0,0,0,0,0,5,0,,67,9,2020,3,39.9193,-75.1557,1823.0,6,0,0,0,0,0,0,0,0,,0,0,0.0,18,1,1,0,N,2,39 55:09.400,1.0,0,75 09:20.600,3,0,0,0,67301,0,0,0,N,0,0,0,1,67301,0,,6,9,2000.0,N,N,N,0,,1,0,2,0,0,Y,1815,1,4,0,0,0,0,0,3,4,1,4,7,7.0,N,,,,,,,,,,,
2020079883,2127.0,4,0,0,0,0,0,0,0,0,6,0,,67,9,2020,7,39.9903,-75.1867,2123.0,6,0,0,0,0,0,0,0,0,,0,0,0.0,21,3,0,2,,0,39 59:24.820,,0,75 11:12.182,9,0,0,0,67301,0,0,0,N,0,0,0,2,67301,0,,1,1,,N,N,N,0,,0,0,0,3,2,,2110,0,4,0,0,0,0,1,3,4,0,4,3,3.0,N,,,,,,,,,,,
2020080710,2015.0,1,0,0,0,0,0,0,0,0,4,0,,67,9,2020,7,40.1317,-75.0122,2013.0,6,0,0,0,0,0,1,0,0,,0,0,0.0,20,3,1,1,,1,40 07:54.080,2.0,0,75 00:44.260,3,0,0,0,67301,0,0,0,N,0,0,0,3,67301,0,,1,1,2135.0,N,N,N,0,,1,0,1,3,2,N,2011,1,3,0,0,0,0,0,3,4,1,3,3,,N,,,,,,,,,,,
2020085036,1700.0,1,0,0,0,0,0,0,0,0,1,0,,67,9,2020,7,39.9218,-75.1906,1700.0,6,0,0,0,0,0,0,0,0,,0,0,0.0,9,1,0,0,N,0,39 55:18.456,,1,75 11:26.125,0,0,0,0,67301,0,0,0,N,0,0,0,2,67301,0,,1,99,,N,N,Y,0,,0,0,1,0,0,,930,0,2,0,0,0,0,0,3,4,0,2,99,,N,,,,,,,,,,,
2020066884,1747.0,2,0,0,0,0,0,0,0,0,4,0,,67,8,2020,1,39.9572,-75.2275,1745.0,6,0,0,1,0,0,0,0,0,,0,0,0.0,17,1,2,1,,0,39 57:25.949,,0,75 13:38.934,3,0,0,0,67301,0,0,0,N,0,0,0,10,67301,0,,1,1,,N,N,N,0,,2,0,0,3,2,,1740,2,4,0,0,0,0,3,3,4,2,4,4,,N,,,,,,,,,,,
2020073986,930.0,1,0,0,0,0,0,0,0,0,4,0,,67,9,2020,7,40.0595,-75.052,930.0,6,0,0,0,0,0,0,0,0,,0,0,0.0,9,1,1,1,,0,40 03:34.246,,0,75 03:07.165,8,0,0,0,67301,0,0,0,N,0,0,0,2,67301,0,,1,1,,N,N,Y,0,,0,0,1,3,2,,910,1,2,0,0,0,1,0,3,4,0,2,3,,N,,,,,,,,,,,
2020065772,1120.0,0,0,0,0,0,0,0,0,0,8,0,,67,8,2020,6,39.9773,-75.1581,1119.0,6,0,0,0,0,0,0,0,0,,0,0,0.0,11,1,1,1,,0,39 58:38.118,,0,75 09:29.146,3,0,0,0,67301,1,0,0,N,1,0,0,3,67301,0,,1,1,,N,N,N,0,,1,0,0,3,2,,1118,1,2,0,0,0,0,2,3,4,1,1,3,3.0,N,,,,,,,,,,,
2020071753,822.0,2,0,0,0,0,0,0,0,0,2,0,,67,8,2020,1,39.9765,-75.1864,815.0,6,0,0,0,0,0,1,0,0,,0,0,0.0,8,1,1,0,N,0,39 58:35.272,,0,75 11:10.918,3,0,0,0,67301,0,0,0,N,0,0,0,2,67301,0,,1,1,,N,N,N,0,,1,0,0,3,3,,810,1,2,0,0,0,0,0,3,4,0,2,3,3.0,N,,,,,,,,,,,
2020067526,3.0,1,0,0,0,0,0,0,0,0,6,0,,67,8,2020,2,39.9606,-75.2302,0.0,6,0,0,0,0,0,0,0,0,,0,0,0.0,23,3,1,2,,0,39 57:38.200,,1,75 13:49.100,4,0,0,0,67301,0,0,0,N,0,0,0,1,67301,1,,1,1,,N,N,N,1,,0,0,1,0,0,,2337,1,3,0,0,0,0,0,3,4,0,3,3,3.0,N,,,,,,,,,,,
2020067016,1730.0,2,0,0,0,0,0,0,0,0,1,0,,67,8,2020,4,40.0624,-75.1553,1719.0,6,0,0,0,0,0,0,0,0,,0,0,0.0,15,1,1,1,,0,40 03:44.765,,0,75 09:18.950,3,0,0,0,67301,0,0,0,N,0,0,0,3,67301,0,,1,1,,N,N,N,0,,1,0,0,3,2,,1509,1,2,0,0,3,0,1,3,4,0,2,3,,N,,,,,,,,,,,
2020066458,1210.0,1,0,0,0,0,0,0,0,0,8,0,,67,8,2020,2,40.0483,-75.1452,2009.0,6,0,0,0,0,0,0,0,0,,0,0,0.0,12,1,1,0,N,0,40 02:53.890,,0,75 08:42.750,2,0,0,0,67301,1,0,1,N,1,0,1,2,67301,0,,6,1,,N,N,N,0,,0,1,0,0,0,,1204,1,2,0,0,0,0,0,3,4,0,1,3,3.0,N,,,,,,,,,,,
2020065844,101.0,0,0,0,0,0,0,0,0,0,4,0,,67,8,2020,7,39.9301,-75.2192,56.0,6,0,0,0,0,0,0,0,0,,0,0,0.0,0,3,1,1,,0,39 55:48.070,,0,75 13:09.172,3,0,0,0,67301,2,0,0,N,0,0,0,3,67301,0,,1,1,,N,N,N,0,,1,0,1,3,2,,50,1,2,0,0,0,0,2,3,4,0,2,3,3.0,N,,,,,,,,,,,
2020064154,359.0,1,0,0,0,0,0,0,0,0,5,0,,67,8,2020,2,39.9447,-75.1866,353.0,6,0,0,0,0,0,0,0,0,,0,0,0.0,3,3,0,0,N,0,39 56:40.920,,0,75 11:11.690,9,0,0,0,67301,0,0,0,N,0,0,0,1,67301,0,,6,1,,N,N,N,0,,0,0,2,0,0,,315,0,3,0,0,0,0,1,3,4,0,3,3,3.0,N,,,,,,,,,,,
2020113248,645.0,1,0,0,0,0,0,0,0,0,5,1,,67,12,2020,6,39.8932,-75.1966,640.0,6,0,0,0,0,0,1,0,0,,0,1,0.0,6,1,0,0,N,2,39 53:40.895,2.0,0,75 11:40.157,0,0,0,0,67301,0,0,0,N,0,0,0,2,68K01,0,,1,1,655.0,N,N,N,0,,0,0,0,0,0,N,640,0,2,0,0,0,0,0,3,4,0,2,3,3.0,N,,,,,,,,,,,
2020066569,808.0,0,0,0,1,0,0,0,0,0,4,0,,67,8,2020,5,39.9377,-75.1533,805.0,6,0,0,0,0,0,0,1,0,,0,0,0.0,8,1,1,1,,0,39 56:15.863,,0,75 09:11.861,3,0,0,0,67301,1,0,0,N,0,0,0,2,67301,0,,1,1,,N,N,N,0,,1,0,1,3,3,,803,1,2,0,0,0,0,0,3,4,0,1,4,4.0,N,,,,,,,,,,,
2020063959,845.0,0,0,0,0,0,0,0,0,0,8,0,,67,8,2020,2,39.9867,-75.1595,841.0,6,0,0,0,0,0,0,0,0,,0,0,0.0,8,1,1,1,,0,39 59:12.227,,0,75 09:34.174,2,0,0,0,67301,1,0,1,N,1,0,1,2,67301,0,,1,1,,N,N,N,0,,0,1,1,3,2,,840,1,2,0,0,0,0,0,3,4,0,1,3,3.0,N,,,,,,,,,,,
2020073068,1240.0,1,0,0,0,0,0,0,0,0,4,0,,67,9,2020,7,40.0504,-75.1531,1240.0,6,0,0,0,0,0,0,1,0,,0,0,0.0,11,1,0,1,,0,40 03:01.414,,0,75 09:11.224,9,0,0,0,67301,0,0,0,N,0,0,0,2,67301,0,,1,1,,N,N,N,0,,0,0,0,3,3,,1100,0,2,0,0,0,0,1,3,4,1,2,3,,N,,,,,,,,,,,
2020073060,215.0,1,0,0,0,0,0,0,0,0,4,0,,67,9,2020,2,39.958,-75.2335,211.0,6,0,0,0,0,0,0,0,0,,0,0,0.0,1,3,0,1,,1,39 57:28.630,4.0,0,75 14:00.608,0,0,0,0,67301,0,0,0,N,0,0,0,2,67301,0,,1,1,320.0,N,N,N,0,,0,0,1,3,2,N,133,0,2,0,0,0,0,0,3,4,0,2,3,3.0,N,,,,,,,,,,,
2020073991,151.0,1,0,0,0,0,0,0,0,0,7,0,,67,9,2020,1,40.0244,-75.1479,147.0,6,0,0,0,0,0,0,0,0,,0,0,0.0,1,3,2,0,N,1,40 01:27.905,2.0,0,75 08:52.565,3,0,0,0,67301,1,0,0,N,1,0,0,2,67301,0,,3,1,400.0,N,N,N,0,,2,0,0,0,0,Y,144,2,2,0,0,0,0,0,3,4,0,1,3,3.0,N,,,,,,,,,,,
2020068080,1421.0,1,0,0,0,0,0,0,0,0,5,0,,67,8,2020,5,40.0151,-75.054,1404.0,6,1,0,0,0,0,1,0,0,,0,0,0.0,13,1,0,0,N,1,40 00:54.218,1.0,0,75 03:14.304,0,0,0,0,67301,0,0,0,N,0,0,0,2,68K01,0,,1,1,1420.0,N,N,N,0,,0,0,1,0,0,N,1339,0,2,0,0,0,0,0,3,4,0,2,7,,N,,,,,,,,,,,
2020065835,100.0,0,0,0,0,0,0,0,0,0,8,0,,67,8,2020,5,39.9297,-75.2197,58.0,6,0,0,0,0,0,0,0,0,,0,0,0.0,0,3,1,2,,0,39 55:46.732,,0,75 13:11.078,8,0,0,0,67301,1,0,0,N,1,0,0,2,67301,0,,1,1,,N,N,N,0,,0,0,0,0,0,,53,1,2,0,0,0,1,0,3,4,0,1,3,3.0,N,,,,,,,,,,,
2020064940,1608.0,1,0,0,0,0,0,0,0,0,4,0,,67,8,2020,4,39.9704,-75.1502,1604.0,6,0,0,0,0,0,0,0,0,,0,0,0.0,15,1,0,0,N,0,39 58:13.566,,0,75 09:00.784,0,0,0,0,67301,0,0,0,N,0,0,0,1,67301,0,,1,9,,N,N,N,1,,0,0,0,0,0,,1555,0,2,0,0,1,0,0,3,4,0,2,7,7.0,N,,,,,,,,,,,
2020112977,319.0,1,0,0,0,0,0,0,0,0,6,1,,67,12,2020,4,39.9788,-75.0967,305.0,6,0,0,0,0,0,0,0,0,,0,1,0.0,1,3,1,0,N,2,39 58:43.748,5.0,0,75 05:48.298,4,0,0,0,67301,1,0,0,N,0,0,0,2,67301,1,,6,1,500.0,N,N,N,0,,0,0,0,0,0,Y,156,1,2,0,0,0,0,0,3,4,0,2,3,3.0,N,,,,,,,,,,,
2020063781,114.0,1,0,0,0,0,0,0,0,0,5,0,,67,8,2020,1,39.969,-75.2253,114.0,6,0,0,0,0,0,0,0,0,,0,0,0.0,1,3,1,0,N,0,39 58:08.517,,0,75 13:31.033,3,0,0,0,67301,0,0,0,N,0,0,0,2,67301,0,,1,1,,N,N,N,0,,1,0,1,0,0,,113,1,2,0,0,0,0,0,3,4,0,2,3,,N,,,,,,,,,,,
2020112768,1416.0,1,0,0,0,0,0,0,0,0,7,0,,67,12,2020,7,39.9815,-75.2241,1409.0,6,0,0,0,0,0,0,1,0,,0,0,0.0,14,1,1,1,N,1,39 58:53.467,2.0,0,75 13:26.630,3,0,0,0,67301,0,0,0,N,0,0,0,4,68K01,0,,4,1,1604.0,N,N,N,0,,1,0,1,0,0,Y,1408,1,2,0,0,0,0,0,3,4,0,2,3,,N,,,,,,,,,,,
2020112394,2115.0,1,0,0,0,0,0,0,0,0,1,0,,67,12,2020,6,40.132,-75.0121,2112.0,6,0,0,0,0,0,2,0,0,,0,0,0.0,21,3,1,0,N,1,40 07:55.057,2.0,0,75 00:43.502,8,0,0,0,67301,0,0,0,N,0,0,0,3,67301,0,,1,1,2130.0,N,N,N,1,,0,0,0,0,0,N,2110,1,2,0,0,0,1,0,3,4,0,2,3,,N,,,,,,,,,,,
2020064129,2215.0,1,0,0,1,0,0,0,0,0,6,0,,67,8,2020,2,39.957,-75.2013,2211.0,6,0,0,0,0,0,0,0,0,,0,0,0.0,22,3,1,0,N,2,39 57:25.322,3.0,0,75 12:04.703,3,0,0,0,67301,1,0,0,N,0,0,0,2,67504,0,,6,1,2250.0,N,N,N,0,,1,0,0,0,0,Y,2211,1,2,0,0,1,0,0,3,4,0,1,3,,N,,,,,,,,,,,
2020113272,1610.0,0,0,0,0,0,0,0,0,0,1,0,,67,12,2020,2,39.9996,-75.1953,1606.0,6,0,0,0,0,0,0,0,0,,0,0,0.0,16,1,1,0,N,0,39 59:58.635,,0,75 11:43.250,4,0,0,0,67301,0,0,0,N,0,0,0,2,68K01,1,,1,9,,N,N,N,0,,0,0,1,0,0,,1604,1,2,0,0,0,0,1,3,4,0,2,3,,N,,,,,,,,,,,
2020065769,1904.0,3,0,0,0,0,0,0,0,0,5,0,,67,8,2020,4,39.9406,-75.2347,1901.0,6,0,0,0,0,0,0,0,0,,0,0,0.0,19,1,0,0,N,2,39 56:26.210,4.0,0,75 14:05.010,0,0,0,0,67301,0,0,0,N,0,0,0,2,67301,0,,6,9,2045.0,N,N,N,0,,0,0,1,0,0,Y,1901,0,4,0,0,0,0,0,3,4,0,4,7,4.0,N,,,,,,,,,,,
2020113231,102.0,0,0,0,0,0,0,0,0,0,7,1,,67,12,2020,7,39.9517,-75.1415,50.0,6,0,0,0,0,0,0,0,0,,0,1,0.0,0,3,1,6,,1,39 57:06.151,2.0,2,75 08:29.297,8,0,0,0,67301,0,0,0,N,0,0,0,1,68K01,0,,4,9,409.0,N,N,N,0,,0,0,0,0,0,N,49,1,1,0,0,0,1,0,3,4,0,1,7,,N,,,,,,,,,,,
2020065340,1550.0,5,0,0,0,0,0,0,0,0,1,0,,67,8,2020,5,39.9865,-75.1089,1548.0,6,0,0,0,0,0,0,0,0,,0,0,0.0,15,1,0,0,N,0,39 59:11.420,,0,75 06:31.890,0,0,0,0,67301,0,0,0,N,0,0,0,1,67301,0,,6,9,,N,N,N,0,,0,0,0,0,0,,1528,0,5,0,0,0,0,0,3,4,0,5,7,4.0,N,,,,,,,,,,,
2020065954,1927.0,2,0,0,0,0,0,0,0,0,5,0,,67,8,2020,4,39.9951,-75.1178,1910.0,6,0,0,0,0,0,0,0,0,,0,0,0.0,19,1,0,0,N,2,39 59:42.480,1.0,0,75 07:04.140,0,0,0,0,67301,0,0,0,N,0,0,0,1,67301,0,,6,1,2120.0,N,N,N,0,,0,0,0,0,0,Y,1900,0,3,0,0,1,0,0,3,4,1,3,3,4.0,N,,,,,,,,,,,
2020093917,1838.0,3,0,0,0,0,0,0,0,0,5,0,,67,11,2020,4,40.0997,-75.0366,1833.0,6,0,0,0,0,0,1,0,0,,0,0,0.0,18,3,0,0,N,0,40 05:58.980,,0,75 02:11.650,0,0,0,0,67301,0,0,0,N,0,0,0,1,67301,0,,6,1,,N,N,Y,0,,0,0,2,0,0,,1825,0,6,0,0,0,0,0,3,4,1,6,3,3.0,N,,,,,,,,,,,
2020072572,2343.0,1,0,0,0,0,0,0,0,0,7,0,,67,9,2020,7,39.9777,-75.1639,2338.0,6,0,0,0,0,0,1,0,0,,0,0,0.0,23,3,0,0,N,2,39 58:39.600,1.0,0,75 09:49.900,9,0,0,0,67301,0,0,0,N,0,0,0,1,67505,0,,4,1,38.0,N,N,N,0,,0,0,0,0,0,Y,2335,0,1,0,0,0,0,1,3,4,0,1,3,3.0,N,,,,,,,,,,,
2020072121,55.0,1,0,0,0,0,0,0,0,0,4,0,,67,9,2020,4,40.0348,-75.0711,47.0,6,0,0,0,0,0,0,0,0,,0,0,0.0,0,3,2,1,,1,40 02:05.146,1.0,0,75 04:15.791,2,0,0,0,67301,0,0,0,N,0,0,0,2,67301,0,,1,1,135.0,N,N,N,0,,1,1,1,3,2,N,44,2,2,0,0,0,0,0,3,4,0,2,3,3.0,N,,,,,,,,,,,
2020073249,2212.0,1,0,0,0,0,0,0,0,0,8,0,,67,9,2020,7,39.9364,-75.219,2207.0,6,0,0,0,0,0,0,0,0,,0,0,0.0,22,3,1,1,,0,39 56:10.978,,0,75 13:08.360,4,0,0,0,67301,1,0,0,N,1,0,0,2,67301,1,,1,1,,N,N,N,0,,0,0,0,3,2,,2206,1,2,0,0,0,0,0,3,4,0,1,3,3.0,N,,,,,,,,,,,
2020074540,1800.0,1,0,0,0,0,0,0,0,0,5,0,55.0,67,9,2020,6,40.0254,-75.0289,1756.0,6,0,0,0,0,0,1,0,0,,0,0,0.0,17,1,0,0,N,0,40 01:31.580,,0,75 01:44.098,0,0,0,0,67301,0,0,0,N,0,0,0,2,68K01,0,,1,1,,N,N,N,1,,0,0,0,0,0,,1749,0,2,0,0,0,0,0,3,4,0,2,3,3.0,Y,2.0,1.0,N,,,N,Y,,,Y,N
2020071503,2307.0,0,0,0,0,0,0,0,0,0,7,0,,67,8,2020,1,39.977,-75.1136,2258.0,6,0,1,0,0,0,0,0,0,,0,0,0.0,22,3,0,0,N,1,39 58:37.021,2.0,0,75 06:49.024,0,0,0,0,67301,0,0,0,N,0,0,0,1,68K01,0,,4,1,45.0,N,N,N,0,,0,0,1,0,0,N,2251,0,1,0,0,0,0,0,3,4,0,1,3,3.0,N,,,,,,,,,,,
2020074452,2345.0,1,0,0,0,0,0,0,0,0,2,0,,67,9,2020,2,40.0101,-75.1578,2330.0,6,0,0,0,0,0,0,0,0,,0,0,0.0,23,3,0,0,N,0,40 00:36.379,,0,75 09:28.284,0,0,0,0,67301,0,0,0,N,0,0,0,1,67301,0,,1,1,,N,N,N,0,,0,0,1,0,0,,2326,0,2,0,0,0,0,0,3,4,0,2,3,3.0,N,,,,,,,,,,,
2020074321,1140.0,1,0,0,0,0,0,0,0,0,4,0,,67,9,2020,7,39.9631,-75.2023,1130.0,6,0,1,0,0,0,0,0,0,,0,0,0.0,10,1,1,1,,0,39 57:47.385,,0,75 12:08.435,3,0,0,0,67301,0,0,0,N,0,0,0,1,67301,0,,1,1,,N,N,N,0,,1,0,2,3,2,,1030,1,3,0,0,0,0,0,3,4,0,3,3,3.0,N,,,,,,,,,,,
2020072094,2225.0,1,0,0,0,0,0,0,0,0,1,0,,67,9,2020,4,39.9551,-75.2103,2222.0,6,0,0,0,0,0,0,0,0,,0,0,0.0,22,3,1,0,N,0,39 57:18.279,,0,75 12:36.932,3,0,0,0,67301,0,0,0,N,0,0,0,3,67301,0,,1,9,,N,N,N,0,,1,0,0,0,0,,2211,1,2,0,0,0,0,0,3,4,1,2,7,7.0,N,,,,,,,,,,,
2020084804,1909.0,1,0,0,0,0,0,0,0,0,8,0,,67,10,2020,1,39.9582,-75.2291,1907.0,6,0,0,0,0,0,1,0,0,,0,0,0.0,19,3,1,1,,0,39 57:29.437,,99,75 13:44.774,3,0,0,0,67301,1,0,0,N,1,0,0,2,67301,0,,1,1,,N,N,N,0,,1,0,0,0,0,,1900,1,2,0,0,0,0,0,3,4,0,1,3,98.0,N,,,,,,,,,,,
2020112983,1649.0,1,0,0,0,0,0,0,0,0,8,0,,67,12,2020,2,39.9961,-75.1142,1649.0,6,0,0,0,0,0,0,0,0,,0,0,0.0,16,4,1,0,N,1,39 59:45.840,2.0,0,75 06:51.180,3,0,0,0,67301,1,0,0,N,1,0,0,2,67301,0,,6,1,20.0,N,N,N,0,,1,0,0,0,0,Y,1649,1,2,0,0,0,0,0,3,4,0,1,3,,N,,,,,,,,,,,
2020065246,2220.0,1,0,0,0,0,0,0,0,0,4,0,,67,8,2020,5,40.0077,-75.1515,2218.0,6,0,0,0,0,0,0,0,0,,0,0,0.0,22,3,0,1,,0,40 00:27.651,,0,75 09:05.709,0,0,0,0,67301,0,0,0,N,0,0,0,4,67505,0,,1,1,,N,N,Y,0,,0,0,1,3,2,,2212,0,2,0,0,0,0,0,3,4,0,2,3,3.0,N,,,,,,,,,,,
2020113982,2332.0,1,0,0,0,0,0,0,0,0,1,0,,67,12,2020,7,40.002,-75.1945,2328.0,6,0,0,0,0,0,0,0,0,,0,0,0.0,23,3,1,0,N,0,40 00:07.292,,0,75 11:40.251,3,0,0,0,67301,0,0,0,N,0,0,0,2,68K01,0,,1,1,,N,N,N,0,,1,0,1,0,0,,2327,1,2,0,0,0,0,0,3,4,0,2,3,,N,,,,,,,,,,,
2020113981,2147.0,1,0,0,0,0,0,0,0,0,1,0,,67,12,2020,7,39.9612,-75.1824,2123.0,6,0,0,1,0,0,0,0,0,,0,0,0.0,21,3,0,7,N,1,39 57:40.397,3.0,2,75 10:56.651,9,0,0,0,67301,0,0,0,N,0,0,0,2,68K01,0,,1,1,2210.0,N,N,N,0,,0,0,1,0,0,N,2122,0,2,0,0,0,0,1,3,4,0,2,3,,N,,,,,,,,,,,
2020064762,1623.0,1,0,0,0,0,0,0,0,0,4,0,,67,8,2020,1,39.973,-75.1821,1609.0,6,0,0,0,0,0,0,1,0,,0,0,0.0,16,1,1,1,,0,39 58:22.796,,0,75 10:55.711,3,0,0,0,67301,0,0,0,N,0,0,0,3,67301,0,,1,1,,N,N,N,0,,1,0,1,3,2,,1608,1,2,0,0,0,0,0,3,4,0,2,3,3.0,N,,,,,,,,,,,
2020112961,1746.0,1,0,0,0,0,0,0,0,0,1,0,,67,12,2020,2,40.1152,-75.0212,1743.0,6,0,0,0,0,0,0,0,0,,0,0,0.0,17,1,1,0,N,0,40 06:54.636,,0,75 01:16.415,3,0,0,0,67301,0,0,0,N,0,0,0,3,67301,0,,1,1,,N,N,N,0,,1,0,1,0,0,,1740,1,2,0,0,3,0,0,3,4,0,2,3,3.0,N,,,,,,,,,,,
2020113998,1050.0,1,0,0,0,0,0,0,0,0,1,0,,67,12,2020,3,39.9658,-75.1863,1045.0,6,0,0,0,0,0,1,0,0,,0,0,0.0,10,1,0,0,N,1,39 57:56.768,4.0,0,75 11:10.578,0,0,0,0,67301,0,0,0,N,0,0,0,5,68K01,0,,1,1,1150.0,N,N,N,0,,0,0,1,0,0,N,1044,0,2,0,0,0,0,0,3,4,0,2,3,,N,,,,,,,,,,,
2020066112,1241.0,2,0,0,0,0,0,0,0,0,4,0,,67,8,2020,5,39.9405,-75.2189,1236.0,6,0,0,0,0,0,1,0,0,,0,0,0.0,12,1,2,1,,0,39 56:25.922,,0,75 13:08.059,8,0,0,0,67301,0,0,0,N,0,0,0,3,67301,0,,1,9,,N,N,N,1,,0,0,2,3,2,,1230,2,5,0,0,1,2,1,3,4,0,5,7,7.0,N,,,,,,,,,,,
2020064134,355.0,0,0,0,1,0,0,0,0,0,1,0,,67,8,2020,2,39.9391,-75.1935,350.0,6,0,0,0,0,0,0,0,0,,0,0,0.0,3,3,1,0,N,0,39 56:20.600,,0,75 11:36.700,3,0,0,0,67301,1,0,0,N,0,0,0,2,67301,0,,1,1,,N,N,N,0,,1,0,0,0,0,,340,1,2,0,0,0,0,0,3,4,0,1,3,3.0,N,,,,,,,,,,,
2020082381,1531.0,1,0,0,0,0,0,0,0,0,7,0,,67,9,2020,1,39.9297,-75.1977,1522.0,6,0,0,0,0,0,0,0,0,,0,0,0.0,15,1,0,0,N,1,39 55:47.050,4.0,0,75 11:51.870,0,0,0,0,67301,0,0,0,N,0,0,0,1,68K01,0,,2,1,15.0,N,N,N,0,,0,0,0,0,0,N,1512,0,1,0,0,0,0,0,3,4,0,1,3,3.0,N,,,,,,,,,,,