CRN,ARRIVAL_TM,AUTOMOBILE_COUNT,BELTED_DEATH_COUNT,BELTED_SUSP_SERIOUS_INJ_COUNT,BICYCLE_COUNT,BICYCLE_DEATH_COUNT,BICYCLE_SUSP_SERIOUS_INJ_COUNT,BUS_COUNT,CHLDPAS_DEATH_COUNT,CHLDPAS_SUSP_SERIOUS_INJ_COUNT,COLLISION_TYPE,COMM_VEH_COUNT,CONS_ZONE_SPD_LIM,COUNTY,CRASH_MONTH,CRASH_YEAR,DAY_OF_WEEK,DEC_LAT,DEC_LONG,DISPATCH_TM,DISTRICT,DRIVER_COUNT_16YR,DRIVER_COUNT_17YR,DRIVER_COUNT_18YR,DRIVER_COUNT_19YR,DRIVER_COUNT_20YR,DRIVER_COUNT_50_64YR,DRIVER_COUNT_65_74YR,DRIVER_COUNT_75PLUS,EST_HRS_CLOSED,FATAL_COUNT,HEAVY_TRUCK_COUNT,HORSE_BUGGY_COUNT,HOUR_OF_DAY,ILLUMINATION,INJURY_COUNT,INTERSECT_TYPE,INTERSECTION_RELATED,LANE_CLOSED,LATITUDE,LN_CLOSE_DIR,LOCATION_TYPE,LONGITUDE,MAX_SEVERITY_LEVEL,MCYCLE_DEATH_COUNT,MCYCLE_SUSP_SERIOUS_INJ_COUNT,MOTORCYCLE_COUNT,MUNICIPALITY,NONMOTR_COUNT,NONMOTR_DEATH_COUNT,NONMOTR_SUSP_SERIOUS_INJ_COUNT,NTFY_HIWY_MAINT,PED_COUNT,PED_DEATH_COUNT,PED_SUSP_SERIOUS_INJ_COUNT,PERSON_COUNT,POLICE_AGCY,POSSIBLE_INJ_COUNT,RDWY_SURF_TYPE_CD,RELATION_TO_ROAD,ROAD_CONDITION,ROADWAY_CLEARED,SCH_BUS_IND,SCH_ZONE_IND,SECONDARY_CRASH,SMALL_TRUCK_COUNT,SPEC_JURIS_CD,SUSP_MINOR_INJ_COUNT,SUSP_SERIOUS_INJ_COUNT,SUV_COUNT,TCD_FUNC_CD,TCD_TYPE,TFC_DETOUR_IND,TIME_OF_DAY,TOT_INJ_COUNT,TOTAL_UNITS,UNB_DEATH_COUNT,UNB_SUSP_SERIOUS_INJ_COUNT,UNBELTED_OCC_COUNT,UNK_INJ_DEG_COUNT,UNK_INJ_PER_COUNT,URBAN_AREA,URBAN_RURAL,VAN_COUNT,VEHICLE_COUNT,WEATHER1,WEATHER2,WORK_ZONE_IND,WORK_ZONE_LOC,WORK_ZONE_TYPE,WORKERS_PRES,WZ_CLOSE_DETOUR,WZ_FLAGGER,WZ_LAW_OFFCR_IND,WZ_LN_CLOSURE,WZ_MOVING,WZ_OTHER,WZ_SHLDER_MDN,WZ_WORKERS_INJ_KILLED
2020072090,821.0,1,0,0,0,0,0,0,0,0,7,0,,67,9,2020,4,40.0934,-75.0137,811.0,6,0,0,0,0,0,0,0,0,,0,0,0.0,8,1,1,0,N,0,40 05:36.260,,0,75 00:49.320,3,0,0,0,67301,0,0,0,N,0,0,0,1,67301,0,,4,1,,N,N,N,0,,1,0,0,0,0,,805,1,1,0,0,0,0,0,3,4,0,1,3,3.0,N,,,,,,,,,,,
2020073059,2359.0,1,0,0,0,0,0,0,0,0,4,0,,67,8,2020,2,39.955,-75.2382,2359.0,6,0,0,0,0,0,0,0,0,,0,0,0.0,23,3,3,1,,0,39 57:17.996,,0,75 14:17.404,3,0,0,0,67301,0,0,0,Y,0,0,0,3,67301,0,,1,1,,N,N,N,0,,3,0,1,3,2,,2355,3,2,0,0,0,0,0,3,4,0,2,3,3.0,N,,,,,,,,,,,
2020074584,1622.0,1,0,0,0,0,0,0,0,0,1,0,,67,9,2020,1,39.9334,-75.1811,1622.0,6,0,0,0,0,0,0,1,0,,0,0,0.0,15,1,2,1,,0,39 56:00.144,,0,75 10:52.122,3,0,0,0,67301,1,0,0,N,1,0,0,3,67301,0,,1,1,,N,N,N,0,,2,0,0,3,2,,1553,2,3,0,0,1,0,0,3,4,0,2,3,3.0,N,,,,,,,,,,,
2020074092,1830.0,0,0,0,0,0,0,0,0,0,5,0,,67,9,2020,5,40.0353,-75.0438,1827.0,6,0,0,0,0,0,0,1,0,,0,0,0.0,18,1,1,0,N,0,40 02:07.113,,0,75 02:37.542,4,0,0,1,67301,0,0,0,N,0,0,0,2,67301,1,,1,9,,N,N,N,0,,0,0,1,0,0,,1822,1,2,0,0,0,0,0,3,4,0,2,7,7.0,N,,,,,,,,,,,
2020071500,503.0,2,0,0,0,0,0,0,0,0,7,0,,67,8,2020,1,39.9748,-75.1944,502.0,6,0,0,0,0,0,0,0,0,,0,0,0.0,5,3,0,0,N,1,39 58:29.268,3.0,0,75 11:39.890,0,0,0,0,67301,0,0,0,N,0,0,0,2,68K01,0,,3,1,516.0,N,N,Y,0,,0,0,0,0,0,N,501,0,2,0,0,0,0,0,3,4,0,2,3,3.0,N,,,,,,,,,,,
2020072395,1533.0,2,0,0,0,0,0,0,0,0,1,0,,67,9,2020,5,39.9481,-75.222,1524.0,6,0,0,0,0,0,1,0,0,,0,0,0.0,15,1,1,0,N,0,39 56:53.125,,0,75 13:19.066,3,0,0,0,67301,0,0,0,N,0,0,0,4,67301,0,,1,1,,N,N,N,0,,1,0,1,0,0,,1524,1,4,0,0,2,0,1,3,4,1,4,3,,N,,,,,,,,,,,
2020072583,205.0,1,0,0,0,0,0,0,0,0,2,0,,67,9,2020,7,40.0005,-75.1432,202.0,6,0,0,0,0,0,0,0,0,,0,0,0.0,2,3,1,0,N,1,40 00:01.931,3.0,0,75 08:35.638,2,0,1,1,67301,0,0,0,N,0,0,0,3,67301,0,,1,1,445.0,N,N,N,0,,0,1,0,0,0,N,200,1,2,0,0,0,0,0,3,4,0,2,3,3.0,N,,,,,,,,,,,
2020073372,2259.0,0,0,0,0,0,0,0,0,0,4,0,,67,9,2020,2,39.9616,-75.1518,2241.0,6,0,0,0,0,0,0,0,0,,0,0,0.0,22,3,2,1,,0,39 57:41.635,,0,75 09:06.445,3,0,0,0,67301,0,0,0,N,0,0,0,3,67301,0,,1,1,,N,N,N,0,,2,0,2,3,2,,2230,2,2,0,0,0,0,1,3,4,0,2,3,3.0,N,,,,,,,,,,,
2020073263,1600.0,0,0,0,0,0,0,0,0,0,8,0,,67,9,2020,6,39.9696,-75.1407,1539.0,6,0,0,0,0,0,0,0,0,,0,0,0.0,14,1,1,1,,0,39 58:10.600,,0,75 08:26.370,3,0,0,0,67301,1,0,0,N,1,0,0,2,67301,0,,1,1,,N,N,N,0,,1,0,0,3,2,,1445,1,2,0,0,0,0,0,3,4,0,1,3,3.0,N,,,,,,,,,,,
2020064158,248.0,1,0,0,0,0,0,0,0,0,7,0,,67,8,2020,2,39.966,-75.1312,248.0,6,0,0,0,0,0,0,0,0,,0,0,0.0,2,3,0,0,N,1,39 57:57.358,1.0,7,75 07:53.109,0,0,0,0,67301,0,0,0,N,0,0,0,1,67301,0,,3,1,43.0,N,N,N,0,,0,0,0,3,2,N,245,0,1,0,0,0,0,0,3,4,0,1,3,3.0,N,,,,,,,,,,,
2020065775,530.0,1,0,0,0,0,0,0,0,0,4,0,,67,8,2020,5,40.0047,-75.1521,526.0,6,0,0,0,0,0,0,0,0,,0,0,0.0,5,3,2,1,,1,40 00:16.847,6.0,0,75 09:07.652,4,0,0,0,67301,0,0,0,N,0,0,0,3,67301,2,,1,1,700.0,N,N,N,0,,0,0,1,3,2,N,523,2,2,0,0,0,0,0,3,4,0,2,4,3.0,N,,,,,,,,,,,
2020064763,1024.0,1,0,0,0,0,0,0,0,0,4,0,,67,8,2020,4,39.9879,-75.1558,1024.0,6,0,0,0,0,1,1,0,0,,0,0,0.0,10,1,1,1,,1,39 59:16.284,2.0,0,75 09:20.883,2,0,1,1,67301,0,0,0,N,0,0,0,2,67301,0,,1,1,1035.0,N,N,N,0,,0,1,0,3,2,N,1016,1,2,0,0,0,0,0,3,4,0,2,3,3.0,N,,,,,,,,,,,
2020066389,825.0,0,0,0,0,0,0,0,0,0,1,0,,67,8,2020,4,39.9562,-75.1487,822.0,6,0,0,0,0,0,1,0,0,,0,0,0.0,8,1,0,0,N,2,39 57:22.498,4.0,2,75 08:55.382,0,0,0,0,67301,0,0,0,N,0,0,0,2,67501,0,,1,1,853.0,N,N,N,1,,0,0,0,0,0,N,822,0,2,0,0,0,0,0,3,4,1,2,3,3.0,N,,,,,,,,,,,
2020064766,1427.0,1,0,0,0,0,0,0,0,0,4,0,,67,8,2020,4,40.0468,-75.1375,1423.0,6,0,0,0,0,0,0,0,0,,0,0,0.0,13,1,2,1,,0,40 02:48.506,,0,75 08:15.137,8,0,0,0,67301,0,0,0,N,0,0,0,5,67301,0,,1,9,,N,N,N,0,,0,0,0,3,2,,1317,2,2,0,0,0,2,0,3,4,1,2,7,7.0,N,,,,,,,,,,,
2020064934,1328.0,1,0,0,0,0,0,0,0,0,4,0,,67,8,2020,4,39.9474,-75.2357,1328.0,6,0,0,0,0,0,1,0,0,,0,0,0.0,13,1,0,2,,0,39 56:50.812,,0,75 14:08.458,0,0,0,0,67301,0,0,0,N,0,0,0,2,67301,0,,1,9,,N,N,N,0,,0,0,1,3,3,,1325,0,2,0,0,0,0,0,3,4,0,2,7,,N,,,,,,,,,,,
2020070929,1334.0,2,0,0,0,0,0,0,0,0,4,0,,67,8,2020,2,40.0645,-75.1606,1334.0,6,0,0,0,0,1,0,0,0,,0,0,0.0,1,3,1,1,,0,40 03:52.298,,0,75 09:38.287,2,0,0,0,67301,0,0,0,N,0,0,0,3,67301,0,,1,1,,N,N,N,0,,0,1,0,3,2,,123,1,3,0,0,0,0,0,3,4,0,3,3,4.0,N,,,,,,,,,,,
2020073378,1625.0,2,0,0,0,0,0,0,0,0,4,0,,67,9,2020,1,40.0184,-75.0465,1625.0,6,0,0,0,0,0,0,0,0,,0,0,0.0,16,3,0,0,N,0,40 01:06.403,,7,75 02:47.485,9,0,0,0,67301,0,0,0,N,0,0,0,3,67301,0,,1,1,,N,N,N,0,,0,0,0,3,2,,1601,0,2,0,0,1,0,1,3,4,0,2,3,3.0,N,,,,,,,,,,,
2020071977,1355.0,1,0,0,0,0,0,0,0,0,7,0,,67,9,2020,4,40.0584,-75.1492,1354.0,6,0,0,0,0,0,0,0,0,,0,0,0.0,13,1,0,5,,0,40 03:30.348,,0,75 08:57.260,9,0,0,0,67301,1,0,0,N,1,0,0,2,67301,0,,5,1,,N,N,N,0,,0,0,0,3,2,,1350,0,2,0,0,0,0,1,3,4,0,1,3,3.0,N,,,,,,,,,,,
2020071783,1141.0,2,0,0,0,0,0,0,0,0,4,0,,67,9,2020,4,40.0344,-75.1604,1141.0,6,0,0,0,0,0,0,1,0,,0,0,0.0,11,1,1,1,,0,40 02:03.710,,0,75 09:37.540,3,0,0,0,67301,0,0,0,N,0,0,0,2,67301,0,,1,1,,N,N,N,0,,1,0,0,3,3,,1140,1,2,0,0,0,0,0,3,4,0,2,4,4.0,N,,,,,,,,,,,
2020073069,601.0,1,0,0,0,0,0,0,0,0,4,0,,67,9,2020,1,40.0303,-75.1318,600.0,6,0,0,0,0,0,0,0,0,,0,0,0.0,5,3,1,1,,0,40 01:49.195,,0,75 07:54.642,3,0,0,0,67301,0,0,0,N,0,0,0,1,67301,0,,1,1,,N,N,N,0,,1,0,1,3,2,,555,1,2,0,0,0,0,0,3,4,0,2,3,3.0,N,,,,,,,,,,,
2020074449,500.0,3,0,0,0,0,0,0,0,0,5,0,,67,9,2020,1,40.014,-75.1917,454.0,6,0,0,0,0,0,0,0,0,,0,0,0.0,4,3,0,0,N,0,40 00:50.560,,0,75 11:30.080,9,0,0,0,67301,0,0,0,N,0,0,0,1,67301,0,,6,1,,N,N,N,0,,0,0,0,0,0,,445,0,4,0,0,0,0,1,3,4,1,4,3,3.0,N,,,,,,,,,,,
2020071005,1730.0,1,0,0,0,0,0,1,0,0,3,1,,67,8,2020,1,40.0386,-75.1436,1720.0,6,0,0,0,0,0,0,0,0,,0,0,0.0,17,1,1,0,N,0,40 02:19.000,,7,75 08:37.000,4,0,0,0,67301,2,0,0,N,0,0,0,3,67508,1,,6,1,,N,N,Y,0,,0,0,0,0,0,,1720,1,2,0,0,0,0,0,3,4,0,2,3,3.0,N,,,,,,,,,,,
2020072182,738.0,1,0,0,0,0,0,0,0,0,4,0,,67,9,2020,4,40.0054,-75.1578,733.0,6,0,0,0,0,0,1,1,0,,0,0,0.0,7,1,0,1,,2,40 00:19.450,6.0,0,75 09:28.216,0,0,0,0,67301,0,0,0,N,0,0,0,2,67301,0,,1,1,825.0,N,N,N,0,,0,0,1,3,3,Y,718,0,2,0,0,0,0,0,3,4,0,2,3,3.0,N,,,,,,,,,,,
2020072123,1723.0,2,0,0,0,0,0,0,0,0,4,0,,67,9,2020,5,40.0408,-75.1463,1723.0,6,0,0,0,0,0,0,1,0,,0,0,0.0,16,1,1,1,,0,40 02:26.763,,0,75 08:46.806,3,0,0,0,67301,0,0,0,N,0,0,0,3,67301,0,,1,1,,N,N,N,0,,1,0,0,3,3,,1620,1,2,0,0,0,0,2,3,4,0,2,3,3.0,N,,,,,,,,,,,
2020070363,2045.0,2,0,0,0,0,0,0,0,0,4,0,,67,8,2020,7,40.0331,-75.1706,2045.0,6,0,0,0,0,0,0,0,0,,0,0,0.0,20,3,1,1,,0,40 01:59.290,,0,75 10:14.198,3,0,0,0,67301,0,0,0,N,0,0,0,3,67301,0,,1,1,,N,N,N,0,,1,0,0,3,2,,2030,1,2,0,0,0,0,0,3,4,0,2,3,,N,,,,,,,,,,,
2020072485,1404.0,0,0,0,1,0,0,0,0,0,4,0,,67,9,2020,4,40.0297,-75.1053,1350.0,6,0,0,0,0,0,0,0,0,,0,0,0.0,13,1,1,2,,0,40 01:46.941,,0,75 06:19.061,8,0,0,0,67301,1,0,0,N,0,0,0,2,67301,0,,1,1,,N,N,N,0,,0,0,1,3,3,,1348,1,2,0,0,0,1,0,3,4,0,1,3,3.0,N,,,,,,,,,,,
2020063745,1459.0,0,0,0,0,0,0,0,0,0,4,0,,67,8,2020,1,39.9892,-75.1836,1456.0,6,0,0,0,0,1,0,0,0,,0,0,0.0,14,1,1,1,,0,39 59:20.949,,0,75 11:00.901,3,0,0,0,67301,0,0,0,N,0,0,0,2,67301,0,,1,1,,N,N,N,0,,1,0,2,3,2,,1445,1,2,0,0,1,0,0,3,4,0,2,4,,N,,,,,,,,,,,
2020113022,1548.0,2,0,0,0,0,0,0,0,0,1,0,,67,11,2020,7,39.9684,-75.1296,1546.0,6,0,0,0,0,0,2,0,0,,0,0,0.0,15,1,3,6,N,0,39 58:06.174,,2,75 07:46.403,3,0,0,0,67301,0,0,0,N,0,0,0,4,68K01,2,,1,1,,N,N,N,0,,1,0,1,3,2,,1522,3,3,0,0,0,0,0,3,4,0,3,3,,N,,,,,,,,,,,
2020065130,200.0,1,0,0,0,0,0,0,0,0,2,0,,67,8,2020,4,40.0128,-75.2043,200.0,6,0,0,0,0,0,0,1,0,,0,0,0.0,22,6,2,0,N,0,40 00:46.160,,0,75 12:15.336,8,0,0,0,67301,0,0,0,N,0,0,0,3,67301,0,,1,99,,N,N,N,0,,0,0,1,0,0,,2230,2,2,0,0,0,2,1,3,4,0,2,3,3.0,N,,,,,,,,,,,
2020065342,1110.0,1,0,0,0,0,0,0,0,0,4,0,,67,8,2020,5,39.9765,-75.1407,1110.0,6,0,0,0,0,0,1,0,0,,0,0,0.0,11,1,1,1,,0,39 58:35.403,,0,75 08:26.397,3,0,0,0,67301,0,0,0,N,0,0,0,2,67301,0,,1,1,,N,N,N,1,,1,0,0,3,3,,1106,1,2,0,0,0,0,0,3,4,0,2,3,3.0,N,,,,,,,,,,,
2020113268,323.0,1,0,0,0,0,0,0,0,0,7,0,,67,12,2020,2,39.998,-75.0813,315.0,6,0,0,0,0,0,0,0,0,,0,0,0.0,2,3,1,0,N,0,39 59:52.880,,0,75 04:52.673,3,0,0,0,67301,0,0,0,N,0,0,0,1,68K01,0,,4,1,,N,N,N,0,,1,0,0,0,0,,256,1,1,0,0,0,0,0,3,4,0,1,3,3.0,N,,,,,,,,,,,
2020113279,2131.0,1,0,0,0,0,0,0,0,0,7,0,,67,12,2020,3,39.9079,-75.1493,2128.0,6,0,0,0,0,1,0,0,0,,0,0,0.0,21,2,0,0,N,0,39 54:33.658,,0,75 08:56.657,0,0,0,0,67301,0,0,0,N,0,0,0,1,68K01,0,,2,1,,N,N,N,0,,0,0,0,0,0,,2128,0,1,0,0,0,0,0,3,4,0,1,3,3.0,N,,,,,,,,,,,
2020065076,2326.0,1,0,0,0,0,0,0,0,0,7,0,,67,8,2020,2,39.9509,-75.1411,2321.0,6,0,0,0,0,0,0,0,0,,0,0,0.0,23,3,0,7,,2,39 57:03.600,1.0,2,75 08:28.300,0,0,0,0,67301,0,0,0,N,0,0,0,1,68K01,0,,7,1,2343.0,N,N,N,0,,0,0,0,0,0,N,2309,0,1,0,0,0,0,0,3,4,0,1,3,,N,,,,,,,,,,,
2020072100,1735.0,0,0,0,0,0,0,0,0,0,5,0,,67,9,2020,4,40.0061,-75.1362,1727.0,6,0,0,0,0,0,1,0,0,,0,0,0.0,17,1,0,0,N,0,40 00:21.930,,0,75 08:10.230,0,0,0,0,67301,0,0,0,N,0,0,0,1,67301,0,,6,1,,N,N,N,0,,0,0,3,0,0,,1727,0,3,0,0,0,0,0,3,4,0,3,3,3.0,N,,,,,,,,,,,
2020072632,122.0,0,0,0,0,0,0,0,0,0,8,0,,67,9,2020,1,39.9908,-75.1309,122.0,6,0,0,0,0,0,0,0,0,,0,0,0.0,1,3,1,1,,0,39 59:26.999,,0,75 07:51.264,2,0,0,0,67301,1,0,1,N,1,0,1,2,67301,0,,1,1,,N,N,N,0,,0,1,0,3,2,,110,1,2,0,0,0,0,0,3,4,0,1,3,3.0,N,,,,,,,,,,,
2020073252,1600.0,2,0,0,0,0,0,0,0,0,5,0,,67,9,2020,1,39.9214,-75.2284,1554.0,6,0,0,0,0,0,1,0,0,,0,0,0.0,15,1,1,0,N,0,39 55:17.090,,0,75 13:42.200,8,0,0,0,67301,0,0,0,N,0,0,0,3,67301,0,,1,1,,N,N,N,0,,0,0,1,0,0,,1533,1,3,0,0,3,1,0,3,4,0,3,3,3.0,N,,,,,,,,,,,
2020073046,245.0,3,0,0,0,0,0,0,0,0,1,0,,67,9,2020,1,39.9057,-75.1939,243.0,6,0,0,0,0,0,0,0,0,,0,0,0.0,2,3,0,1,,1,39 54:20.725,3.0,0,75 11:37.765,0,0,0,0,67301,0,0,0,N,0,0,0,3,67301,0,,1,1,315.0,N,N,N,0,,0,0,0,3,2,N,230,0,3,0,0,0,0,0,3,4,0,3,3,3.0,N,,,,,,,,,,,
2020085331,901.0,1,0,0,0,0,0,0,0,0,7,0,,67,10,2020,2,40.0458,-75.0019,851.0,6,0,0,0,0,0,0,0,0,,0,0,0.0,8,1,0,0,N,0,40 02:44.778,,0,75 00:06.922,0,0,0,0,67301,0,0,0,Y,0,0,0,1,68K01,0,,2,9,,N,N,N,0,,0,0,0,0,0,,850,0,1,0,0,0,0,0,3,4,0,1,7,7.0,N,,,,,,,,,,,
2020073382,1617.0,1,0,0,0,0,0,0,0,0,4,0,,67,9,2020,7,39.992,-75.1216,1617.0,6,0,0,0,0,0,0,1,0,,0,0,0.0,16,1,0,1,,0,39 59:31.264,,1,75 07:17.641,9,0,0,0,67301,0,0,0,N,0,0,0,2,67301,0,,1,1,,N,N,N,1,,0,0,0,3,3,,1615,0,2,0,0,1,0,1,3,4,0,2,3,4.0,N,,,,,,,,,,,
2020072730,1749.0,1,0,0,0,0,0,0,0,0,5,0,,67,9,2020,7,39.9097,-75.1544,1747.0,6,0,0,0,0,0,0,0,0,,0,0,0.0,17,1,0,0,N,2,39 54:34.800,4.0,5,75 09:15.700,0,0,0,0,67301,0,0,0,N,0,0,0,7,67501,0,,1,1,1807.0,N,N,N,0,,0,0,2,0,0,N,1745,0,3,0,0,0,0,0,3,4,0,3,3,3.0,N,,,,,,,,,,,
2020099849,1000.0,1,0,0,0,0,0,0,0,0,8,0,,67,8,2020,1,39.9845,-75.2295,555.0,6,0,0,0,0,0,0,0,0,,0,0,0.0,5,5,1,1,,0,39 59:04.095,,0,75 13:46.048,3,0,0,0,67301,1,0,0,N,1,0,0,2,67301,0,,1,1,,N,N,Y,0,,1,0,0,3,3,,530,1,2,0,0,0,0,1,3,4,0,1,3,3.0,N,,,,,,,,,,,
2020071357,345.0,2,0,0,0,0,0,0,0,0,2,0,,67,8,2020,1,40.0625,-75.1825,335.0,6,0,0,0,0,0,0,0,0,,0,0,0.0,3,3,0,0,N,0,40 03:45.110,,0,75 10:57.170,0,0,0,0,67301,0,0,0,N,0,0,0,1,67301,0,,6,1,,N,N,N,0,,0,0,1,0,0,,330,0,3,0,0,0,0,0,3,4,0,3,3,3.0,N,,,,,,,,,,,
2020071973,1146.0,1,0,0,0,0,0,0,0,0,1,0,,67,9,2020,4,39.9908,-75.1297,1146.0,6,0,0,0,0,0,0,0,0,,0,0,0.0,15,1,1,0,N,0,39 59:26.824,,0,75 07:47.034,3,0,0,0,67301,0,0,0,N,0,0,0,3,67301,0,,1,99,,N,N,N,0,,1,0,1,0,0,,1530,1,2,0,0,0,0,2,3,4,0,2,99,3.0,N,,,,,,,,,,,
2020074737,1908.0,1,0,0,0,0,0,0,0,0,7,0,,67,9,2020,3,39.995,-75.2276,1839.0,6,0,0,0,0,0,0,0,0,,0,0,0.0,18,1,0,1,,0,39 59:42.122,,0,75 13:39.471,0,0,0,0,67301,0,0,0,N,0,0,0,3,67301,0,,5,1,,N,N,N,0,,0,0,0,3,3,,1834,0,1,0,0,0,0,0,3,4,0,1,3,,N,,,,,,,,,,,
2020073386,1827.0,0,0,0,0,0,0,0,0,0,8,0,,67,9,2020,1,40.0136,-75.1587,1822.0,6,0,0,0,0,0,0,0,0,,0,0,0.0,18,1,1,2,,0,40 00:49.075,,0,75 09:31.275,3,0,0,0,67301,1,0,0,N,1,0,0,2,67301,0,,1,1,,N,N,N,1,,1,0,0,3,2,,1821,1,2,0,0,0,0,0,3,4,0,1,3,3.0,N,,,,,,,,,,,
2020073062,449.0,1,0,0,0,0,0,0,0,0,7,0,,67,9,2020,1,39.9674,-75.2457,449.0,6,0,0,0,0,0,0,0,0,,0,0,0.0,4,3,1,1,,2,39 58:02.410,7.0,0,75 14:45.030,8,0,0,0,67301,0,0,0,N,0,0,0,1,67301,0,,4,1,620.0,N,N,N,0,,0,0,0,3,2,Y,447,1,1,0,0,0,1,0,3,4,0,1,3,,N,,,,,,,,,,,
2020070928,1655.0,0,0,0,0,0,0,0,0,0,8,0,,67,8,2020,1,40.0532,-75.1577,1646.0,6,0,0,0,0,0,0,1,0,,0,0,0.0,16,1,1,1,,0,40 03:11.682,,0,75 09:27.698,3,0,0,0,67301,1,0,0,N,1,0,0,2,67301,0,,1,1,,N,N,N,1,,1,0,0,3,3,,1610,1,2,0,0,1,0,0,3,4,0,1,3,,N,,,,,,,,,,,
2020070776,800.0,1,0,0,0,0,0,0,0,0,1,0,,67,8,2020,1,39.9649,-75.1476,800.0,6,0,0,0,0,0,0,0,0,,0,0,0.0,7,1,0,0,N,0,39 57:53.730,,0,75 08:51.220,9,0,0,0,67301,0,0,0,N,0,0,0,1,67301,0,,6,1,,N,N,N,0,,0,0,1,0,0,,759,0,2,0,0,0,0,1,3,4,0,2,3,3.0,N,,,,,,,,,,,
2020072099,2045.0,1,0,0,0,0,0,0,0,0,2,0,,67,9,2020,3,40.0126,-75.1418,2040.0,6,0,0,0,0,0,0,0,0,,0,0,0.0,20,3,1,0,N,0,40 00:45.470,,0,75 08:30.500,3,0,0,0,67301,0,0,0,N,0,0,0,2,67301,0,,6,1,,N,N,N,0,,1,0,2,0,0,,2036,1,4,0,0,0,0,0,3,4,1,4,3,,N,,,,,,,,,,,
2020113271,1617.0,2,0,0,0,0,0,0,0,0,5,0,,67,12,2020,2,39.9811,-75.2067,1611.0,6,0,0,0,0,0,0,0,0,,0,0,0.0,15,1,4,0,N,1,39 58:52.049,3.0,0,75 12:24.238,4,0,0,0,67301,0,0,0,N,0,0,0,5,68K01,2,,1,9,1650.0,N,N,N,0,,0,0,0,0,0,N,1554,4,2,0,0,0,2,0,3,4,0,2,3,,N,,,,,,,,,,,
2020064765,1658.0,2,0,0,0,0,0,0,0,0,4,0,,67,8,2020,3,39.9764,-75.1182,1654.0,6,0,0,0,0,0,0,0,0,,0,0,0.0,16,1,1,1,,0,39 58:35.011,,0,75 07:05.455,3,0,0,0,67301,0,0,0,N,0,0,0,2,67301,0,,1,1,,N,N,N,0,,1,0,1,3,3,,1604,1,3,0,0,0,0,0,3,4,0,3,3,3.0,N,,,,,,,,,,,
2020113252,1441.0,1,0,0,0,0,0,0,0,0,1,0,,67,12,2020,6,39.9868,-75.0915,1408.0,6,0,0,0,0,0,0,0,0,,0,0,0.0,13,1,1,0,N,0,39 59:12.314,,0,75 05:29.231,8,0,0,0,67301,0,0,0,N,0,0,0,3,68K01,0,,1,1,,N,N,N,0,,0,0,1,0,0,,1359,1,2,0,0,0,1,0,3,4,0,2,3,,N,,,,,,,,,,,
2020113949,1729.0,2,0,0,0,0,0,0,0,0,1,0,,67,12,2020,5,39.9758,-75.1584,1729.0,6,0,0,0,0,0,0,0,0,,0,0,0.0,17,3,0,1,N,0,39 58:33.009,,0,75 09:30.309,0,0,0,0,67301,0,0,0,N,0,0,0,3,67505,0,,1,1,,N,N,N,0,,0,0,0,3,2,,1725,0,2,0,0,0,0,0,3,4,0,2,3,3.0,N,,,,,,,,,,,
2020064760,2325.0,0,0,0,0,0,0,0,0,0,7,0,,67,8,2020,1,40.101,-75.0416,2322.0,6,0,0,0,0,0,0,0,0,,0,0,0.0,23,3,1,0,N,0,40 06:03.479,,0,75 02:29.910,8,0,0,0,67301,0,0,0,N,0,0,0,1,67301,0,,4,1,,N,N,N,0,,0,0,1,0,0,,2315,1,1,0,0,0,1,0,3,4,0,1,3,3.0,N,,,,,,,,,,,
2020065440,1340.0,1,0,0,0,0,0,0,0,0,1,0,,67,8,2020,5,40.0212,-75.1407,1336.0,6,0,0,0,0,0,1,0,0,,0,0,0.0,13,1,1,0,N,0,40 01:16.435,,0,75 08:26.678,3,0,0,0,67301,0,0,0,N,0,0,0,2,67301,0,,1,1,,N,N,N,0,,1,0,1,0,0,,1336,1,2,0,0,0,0,0,3,4,0,2,3,3.0,N,,,,,,,,,,,
2020073251,332.0,1,0,0,0,0,0,0,0,0,5,0,,67,9,2020,1,39.9391,-75.2172,332.0,6,0,0,0,0,0,0,0,0,,0,0,0.0,3,3,1,0,N,0,39 56:20.710,,0,75 13:01.850,3,0,0,0,67301,0,0,0,N,0,0,0,1,67301,0,,1,1,,N,N,N,0,,1,0,2,0,0,,332,1,3,0,0,1,0,0,3,4,0,3,3,3.0,N,,,,,,,,,,,
2020072629,15.0,1,0,0,0,0,0,0,0,0,4,0,,67,9,2020,7,39.9541,-75.1778,10.0,6,0,0,0,0,0,0,0,0,,0,0,0.0,23,3,1,1,,0,39 57:14.793,,0,75 10:40.107,3,0,0,1,67301,0,0,0,N,0,0,0,2,67301,0,,1,1,,N,N,N,0,,1,0,0,3,2,,2315,1,2,0,0,0,0,0,3,4,0,2,3,3.0,N,,,,,,,,,,,
2020073248,2145.0,1,0,0,0,0,0,1,0,0,4,1,,67,9,2020,6,39.8836,-75.2515,2143.0,6,0,0,0,0,0,0,1,0,,0,0,0.0,21,3,1,2,,1,39 53:01.302,4.0,2,75 15:05.694,4,0,0,0,67301,0,0,0,N,0,0,0,2,67301,1,,1,1,30.0,N,N,Y,0,,0,0,0,3,2,N,2142,1,2,0,0,0,0,0,3,4,0,2,3,3.0,N,,,,,,,,,,,