CRN,ARRIVAL_TM,AUTOMOBILE_COUNT,BELTED_DEATH_COUNT,BELTED_SUSP_SERIOUS_INJ_COUNT,BICYCLE_COUNT,BICYCLE_DEATH_COUNT,BICYCLE_SUSP_SERIOUS_INJ_COUNT,BUS_COUNT,CHLDPAS_DEATH_COUNT,CHLDPAS_SUSP_SERIOUS_INJ_COUNT,COLLISION_TYPE,COMM_VEH_COUNT,CONS_ZONE_SPD_LIM,COUNTY,CRASH_MONTH,CRASH_YEAR,DAY_OF_WEEK,DEC_LAT,DEC_LONG,DISPATCH_TM,DISTRICT,DRIVER_COUNT_16YR,DRIVER_COUNT_17YR,DRIVER_COUNT_18YR,DRIVER_COUNT_19YR,DRIVER_COUNT_20YR,DRIVER_COUNT_50_64YR,DRIVER_COUNT_65_74YR,DRIVER_COUNT_75PLUS,EST_HRS_CLOSED,FATAL_COUNT,HEAVY_TRUCK_COUNT,HORSE_BUGGY_COUNT,HOUR_OF_DAY,ILLUMINATION,INJURY_COUNT,INTERSECT_TYPE,INTERSECTION_RELATED,LANE_CLOSED,LATITUDE,LN_CLOSE_DIR,LOCATION_TYPE,LONGITUDE,MAX_SEVERITY_LEVEL,MCYCLE_DEATH_COUNT,MCYCLE_SUSP_SERIOUS_INJ_COUNT,MOTORCYCLE_COUNT,MUNICIPALITY,NONMOTR_COUNT,NONMOTR_DEATH_COUNT,NONMOTR_SUSP_SERIOUS_INJ_COUNT,NTFY_HIWY_MAINT,PED_COUNT,PED_DEATH_COUNT,PED_SUSP_SERIOUS_INJ_COUNT,PERSON_COUNT,POLICE_AGCY,POSSIBLE_INJ_COUNT,RDWY_SURF_TYPE_CD,RELATION_TO_ROAD,ROAD_CONDITION,ROADWAY_CLEARED,SCH_BUS_IND,SCH_ZONE_IND,SECONDARY_CRASH,SMALL_TRUCK_COUNT,SPEC_JURIS_CD,SUSP_MINOR_INJ_COUNT,SUSP_SERIOUS_INJ_COUNT,SUV_COUNT,TCD_FUNC_CD,TCD_TYPE,TFC_DETOUR_IND,TIME_OF_DAY,TOT_INJ_COUNT,TOTAL_UNITS,UNB_DEATH_COUNT,UNB_SUSP_SERIOUS_INJ_COUNT,UNBELTED_OCC_COUNT,UNK_INJ_DEG_COUNT,UNK_INJ_PER_COUNT,URBAN_AREA,URBAN_RURAL,VAN_COUNT,VEHICLE_COUNT,WEATHER1,WEATHER2,WORK_ZONE_IND,WORK_ZONE_LOC,WORK_ZONE_TYPE,WORKERS_PRES,WZ_CLOSE_DETOUR,WZ_FLAGGER,WZ_LAW_OFFCR_IND,WZ_LN_CLOSURE,WZ_MOVING,WZ_OTHER,WZ_SHLDER_MDN,WZ_WORKERS_INJ_KILLED
2020095937,1418.0,1,0,0,0,0,0,0,0,0,1,0,,67,9,2020,4,40.0096,-75.151,1406.0,6,0,0,0,0,0,0,0,0,,0,0,0.0,13,1,0,0,Y,0,40 00:34.573,,0,75 09:03.769,0,0,0,0,67301,0,0,0,N,0,0,0,2,67301,0,,1,1,,N,N,N,0,,0,0,1,3,2,,1349,0,2,0,0,0,0,0,3,4,0,2,3,3.0,N,,,,,,,,,,,
2020084009,1950.0,1,0,0,0,0,0,0,0,0,5,0,,67,9,2020,1,39.9594,-75.1747,1942.0,6,0,0,0,0,0,0,0,0,,0,0,0.0,19,1,0,0,N,1,39 57:33.686,3.0,0,75 10:28.930,0,0,0,0,67301,0,0,0,N,0,0,0,6,68K01,0,,1,1,2010.0,N,N,N,1,,0,0,0,0,0,Y,1933,0,2,0,0,0,0,0,3,4,0,2,3,,N,,,,,,,,,,,
2020073058,1550.0,1,0,0,0,0,0,0,0,0,5,0,,67,9,2020,1,40.0056,-75.0756,1550.0,6,0,0,0,0,0,1,1,0,,0,0,0.0,15,1,0,5,,0,40 00:20.310,,0,75 04:32.583,0,0,0,0,67301,0,0,0,N,0,0,0,2,67301,0,,1,1,,N,N,N,1,,0,0,0,3,2,,1545,0,2,0,0,0,0,0,3,4,0,2,3,3.0,N,,,,,,,,,,,
2020072488,1825.0,0,0,0,1,0,0,0,0,0,4,0,,67,9,2020,4,40.1033,-74.9999,1813.0,6,0,0,0,0,0,0,0,0,,0,0,0.0,18,1,1,2,,0,40 06:11.825,,0,74 59:59.575,8,0,0,0,67301,1,0,0,N,0,0,0,2,67301,0,,1,1,,N,N,N,0,,0,0,1,3,3,,1813,1,2,0,0,0,1,0,3,4,0,1,3,3.0,N,,,,,,,,,,,
2020072253,1309.0,0,0,0,0,0,0,0,0,0,1,0,,67,9,2020,4,39.9592,-75.2187,1304.0,6,0,0,0,0,0,0,0,0,,0,0,0.0,13,1,1,0,N,0,39 57:33.011,,0,75 13:07.284,3,0,0,0,67301,0,0,0,N,0,0,0,2,67301,0,,6,1,,N,N,N,0,,1,0,3,0,0,,1300,1,3,0,0,0,0,0,3,4,0,3,3,,N,,,,,,,,,,,
2020073373,2152.0,1,0,0,1,0,0,0,0,0,4,0,,67,9,2020,1,39.9397,-75.2255,2150.0,6,0,0,0,0,0,0,0,0,,0,0,0.0,21,3,1,1,,0,39 56:23.027,,0,75 13:31.850,8,0,0,0,67301,1,0,0,N,0,0,0,2,67301,0,,1,1,,N,N,N,0,,0,0,0,3,2,,2146,1,2,0,0,1,1,0,3,4,0,1,3,3.0,N,,,,,,,,,,,
2020113737,225.0,1,0,0,0,0,0,0,0,0,1,0,,67,12,2020,1,39.947,-75.2407,219.0,6,0,0,0,0,0,0,0,0,,0,0,0.0,2,2,0,0,Y,0,39 56:49.060,,0,75 14:26.610,0,0,0,0,67301,0,0,0,N,0,0,0,3,67301,0,,1,1,,N,N,N,1,,0,0,0,0,0,,217,0,2,0,0,0,0,0,3,4,0,2,3,3.0,N,,,,,,,,,,,
2020112546,1326.0,2,0,0,0,0,0,0,0,0,5,1,,67,12,2020,3,39.9278,-75.2435,1323.0,6,0,0,0,1,0,0,0,0,,0,1,0.0,13,1,1,0,N,0,39 55:40.093,,0,75 14:36.435,3,0,0,0,67301,0,0,0,N,0,0,0,2,67301,0,,1,1,,N,N,N,0,,1,0,0,0,0,,1310,1,3,0,0,0,0,0,3,4,0,3,3,3.0,N,,,,,,,,,,,
2020113080,2145.0,0,0,0,0,0,0,0,0,0,7,0,,67,12,2020,5,39.8863,-75.2428,2120.0,6,0,0,0,0,0,0,0,0,,0,0,0.0,21,3,0,0,N,0,39 53:11.135,,0,75 14:33.815,0,0,0,0,67301,0,0,0,Y,0,0,0,1,68K01,0,,3,9,,N,N,N,0,,0,0,1,0,0,,2119,0,1,0,0,0,0,0,3,4,0,1,7,,N,,,,,,,,,,,
2020113260,1811.0,1,0,0,0,0,0,0,0,0,1,0,,67,12,2020,7,39.9852,-75.094,1804.0,6,0,0,0,0,0,0,0,0,,0,0,0.0,18,3,0,0,N,1,39 59:06.883,1.0,0,75 05:38.301,0,0,0,0,67301,0,0,0,N,0,0,0,11,68K01,0,,1,1,1815.0,N,N,N,0,,0,0,2,0,0,N,1803,0,3,0,0,4,0,0,3,4,0,3,3,,N,,,,,,,,,,,
2020065773,1010.0,1,0,0,0,0,0,0,0,0,5,0,,67,8,2020,1,40.0072,-75.1369,959.0,6,0,0,0,0,0,0,0,0,,0,0,0.0,9,1,1,0,Y,0,40 00:25.960,,0,75 08:12.840,3,0,0,0,67301,0,0,0,N,0,0,0,4,67301,0,,6,1,,N,N,Y,0,,1,0,3,3,2,,955,1,4,0,0,3,0,1,3,4,0,4,3,,N,,,,,,,,,,,
2020112150,1428.0,2,0,0,0,0,0,0,0,0,6,0,,67,12,2020,5,40.0348,-75.0711,1422.0,6,0,0,0,0,0,0,0,0,,0,0,0.0,14,1,5,1,,0,40 02:05.146,,6,75 04:15.791,3,0,0,0,67301,0,0,0,N,0,0,0,5,67301,0,,1,9,,N,N,N,0,,5,0,0,3,2,,1420,5,2,0,0,0,0,0,3,4,0,2,7,7.0,N,,,,,,,,,,,
2020065859,2220.0,2,0,0,0,0,0,0,0,0,4,0,,67,8,2020,5,39.9788,-75.2301,2215.0,6,0,0,0,0,0,0,0,0,,0,0,0.0,22,3,1,3,,0,39 58:43.537,,0,75 13:48.284,3,0,0,0,67301,0,0,0,N,0,0,0,2,67301,0,,1,1,,N,N,N,0,,1,0,0,0,0,,2203,1,2,0,0,0,0,0,3,4,0,2,4,4.0,N,,,,,,,,,,,
2020065439,2225.0,1,0,0,0,0,0,0,0,0,4,0,,67,8,2020,5,39.9575,-75.2043,2225.0,6,0,0,0,0,0,0,0,0,,0,0,0.0,22,3,2,0,N,0,39 57:26.897,,0,75 12:15.532,3,0,0,0,67301,0,0,0,N,0,0,0,2,67301,0,,1,1,,N,N,N,0,,2,0,0,0,0,,2225,2,2,0,0,1,0,0,3,4,0,2,3,,N,,,,,,,,,,,
2020113989,1100.0,1,0,0,0,0,0,0,0,0,4,0,,67,12,2020,2,40.0314,-75.0216,1054.0,6,0,0,0,0,0,1,0,0,,0,0,0.0,10,1,0,0,N,0,40 01:53.108,,0,75 01:17.693,0,0,0,0,67301,0,0,0,N,0,0,0,2,68K01,0,,1,1,,N,N,N,1,,0,0,0,0,0,,1052,0,2,0,0,0,0,0,3,4,0,2,3,,N,,,,,,,,,,,
2020113270,1148.0,1,0,0,0,0,0,0,0,0,4,0,,67,12,2020,2,39.9465,-75.1421,1143.0,6,0,0,0,0,0,0,0,0,,0,0,0.0,11,1,0,0,N,0,39 56:47.276,,0,75 08:31.703,0,0,0,0,67301,0,0,0,N,0,0,0,1,68K01,0,,1,9,,N,N,N,1,,0,0,0,0,0,,1142,0,2,0,0,0,0,0,3,4,0,2,7,5.0,N,,,,,,,,,,,
2020065132,1310.0,1,0,0,0,0,0,0,0,0,4,0,,67,8,2020,5,40.0207,-75.1486,1304.0,6,0,0,0,0,0,1,0,0,,0,0,0.0,12,1,2,2,,0,40 01:14.700,,0,75 08:55.700,8,0,0,0,67301,0,0,0,N,0,0,0,2,67301,0,,1,1,,N,N,N,0,,0,0,1,0,0,,1255,2,2,0,0,0,2,0,3,4,0,2,4,4.0,N,,,,,,,,,,,
2020063742,954.0,1,0,0,0,0,0,0,0,0,4,0,,67,8,2020,1,40.0522,-75.1758,953.0,6,0,0,0,0,0,0,0,0,,0,0,0.0,9,1,3,1,,2,40 03:08.049,7.0,0,75 10:32.957,3,0,0,0,67301,0,0,0,N,0,0,0,3,67301,0,,1,1,200.0,N,N,N,0,,3,0,0,3,2,Y,952,3,2,0,0,0,0,0,3,4,1,2,3,3.0,N,,,,,,,,,,,
2020073482,10.0,1,0,0,0,0,0,0,0,0,8,0,,67,9,2020,7,39.9654,-75.1904,10.0,6,0,0,0,0,0,0,0,0,,0,0,0.0,23,3,1,1,,0,39 57:55.386,,0,75 11:25.332,3,0,0,0,67301,1,0,0,N,1,0,0,2,67301,0,,1,1,,N,N,N,0,,1,0,0,3,3,,2355,1,2,0,0,0,0,0,3,4,0,1,3,,N,,,,,,,,,,,
2020086207,2223.0,1,0,0,0,0,0,0,0,0,8,0,,67,10,2020,4,39.9698,-75.1579,2221.0,6,0,0,0,0,0,0,0,0,,0,0,0.0,22,3,1,0,N,0,39 58:11.150,,0,75 09:28.530,4,0,0,0,67301,1,0,0,N,1,0,0,2,67301,1,,1,1,,N,N,N,0,,0,0,0,0,0,,2217,1,2,0,0,1,0,0,3,4,0,1,3,3.0,N,,,,,,,,,,,
2020070949,2015.0,2,0,0,0,0,0,0,0,0,4,0,,67,8,2020,1,40.0098,-75.1669,2015.0,6,0,0,0,0,0,1,0,0,,0,0,0.0,20,3,1,1,,1,40 00:35.623,2.0,0,75 10:00.930,3,0,0,0,67301,0,0,0,N,0,0,0,2,67301,0,,1,1,2100.0,N,N,N,0,,1,0,0,3,2,Y,2015,1,2,0,0,0,0,1,3,4,0,2,3,,N,,,,,,,,,,,
2020073065,1115.0,1,0,0,0,0,0,0,0,0,1,0,,67,9,2020,6,39.987,-75.105,1111.0,6,0,0,0,0,0,1,0,1,,0,0,0.0,11,1,1,0,N,2,39 59:13.199,7.0,0,75 06:18.002,8,0,0,0,67301,1,0,0,N,1,0,0,3,67301,0,,1,1,1130.0,N,N,N,1,,0,0,2,0,0,N,1110,1,5,0,0,0,1,0,3,4,0,4,3,,N,,,,,,,,,,,
2020071559,2007.0,0,0,0,0,0,0,0,0,0,4,0,,67,9,2020,3,39.9223,-75.2256,2005.0,6,0,0,0,0,0,1,0,0,,0,0,0.0,19,3,0,1,,1,39 55:20.207,2.0,0,75 13:32.217,0,0,0,0,67301,0,0,0,N,0,0,0,2,67301,0,,1,1,2152.0,N,N,N,0,,0,0,1,3,3,N,1900,0,2,0,0,0,0,0,3,4,0,2,3,,N,,,,,,,,,,,
2020071354,241.0,0,0,0,0,0,0,0,0,0,8,0,,67,8,2020,1,39.952,-75.1613,240.0,6,0,0,0,0,0,0,0,0,,0,0,0.0,2,3,2,0,N,0,39 57:07.298,,0,75 09:40.556,3,0,0,0,67301,1,0,0,N,1,0,0,2,67301,0,,1,1,,N,N,N,0,,1,0,0,0,0,,238,2,2,0,0,0,1,0,3,4,0,1,3,3.0,N,,,,,,,,,,,
2020071752,310.0,2,0,0,0,0,0,0,0,0,2,0,,67,8,2020,2,39.9925,-75.1648,300.0,6,0,0,0,0,0,0,0,0,,0,0,0.0,3,3,3,0,N,0,39 59:32.990,,0,75 09:53.450,8,0,0,0,67301,0,0,0,N,0,0,0,4,67301,0,,1,1,,N,N,N,0,,0,0,0,0,0,,300,3,2,0,0,0,3,0,3,4,0,2,3,3.0,N,,,,,,,,,,,
2020074743,1936.0,1,0,0,0,0,0,0,0,0,4,0,,67,9,2020,2,40.0018,-75.1179,1935.0,6,0,0,0,0,0,0,1,0,,0,0,0.0,19,3,1,2,,0,40 00:06.490,,0,75 07:04.389,8,0,0,1,67301,0,0,0,N,0,0,0,2,67301,0,,1,99,,N,N,N,0,,0,0,0,0,0,,1928,1,2,0,0,0,1,1,3,4,0,2,3,,N,,,,,,,,,,,
2020073054,520.0,1,0,0,0,0,0,0,0,0,7,0,,67,9,2020,1,39.9248,-75.2337,514.0,6,0,0,0,0,0,0,0,0,,0,0,0.0,5,3,0,0,N,0,39 55:29.240,,0,75 14:01.150,0,0,0,0,67301,0,0,0,N,0,0,0,1,67301,0,,5,1,,N,N,N,0,,0,0,0,0,0,,514,0,1,0,0,0,0,0,3,4,0,1,3,3.0,N,,,,,,,,,,,
2020073381,2225.0,1,0,0,0,0,0,0,0,0,4,0,,67,9,2020,3,39.9909,-75.1221,2225.0,6,0,0,0,0,0,0,0,0,,0,0,0.0,22,3,1,1,,0,39 59:27.189,,0,75 07:19.509,8,0,0,0,67301,0,0,0,N,0,0,0,2,67301,0,,1,1,,N,N,Y,0,,0,0,1,3,3,,2220,1,3,0,0,0,1,0,3,4,0,3,3,3.0,N,,,,,,,,,,,
2020073548,1432.0,1,0,0,0,0,0,0,0,0,4,0,,67,9,2020,7,40.0169,-75.1516,1430.0,6,0,0,0,0,0,0,0,0,,0,0,0.0,14,1,1,1,,0,40 01:01.017,,0,75 09:05.433,3,0,0,0,67301,0,0,0,N,0,0,0,2,67301,0,,1,1,,N,N,N,0,,1,0,1,3,2,,1420,1,2,0,0,0,0,0,3,4,0,2,3,,N,,,,,,,,,,,
2020071759,2247.0,2,0,0,0,0,0,0,0,0,4,0,,67,9,2020,4,39.9766,-75.1583,2245.0,6,0,0,0,0,1,1,0,0,,0,0,0.0,22,3,0,0,N,0,39 58:35.680,,7,75 09:29.701,0,0,0,0,67301,0,0,0,N,0,0,0,4,67505,0,,1,9,,N,N,N,0,,0,0,0,0,0,,2245,0,2,0,0,0,0,0,3,4,0,2,7,,N,,,,,,,,,,,
2020083341,2050.0,1,0,0,0,0,0,0,0,0,1,0,,67,9,2020,2,39.9746,-75.1998,2050.0,6,0,0,0,0,0,0,0,0,,0,0,0.0,20,3,1,0,Y,0,39 58:28.438,,0,75 11:59.188,4,0,0,0,67301,0,0,0,N,0,0,0,5,67301,1,,1,1,,N,N,N,0,,0,0,1,3,2,,2048,1,2,0,0,0,0,1,3,4,0,2,3,3.0,N,,,,,,,,,,,
2020067836,1035.0,2,0,0,0,0,0,0,0,0,5,0,,67,8,2020,1,40.0227,-75.1333,1030.0,6,0,0,0,0,0,0,0,0,,0,0,0.0,10,1,1,0,N,0,40 01:21.610,,0,75 07:59.700,4,0,0,0,67301,0,0,0,N,0,0,0,1,67301,1,,6,1,,N,N,Y,0,,0,0,2,0,0,,1025,1,4,0,0,0,0,0,3,4,0,4,3,3.0,N,,,,,,,,,,,
2020064937,2014.0,1,0,0,0,0,0,0,0,0,4,0,,67,8,2020,4,39.9686,-75.2339,2000.0,6,0,0,0,0,0,0,0,1,,0,0,0.0,19,3,1,1,,0,39 58:07.093,,0,75 14:01.874,3,0,0,0,67301,0,0,0,N,0,0,0,4,67301,0,,1,1,,N,N,N,0,,1,0,0,3,2,,1938,1,2,0,0,0,0,0,3,4,1,2,3,4.0,N,,,,,,,,,,,
2020112152,720.0,1,0,0,0,0,0,0,0,0,4,1,,67,12,2020,4,39.956,-75.2176,718.0,6,0,0,0,0,0,0,0,0,,0,1,0.0,7,1,2,1,,0,39 57:21.568,,0,75 13:03.523,2,0,0,0,67301,0,0,0,N,0,0,0,2,67301,0,,1,1,,N,N,N,0,,0,2,0,3,2,,715,2,2,0,0,0,0,0,3,4,0,2,3,,N,,,,,,,,,,,
2020063748,1852.0,0,0,0,0,0,0,0,0,0,0,0,,67,8,2020,1,39.9099,-75.1546,1852.0,6,0,0,0,0,0,0,0,0,,0,0,0.0,18,1,1,0,N,2,39 54:35.600,4.0,5,75 09:16.700,3,0,0,1,67301,0,0,0,N,0,0,0,1,67501,0,,1,1,1914.0,N,N,N,0,,1,0,0,0,0,N,1852,1,1,0,0,0,0,0,3,4,0,1,3,3.0,N,,,,,,,,,,,
2020065774,2030.0,0,0,0,0,0,0,0,0,0,4,0,,67,8,2020,4,40.0039,-75.134,2030.0,6,0,0,0,0,0,1,0,0,,0,0,0.0,19,4,1,1,,0,40 00:13.860,,0,75 08:02.302,4,0,0,0,67301,0,0,0,N,0,0,0,2,67301,1,,1,1,,N,N,N,0,,0,0,1,3,3,,1933,1,2,0,0,1,0,0,3,4,1,2,3,3.0,N,,,,,,,,,,,
2020065762,1310.0,1,0,0,0,0,0,0,0,0,4,0,,67,8,2020,1,39.9292,-75.2292,1310.0,6,0,1,0,0,0,1,0,0,,0,0,0.0,13,1,2,2,,0,39 55:44.965,,0,75 13:45.235,3,0,0,0,67301,0,0,0,N,0,0,0,3,67301,0,,1,1,,N,N,N,0,,1,0,0,3,2,,1309,2,2,0,0,0,1,0,3,4,1,2,3,3.0,N,,,,,,,,,,,
2020113927,927.0,1,0,0,0,0,0,0,0,0,5,0,,67,12,2020,4,39.9676,-75.177,925.0,6,0,0,0,0,0,0,0,0,,0,0,0.0,9,1,0,0,N,0,39 58:03.180,,0,75 10:37.050,0,0,0,0,67301,1,0,0,N,0,0,0,1,67301,0,,1,1,,N,N,N,0,,0,0,1,0,0,,920,0,2,0,0,0,0,0,3,4,0,2,3,3.0,N,,,,,,,,,,,
2020064557,1246.0,1,0,0,0,0,0,0,0,0,8,0,,67,8,2020,4,39.9799,-75.1626,1244.0,6,0,0,0,0,0,0,0,0,,0,0,0.0,12,1,1,0,N,2,39 58:47.600,1.0,0,75 09:45.300,8,0,0,0,67301,1,0,0,N,1,0,0,2,67505,0,,1,9,1315.0,N,N,N,0,,0,0,0,0,0,Y,1242,1,2,0,0,0,1,0,3,4,0,1,7,,N,,,,,,,,,,,
2020065771,1856.0,1,0,0,0,0,0,0,0,0,7,0,,67,8,2020,5,39.9865,-75.1745,1853.0,6,0,0,0,0,0,0,0,0,,0,0,0.0,18,8,0,0,N,2,39 59:11.340,5.0,0,75 10:28.260,0,0,0,0,67301,0,0,0,N,0,0,0,1,67301,0,,4,9,2200.0,N,N,N,0,,0,0,0,0,0,N,1830,0,1,0,0,0,0,0,3,4,0,1,7,,N,,,,,,,,,,,
2020065957,1137.0,1,0,0,0,0,0,0,0,0,4,0,,67,8,2020,3,39.9989,-75.1534,1137.0,6,0,0,0,0,0,1,0,0,,0,0,0.0,11,1,1,2,,0,39 59:56.237,,0,75 09:12.598,3,0,0,1,67301,0,0,0,N,0,0,0,2,67301,0,,1,1,,N,N,N,0,,1,0,0,0,0,,1130,1,2,0,0,0,0,0,3,4,0,2,3,3.0,N,,,,,,,,,,,
2020065336,1250.0,2,0,0,0,0,0,0,0,0,2,0,,67,8,2020,1,39.966,-75.2352,1250.0,6,0,0,0,0,0,0,0,0,,0,0,0.0,12,1,0,0,N,0,39 57:57.580,,0,75 14:06.660,9,0,0,0,67301,0,0,0,N,0,0,0,2,67301,0,,1,1,,N,N,N,0,,0,0,0,0,0,,1230,0,2,0,0,0,0,1,3,4,0,2,3,3.0,N,,,,,,,,,,,
2020112960,1745.0,0,0,0,0,0,0,0,0,0,7,0,,67,12,2020,1,40.1111,-75.0489,1734.0,6,0,0,0,0,0,0,0,0,,0,0,0.0,17,3,3,0,N,0,40 06:40.040,,0,75 02:56.070,3,0,0,0,67301,0,0,0,N,0,0,0,4,67301,0,,5,1,,N,N,N,0,,3,0,1,0,0,,1730,3,1,0,0,0,0,1,3,4,0,1,3,3.0,N,,,,,,,,,,,
2020063757,2331.0,1,0,0,0,0,0,0,0,0,1,0,,67,8,2020,1,39.9874,-75.156,2330.0,6,0,0,0,0,0,0,0,0,,0,0,0.0,23,3,0,0,N,0,39 59:14.603,,0,75 09:21.681,0,0,0,0,67301,0,0,0,N,0,0,0,1,67505,0,,6,1,,N,N,N,0,,0,0,1,0,0,,2328,0,2,0,0,0,0,0,3,4,0,2,3,3.0,N,,,,,,,,,,,
2020065758,906.0,1,0,0,0,0,0,0,0,0,4,0,,67,8,2020,6,40.0808,-75.0284,854.0,6,0,0,1,0,0,0,0,0,,0,0,0.0,8,1,2,1,,1,40 04:50.820,1.0,0,75 01:42.117,3,0,0,0,67301,0,0,0,N,0,0,0,3,67301,0,,1,1,850.0,N,N,N,0,,2,0,1,3,2,N,853,2,2,0,0,0,0,0,3,4,0,2,3,3.0,N,,,,,,,,,,,
2020113051,1118.0,1,0,0,0,0,0,0,0,0,5,1,,67,12,2020,5,39.8887,-75.2183,1106.0,6,0,0,0,0,1,1,0,0,,0,1,0.0,11,1,1,0,N,1,39 53:15.966,1.0,0,75 13:00.241,3,0,0,0,67301,0,0,0,N,0,0,0,2,68K01,0,,1,6,1240.0,N,N,N,0,,1,0,0,0,0,N,1103,1,2,0,0,0,0,0,3,4,0,2,3,3.0,N,,,,,,,,,,,
2020063746,1620.0,2,0,0,0,0,0,0,0,0,5,0,,67,8,2020,1,39.9947,-75.1417,1615.0,6,0,0,0,0,0,0,0,0,,0,0,0.0,15,1,0,0,N,0,39 59:41.030,,0,75 08:29.970,9,0,0,0,67301,0,0,0,N,0,0,0,1,67301,0,,6,1,,N,N,N,1,,0,0,0,0,0,,1550,0,3,0,0,0,0,1,3,4,0,3,3,,N,,,,,,,,,,,
2020065125,2300.0,2,0,0,0,0,0,0,0,0,4,0,,67,8,2020,4,39.9878,-75.1676,2250.0,6,0,0,0,0,0,0,0,0,,0,0,0.0,21,3,0,1,,0,39 59:16.004,,0,75 10:03.532,9,0,0,0,67301,0,0,0,N,0,0,0,2,67301,0,,1,1,,N,N,N,0,,0,0,0,3,2,,2153,0,2,0,0,0,0,2,3,4,0,2,3,,N,,,,,,,,,,,
2020063956,1825.0,1,0,0,0,0,0,0,0,0,8,0,,67,8,2020,1,39.9359,-75.1569,1820.0,6,0,0,0,0,0,1,0,0,,0,0,0.0,11,1,1,1,,0,39 56:09.409,,0,75 09:24.814,3,0,0,0,67301,1,0,0,N,1,0,0,2,67301,0,,1,1,,N,N,N,0,,1,0,0,3,2,,1100,1,2,0,0,0,0,0,3,4,0,1,3,,N,,,,,,,,,,,
2020063964,937.0,0,0,0,0,0,0,0,0,0,7,0,,67,8,2020,1,40.0059,-75.0937,937.0,6,0,0,0,0,0,0,0,0,,0,0,0.0,9,1,1,0,N,0,40 00:21.400,,0,75 05:37.149,3,0,0,0,67301,0,0,0,N,0,0,0,2,67301,0,,4,1,,N,N,N,0,,1,0,1,0,0,,937,1,1,0,0,1,0,0,3,4,0,1,3,3.0,N,,,,,,,,,,,
2020065273,340.0,1,0,0,0,0,0,0,0,0,4,0,,67,8,2020,5,40.0322,-75.0841,332.0,6,0,0,0,0,1,1,0,0,,0,0,0.0,3,3,2,1,,0,40 01:55.847,,0,75 05:03.484,3,0,0,0,67301,0,0,0,N,0,0,0,3,67301,0,,1,1,,N,N,N,0,,2,0,0,3,2,,325,2,2,0,0,0,0,0,3,4,1,2,3,3.0,N,,,,,,,,,,,
2020071782,157.0,1,0,0,0,0,0,0,0,0,5,0,,67,9,2020,5,40.0321,-75.0943,155.0,6,0,0,1,0,0,0,0,0,,0,0,0.0,1,3,0,0,N,0,40 01:55.610,,0,75 05:39.380,9,0,0,0,67301,0,0,0,N,0,0,0,2,67301,0,,1,9,,N,N,N,0,,0,0,0,0,0,,155,0,2,0,0,0,0,1,3,4,0,2,7,4.0,N,,,,,,,,,,,
2020073927,145.0,1,0,0,0,0,0,0,0,0,4,0,,67,9,2020,1,40.0024,-75.135,142.0,6,0,0,0,0,1,0,0,0,,0,0,0.0,1,3,3,1,,0,40 00:08.748,,0,75 08:05.938,2,0,2,1,67301,0,0,0,N,0,0,0,3,67301,0,,1,1,,N,N,N,0,,1,2,0,3,3,,114,3,2,0,0,1,0,0,3,4,0,2,3,3.0,N,,,,,,,,,,,
2020076339,2245.0,0,0,0,0,0,0,0,0,0,8,0,,67,9,2020,5,40.0554,-75.0592,2245.0,6,0,0,0,0,0,0,0,0,,0,0,0.0,22,3,1,0,N,0,40 03:19.530,,0,75 03:33.050,2,0,0,0,67301,1,0,1,N,1,0,1,2,67301,0,,1,1,,N,N,N,0,,0,1,1,0,0,,2245,1,2,0,0,0,0,1,3,4,0,1,3,3.0,N,,,,,,,,,,,
2020072493,2030.0,2,0,0,0,0,0,0,0,0,5,0,,67,9,2020,4,39.937,-75.2247,2030.0,6,0,0,0,0,0,0,0,0,,0,0,0.0,20,3,1,0,N,1,39 56:13.090,7.0,0,75 13:28.870,3,0,0,0,67301,0,0,0,N,0,0,0,2,67301,0,,1,9,2130.0,N,N,Y,0,,1,0,2,0,0,N,2030,1,4,0,0,1,0,0,3,4,0,4,7,7.0,N,,,,,,,,,,,
2020065838,1440.0,0,0,0,0,0,0,0,0,0,8,0,,67,8,2020,5,39.9324,-75.2246,1437.0,6,0,0,0,0,0,0,0,0,,0,0,0.0,14,1,1,1,,1,39 55:56.749,1.0,0,75 13:28.517,4,0,0,0,67301,1,0,0,N,1,0,0,2,67301,1,,1,9,1450.0,N,N,N,0,,0,0,0,3,2,N,1435,1,2,0,0,0,0,0,3,4,0,1,4,,N,,,,,,,,,,,
2020065277,527.0,2,0,0,0,0,0,0,0,0,5,0,,67,8,2020,4,40.0064,-75.1371,524.0,6,0,0,0,0,0,0,0,0,,0,0,0.0,5,5,0,0,N,2,40 00:23.100,1.0,0,75 08:13.410,0,0,0,0,67301,0,0,0,N,0,0,0,1,67301,0,,6,1,640.0,N,N,N,0,,0,0,1,0,0,Y,520,0,3,0,0,0,0,0,3,4,0,3,3,,N,,,,,,,,,,,
2020063968,745.0,2,0,0,0,0,0,0,0,0,4,0,,67,8,2020,1,40.0035,-75.1675,745.0,6,0,0,0,0,0,0,0,0,,0,0,0.0,5,5,2,1,,0,40 00:12.540,,0,75 10:03.128,8,0,0,0,67301,0,0,0,N,0,0,0,2,67301,0,,1,1,,N,N,N,0,,0,0,0,3,3,,528,2,2,0,0,0,2,0,3,4,0,2,3,3.0,N,,,,,,,,,,,