CRN,ARRIVAL_TM,AUTOMOBILE_COUNT,BELTED_DEATH_COUNT,BELTED_SUSP_SERIOUS_INJ_COUNT,BICYCLE_COUNT,BICYCLE_DEATH_COUNT,BICYCLE_SUSP_SERIOUS_INJ_COUNT,BUS_COUNT,CHLDPAS_DEATH_COUNT,CHLDPAS_SUSP_SERIOUS_INJ_COUNT,COLLISION_TYPE,COMM_VEH_COUNT,CONS_ZONE_SPD_LIM,COUNTY,CRASH_MONTH,CRASH_YEAR,DAY_OF_WEEK,DEC_LAT,DEC_LONG,DISPATCH_TM,DISTRICT,DRIVER_COUNT_16YR,DRIVER_COUNT_17YR,DRIVER_COUNT_18YR,DRIVER_COUNT_19YR,DRIVER_COUNT_20YR,DRIVER_COUNT_50_64YR,DRIVER_COUNT_65_74YR,DRIVER_COUNT_75PLUS,EST_HRS_CLOSED,FATAL_COUNT,HEAVY_TRUCK_COUNT,HORSE_BUGGY_COUNT,HOUR_OF_DAY,ILLUMINATION,INJURY_COUNT,INTERSECT_TYPE,INTERSECTION_RELATED,LANE_CLOSED,LATITUDE,LN_CLOSE_DIR,LOCATION_TYPE,LONGITUDE,MAX_SEVERITY_LEVEL,MCYCLE_DEATH_COUNT,MCYCLE_SUSP_SERIOUS_INJ_COUNT,MOTORCYCLE_COUNT,MUNICIPALITY,NONMOTR_COUNT,NONMOTR_DEATH_COUNT,NONMOTR_SUSP_SERIOUS_INJ_COUNT,NTFY_HIWY_MAINT,PED_COUNT,PED_DEATH_COUNT,PED_SUSP_SERIOUS_INJ_COUNT,PERSON_COUNT,POLICE_AGCY,POSSIBLE_INJ_COUNT,RDWY_SURF_TYPE_CD,RELATION_TO_ROAD,ROAD_CONDITION,ROADWAY_CLEARED,SCH_BUS_IND,SCH_ZONE_IND,SECONDARY_CRASH,SMALL_TRUCK_COUNT,SPEC_JURIS_CD,SUSP_MINOR_INJ_COUNT,SUSP_SERIOUS_INJ_COUNT,SUV_COUNT,TCD_FUNC_CD,TCD_TYPE,TFC_DETOUR_IND,TIME_OF_DAY,TOT_INJ_COUNT,TOTAL_UNITS,UNB_DEATH_COUNT,UNB_SUSP_SERIOUS_INJ_COUNT,UNBELTED_OCC_COUNT,UNK_INJ_DEG_COUNT,UNK_INJ_PER_COUNT,URBAN_AREA,URBAN_RURAL,VAN_COUNT,VEHICLE_COUNT,WEATHER1,WEATHER2,WORK_ZONE_IND,WORK_ZONE_LOC,WORK_ZONE_TYPE,WORKERS_PRES,WZ_CLOSE_DETOUR,WZ_FLAGGER,WZ_LAW_OFFCR_IND,WZ_LN_CLOSURE,WZ_MOVING,WZ_OTHER,WZ_SHLDER_MDN,WZ_WORKERS_INJ_KILLED
2020073902,1558.0,0,0,0,0,0,0,0,0,0,5,0,,67,9,2020,4,40.0258,-75.1818,1551.0,6,0,0,0,0,0,0,0,0,,0,0,0.0,15,1,1,0,N,2,40 01:32.785,5.0,0,75 10:54.527,3,0,0,0,67301,0,0,0,N,0,0,0,4,67301,0,,6,1,1517.0,N,N,N,0,,1,0,2,0,0,Y,1545,1,2,0,0,0,0,0,3,4,0,2,3,3.0,N,,,,,,,,,,,
2020081973,405.0,0,0,0,0,0,0,0,0,0,7,0,,67,9,2020,4,39.9424,-75.143,344.0,6,0,0,0,0,0,0,0,0,,0,0,0.0,3,3,0,0,N,0,39 56:32.535,,0,75 08:34.635,0,0,0,0,67301,0,0,0,N,0,0,0,1,68K01,0,,4,1,,N,N,N,0,,0,0,1,0,0,,344,0,1,0,0,0,0,0,3,4,0,1,7,,N,,,,,,,,,,,
2020083022,51.0,2,0,0,0,0,0,0,0,0,4,0,,67,10,2020,7,39.9911,-75.2126,40.0,6,0,0,0,0,0,0,0,0,,0,0,0.0,22,3,2,0,N,0,39 59:27.930,,0,75 12:45.330,8,0,0,0,67301,3,0,0,N,0,0,0,5,67301,0,,5,1,,N,N,N,0,,0,0,2,0,0,,2247,2,4,0,0,0,2,0,3,4,0,4,3,,N,,,,,,,,,,,
2020081239,930.0,1,0,0,0,0,0,0,0,0,4,0,,67,10,2020,5,39.9939,-75.1545,930.0,6,0,0,0,0,0,1,0,0,,0,0,0.0,6,1,0,1,,0,39 59:38.214,,0,75 09:16.608,9,0,0,1,67301,0,0,0,N,0,0,0,2,67301,0,,1,1,,N,N,N,0,,0,0,0,3,2,,630,0,2,0,0,0,0,2,3,4,0,2,3,3.0,N,,,,,,,,,,,
2020083017,1632.0,0,0,0,0,0,0,0,0,0,4,0,,67,10,2020,3,40.0708,-75.1574,1630.0,6,0,0,0,0,0,2,0,0,,0,0,0.0,16,1,1,1,,0,40 04:14.822,,6,75 09:26.639,2,0,0,0,67301,0,0,0,N,0,0,0,2,67301,0,,1,1,,N,N,N,0,,0,1,1,3,2,,1630,1,2,0,0,0,0,0,3,4,0,2,3,3.0,N,,,,,,,,,,,
2020110507,2122.0,2,0,0,0,0,0,0,0,0,4,0,,67,12,2020,1,40.0143,-75.0709,2117.0,6,0,0,0,1,0,0,0,0,,0,0,0.0,20,3,0,1,,0,40 00:51.572,,0,75 04:15.064,0,0,0,0,67301,0,0,0,N,0,0,0,2,67301,0,,1,9,,N,N,N,0,,0,0,0,3,2,,2053,0,2,0,0,0,0,0,3,4,0,2,5,,N,,,,,,,,,,,
2020087971,1150.0,0,0,0,0,0,0,0,0,0,4,0,,67,10,2020,4,40.001,-75.2263,1152.0,6,0,0,0,0,0,0,0,0,,0,0,0.0,11,1,1,0,N,0,40 00:03.500,,7,75 13:34.600,8,0,0,1,67301,0,0,0,N,0,0,0,2,67301,0,,1,1,,N,N,N,0,,0,0,1,0,0,,1150,1,2,0,0,0,1,0,3,4,0,2,3,3.0,N,,,,,,,,,,,
2020093030,2232.0,0,0,0,0,0,0,0,0,0,4,0,,67,10,2020,2,40.0071,-75.2137,2231.0,6,0,0,0,0,0,0,0,0,,0,0,0.0,22,3,1,1,,2,40 00:25.579,4.0,0,75 12:49.382,2,0,0,0,67301,0,0,0,N,0,0,0,2,68K01,0,,1,1,100.0,N,N,N,0,,0,1,1,3,2,N,2229,1,2,0,0,0,0,0,3,4,0,2,3,3.0,N,,,,,,,,,,,
2020082230,1703.0,0,0,0,0,0,0,0,0,0,4,0,,67,10,2020,1,40.0316,-75.2076,1658.0,6,0,0,0,0,0,0,0,1,,0,0,0.0,16,3,0,1,,0,40 01:53.675,,0,75 12:27.912,0,0,0,0,67301,0,0,0,N,0,0,0,3,67301,0,,1,1,,N,N,N,0,,0,0,1,3,2,,1654,0,2,0,0,0,0,0,3,4,1,2,3,3.0,N,,,,,,,,,,,
2020084064,2149.0,1,0,0,0,0,0,0,0,0,4,0,,67,10,2020,5,39.9178,-75.2242,2144.0,6,0,0,0,0,0,0,0,0,,0,0,0.0,21,3,1,2,,1,39 55:04.249,3.0,0,75 13:27.141,4,0,0,0,67301,0,0,0,N,0,0,0,3,67301,1,,1,1,45.0,N,N,N,0,,0,0,1,3,3,N,2140,1,2,0,0,1,0,0,3,4,0,2,3,3.0,N,,,,,,,,,,,
2020089100,1855.0,1,0,0,0,0,0,0,0,0,7,0,,67,10,2020,6,39.9818,-75.2072,1845.0,6,0,0,0,0,0,0,0,0,,0,0,0.0,18,3,0,0,N,1,39 58:54.498,4.0,0,75 12:26.024,0,0,0,0,67301,0,0,0,N,0,0,0,1,68K01,0,,3,1,1930.0,N,N,N,0,,0,0,0,0,0,N,1842,0,1,0,0,1,0,0,3,4,0,1,3,3.0,N,,,,,,,,,,,
2020084405,756.0,0,0,0,0,0,0,0,0,0,4,0,,67,10,2020,1,40.0294,-75.1247,756.0,6,0,0,0,0,1,1,0,0,,0,0,0.0,7,5,1,1,,0,40 01:45.919,,0,75 07:28.901,3,0,0,0,67301,0,0,0,N,0,0,0,2,67301,0,,1,1,,N,N,N,0,,1,0,2,3,2,,730,1,2,0,0,0,0,0,3,4,0,2,3,3.0,N,,,,,,,,,,,
2020084157,430.0,1,0,0,0,0,0,0,0,0,4,0,,67,10,2020,4,39.9198,-75.2275,421.0,6,0,0,0,0,0,0,0,0,,0,0,0.0,4,3,0,1,,0,39 55:11.478,,0,75 13:39.136,0,0,0,0,67301,0,0,0,N,0,0,0,2,67301,0,,1,1,,N,N,N,0,,0,0,1,3,2,,419,0,2,0,0,0,0,0,3,4,0,2,3,,N,,,,,,,,,,,
2020085738,1900.0,1,0,0,0,0,0,0,0,0,4,0,,67,10,2020,4,39.9513,-75.1991,1859.0,6,0,0,0,1,0,0,0,0,,0,0,0.0,18,3,2,1,N,0,39 57:04.496,,0,75 11:56.898,3,0,0,0,67301,0,0,0,N,0,0,0,3,67504,0,,1,1,,N,N,N,0,,2,0,0,3,2,,1855,2,2,0,0,0,0,0,3,4,1,2,3,3.0,N,,,,,,,,,,,
2020085572,448.0,1,0,0,0,0,0,0,0,0,7,0,,67,10,2020,3,39.9407,-75.1431,429.0,6,0,0,0,0,0,0,0,0,,0,0,0.0,4,3,0,0,N,1,39 56:26.431,1.0,0,75 08:35.229,0,0,0,0,67301,0,0,0,N,0,0,0,1,68K01,0,,4,9,20.0,N,N,N,0,,0,0,0,0,0,N,428,0,1,0,0,0,0,0,3,4,0,1,7,7.0,N,,,,,,,,,,,
2020089097,1249.0,1,0,0,0,0,0,0,0,0,7,0,45.0,67,10,2020,6,39.9697,-75.1257,1229.0,6,0,0,0,1,0,0,0,0,,0,0,0.0,12,1,1,0,N,1,39 58:11.089,1.0,0,75 07:32.695,3,0,0,0,67301,0,0,0,N,0,0,0,1,68K01,0,,3,1,1310.0,N,N,N,0,,1,0,0,0,0,N,1219,1,1,0,0,0,0,0,3,4,0,1,3,,Y,4.0,1.0,N,,,N,,,,Y,N
2020084400,600.0,0,0,0,0,0,0,0,0,0,5,0,,67,10,2020,7,39.9725,-75.226,557.0,6,0,0,0,0,0,1,0,0,,0,0,0.0,5,3,1,0,N,0,39 58:20.825,,0,75 13:33.689,8,0,0,0,67301,0,0,0,N,0,0,0,1,67301,0,,6,1,,N,N,N,1,,0,0,1,0,0,,540,1,2,0,0,0,1,0,3,4,0,2,3,3.0,N,,,,,,,,,,,
2020088898,1840.0,0,0,0,0,0,0,0,0,0,8,0,,67,10,2020,4,40.0409,-75.0784,1838.0,6,0,0,0,0,0,1,0,0,,0,0,0.0,18,3,2,0,N,0,40 02:27.200,,0,75 04:42.080,2,0,0,0,67301,2,0,1,N,2,0,1,3,67301,0,,1,1,,N,N,N,0,,1,1,1,0,0,,1834,2,3,0,0,0,0,0,3,4,0,1,3,,N,,,,,,,,,,,
2020089528,1305.0,1,0,0,0,0,0,0,0,0,7,0,,67,10,2020,4,39.8989,-75.1785,1249.0,6,0,0,0,0,0,0,0,0,,0,0,0.0,12,1,1,0,N,1,39 53:56.189,1.0,0,75 10:42.726,3,0,0,0,67301,0,0,0,N,0,0,0,1,68K01,0,,4,1,1329.0,N,N,N,0,,1,0,0,0,0,N,1248,1,1,0,0,0,0,0,3,4,0,1,3,3.0,N,,,,,,,,,,,
2020076451,1813.0,2,0,0,0,0,0,0,0,0,4,0,,67,9,2020,5,40.0296,-75.1388,1808.0,6,0,0,0,0,0,0,0,0,,0,0,0.0,17,1,2,1,,0,40 01:46.722,,0,75 08:19.726,3,0,0,0,67301,0,0,0,N,0,0,0,3,67301,0,,1,1,,N,N,N,0,,2,0,0,3,3,,1759,2,2,0,0,0,0,0,3,4,0,2,4,4.0,N,,,,,,,,,,,
2020076657,320.0,1,0,0,0,0,0,0,0,0,7,0,,67,9,2020,5,40.0122,-75.1473,319.0,6,0,0,0,0,0,0,0,0,,0,0,0.0,3,2,1,0,N,2,40 00:43.900,2.0,3,75 08:50.200,3,0,0,0,67301,0,0,0,N,0,0,0,1,67301,0,,4,1,600.0,N,N,N,0,,1,0,0,0,0,Y,301,1,1,0,0,0,0,0,3,4,0,1,3,4.0,N,,,,,,,,,,,
2020077909,316.0,1,0,0,0,0,0,0,0,0,4,0,,67,9,2020,4,39.9397,-75.2255,313.0,6,0,0,0,0,0,1,0,0,,0,0,0.0,3,3,0,1,,1,39 56:23.027,4.0,0,75 13:31.850,0,0,0,0,67301,0,0,0,N,0,0,0,2,67301,0,,1,1,408.0,N,N,N,0,,0,0,0,3,2,N,310,0,2,0,0,0,0,0,3,4,0,2,3,3.0,N,,,,,,,,,,,
2020078414,1203.0,1,0,0,0,0,0,0,0,0,7,0,,67,9,2020,7,39.9492,-75.1419,1203.0,6,0,0,0,0,0,1,0,0,,0,0,0.0,12,1,0,0,N,0,39 56:57.260,,0,75 08:30.802,0,0,0,0,67301,0,0,0,N,0,0,0,1,68K01,0,,4,1,,N,N,N,0,,0,0,0,0,0,,1202,0,1,0,0,1,0,0,3,4,0,1,3,3.0,N,,,,,,,,,,,
2020075066,1203.0,2,0,0,0,0,0,0,0,0,2,0,,67,9,2020,7,40.0311,-75.1253,1202.0,6,0,0,0,0,0,0,0,0,,0,0,0.0,20,2,1,0,N,0,40 01:52.040,,0,75 07:31.070,3,0,0,0,67301,0,0,0,N,0,0,0,2,67301,0,,1,1,,N,N,N,0,,1,0,0,0,0,,2030,1,2,0,0,0,0,1,3,4,0,2,3,3.0,N,,,,,,,,,,,
2020073379,1645.0,1,0,0,0,0,0,0,0,0,4,0,,67,9,2020,3,39.99,-75.1483,1640.0,6,0,0,0,0,0,0,0,0,,0,0,0.0,16,1,0,1,,0,39 59:23.949,,0,75 08:54.045,0,0,0,0,67301,0,0,0,N,0,0,0,2,67301,0,,1,1,,N,N,Y,0,,0,0,1,3,2,,1640,0,2,0,0,0,0,0,3,4,0,2,3,3.0,N,,,,,,,,,,,
2020077902,2125.0,1,0,0,0,0,0,0,0,0,5,0,,67,9,2020,2,39.9195,-75.1573,2118.0,6,0,0,0,0,0,0,0,0,,0,0,0.0,21,3,0,0,N,0,39 55:10.370,,0,75 09:26.350,0,0,0,0,67301,0,0,0,N,0,0,0,1,67301,0,,6,1,,N,N,Y,0,,0,0,0,0,0,,2110,0,3,0,0,0,0,0,3,4,2,3,3,3.0,N,,,,,,,,,,,
2020076791,1840.0,2,0,0,0,0,0,0,0,0,4,0,,67,9,2020,4,39.9458,-75.1668,1839.0,6,0,0,0,1,0,1,0,0,,0,0,0.0,18,1,4,1,,0,39 56:44.757,,0,75 10:00.390,4,0,0,0,67301,1,0,0,N,1,0,0,4,67301,4,,1,1,,N,N,Y,0,,0,0,0,3,2,,1835,4,3,0,0,0,0,0,3,4,0,2,3,3.0,N,,,,,,,,,,,
2020078894,1516.0,1,0,0,0,0,0,0,0,0,1,0,,67,9,2020,2,39.9507,-75.1503,1516.0,6,0,0,0,0,0,0,0,0,,0,0,0.0,15,1,1,0,Y,1,39 57:02.432,3.0,0,75 09:00.425,3,0,0,0,67301,0,0,0,N,0,0,0,3,67301,0,,1,1,1710.0,N,N,N,0,,1,0,0,3,2,N,1514,1,3,0,0,1,0,0,3,4,2,3,3,3.0,N,,,,,,,,,,,
2020074095,1639.0,1,0,0,0,0,0,0,0,0,1,0,,67,9,2020,4,39.9921,-75.0993,1639.0,6,0,0,0,0,0,0,0,0,,0,0,0.0,15,1,2,1,N,0,39 59:31.730,,0,75 05:57.398,3,0,0,0,67301,0,0,0,N,0,0,0,4,67301,0,,1,1,,N,N,N,0,,2,0,1,3,2,,1546,2,2,0,0,0,0,0,3,4,0,2,3,3.0,N,,,,,,,,,,,
2020080315,1345.0,0,0,0,0,0,0,0,0,0,4,0,,67,9,2020,3,40.0299,-75.146,1342.0,6,0,0,0,0,0,0,0,0,,0,0,0.0,11,1,1,1,,0,40 01:47.668,,0,75 08:45.635,3,0,0,0,67301,0,0,0,N,0,0,0,2,67301,0,,1,9,,N,N,N,0,,1,0,1,3,2,,1138,1,2,0,0,0,0,0,3,4,0,2,7,7.0,N,,,,,,,,,,,
2020080059,1044.0,2,0,0,0,0,0,0,0,0,4,0,,67,9,2020,2,40.0677,-75.1625,1044.0,6,0,0,0,0,0,0,0,0,,0,0,0.0,10,1,0,1,,0,40 04:03.874,,0,75 09:44.999,0,0,0,0,67301,0,0,0,N,0,0,0,3,67301,0,,1,1,,N,N,N,0,,0,0,0,3,3,,1001,0,2,0,0,0,0,0,3,4,0,2,3,3.0,N,,,,,,,,,,,
2020103830,1829.0,0,0,0,0,0,0,0,0,0,1,0,,67,11,2020,4,39.9678,-75.1897,1818.0,6,0,0,0,0,0,0,0,0,,0,0,0.0,18,3,1,0,N,1,39 58:03.996,4.0,0,75 11:22.895,4,0,0,0,67301,0,0,0,N,0,0,0,2,68K01,1,,3,1,100.0,N,N,N,1,,0,0,1,0,0,N,1813,1,2,0,0,0,0,0,3,4,0,2,3,,N,,,,,,,,,,,
2020085567,57.0,1,0,0,0,0,0,0,0,0,7,0,,67,10,2020,2,39.9879,-75.2075,42.0,6,0,0,0,0,0,0,0,0,,0,0,0.0,0,3,0,0,N,1,39 59:16.438,3.0,0,75 12:26.893,0,0,0,0,67301,0,0,0,N,0,0,0,1,68K01,0,,4,9,30.0,N,N,N,0,,0,0,0,0,0,N,42,0,1,0,0,0,0,0,3,4,0,1,7,7.0,N,,,,,,,,,,,
2020085332,1302.0,1,0,0,0,0,0,0,0,0,7,0,55.0,67,10,2020,2,39.9607,-75.1401,1259.0,6,0,0,0,0,0,0,0,0,,0,0,0.0,12,1,1,0,N,1,39 57:38.559,5.0,0,75 08:24.515,8,0,0,0,67301,0,0,0,Y,0,0,0,1,68K01,0,,3,1,140.0,N,N,N,0,,0,0,0,0,0,N,1255,1,1,0,0,0,1,0,3,4,0,1,4,4.0,Y,4.0,1.0,N,,,N,,,,Y,N
2020084397,638.0,0,0,0,0,0,0,0,0,0,6,0,,67,10,2020,6,40.0188,-75.0889,633.0,6,0,0,0,0,0,0,0,0,,0,0,0.0,6,5,0,0,N,1,40 01:07.680,7.0,0,75 05:20.180,0,0,0,0,67301,0,0,0,N,0,0,0,1,67301,0,,6,1,852.0,N,N,N,0,,0,0,2,0,0,N,632,0,3,0,0,0,0,0,3,4,1,3,3,3.0,N,,,,,,,,,,,
2020085042,2055.0,1,0,0,0,0,0,0,0,0,4,0,,67,10,2020,2,39.9746,-75.1598,2050.0,6,0,0,1,0,0,0,0,0,,0,0,0.0,19,4,0,1,,0,39 58:28.588,,0,75 09:35.171,0,0,0,0,67301,0,0,0,N,0,0,0,2,67301,0,,1,9,,N,N,N,0,,0,0,0,3,3,,1900,0,2,0,0,0,0,0,3,4,0,2,7,7.0,N,,,,,,,,,,,
2020084714,1929.0,1,0,0,0,0,0,0,0,0,8,0,,67,10,2020,6,40.0187,-75.1274,1929.0,6,0,0,0,0,0,0,0,0,,0,0,0.0,19,3,1,0,N,0,40 01:07.490,,0,75 07:38.690,2,0,0,0,67301,1,0,1,N,1,0,1,2,67301,0,,1,1,,N,N,N,0,,0,1,0,0,0,,1920,1,2,0,0,0,0,0,3,4,0,1,3,3.0,N,,,,,,,,,,,
2020102866,1730.0,2,0,0,0,0,0,0,0,0,4,0,,67,11,2020,2,40.0257,-75.1319,1730.0,6,0,0,0,0,0,0,0,0,,0,0,0.0,16,3,2,2,,1,40 01:32.376,3.0,0,75 07:54.663,3,0,0,0,67301,0,0,0,N,0,0,0,3,67301,0,,1,9,1755.0,N,N,N,0,,2,0,0,3,3,N,1635,2,2,0,0,0,0,1,3,4,0,2,7,7.0,N,,,,,,,,,,,
2020087523,940.0,1,0,0,0,0,0,0,0,0,4,0,,67,10,2020,1,39.9848,-75.2372,940.0,6,0,0,0,0,0,0,0,0,,0,0,0.0,9,1,0,5,,0,39 59:05.400,,0,75 14:14.000,0,0,0,0,67301,0,0,0,N,0,0,0,2,67301,0,,1,1,,N,N,N,0,,0,0,1,3,2,,930,0,2,0,0,0,0,0,3,4,0,2,3,3.0,N,,,,,,,,,,,
2020086895,1700.0,1,0,0,0,0,0,0,0,0,4,0,,67,10,2020,3,39.9663,-75.2167,1652.0,6,0,0,0,0,0,0,1,0,,0,0,0.0,16,1,2,1,,0,39 57:58.780,,0,75 13:00.001,3,0,0,0,67301,0,0,0,N,0,0,0,2,67301,0,,1,1,,N,N,N,0,,2,0,1,3,2,,1652,2,2,0,0,0,0,0,3,4,0,2,3,3.0,N,,,,,,,,,,,
2020089533,2336.0,1,0,0,0,0,0,0,0,0,7,0,,67,10,2020,5,39.9687,-75.1285,2329.0,6,0,0,0,0,0,0,0,0,,0,0,0.0,23,3,0,0,N,2,39 58:07.435,2.0,0,75 07:42.482,0,0,0,0,67301,0,0,0,N,0,0,0,1,68K01,0,,4,1,1152.0,N,N,N,0,,0,0,0,0,0,N,2321,0,1,0,0,0,0,0,3,4,0,1,3,3.0,N,,,,,,,,,,,
2020088989,1023.0,1,0,0,0,0,0,0,0,0,8,0,,67,10,2020,3,39.9482,-75.1644,1013.0,6,0,0,0,0,0,0,0,0,,0,0,0.0,9,1,1,1,,0,39 56:53.519,,0,75 09:51.947,3,0,0,0,67301,1,0,0,N,1,0,0,2,67301,0,,1,9,,N,N,N,0,,1,0,0,3,2,,930,1,2,0,0,0,0,0,3,4,0,1,7,4.0,N,,,,,,,,,,,
2020088079,31.0,1,0,0,0,0,0,0,0,0,8,0,,67,10,2020,1,39.9738,-75.2452,29.0,6,0,0,0,0,0,0,0,0,,0,0,0.0,0,3,1,1,,0,39 58:25.594,,0,75 14:43.063,8,0,0,0,67301,1,0,0,N,1,0,0,2,67301,0,,1,1,,N,N,N,0,,0,0,0,3,2,,25,1,2,0,0,0,1,0,3,4,0,1,3,3.0,N,,,,,,,,,,,
2020093047,1103.0,1,0,0,0,0,0,0,0,0,5,0,,67,10,2020,4,39.9823,-75.1002,1103.0,6,0,0,0,0,0,0,0,0,,0,0,0.0,10,1,0,7,,1,39 58:55.000,1.0,2,75 06:02.500,0,0,0,0,67301,0,0,0,N,0,0,0,2,68K01,0,,7,1,30.0,N,N,N,0,,0,0,1,0,0,N,1058,0,2,0,0,0,0,0,3,4,0,2,3,3.0,N,,,,,,,,,,,
2020090134,2022.0,1,0,0,0,0,0,0,0,0,1,0,,67,10,2020,5,40.027,-75.0654,2019.0,6,0,0,0,0,0,1,0,0,,0,0,0.0,20,3,1,5,,0,40 01:37.193,,0,75 03:55.299,3,0,0,0,67301,0,0,0,N,0,0,0,2,67301,0,,1,1,,N,N,N,1,,1,0,0,3,2,,2018,1,2,0,0,0,0,0,3,4,0,2,3,3.0,N,,,,,,,,,,,
2020075481,2110.0,1,0,0,0,0,0,0,0,0,4,0,,67,9,2020,3,39.9575,-75.2173,2105.0,6,0,0,0,0,0,0,0,0,,0,0,0.0,21,3,3,1,,0,39 57:27.041,,0,75 13:02.421,2,0,0,0,67301,0,0,0,N,0,0,0,3,67301,0,,1,1,,N,N,N,0,,0,3,0,3,2,,2104,3,2,0,0,0,0,0,3,4,1,2,3,3.0,N,,,,,,,,,,,
2020083622,345.0,1,0,0,0,0,0,0,0,0,7,0,,67,9,2020,2,39.9734,-75.194,342.0,6,0,0,0,0,0,0,0,0,,0,0,0.0,3,3,1,0,N,1,39 58:24.405,3.0,0,75 11:38.386,8,0,0,0,67301,0,0,0,N,0,0,0,1,68K01,0,,4,1,354.0,N,N,N,0,,0,0,0,0,0,N,340,1,1,0,0,0,1,0,3,4,0,1,3,3.0,N,,,,,,,,,,,
2020075907,2100.0,0,0,0,0,0,0,0,0,0,0,0,,67,9,2020,1,40.0109,-75.121,2052.0,6,0,0,0,0,0,0,0,0,,0,0,0.0,20,3,1,0,N,1,40 00:39.101,2.0,0,75 07:15.752,8,0,0,0,67301,0,0,0,N,0,0,0,1,67301,0,,1,1,2108.0,N,N,N,0,,0,0,0,0,0,N,2044,1,1,0,0,0,1,0,3,4,0,1,3,3.0,N,,,,,,,,,,,
2020076532,20.0,0,0,0,0,0,0,0,0,0,4,0,,67,9,2020,7,39.9983,-75.1151,16.0,6,0,0,0,0,0,0,0,0,,0,0,0.0,21,3,0,1,,0,39 59:54.059,,0,75 06:54.442,0,0,0,0,67301,0,0,0,N,0,0,0,3,67301,0,,1,1,,N,N,N,0,,0,0,5,3,2,,2135,0,5,0,0,0,0,0,3,4,0,5,3,3.0,N,,,,,,,,,,,
2020074225,1717.0,2,0,0,0,0,0,0,0,0,4,0,,67,9,2020,4,39.9877,-75.2162,1717.0,6,0,0,0,0,0,0,0,0,,0,0,0.0,17,1,0,3,,1,39 59:15.669,1.0,0,75 12:58.434,0,0,0,0,67301,0,0,0,N,0,0,0,3,67301,0,,1,1,1900.0,N,N,N,0,,0,0,1,3,2,Y,1700,0,3,0,0,0,0,0,3,4,0,3,3,3.0,N,,,,,,,,,,,
2020081970,111.0,1,0,0,0,0,0,0,0,0,7,0,,67,9,2020,4,39.9869,-75.208,103.0,6,0,0,0,0,0,0,0,0,,0,0,0.0,1,3,0,0,N,2,39 59:12.779,3.0,0,75 12:28.640,0,0,0,0,67301,0,0,0,N,0,0,0,1,68K01,0,,3,9,111.0,N,N,N,0,,0,0,0,0,0,N,102,0,1,0,0,0,0,0,3,4,0,1,7,7.0,N,,,,,,,,,,,
2020083333,2141.0,0,0,0,0,0,0,0,0,0,8,0,,67,10,2020,1,39.9671,-75.1639,2138.0,6,0,0,0,0,0,0,0,0,,0,0,0.0,21,3,1,0,N,0,39 58:01.670,,0,75 09:50.040,3,0,0,0,67301,1,0,0,N,1,0,0,2,67301,0,,1,1,,N,N,N,0,,1,0,1,0,0,,2134,1,2,0,0,0,0,0,3,4,0,1,3,3.0,N,,,,,,,,,,,
2020081739,930.0,1,0,0,0,0,0,0,0,0,4,0,,67,10,2020,5,39.9222,-75.2303,925.0,6,0,0,0,0,0,0,0,1,,0,0,0.0,9,1,0,1,,0,39 55:19.936,,0,75 13:49.166,9,0,0,0,67301,0,0,0,N,0,0,0,3,67301,0,,1,1,,N,N,N,0,,0,0,0,3,2,,902,0,2,0,0,0,0,2,3,4,1,2,3,3.0,N,,,,,,,,,,,
2020081099,1050.0,0,0,0,0,0,0,0,0,0,8,0,,67,10,2020,5,39.9249,-75.1696,1044.0,6,0,0,0,0,0,0,1,0,,0,0,0.0,10,1,1,0,N,0,39 55:29.700,,0,75 10:10.632,3,0,0,0,67301,1,0,0,N,1,0,0,2,67301,0,,1,1,,N,N,N,0,,1,0,1,0,0,,1040,1,2,0,0,1,0,0,3,4,0,1,3,3.0,N,,,,,,,,,,,
2020086894,2305.0,1,0,0,0,0,0,0,0,0,4,0,,67,10,2020,5,39.9785,-75.2092,2303.0,6,0,0,0,0,1,0,0,0,,0,0,0.0,23,3,1,2,,0,39 58:42.540,,0,75 12:33.230,8,0,0,0,67301,0,0,0,N,0,0,0,2,67301,0,,1,9,,N,N,N,0,,0,0,1,3,3,,2303,1,2,0,0,0,1,0,3,4,0,2,7,7.0,N,,,,,,,,,,,
2020084100,1225.0,3,0,0,0,0,0,0,0,0,5,0,,67,10,2020,7,39.9235,-75.1805,1216.0,6,0,0,0,0,0,0,0,0,,0,0,0.0,12,8,0,0,N,0,39 55:24.728,,0,75 10:49.420,0,0,0,0,67301,0,0,0,N,0,0,0,1,67301,0,,6,1,,N,N,N,0,,0,0,1,0,0,,1216,0,4,0,0,0,0,0,3,4,0,4,3,3.0,N,,,,,,,,,,,
2020086620,1430.0,0,0,0,0,0,0,0,0,0,1,0,,67,10,2020,3,39.9948,-75.1871,1430.0,6,0,0,0,0,0,1,0,0,,0,0,0.0,14,1,1,0,N,0,39 59:41.186,,0,75 11:13.739,3,0,0,0,67301,0,0,0,N,0,0,0,3,67301,0,,1,1,,N,N,N,0,,1,0,1,0,0,,1420,1,2,0,0,3,0,0,3,4,1,2,3,3.0,N,,,,,,,,,,,