CRN,ARRIVAL_TM,AUTOMOBILE_COUNT,BELTED_DEATH_COUNT,BELTED_SUSP_SERIOUS_INJ_COUNT,BICYCLE_COUNT,BICYCLE_DEATH_COUNT,BICYCLE_SUSP_SERIOUS_INJ_COUNT,BUS_COUNT,CHLDPAS_DEATH_COUNT,CHLDPAS_SUSP_SERIOUS_INJ_COUNT,COLLISION_TYPE,COMM_VEH_COUNT,CONS_ZONE_SPD_LIM,COUNTY,CRASH_MONTH,CRASH_YEAR,DAY_OF_WEEK,DEC_LAT,DEC_LONG,DISPATCH_TM,DISTRICT,DRIVER_COUNT_16YR,DRIVER_COUNT_17YR,DRIVER_COUNT_18YR,DRIVER_COUNT_19YR,DRIVER_COUNT_20YR,DRIVER_COUNT_50_64YR,DRIVER_COUNT_65_74YR,DRIVER_COUNT_75PLUS,EST_HRS_CLOSED,FATAL_COUNT,HEAVY_TRUCK_COUNT,HORSE_BUGGY_COUNT,HOUR_OF_DAY,ILLUMINATION,INJURY_COUNT,INTERSECT_TYPE,INTERSECTION_RELATED,LANE_CLOSED,LATITUDE,LN_CLOSE_DIR,LOCATION_TYPE,LONGITUDE,MAX_SEVERITY_LEVEL,MCYCLE_DEATH_COUNT,MCYCLE_SUSP_SERIOUS_INJ_COUNT,MOTORCYCLE_COUNT,MUNICIPALITY,NONMOTR_COUNT,NONMOTR_DEATH_COUNT,NONMOTR_SUSP_SERIOUS_INJ_COUNT,NTFY_HIWY_MAINT,PED_COUNT,PED_DEATH_COUNT,PED_SUSP_SERIOUS_INJ_COUNT,PERSON_COUNT,POLICE_AGCY,POSSIBLE_INJ_COUNT,RDWY_SURF_TYPE_CD,RELATION_TO_ROAD,ROAD_CONDITION,ROADWAY_CLEARED,SCH_BUS_IND,SCH_ZONE_IND,SECONDARY_CRASH,SMALL_TRUCK_COUNT,SPEC_JURIS_CD,SUSP_MINOR_INJ_COUNT,SUSP_SERIOUS_INJ_COUNT,SUV_COUNT,TCD_FUNC_CD,TCD_TYPE,TFC_DETOUR_IND,TIME_OF_DAY,TOT_INJ_COUNT,TOTAL_UNITS,UNB_DEATH_COUNT,UNB_SUSP_SERIOUS_INJ_COUNT,UNBELTED_OCC_COUNT,UNK_INJ_DEG_COUNT,UNK_INJ_PER_COUNT,URBAN_AREA,URBAN_RURAL,VAN_COUNT,VEHICLE_COUNT,WEATHER1,WEATHER2,WORK_ZONE_IND,WORK_ZONE_LOC,WORK_ZONE_TYPE,WORKERS_PRES,WZ_CLOSE_DETOUR,WZ_FLAGGER,WZ_LAW_OFFCR_IND,WZ_LN_CLOSURE,WZ_MOVING,WZ_OTHER,WZ_SHLDER_MDN,WZ_WORKERS_INJ_KILLED
2020083348,2020.0,1,0,0,0,0,0,0,0,0,4,0,,67,10,2020,3,39.9632,-75.1944,2009.0,6,0,0,0,0,0,0,0,0,,0,0,0.0,19,3,0,1,,0,39 57:47.473,,0,75 11:39.861,9,0,0,0,67301,0,0,0,N,0,0,0,2,67301,0,,1,1,,N,N,N,0,,0,0,0,3,3,,1904,0,2,0,0,0,0,2,3,4,1,2,3,,N,,,,,,,,,,,
2020084498,855.0,0,0,0,0,0,0,0,0,0,8,0,,67,10,2020,7,39.9363,-75.222,851.0,6,0,0,0,0,0,0,0,0,,0,0,0.0,1,6,1,0,N,0,39 56:10.600,,0,75 13:19.040,2,0,0,0,67301,1,0,1,N,1,0,1,2,67301,0,,1,1,,N,N,N,0,,0,1,1,0,0,,100,1,2,0,0,0,0,0,3,4,0,1,3,3.0,N,,,,,,,,,,,
2020091255,35.0,1,0,0,0,0,0,0,0,0,1,0,,67,10,2020,4,39.9571,-75.1804,35.0,6,0,0,0,0,0,1,0,0,,0,0,0.0,0,3,0,0,N,1,39 57:25.614,3.0,0,75 10:49.446,0,0,0,0,67301,0,0,0,N,0,0,0,2,68K01,0,,1,1,100.0,N,N,Y,1,,0,0,0,0,0,N,25,0,2,0,0,1,0,0,3,4,0,2,3,,N,,,,,,,,,,,
2020088915,1955.0,0,0,0,0,0,0,0,0,0,8,0,,67,10,2020,5,40.0094,-75.1521,1943.0,6,0,0,0,0,0,0,0,0,,0,0,0.0,19,3,1,2,,0,40 00:33.716,,0,75 09:07.519,3,0,0,0,67301,1,0,0,N,1,0,0,2,67301,0,,1,1,,N,N,N,0,,1,0,0,0,0,,1941,1,2,0,0,0,0,1,3,4,0,1,3,3.0,N,,,,,,,,,,,
2020087180,56.0,1,0,0,0,0,0,0,0,0,4,0,,67,10,2020,6,40.0333,-75.0767,49.0,6,0,0,0,0,0,0,0,0,,0,0,0.0,0,3,0,3,,1,40 02:00.047,3.0,6,75 04:36.162,0,0,0,0,67301,0,0,0,N,0,0,0,1,67301,0,,1,1,135.0,N,N,N,0,,0,0,1,0,0,N,40,0,3,0,0,0,0,0,3,4,0,2,3,3.0,N,,,,,,,,,,,
2020087792,1218.0,2,0,0,0,0,0,0,0,0,1,0,,67,10,2020,2,39.9658,-75.2461,1109.0,6,0,0,0,0,0,1,0,0,,0,0,0.0,11,1,1,1,,0,39 57:56.909,,0,75 14:46.136,3,0,0,0,67301,1,0,0,N,1,0,0,3,67301,0,,1,1,,N,N,N,1,,1,0,1,3,2,,1105,1,5,0,0,0,0,0,3,4,0,4,3,3.0,N,,,,,,,,,,,
2020086618,1527.0,1,0,0,0,0,0,0,0,0,4,0,,67,10,2020,6,40.0948,-75.0153,1512.0,6,0,0,0,0,0,0,0,0,,0,0,0.0,14,1,1,1,,0,40 05:41.184,,0,75 00:55.174,3,0,0,0,67301,0,0,0,N,0,0,0,2,67301,0,,1,9,,N,N,N,0,,1,0,1,3,2,,1443,1,2,0,0,0,0,0,3,4,0,2,7,,N,,,,,,,,,,,
2020088901,1029.0,3,0,0,0,0,0,0,0,0,5,0,,67,10,2020,4,39.9613,-75.1617,1017.0,6,0,0,0,0,0,0,0,0,,0,0,0.0,10,1,0,0,N,1,39 57:40.657,2.0,0,75 09:42.128,0,0,0,0,67301,0,0,0,N,0,0,0,3,67301,0,,6,1,1230.0,N,N,N,0,,0,0,2,0,0,N,1014,0,6,0,0,0,0,0,3,4,1,6,3,,N,,,,,,,,,,,
2020090133,2040.0,0,0,0,0,0,0,0,0,0,5,0,,67,10,2020,2,40.0307,-75.1041,2035.0,6,0,0,0,0,0,1,0,0,,0,0,0.0,20,3,0,0,N,0,40 01:50.519,,0,75 06:14.613,0,0,0,0,67301,0,0,0,N,0,0,0,2,67301,0,,1,1,,N,N,N,0,,0,0,0,0,0,,2020,0,2,0,0,0,0,0,3,4,1,2,3,3.0,N,,,,,,,,,,,
2020089162,1813.0,1,0,0,0,0,0,0,0,0,5,0,,67,10,2020,5,39.9725,-75.2527,1752.0,6,0,0,0,0,0,0,0,0,,0,0,0.0,22,6,2,0,N,0,39 58:21.000,,0,75 15:09.700,8,0,0,0,67301,1,0,0,N,1,0,0,3,67301,0,,1,1,,N,N,N,0,,0,0,1,0,0,,2245,2,3,0,0,0,2,1,3,4,0,2,3,3.0,N,,,,,,,,,,,
2020074256,2359.0,2,0,0,0,0,0,0,0,0,1,0,,67,9,2020,2,40.011,-75.0779,2353.0,6,0,0,0,0,0,0,0,0,,0,0,0.0,23,2,1,0,N,0,40 00:39.258,,0,75 04:41.091,3,0,0,0,67301,0,0,0,N,0,0,0,2,67301,0,,1,1,,N,N,N,0,,1,0,0,0,0,,2340,1,2,0,0,0,0,0,3,4,0,2,3,3.0,N,,,,,,,,,,,
2020075486,2323.0,3,0,0,0,0,0,0,0,0,1,0,,67,9,2020,2,40.0223,-75.1483,2315.0,6,0,0,0,0,0,0,0,0,,0,0,0.0,23,3,4,0,Y,1,40 01:20.101,5.0,0,75 08:53.882,4,0,0,0,67301,0,0,0,N,0,0,0,5,67301,4,,1,1,2350.0,N,N,N,0,,0,0,0,3,2,N,2314,4,3,0,0,0,0,0,3,4,0,3,3,,N,,,,,,,,,,,
2020077120,545.0,3,0,0,0,0,0,0,0,0,1,0,,67,9,2020,5,40.0278,-75.0601,541.0,6,0,0,0,0,1,1,0,0,,0,0,0.0,5,3,1,1,,0,40 01:40.042,,0,75 03:36.277,3,0,0,0,67301,0,0,0,N,0,0,0,3,67301,0,,1,1,,N,N,N,0,,1,0,0,3,2,,541,1,3,0,0,0,0,0,3,4,0,3,3,3.0,N,,,,,,,,,,,
2020074453,752.0,3,0,0,0,0,0,0,0,0,5,0,,67,9,2020,6,40.025,-75.1733,751.0,6,0,0,0,0,0,0,0,0,,0,0,0.0,7,1,0,0,N,0,40 01:29.910,,0,75 10:23.890,9,0,0,0,67301,0,0,0,N,0,0,0,1,67301,0,,6,1,,N,N,N,0,,0,0,0,0,0,,710,0,4,0,0,0,0,1,3,4,1,4,3,,N,,,,,,,,,,,
2020074097,820.0,0,0,0,0,0,0,0,0,0,7,0,,67,9,2020,5,40.0018,-75.187,809.0,6,0,0,0,0,0,0,0,0,,0,0,0.0,6,6,0,0,N,0,40 00:06.471,,0,75 11:13.151,0,0,0,0,67301,0,0,0,N,0,0,0,1,67301,0,,4,99,,N,N,N,0,,0,0,0,0,0,,658,0,1,0,0,0,0,0,3,4,1,1,3,,N,,,,,,,,,,,
2020076226,2013.0,1,0,0,0,0,0,0,0,0,8,0,,67,9,2020,4,40.0568,-75.1891,2011.0,6,0,0,0,0,0,0,0,0,,0,0,0.0,20,3,1,0,N,0,40 03:24.500,,7,75 11:20.900,3,0,0,0,67301,1,0,0,N,1,0,0,2,67301,0,,1,1,,N,N,N,0,,1,0,0,0,0,,2000,1,2,0,0,0,0,0,3,4,0,1,3,3.0,N,,,,,,,,,,,
2020075904,1542.0,0,0,0,0,0,0,0,0,0,4,0,,67,9,2020,6,40.0402,-75.214,1536.0,6,0,0,0,0,0,0,2,0,,0,0,0.0,14,1,0,2,,1,40 02:24.817,2.0,0,75 12:50.558,9,0,0,0,67301,0,0,0,N,0,0,0,2,67301,0,,1,1,100.0,N,N,N,1,,0,0,1,3,2,N,1458,0,2,0,0,0,0,2,3,4,0,2,3,,N,,,,,,,,,,,
2020106973,2100.0,1,0,0,0,0,0,0,0,0,1,0,,67,12,2020,3,39.9974,-75.1537,2100.0,6,0,0,0,0,0,0,1,0,,0,0,0.0,20,3,2,0,N,2,39 59:50.626,2.0,0,75 09:13.350,3,0,0,0,67301,0,0,0,N,0,0,0,2,67301,0,,1,1,300.0,N,N,N,0,,1,0,1,3,2,Y,2011,2,2,0,0,0,1,0,3,4,0,2,3,3.0,N,,,,,,,,,,,
2020086189,2010.0,0,0,0,0,0,0,0,0,0,0,0,,67,10,2020,1,40.0403,-75.0433,2004.0,6,0,0,0,0,0,0,0,0,,0,0,0.0,20,3,0,1,,0,40 02:25.130,,0,75 02:35.854,0,0,0,0,67301,0,0,0,N,0,0,0,1,67301,0,,1,9,,N,N,N,0,,0,0,2,3,2,,2004,0,2,0,0,1,0,0,3,4,0,2,7,7.0,N,,,,,,,,,,,
2020084025,828.0,1,0,0,0,0,0,0,0,0,1,0,45.0,67,10,2020,2,39.9753,-75.1167,828.0,6,0,0,0,0,0,1,0,0,,0,0,0.0,8,1,0,0,N,1,39 58:31.233,2.0,3,75 07:00.084,9,0,0,0,67301,0,0,0,N,0,0,0,2,68K01,0,,1,9,913.0,N,N,N,0,,0,0,1,0,0,N,818,0,2,0,0,0,0,1,3,4,0,2,7,,Y,4.0,1.0,N,,,N,,,,Y,N
2020087522,1343.0,0,0,0,0,0,0,0,0,0,5,0,,67,10,2020,5,39.9743,-75.2205,1341.0,6,0,0,0,0,0,0,0,0,,0,0,0.0,13,1,1,3,,0,39 58:27.515,,0,75 13:14.116,8,0,0,0,67301,0,0,0,N,0,0,0,2,67301,0,,1,1,,N,N,N,2,,0,0,0,0,0,,1330,1,3,0,0,2,1,0,3,4,1,3,3,3.0,N,,,,,,,,,,,
2020089974,1223.0,0,0,0,0,0,0,0,0,0,0,0,,67,10,2020,3,40.0274,-75.0254,1213.0,6,0,0,1,0,0,0,0,0,,0,0,0.0,12,1,1,0,N,0,40 01:38.462,,0,75 01:31.543,3,0,0,1,67301,0,0,0,N,0,0,0,1,68K01,0,,1,1,,N,N,N,0,,1,0,0,0,0,,1212,1,1,0,0,0,0,0,3,4,0,1,3,,N,,,,,,,,,,,
2020084648,1937.0,1,0,0,1,0,0,0,0,0,4,0,,67,10,2020,7,40.0892,-74.9651,1930.0,6,0,0,0,0,0,0,1,0,,0,0,0.0,19,3,1,0,N,1,40 05:21.100,3.0,7,74 57:54.500,3,0,0,0,67301,1,0,0,N,0,0,0,2,67301,0,,1,1,2010.0,N,N,N,0,,1,0,0,0,0,N,1930,1,2,0,0,0,0,0,3,4,0,1,3,3.0,N,,,,,,,,,,,
2020083134,737.0,0,0,0,0,0,0,0,0,0,4,0,,67,10,2020,4,39.9351,-75.1539,731.0,6,0,0,0,0,0,0,0,0,,0,0,0.0,7,1,1,1,,0,39 56:06.430,,0,75 09:13.920,3,0,0,0,67301,0,0,0,N,0,0,0,2,67301,0,,1,1,,N,N,N,1,,1,0,1,3,2,,725,1,2,0,0,0,0,0,3,4,0,2,3,,N,,,,,,,,,,,
2020085160,1555.0,3,0,0,0,0,0,0,0,0,4,0,,67,10,2020,7,39.9707,-75.2146,1555.0,6,0,0,0,0,0,1,0,0,,0,0,0.0,15,1,0,2,,0,39 58:14.472,,0,75 12:52.393,0,0,0,0,67301,0,0,0,N,0,0,0,2,67301,0,,1,1,,N,N,N,0,,0,0,0,3,3,,1543,0,3,0,0,0,0,0,3,4,0,3,3,,N,,,,,,,,,,,
2020083350,1035.0,1,0,0,0,0,0,0,0,0,4,0,,67,10,2020,4,39.9529,-75.2467,1035.0,6,0,0,0,1,0,0,0,0,,0,0,0.0,10,1,1,1,,0,39 57:10.529,,0,75 14:48.130,8,0,0,0,67301,0,0,0,N,0,0,0,2,67301,0,,1,1,,N,N,N,0,,0,0,1,3,2,,1030,1,2,0,0,0,1,0,3,4,0,2,3,3.0,N,,,,,,,,,,,
2020090761,1151.0,1,0,0,0,0,0,0,0,0,7,0,,67,10,2020,5,40.0337,-75.0202,1142.0,6,0,0,1,0,0,0,0,0,,0,0,0.0,11,1,0,0,N,1,40 02:01.328,2.0,0,75 01:12.852,0,0,0,0,67301,0,0,0,N,0,0,0,2,68K01,0,,3,1,30.0,N,N,N,0,,0,0,0,0,0,N,1140,0,1,0,0,0,0,0,3,4,0,1,3,,N,,,,,,,,,,,
2020107230,2050.0,2,0,0,0,0,0,0,0,0,4,0,,67,12,2020,3,40.0274,-75.0629,2045.0,6,0,0,0,0,0,0,0,0,,0,0,0.0,20,3,0,1,,0,40 01:38.541,,0,75 03:46.566,9,0,0,0,67301,0,0,0,N,0,0,0,4,67301,0,,1,1,,N,N,N,0,,0,0,0,3,2,,2040,0,2,0,0,0,0,3,3,4,0,2,3,3.0,N,,,,,,,,,,,
2020084612,1238.0,2,0,0,0,0,0,0,0,0,5,0,,67,10,2020,1,39.9904,-75.1213,1237.0,6,0,0,0,0,0,0,0,0,,0,0,0.0,12,1,1,0,N,0,39 59:25.560,,0,75 07:16.680,2,0,0,0,67301,1,0,1,N,1,0,1,2,67301,0,,6,1,,N,N,Y,0,,0,1,1,0,0,,1236,1,4,0,0,0,0,0,3,4,0,3,4,,N,,,,,,,,,,,
2020089090,1642.0,1,0,0,0,0,0,0,0,0,1,0,,67,10,2020,3,39.9258,-75.194,1629.0,6,0,0,0,0,0,1,0,0,,0,0,0.0,16,1,1,0,N,1,39 55:32.729,3.0,0,75 11:38.562,3,0,0,0,67301,0,0,0,N,0,0,0,3,68K01,0,,1,1,1655.0,N,N,N,1,,1,0,1,0,0,N,1626,1,3,0,0,0,0,0,3,4,0,3,3,3.0,N,,,,,,,,,,,
2020109337,1800.0,2,0,0,0,0,0,0,0,0,1,0,,67,12,2020,7,39.9593,-75.1735,1750.0,6,0,0,0,0,0,0,0,1,,0,0,0.0,17,3,4,0,N,1,39 57:33.607,4.0,0,75 10:24.606,4,0,0,0,67301,0,0,0,N,0,0,0,10,68K01,4,,1,1,45.0,N,N,N,0,,0,0,0,0,0,N,1749,4,3,0,0,0,0,0,3,4,1,3,3,,N,,,,,,,,,,,
2020086186,1656.0,2,0,0,0,0,0,0,0,0,4,0,,67,10,2020,4,40.0449,-75.1701,1652.0,6,0,0,0,0,0,0,0,0,,0,0,0.0,16,1,4,1,,0,40 02:41.737,,0,75 10:12.385,3,0,0,0,67301,0,0,0,N,0,0,0,6,67301,0,,1,1,,N,N,N,0,,4,0,0,3,3,,1645,4,2,0,0,3,0,0,3,4,0,2,3,,N,,,,,,,,,,,
2020086216,735.0,0,0,0,0,0,0,0,0,0,4,0,,67,10,2020,4,40.0372,-75.1365,735.0,6,0,0,0,0,0,1,0,0,,0,0,0.0,7,1,1,3,,1,40 02:13.959,2.0,0,75 08:11.315,3,0,0,1,67301,0,0,0,N,0,0,0,2,67301,0,,1,1,800.0,N,N,N,0,,1,0,1,0,0,N,732,1,2,0,0,0,0,0,3,4,0,2,3,3.0,N,,,,,,,,,,,
2020083021,1555.0,0,0,0,0,0,0,0,0,0,4,0,,67,10,2020,2,40.039,-75.04,1542.0,6,0,0,0,0,0,0,0,0,,0,0,0.0,15,1,1,1,,2,40 02:20.295,1.0,0,75 02:24.032,3,0,0,0,67301,0,0,0,N,0,0,0,4,67301,0,,1,1,45.0,N,N,N,0,,1,0,0,3,3,Y,1535,1,2,0,0,0,0,0,3,4,2,2,3,,N,,,,,,,,,,,
2020087329,2143.0,0,0,0,0,0,0,0,0,0,7,0,,67,10,2020,1,39.9226,-75.1911,2140.0,6,0,0,0,0,0,1,0,0,,0,0,0.0,21,3,1,0,N,0,39 55:21.530,,0,75 11:27.813,4,0,0,1,67301,0,0,0,N,0,0,0,1,67301,1,,3,9,,N,N,N,0,,0,0,0,0,0,,2140,1,1,0,0,0,0,0,3,4,0,1,7,7.0,N,,,,,,,,,,,
2020086170,456.0,1,0,0,0,0,0,0,0,0,4,0,,67,10,2020,5,40.0555,-75.0619,422.0,6,0,0,0,0,0,0,0,0,,0,0,0.0,4,3,1,1,,0,40 03:20.018,,0,75 03:43.347,4,0,0,0,67301,0,0,0,N,0,0,0,3,67301,1,,1,1,,N,N,N,0,,0,0,0,3,3,,409,1,2,0,0,0,0,0,3,4,1,2,3,,N,,,,,,,,,,,
2020090755,137.0,0,0,0,0,0,0,0,0,0,1,0,,67,10,2020,5,39.9578,-75.1622,130.0,6,0,0,0,0,0,0,0,0,,0,0,0.0,1,3,0,0,N,1,39 57:28.188,3.0,0,75 09:43.928,0,0,0,0,67301,0,0,0,N,0,0,0,1,68K01,0,,2,1,211.0,N,N,N,0,,0,0,2,0,0,N,127,0,2,0,0,0,0,0,3,4,0,2,3,,N,,,,,,,,,,,
2020089006,2027.0,3,0,0,0,0,0,0,0,0,4,0,,67,10,2020,4,39.964,-75.1916,2027.0,6,0,0,0,0,0,0,0,0,,0,0,0.0,20,3,0,1,,0,39 57:50.576,,0,75 11:29.738,9,0,0,0,67301,0,0,0,N,0,0,0,2,67301,0,,1,1,,N,N,N,0,,0,0,1,3,2,,2012,0,4,0,0,0,0,2,3,4,0,4,3,3.0,N,,,,,,,,,,,
2020090757,912.0,1,0,0,0,0,0,0,0,0,1,0,,67,10,2020,5,39.968,-75.131,904.0,6,0,0,0,0,0,0,0,0,,0,0,0.0,9,1,1,0,N,2,39 58:04.640,2.0,0,75 07:51.579,8,0,0,0,67301,0,0,0,N,0,0,0,3,68K01,0,,1,1,45.0,N,N,N,0,,0,0,1,0,0,N,901,1,3,0,0,0,1,0,3,4,1,3,3,,N,,,,,,,,,,,
2020088511,2126.0,1,0,0,0,0,0,0,0,0,5,0,,67,10,2020,4,39.9836,-75.1595,2100.0,6,0,0,0,0,0,0,0,0,,0,0,0.0,21,3,0,0,N,0,39 59:00.780,,0,75 09:34.210,0,0,0,0,67301,1,0,0,N,0,0,0,2,67301,0,,6,1,,N,N,N,0,,0,0,1,0,0,,2100,0,2,0,0,0,0,0,3,4,0,2,3,3.0,N,,,,,,,,,,,
2020088909,2009.0,5,0,0,0,0,0,0,0,0,5,0,,67,10,2020,6,40.0079,-75.1478,2008.0,6,0,0,0,0,0,0,0,0,,0,0,0.0,20,3,0,0,N,0,40 00:28.320,,0,75 08:52.010,0,0,0,0,67301,0,0,0,N,0,0,0,1,67301,0,,6,1,,N,N,N,0,,0,0,4,0,0,,2000,0,9,0,0,0,0,0,3,4,0,9,4,4.0,N,,,,,,,,,,,
2020079879,820.0,0,0,0,0,0,0,0,0,0,7,0,,67,9,2020,5,40.0634,-75.2004,820.0,6,0,0,0,0,0,0,0,0,,0,0,0.0,8,1,0,0,N,0,40 03:48.300,,0,75 12:01.600,0,0,0,0,67301,0,0,0,N,0,0,0,1,67301,0,,4,9,,N,N,N,0,,0,0,1,0,0,,805,0,1,0,0,0,0,0,3,4,0,1,7,,N,,,,,,,,,,,
2020076473,430.0,1,0,0,0,0,0,0,0,0,5,0,,67,9,2020,4,40.0048,-75.1473,413.0,6,0,0,0,0,0,0,0,0,,0,0,0.0,4,3,0,0,N,1,40 00:17.350,2.0,0,75 08:50.370,0,0,0,0,67301,0,0,0,N,0,0,0,2,67301,0,,1,1,546.0,N,N,N,0,,0,0,0,0,0,N,413,0,3,0,0,1,0,0,3,4,1,3,3,3.0,N,,,,,,,,,,,
2020075033,1515.0,1,0,0,0,0,0,0,0,0,8,0,,67,9,2020,1,40.0293,-75.0367,1505.0,6,0,0,0,0,0,0,0,0,,0,0,0.0,14,1,2,1,,0,40 01:45.604,,0,75 02:12.063,3,0,0,0,67301,2,0,0,N,2,0,0,3,67301,0,,1,1,,N,N,N,0,,2,0,0,3,1,,1435,2,3,0,0,0,0,0,3,4,0,1,3,3.0,N,,,,,,,,,,,
2020080525,354.0,2,0,0,0,0,0,0,0,0,5,0,,67,9,2020,1,40.045,-75.0537,352.0,6,0,0,0,0,0,1,0,0,,0,0,0.0,3,3,0,0,N,0,40 02:42.150,,0,75 03:13.225,0,0,0,0,67301,0,0,0,N,0,0,0,2,67301,0,,1,9,,N,N,N,0,,0,0,0,0,0,,350,0,2,0,0,0,0,0,3,4,0,2,98,98.0,N,,,,,,,,,,,
2020079644,1605.0,2,0,0,0,0,0,0,0,0,1,0,,67,9,2020,6,39.9693,-75.1846,1557.0,6,0,0,0,0,0,0,0,0,,0,0,0.0,15,1,1,1,,0,39 58:09.830,,0,75 11:05.880,3,0,0,0,67301,0,0,0,N,0,0,0,3,67301,0,,1,1,,N,N,N,0,,1,0,0,9,2,,1536,1,2,0,0,1,0,0,3,4,0,2,3,3.0,N,,,,,,,,,,,
2020076529,1700.0,1,0,0,0,0,0,0,0,0,4,0,,67,9,2020,4,39.9207,-75.1411,1700.0,6,0,0,0,0,0,0,1,0,,0,0,0.0,16,1,1,1,,0,39 55:14.471,,0,75 08:27.940,4,0,0,0,67301,0,0,0,N,0,0,0,2,67301,1,,1,1,,N,N,N,0,,0,0,1,3,2,,1645,1,2,0,0,0,0,0,3,4,0,2,3,3.0,N,,,,,,,,,,,
2020084245,801.0,2,0,0,0,0,0,0,0,0,4,0,,67,10,2020,6,40.0287,-75.2055,758.0,6,0,0,0,0,0,0,0,0,,0,0,0.0,7,1,0,1,,1,40 01:43.183,1.0,0,75 12:19.909,0,0,0,0,67301,0,0,0,N,0,0,0,3,67301,0,,1,1,915.0,N,N,N,0,,0,0,0,3,2,Y,745,0,3,0,0,0,0,0,3,4,1,3,3,3.0,N,,,,,,,,,,,
2020085156,1041.0,2,0,0,0,0,0,0,0,0,4,0,,67,10,2020,2,39.9181,-75.1806,1040.0,6,0,0,0,0,0,0,1,0,,0,0,0.0,10,1,1,0,N,0,39 55:05.100,,0,75 10:50.100,8,0,0,0,67301,0,0,0,N,0,0,0,2,67301,0,,1,9,,N,N,N,0,,0,0,0,0,0,,1037,1,2,0,0,0,1,0,3,4,0,2,7,,N,,,,,,,,,,,
2020086899,1620.0,2,0,0,0,0,0,0,0,0,1,0,,67,10,2020,7,39.969,-75.2118,1620.0,6,0,0,0,0,0,1,0,0,,0,0,0.0,14,1,1,0,Y,0,39 58:08.403,,0,75 12:42.400,4,0,0,0,67301,0,0,0,N,0,0,0,2,67301,1,,1,99,,N,N,N,0,,0,0,0,3,2,,1430,1,2,0,0,0,0,0,3,4,0,2,99,,N,,,,,,,,,,,
2020088625,2135.0,1,0,0,0,0,0,0,0,0,8,0,,67,10,2020,4,39.9135,-75.2409,2135.0,6,0,0,0,0,0,0,0,0,,0,0,0.0,21,2,1,1,,0,39 54:48.592,,0,75 14:27.308,3,0,0,0,67301,1,0,0,N,1,0,0,2,67301,0,,1,1,,N,N,N,0,,1,0,0,3,3,,2135,1,2,0,0,0,0,0,3,4,0,1,3,3.0,N,,,,,,,,,,,
2020086202,1315.0,1,0,0,0,0,0,0,0,0,4,0,,67,10,2020,4,39.9678,-75.2281,1310.0,6,0,0,0,0,0,0,0,0,,0,0,0.0,13,1,0,1,,1,39 58:04.148,3.0,0,75 13:41.267,0,0,0,0,67301,0,0,0,N,0,0,0,2,67301,0,,1,1,1406.0,N,N,N,0,,0,0,1,3,2,Y,1309,0,2,0,0,0,0,0,3,4,0,2,3,3.0,N,,,,,,,,,,,
2020084337,1353.0,2,0,0,0,0,0,0,0,0,4,0,,67,10,2020,6,40.0353,-75.1214,1338.0,6,0,0,0,0,0,0,0,0,,0,0,0.0,13,1,4,1,,0,40 02:06.975,,0,75 07:17.097,3,0,0,0,67301,0,0,0,N,0,0,0,4,67301,1,,1,1,,N,N,N,0,,3,0,0,3,2,,1322,4,2,0,0,0,0,0,3,4,0,2,3,,N,,,,,,,,,,,
2020084501,1647.0,2,0,0,0,0,0,0,0,0,4,0,,67,10,2020,1,39.9571,-75.2083,1646.0,6,0,1,0,0,1,0,0,0,,0,0,0.0,16,1,0,1,,0,39 57:25.686,,0,75 12:29.861,0,0,0,0,67301,0,0,0,N,0,0,0,2,67504,0,,1,1,,N,N,Y,0,,0,0,1,3,3,,1600,0,3,0,0,0,0,0,3,4,0,3,3,3.0,N,,,,,,,,,,,
2020089102,845.0,0,0,0,0,0,0,0,0,0,7,0,,67,10,2020,7,40.0054,-75.1941,842.0,6,0,0,0,0,0,1,0,0,,0,0,0.0,8,1,0,0,N,2,40 00:19.300,4.0,8,75 11:38.701,0,0,0,0,67301,0,0,0,N,0,0,0,1,68K01,0,,4,1,930.0,N,N,N,0,,0,0,1,0,0,N,842,0,1,0,0,0,0,0,3,4,0,1,3,3.0,N,,,,,,,,,,,
2020104881,1605.0,2,0,0,0,0,0,0,0,0,2,0,,67,12,2020,3,40.0131,-75.081,1601.0,6,0,0,0,0,0,0,0,0,,0,0,0.0,15,1,2,1,,0,40 00:47.336,,0,75 04:51.607,3,0,0,0,67301,0,0,0,N,0,0,0,3,67301,1,,1,1,,N,N,N,0,,1,0,0,3,3,,1555,2,2,0,0,0,0,0,3,4,0,2,3,,N,,,,,,,,,,,
2020088509,415.0,1,0,0,0,0,0,0,0,0,7,0,,67,10,2020,1,39.9578,-75.1642,411.0,6,0,0,0,0,0,0,0,0,,0,0,0.0,4,3,1,2,,0,39 57:27.700,,2,75 09:51.200,4,0,0,0,67301,0,0,0,N,0,0,0,1,67301,1,,4,1,,N,N,N,0,,0,0,0,3,2,,409,1,1,0,0,0,0,0,3,4,0,1,3,3.0,N,,,,,,,,,,,
2020087334,912.0,2,0,0,0,0,0,0,0,0,4,0,,67,10,2020,2,40.1343,-75.0091,855.0,6,0,0,0,0,1,0,0,0,,0,0,0.0,8,1,1,1,,1,40 08:03.746,2.0,0,75 00:32.919,3,0,0,0,67301,0,0,0,N,0,0,0,2,67301,0,,1,1,1118.0,N,N,N,0,,1,0,0,3,2,N,847,1,2,0,0,0,0,0,3,4,0,2,3,,N,,,,,,,,,,,