CRN,ARRIVAL_TM,AUTOMOBILE_COUNT,BELTED_DEATH_COUNT,BELTED_SUSP_SERIOUS_INJ_COUNT,BICYCLE_COUNT,BICYCLE_DEATH_COUNT,BICYCLE_SUSP_SERIOUS_INJ_COUNT,BUS_COUNT,CHLDPAS_DEATH_COUNT,CHLDPAS_SUSP_SERIOUS_INJ_COUNT,COLLISION_TYPE,COMM_VEH_COUNT,CONS_ZONE_SPD_LIM,COUNTY,CRASH_MONTH,CRASH_YEAR,DAY_OF_WEEK,DEC_LAT,DEC_LONG,DISPATCH_TM,DISTRICT,DRIVER_COUNT_16YR,DRIVER_COUNT_17YR,DRIVER_COUNT_18YR,DRIVER_COUNT_19YR,DRIVER_COUNT_20YR,DRIVER_COUNT_50_64YR,DRIVER_COUNT_65_74YR,DRIVER_COUNT_75PLUS,EST_HRS_CLOSED,FATAL_COUNT,HEAVY_TRUCK_COUNT,HORSE_BUGGY_COUNT,HOUR_OF_DAY,ILLUMINATION,INJURY_COUNT,INTERSECT_TYPE,INTERSECTION_RELATED,LANE_CLOSED,LATITUDE,LN_CLOSE_DIR,LOCATION_TYPE,LONGITUDE,MAX_SEVERITY_LEVEL,MCYCLE_DEATH_COUNT,MCYCLE_SUSP_SERIOUS_INJ_COUNT,MOTORCYCLE_COUNT,MUNICIPALITY,NONMOTR_COUNT,NONMOTR_DEATH_COUNT,NONMOTR_SUSP_SERIOUS_INJ_COUNT,NTFY_HIWY_MAINT,PED_COUNT,PED_DEATH_COUNT,PED_SUSP_SERIOUS_INJ_COUNT,PERSON_COUNT,POLICE_AGCY,POSSIBLE_INJ_COUNT,RDWY_SURF_TYPE_CD,RELATION_TO_ROAD,ROAD_CONDITION,ROADWAY_CLEARED,SCH_BUS_IND,SCH_ZONE_IND,SECONDARY_CRASH,SMALL_TRUCK_COUNT,SPEC_JURIS_CD,SUSP_MINOR_INJ_COUNT,SUSP_SERIOUS_INJ_COUNT,SUV_COUNT,TCD_FUNC_CD,TCD_TYPE,TFC_DETOUR_IND,TIME_OF_DAY,TOT_INJ_COUNT,TOTAL_UNITS,UNB_DEATH_COUNT,UNB_SUSP_SERIOUS_INJ_COUNT,UNBELTED_OCC_COUNT,UNK_INJ_DEG_COUNT,UNK_INJ_PER_COUNT,URBAN_AREA,URBAN_RURAL,VAN_COUNT,VEHICLE_COUNT,WEATHER1,WEATHER2,WORK_ZONE_IND,WORK_ZONE_LOC,WORK_ZONE_TYPE,WORKERS_PRES,WZ_CLOSE_DETOUR,WZ_FLAGGER,WZ_LAW_OFFCR_IND,WZ_LN_CLOSURE,WZ_MOVING,WZ_OTHER,WZ_SHLDER_MDN,WZ_WORKERS_INJ_KILLED
2020088081,1456.0,1,0,0,0,0,0,0,0,0,4,0,,67,10,2020,7,39.9843,-75.1616,1455.0,6,0,0,0,0,0,0,0,0,,0,0,0.0,14,1,0,1,,0,39 59:03.429,,0,75 09:41.838,0,0,0,0,67301,0,0,0,N,0,0,0,2,67301,0,,1,1,,N,N,N,0,,0,0,0,3,3,,1450,0,2,0,0,0,0,0,3,4,1,2,3,3.0,N,,,,,,,,,,,
2020089009,1230.0,2,0,0,0,0,0,0,0,0,5,0,,67,10,2020,4,39.9963,-75.1258,1225.0,6,0,0,0,0,0,0,0,0,,0,0,0.0,12,1,1,0,N,0,39 59:46.700,,0,75 07:32.700,2,0,0,0,67301,0,0,0,N,0,0,0,1,67301,0,,1,1,,N,N,Y,0,,0,1,0,0,0,,1220,1,3,0,0,0,0,0,3,4,1,3,3,3.0,N,,,,,,,,,,,
2020090788,1947.0,1,0,0,0,0,0,0,0,0,7,0,,67,10,2020,6,39.9509,-75.1416,1936.0,6,0,0,0,1,0,1,0,0,,0,0,0.0,19,1,2,0,N,1,39 57:03.414,2.0,0,75 08:29.640,3,0,0,0,67301,0,0,0,N,0,0,0,5,68K01,1,,4,9,2028.0,N,N,N,0,,1,0,1,0,0,N,1934,2,2,0,0,0,0,0,3,4,0,2,7,,N,,,,,,,,,,,
2020091241,1448.0,0,0,0,0,0,0,0,0,0,1,0,,67,10,2020,1,39.9584,-75.166,1444.0,6,0,0,0,0,1,0,0,0,,0,0,0.0,14,1,1,0,N,1,39 57:30.237,4.0,0,75 09:57.518,8,0,0,0,67301,0,0,0,N,0,0,0,7,68K01,0,,1,1,1540.0,N,N,N,0,,0,0,2,0,0,N,1444,1,3,0,0,1,1,0,3,4,1,3,3,3.0,N,,,,,,,,,,,
2020088992,2341.0,1,0,0,0,0,0,0,0,0,4,0,,67,10,2020,5,40.0854,-75.0374,2338.0,6,0,0,1,0,0,0,0,0,,0,0,0.0,23,3,1,1,,0,40 05:07.651,,0,75 02:14.830,8,0,0,0,67301,0,0,0,N,0,0,0,2,67301,0,,1,1,,N,N,N,0,,0,0,1,3,2,,2338,1,2,0,0,0,1,0,3,4,0,2,3,,N,,,,,,,,,,,
2020086699,750.0,1,0,0,0,0,0,0,0,0,4,0,,67,10,2020,6,40.0539,-75.0863,738.0,6,0,0,0,0,0,2,0,0,,0,0,0.0,7,1,0,1,,2,40 03:13.871,6.0,0,75 05:10.709,0,0,0,0,67301,0,0,0,N,0,0,0,3,67301,0,,1,9,830.0,N,N,N,0,,0,0,3,3,2,Y,730,0,4,0,0,0,0,0,3,4,0,4,7,4.0,N,,,,,,,,,,,
2020074224,752.0,1,0,0,0,0,0,0,0,0,4,0,,67,9,2020,2,39.9382,-75.2164,751.0,6,0,0,1,0,0,0,0,0,,0,0,0.0,7,3,1,0,N,0,39 56:17.400,,7,75 12:59.000,4,0,0,1,67301,0,0,0,N,0,0,0,2,67301,1,,1,1,,N,N,N,0,,0,0,0,0,0,,739,1,2,0,0,0,0,0,3,4,0,2,3,3.0,N,,,,,,,,,,,
2020076639,1041.0,1,0,0,0,0,0,0,0,0,4,0,,67,9,2020,7,40.0082,-75.0717,1035.0,6,0,0,0,0,0,0,0,0,,0,0,0.0,10,1,1,2,,0,40 00:29.677,,0,75 04:18.384,3,0,0,0,67301,0,0,0,N,0,0,0,2,67301,0,,1,1,,N,N,N,0,,1,0,0,3,3,,1030,1,2,0,0,1,0,0,3,4,1,2,3,,N,,,,,,,,,,,
2020075126,1105.0,2,0,0,0,0,0,0,0,0,5,0,,67,9,2020,1,40.0682,-75.0297,1100.0,6,0,0,0,0,0,0,0,0,,0,0,0.0,10,1,1,2,,0,40 04:05.340,,0,75 01:46.740,3,0,0,0,67301,0,0,0,N,0,0,0,2,67301,0,,1,1,,N,N,N,0,,1,0,0,3,2,,1050,1,2,0,0,0,0,0,3,4,0,2,3,3.0,N,,,,,,,,,,,
2020074614,200.0,2,0,0,0,0,0,0,0,0,6,0,,67,9,2020,6,39.9981,-75.1387,200.0,6,1,0,0,0,0,0,0,0,,0,0,0.0,2,3,0,0,N,0,39 59:53.190,,0,75 08:19.160,0,0,0,0,67301,0,0,0,N,0,0,0,1,67301,0,,6,9,,N,N,N,0,,0,0,1,0,0,,200,0,3,0,0,0,0,0,3,4,0,3,4,,N,,,,,,,,,,,
2020073406,1940.0,1,0,0,0,0,0,0,0,0,5,0,,67,9,2020,2,40.0654,-75.0198,1933.0,6,0,0,0,0,0,0,0,0,,0,0,0.0,19,3,1,0,N,0,40 03:55.300,,0,75 01:11.200,3,0,0,0,67301,0,0,0,N,0,0,0,1,67301,0,,6,1,,N,N,N,0,,1,0,1,0,0,,1930,1,3,0,0,0,0,0,3,4,1,3,3,,N,,,,,,,,,,,
2020075908,1655.0,2,0,0,0,0,0,0,0,0,4,0,,67,9,2020,2,40.0046,-75.1321,1654.0,6,0,0,0,0,1,0,0,0,,0,0,0.0,15,1,1,1,,0,40 00:16.383,,0,75 07:55.433,3,0,0,0,67301,0,0,0,N,0,0,0,3,67301,0,,1,1,,N,N,N,0,,1,0,0,3,2,,1556,1,2,0,0,0,0,0,3,4,0,2,3,3.0,N,,,,,,,,,,,
2020084154,1648.0,0,0,0,0,0,0,0,0,0,8,0,,67,10,2020,5,40.1052,-75.0328,1643.0,6,0,0,0,0,0,0,1,0,,0,0,0.0,16,1,1,1,,0,40 06:18.580,,0,75 01:58.246,3,0,0,0,67301,1,0,0,N,1,0,0,2,67301,0,,1,1,,N,N,N,0,,1,0,1,3,2,,1633,1,2,0,0,1,0,0,3,4,0,1,3,3.0,N,,,,,,,,,,,
2020084709,2336.0,2,0,0,0,0,0,0,0,0,4,0,,67,10,2020,1,39.9959,-75.1875,2329.0,6,0,0,0,0,1,0,0,0,,0,0,0.0,23,3,0,3,,2,39 59:44.799,3.0,0,75 11:15.000,9,0,0,0,67301,0,0,0,N,0,0,0,2,67301,0,,1,9,0.0,N,N,N,0,,0,0,0,0,0,N,2329,0,2,0,0,0,0,2,3,4,0,2,7,,N,,,,,,,,,,,
2020087783,2116.0,1,0,0,0,0,0,0,0,0,4,0,,67,10,2020,4,39.9285,-75.1822,2113.0,6,0,0,0,0,0,0,0,0,,0,0,0.0,21,4,1,1,,0,39 55:42.596,,0,75 10:55.930,4,0,0,0,67301,0,0,0,N,0,0,0,4,67301,1,,1,1,,N,N,N,0,,0,0,1,3,2,,2111,1,3,0,0,2,0,0,3,4,0,3,3,3.0,N,,,,,,,,,,,
2020083137,1942.0,2,0,0,0,0,0,0,0,0,5,0,,67,10,2020,2,39.9591,-75.2305,1942.0,6,0,0,0,0,0,0,0,0,,0,0,0.0,19,3,0,0,N,2,39 57:32.905,3.0,0,75 13:49.744,0,0,0,0,67301,0,0,0,N,0,0,0,2,67301,0,,1,1,2100.0,N,N,N,0,,0,0,3,0,0,Y,1942,0,6,0,0,0,0,0,3,4,1,6,3,3.0,N,,,,,,,,,,,
2020086173,1437.0,1,0,0,0,0,0,0,0,0,5,0,,67,10,2020,4,39.9551,-75.1559,1426.0,6,0,0,0,0,0,1,0,0,,0,0,0.0,14,1,0,0,N,0,39 57:18.400,,0,75 09:21.410,0,0,0,0,67301,0,0,0,N,0,0,0,2,67301,0,,1,1,,N,N,N,0,,0,0,1,0,0,,1420,0,2,0,0,0,0,0,3,4,0,2,3,3.0,N,,,,,,,,,,,
2020086190,1511.0,0,0,0,0,0,0,0,0,0,5,0,,67,10,2020,2,40.0056,-75.0756,1504.0,6,0,0,0,0,0,0,0,0,,0,0,0.0,14,1,1,5,,1,40 00:20.310,2.0,0,75 04:32.583,3,0,0,0,67301,0,0,0,N,0,0,0,2,67301,0,,1,1,1700.0,N,N,N,0,,1,0,2,3,2,N,1448,1,2,0,0,0,0,1,3,4,0,2,4,,N,,,,,,,,,,,
2020084093,245.0,5,0,0,0,0,0,0,0,0,4,0,,67,10,2020,7,39.9847,-75.1615,240.0,6,0,0,1,0,0,0,0,0,,0,0,0.0,2,3,0,1,,0,39 59:04.959,,0,75 09:41.497,0,0,0,0,67301,0,0,0,N,0,0,0,3,67505,0,,1,1,,N,N,Y,0,,0,0,1,3,3,,238,0,6,0,0,2,0,0,3,4,0,6,3,4.0,N,,,,,,,,,,,
2020083725,2355.0,1,0,0,0,0,0,0,0,0,4,0,,67,10,2020,3,40.0475,-75.1581,2353.0,6,0,0,0,0,0,0,0,0,,0,0,0.0,23,3,1,1,,0,40 02:50.820,,0,75 09:29.070,8,0,0,1,67301,0,0,0,N,0,0,0,2,67301,0,,1,1,,N,N,N,0,,0,0,0,3,1,,2352,1,2,0,0,1,1,0,3,4,0,2,3,3.0,N,,,,,,,,,,,
2020082151,2314.0,1,0,0,0,0,0,0,0,0,1,0,,67,10,2020,1,39.9072,-75.1937,2311.0,6,0,0,0,0,0,0,0,0,,0,0,0.0,22,3,5,0,N,2,39 54:26.048,2.0,0,75 11:37.268,3,0,0,0,67301,0,0,0,N,0,0,0,6,67301,0,,1,1,2355.0,N,N,N,0,,5,0,2,0,0,N,2245,5,4,0,0,0,0,0,3,4,1,4,3,3.0,N,,,,,,,,,,,
2020084102,1320.0,0,0,0,0,0,0,0,0,0,4,0,,67,10,2020,6,40.0371,-75.1237,1319.0,6,0,0,0,0,0,1,1,0,,0,0,0.0,13,1,1,1,,0,40 02:13.739,,0,75 07:25.345,3,0,0,1,67301,0,0,0,N,0,0,0,2,67301,0,,1,1,,N,N,N,0,,1,0,1,3,2,,1300,1,2,0,0,0,0,0,3,4,0,2,3,3.0,N,,,,,,,,,,,
2020084395,405.0,1,0,0,0,0,0,0,0,0,4,0,,67,10,2020,7,40.049,-75.1057,355.0,6,0,0,0,0,0,0,0,0,,0,0,0.0,0,3,0,2,,0,40 02:56.396,,0,75 06:20.649,0,0,0,0,67301,0,0,0,N,0,0,0,1,67301,0,,1,1,,N,N,N,0,,0,0,1,0,0,,13,0,2,0,0,0,0,0,3,4,0,2,3,,N,,,,,,,,,,,
2020109724,2056.0,3,0,0,0,0,0,0,0,0,1,0,,67,12,2020,3,39.996,-75.0828,2056.0,6,0,0,0,0,0,0,0,0,,0,0,0.0,20,3,1,0,N,2,39 59:45.616,1.0,0,75 04:57.980,3,0,0,0,67301,0,0,0,N,0,0,0,4,68K01,0,,1,1,5.0,N,N,N,1,,1,0,0,0,0,N,2056,1,4,0,0,0,0,0,3,4,0,4,3,3.0,N,,,,,,,,,,,
2020086346,1700.0,1,0,0,0,0,0,0,0,0,2,0,,67,10,2020,4,39.9754,-75.1917,1700.0,6,0,0,0,0,0,0,0,0,,0,0,0.0,13,1,1,0,N,0,39 58:31.736,,1,75 11:30.398,3,0,0,0,67301,0,0,0,N,0,0,0,2,67301,0,,1,1,,N,N,N,0,,1,0,1,0,0,,1350,1,2,0,0,0,0,1,3,4,0,2,3,3.0,N,,,,,,,,,,,
2020082491,840.0,1,0,0,0,0,0,0,0,0,4,0,,67,10,2020,2,39.9554,-75.1711,832.0,6,0,0,0,0,0,0,0,0,,0,0,0.0,8,1,0,1,,0,39 57:19.443,,0,75 10:16.111,0,0,0,0,67301,0,0,0,N,0,0,0,3,67301,0,,1,1,,N,N,N,0,,0,0,2,3,2,,815,0,3,0,0,0,0,0,3,4,0,3,3,,N,,,,,,,,,,,
2020104514,1123.0,2,0,0,0,0,0,0,0,0,4,0,,67,12,2020,6,40.0554,-75.1263,1122.0,6,0,0,0,0,0,1,0,0,,0,0,0.0,11,1,1,2,,0,40 03:19.497,,0,75 07:34.808,3,0,0,0,67301,0,0,0,N,0,0,0,2,67301,0,,1,9,,N,N,N,0,,1,0,0,3,2,,1120,1,2,0,0,0,0,0,3,4,0,2,7,4.0,N,,,,,,,,,,,
2020087555,2252.0,0,0,0,0,0,0,0,0,0,6,0,,67,10,2020,7,40.0176,-75.1166,2251.0,6,0,0,0,0,0,0,0,0,,0,0,0.0,22,3,0,0,N,0,40 01:03.500,,0,75 06:59.600,0,0,0,0,67301,0,0,0,N,0,0,0,1,67301,0,,6,1,,N,N,N,1,,0,0,2,0,0,,2250,0,3,0,0,0,0,0,3,4,0,3,3,3.0,N,,,,,,,,,,,
2020091253,17.0,0,0,0,0,0,0,0,0,0,7,0,,67,10,2020,4,39.9571,-75.1804,11.0,6,0,0,0,0,0,0,0,0,,0,0,0.0,0,3,1,0,N,1,39 57:25.504,3.0,0,75 10:49.470,3,0,0,1,67301,0,0,0,N,0,0,0,1,68K01,0,,4,1,35.0,N,N,N,0,,1,0,0,0,0,N,8,1,1,0,0,0,0,0,3,4,0,1,3,,N,,,,,,,,,,,
2020086204,433.0,1,0,0,0,0,0,0,0,0,98,0,,67,10,2020,5,39.9963,-75.2368,433.0,6,0,0,0,0,0,0,0,0,,0,0,0.0,4,3,1,0,N,0,39 59:46.844,,0,75 14:12.253,4,0,0,0,67301,0,0,0,N,0,0,0,1,67301,1,,1,1,,N,N,N,0,,0,0,0,0,0,,430,1,1,0,0,0,0,0,3,4,0,1,3,3.0,N,,,,,,,,,,,
2020090763,1922.0,1,0,0,0,0,0,0,0,0,7,0,,67,10,2020,5,39.8948,-75.1944,1913.0,6,0,0,0,1,0,0,0,0,,0,0,0.0,18,1,1,0,N,0,39 53:41.158,,3,75 11:39.786,3,0,0,0,67301,0,0,0,N,0,0,0,3,68K01,0,,2,1,,N,N,N,0,,1,0,0,0,0,,1855,1,1,0,0,0,0,0,3,4,0,1,3,,N,,,,,,,,,,,
2020087182,435.0,2,0,0,0,0,0,0,0,0,4,0,,67,10,2020,1,40.0263,-75.0973,426.0,6,0,0,0,0,0,0,0,0,,0,0,0.0,4,3,1,1,,2,40 01:35.013,3.0,0,75 05:51.166,4,0,0,0,67301,0,0,0,N,0,0,0,2,67301,1,,1,1,515.0,N,N,N,0,,0,0,0,3,2,Y,425,1,2,0,0,0,0,0,3,4,0,2,3,3.0,N,,,,,,,,,,,
2020090771,216.0,1,0,0,0,0,0,0,0,0,7,0,,67,10,2020,6,39.926,-75.1943,216.0,6,0,0,0,0,0,1,0,0,,0,0,0.0,2,3,0,0,N,0,39 55:33.655,,0,75 11:39.368,0,0,0,0,67301,0,0,0,N,0,0,0,1,68K01,0,,4,1,,N,N,N,0,,0,0,0,0,0,,216,0,1,0,0,0,0,0,3,4,0,1,3,,N,,,,,,,,,,,
2020088897,1755.0,1,0,0,0,0,0,0,0,0,1,0,,67,10,2020,3,39.9038,-75.1981,1748.0,6,0,0,0,0,0,0,0,0,,0,0,0.0,17,1,1,0,N,0,39 54:13.661,,3,75 11:53.049,3,0,0,0,67301,0,0,0,N,0,0,0,2,67301,0,,1,1,,N,N,N,0,,1,0,1,0,0,,1748,1,2,0,0,1,0,0,3,4,0,2,3,3.0,N,,,,,,,,,,,
2020088914,1751.0,2,0,0,0,0,0,0,0,0,4,0,,67,10,2020,4,40.0169,-75.1516,1750.0,6,0,0,0,0,0,0,0,0,,0,0,0.0,17,1,2,1,,0,40 01:01.213,,0,75 09:05.545,3,0,0,0,67301,0,0,0,N,0,0,0,3,67301,0,,1,1,,N,N,N,1,,2,0,0,3,2,,1750,2,3,0,0,0,0,0,3,4,0,3,3,3.0,N,,,,,,,,,,,
2020073158,1301.0,1,0,0,0,0,0,0,0,0,5,0,,67,9,2020,2,39.9442,-75.2386,1301.0,6,0,0,0,0,0,0,0,0,,0,0,0.0,13,1,0,0,N,0,39 56:39.250,,0,75 14:19.010,9,0,0,0,67301,0,0,0,N,0,0,0,1,67301,0,,6,1,,N,N,N,0,,0,0,1,0,0,,1300,0,3,0,0,0,0,1,3,4,1,3,3,3.0,N,,,,,,,,,,,
2020076445,1555.0,2,0,0,0,0,0,0,0,0,7,0,,67,9,2020,4,39.9206,-75.1502,1652.0,6,0,0,0,0,0,0,0,1,,0,0,0.0,15,1,1,1,,0,39 55:14.253,,0,75 09:00.640,8,0,0,0,67301,0,0,0,N,0,0,0,1,67301,0,,4,1,,N,N,N,0,,0,0,0,3,2,,1552,1,2,0,0,1,1,0,3,4,0,2,3,3.0,N,,,,,,,,,,,
2020075811,1122.0,0,0,0,0,0,0,0,0,0,4,0,,67,9,2020,5,39.9099,-75.1867,1116.0,6,0,0,0,0,0,2,0,0,,0,0,0.0,11,1,0,0,N,0,39 54:35.478,,7,75 11:12.273,0,0,0,0,67301,0,0,0,N,0,0,0,2,67301,0,,1,1,,N,N,N,0,,0,0,2,0,0,,1115,0,2,0,0,0,0,0,3,4,0,2,4,4.0,N,,,,,,,,,,,
2020074661,2330.0,1,0,0,0,0,0,0,0,0,4,0,,67,9,2020,6,40.0524,-75.1418,2317.0,6,0,0,0,0,0,0,0,0,,0,0,0.0,23,3,1,0,N,2,40 03:08.760,1.0,0,75 08:30.509,2,0,1,1,67301,0,0,0,N,0,0,0,2,67301,0,,1,1,103.0,N,N,N,0,,0,1,0,0,0,N,2305,1,2,0,0,0,0,0,3,4,0,2,3,3.0,N,,,,,,,,,,,
2020077045,1940.0,3,0,0,0,0,0,0,0,0,6,0,,67,9,2020,1,39.9418,-75.2141,1930.0,6,0,0,0,0,0,0,0,0,,0,0,0.0,19,1,2,0,N,0,39 56:30.400,,0,75 12:50.700,4,0,0,0,67301,0,0,0,N,0,0,0,2,67301,2,,6,1,,N,N,N,0,,0,0,1,0,0,,1920,2,4,0,0,2,0,0,3,4,0,4,3,3.0,N,,,,,,,,,,,
2020076789,1720.0,0,0,0,0,0,0,0,0,0,4,0,,67,9,2020,5,39.9029,-75.174,1707.0,6,0,0,0,0,0,0,0,0,,0,0,0.0,17,1,1,2,,0,39 54:10.596,,0,75 10:26.386,8,0,0,1,67301,0,0,0,N,0,0,0,2,67301,0,,1,1,,N,N,N,0,,0,0,0,3,2,,1704,1,2,0,0,0,1,0,3,4,1,2,3,3.0,N,,,,,,,,,,,
2020078390,1648.0,1,0,0,0,0,0,0,0,0,7,0,,67,9,2020,4,39.9766,-75.1988,1644.0,6,0,0,0,0,0,0,0,0,,0,0,0.0,16,1,1,0,N,2,39 58:35.673,3.0,8,75 11:55.788,4,0,0,0,67301,0,0,0,N,0,0,0,1,68K01,1,,4,1,1700.0,N,N,N,0,,0,0,0,0,0,N,1628,1,1,0,0,0,0,0,3,4,0,1,3,,N,,,,,,,,,,,
2020084063,2130.0,2,0,0,0,0,0,0,0,0,4,0,,67,10,2020,4,39.9417,-75.2228,2113.0,6,0,0,0,0,0,0,0,1,,0,0,0.0,14,1,1,1,,0,39 56:29.979,,0,75 13:22.008,3,0,0,0,67301,0,0,0,N,0,0,0,2,67301,0,,1,1,,N,N,N,0,,1,0,0,3,2,,1452,1,2,0,0,2,0,1,3,4,0,2,3,3.0,N,,,,,,,,,,,
2020085364,2004.0,1,0,0,0,0,0,0,0,0,8,0,,67,10,2020,2,39.9545,-75.2342,2003.0,6,0,0,0,0,0,0,0,0,,0,0,0.0,20,3,1,1,,0,39 57:16.318,,0,75 14:03.227,3,0,0,0,67301,1,0,0,N,1,0,0,2,67301,0,,4,9,,N,N,N,0,,1,0,0,3,2,,2002,1,2,0,0,0,0,0,3,4,0,1,7,4.0,N,,,,,,,,,,,
2020084938,2331.0,1,0,0,0,0,0,0,0,0,4,0,,67,10,2020,2,40.0369,-75.1451,2331.0,6,0,0,0,0,0,0,0,0,,0,0,0.0,23,3,0,2,,0,40 02:13.006,,0,75 08:42.711,0,0,0,0,67301,0,0,0,N,0,0,0,3,67301,0,,1,9,,N,N,N,0,,0,0,1,3,2,,2331,0,2,0,0,0,0,0,3,4,0,2,7,,N,,,,,,,,,,,
2020084800,1550.0,0,0,0,1,0,0,0,0,0,4,0,,67,10,2020,1,40.0571,-75.0716,1505.0,6,0,0,0,0,0,1,0,0,,0,0,0.0,14,1,1,2,,0,40 03:25.552,,0,75 04:17.720,3,0,0,0,67301,1,0,0,N,0,0,0,2,67301,0,,1,1,,N,N,N,0,,1,0,1,3,3,,1450,1,2,0,0,0,0,0,3,4,0,1,3,3.0,N,,,,,,,,,,,
2020084701,2025.0,1,0,0,0,0,0,0,0,0,5,0,,67,10,2020,1,40.1008,-75.0166,2020.0,6,0,0,0,0,0,0,0,0,,0,0,0.0,20,3,0,0,N,1,40 06:02.990,5.0,0,75 00:59.810,0,0,0,0,67301,0,0,0,N,0,0,0,1,67301,0,,6,9,2130.0,N,N,N,1,,0,0,0,0,0,Y,2015,0,2,0,0,0,0,0,3,4,0,2,7,,N,,,,,,,,,,,
2020089107,1903.0,1,0,0,0,0,0,0,0,0,7,0,,67,10,2020,1,39.9569,-75.154,1855.0,6,0,0,0,0,0,0,0,0,,0,0,0.0,18,3,0,0,N,0,39 57:24.841,,0,75 09:14.415,0,0,0,0,67301,0,0,0,N,0,0,0,1,68K01,0,,3,9,,N,N,N,0,,0,0,0,0,0,,1854,0,1,0,0,0,0,0,3,4,0,1,7,7.0,N,,,,,,,,,,,
2020085392,45.0,1,0,0,0,0,0,0,0,0,5,0,,67,10,2020,4,39.922,-75.1905,45.0,6,0,0,0,0,0,0,0,0,,0,0,0.0,0,3,2,0,N,1,39 55:19.094,4.0,1,75 11:25.920,3,0,0,0,67301,0,0,0,N,0,0,0,3,67301,0,,1,1,45.0,N,N,N,0,,2,0,0,0,0,N,34,2,2,0,0,0,0,0,3,4,0,2,3,,N,,,,,,,,,,,
2020106080,1715.0,0,0,0,0,0,0,0,0,0,4,0,,67,12,2020,2,39.9657,-75.242,1715.0,6,0,0,0,1,0,0,0,0,,0,0,0.0,17,3,0,0,N,0,39 57:56.658,,0,75 14:31.202,0,0,0,0,67301,0,0,0,N,0,0,0,1,67301,0,,1,1,,N,N,N,1,,0,0,1,0,0,,1715,0,2,0,0,0,0,0,3,4,0,2,3,3.0,N,,,,,,,,,,,
2020092347,1752.0,2,0,0,0,0,0,0,0,0,4,0,,67,10,2020,1,39.9538,-75.2201,1747.0,6,0,0,0,0,0,0,0,0,,0,0,0.0,17,1,0,1,,0,39 57:13.845,,0,75 13:12.349,0,0,0,0,67301,0,0,0,N,0,0,0,1,67301,0,,1,1,,N,N,N,1,,0,0,0,3,2,,1746,0,3,0,0,0,0,0,3,4,0,3,4,,N,,,,,,,,,,,
2020083332,1120.0,1,0,0,0,0,0,0,0,0,4,0,,67,10,2020,4,40.0685,-75.0398,1116.0,6,0,0,0,0,0,1,0,0,,0,0,0.0,11,1,2,2,,1,40 04:06.691,1.0,0,75 02:23.339,3,0,0,0,67301,0,0,0,N,0,0,0,3,67301,0,,1,1,1140.0,N,N,Y,0,,2,0,2,0,0,N,1110,2,3,0,0,0,0,0,3,4,0,3,3,3.0,N,,,,,,,,,,,
2020086167,1150.0,3,0,0,0,0,0,0,0,0,4,0,,67,10,2020,3,39.9298,-75.1819,1149.0,6,0,0,0,1,0,0,0,0,,0,0,0.0,11,1,1,1,,0,39 55:47.103,,0,75 10:54.901,3,0,0,0,67301,0,0,0,N,0,0,0,2,67301,0,,1,1,,N,N,N,0,,1,0,0,3,2,,1149,1,3,0,0,1,0,0,3,4,0,3,3,3.0,N,,,,,,,,,,,
2020084276,1718.0,2,0,0,0,0,0,0,0,0,5,0,,67,10,2020,7,39.9767,-75.1582,1716.0,6,0,0,0,0,0,0,0,0,,0,0,0.0,17,1,0,0,N,2,39 58:36.263,5.0,0,75 09:29.568,0,0,0,0,67301,0,0,0,N,0,0,0,3,67505,0,,1,1,1833.0,N,N,N,0,,0,0,0,0,0,Y,1714,0,2,0,0,0,0,0,3,4,0,2,3,3.0,N,,,,,,,,,,,
2020086205,1359.0,3,0,0,0,0,0,0,0,0,4,0,,67,10,2020,6,39.9755,-75.1816,1244.0,6,0,0,0,0,0,1,0,0,,0,0,0.0,11,1,0,2,,0,39 58:31.652,,0,75 10:53.788,9,0,0,0,67301,0,0,0,N,0,0,0,2,67301,0,,1,1,,N,N,N,0,,0,0,1,3,3,,1149,0,4,0,0,0,0,1,3,4,0,4,3,3.0,N,,,,,,,,,,,
2020084607,719.0,2,0,0,0,0,0,0,0,0,1,0,,67,10,2020,7,40.0296,-75.104,702.0,6,0,0,0,0,0,1,0,0,,0,0,0.0,6,1,1,3,,0,40 01:46.488,,0,75 06:14.359,3,0,0,0,67301,0,0,0,N,0,0,0,4,67301,0,,1,1,,N,N,N,0,,1,0,0,3,2,,656,1,3,0,0,1,0,0,3,4,0,3,3,,N,,,,,,,,,,,
2020083013,936.0,1,0,0,0,0,0,0,0,0,4,0,,67,10,2020,3,40.0981,-75.0303,934.0,6,0,0,0,0,0,0,0,1,,0,0,0.0,9,1,1,2,,0,40 05:52.983,,0,75 01:49.774,3,0,0,0,67301,0,0,0,N,0,0,0,2,67301,0,,1,1,,N,N,N,0,,1,0,1,3,2,,934,1,2,0,0,0,0,0,3,4,0,2,3,3.0,N,,,,,,,,,,,
2020084610,1230.0,1,0,0,0,0,0,0,0,0,8,0,,67,10,2020,1,39.9589,-75.2414,1228.0,6,0,0,0,0,0,0,0,0,,0,0,0.0,12,1,1,1,,0,39 57:32.141,,0,75 14:29.004,3,0,0,0,67301,1,0,0,N,1,0,0,2,67301,0,,1,1,,N,N,N,0,,1,0,0,3,2,,1215,1,2,0,0,0,0,0,3,4,0,1,4,4.0,N,,,,,,,,,,,