CRN,ARRIVAL_TM,AUTOMOBILE_COUNT,BELTED_DEATH_COUNT,BELTED_SUSP_SERIOUS_INJ_COUNT,BICYCLE_COUNT,BICYCLE_DEATH_COUNT,BICYCLE_SUSP_SERIOUS_INJ_COUNT,BUS_COUNT,CHLDPAS_DEATH_COUNT,CHLDPAS_SUSP_SERIOUS_INJ_COUNT,COLLISION_TYPE,COMM_VEH_COUNT,CONS_ZONE_SPD_LIM,COUNTY,CRASH_MONTH,CRASH_YEAR,DAY_OF_WEEK,DEC_LAT,DEC_LONG,DISPATCH_TM,DISTRICT,DRIVER_COUNT_16YR,DRIVER_COUNT_17YR,DRIVER_COUNT_18YR,DRIVER_COUNT_19YR,DRIVER_COUNT_20YR,DRIVER_COUNT_50_64YR,DRIVER_COUNT_65_74YR,DRIVER_COUNT_75PLUS,EST_HRS_CLOSED,FATAL_COUNT,HEAVY_TRUCK_COUNT,HORSE_BUGGY_COUNT,HOUR_OF_DAY,ILLUMINATION,INJURY_COUNT,INTERSECT_TYPE,INTERSECTION_RELATED,LANE_CLOSED,LATITUDE,LN_CLOSE_DIR,LOCATION_TYPE,LONGITUDE,MAX_SEVERITY_LEVEL,MCYCLE_DEATH_COUNT,MCYCLE_SUSP_SERIOUS_INJ_COUNT,MOTORCYCLE_COUNT,MUNICIPALITY,NONMOTR_COUNT,NONMOTR_DEATH_COUNT,NONMOTR_SUSP_SERIOUS_INJ_COUNT,NTFY_HIWY_MAINT,PED_COUNT,PED_DEATH_COUNT,PED_SUSP_SERIOUS_INJ_COUNT,PERSON_COUNT,POLICE_AGCY,POSSIBLE_INJ_COUNT,RDWY_SURF_TYPE_CD,RELATION_TO_ROAD,ROAD_CONDITION,ROADWAY_CLEARED,SCH_BUS_IND,SCH_ZONE_IND,SECONDARY_CRASH,SMALL_TRUCK_COUNT,SPEC_JURIS_CD,SUSP_MINOR_INJ_COUNT,SUSP_SERIOUS_INJ_COUNT,SUV_COUNT,TCD_FUNC_CD,TCD_TYPE,TFC_DETOUR_IND,TIME_OF_DAY,TOT_INJ_COUNT,TOTAL_UNITS,UNB_DEATH_COUNT,UNB_SUSP_SERIOUS_INJ_COUNT,UNBELTED_OCC_COUNT,UNK_INJ_DEG_COUNT,UNK_INJ_PER_COUNT,URBAN_AREA,URBAN_RURAL,VAN_COUNT,VEHICLE_COUNT,WEATHER1,WEATHER2,WORK_ZONE_IND,WORK_ZONE_LOC,WORK_ZONE_TYPE,WORKERS_PRES,WZ_CLOSE_DETOUR,WZ_FLAGGER,WZ_LAW_OFFCR_IND,WZ_LN_CLOSURE,WZ_MOVING,WZ_OTHER,WZ_SHLDER_MDN,WZ_WORKERS_INJ_KILLED
2020085043,344.0,2,0,0,0,0,0,0,0,0,6,0,,67,10,2020,7,39.999,-75.1054,344.0,6,0,0,0,0,0,0,0,0,,0,0,0.0,2,3,0,0,N,0,39 59:56.520,,0,75 06:19.260,0,0,0,1,67301,0,0,0,N,0,0,0,1,67301,0,,6,1,,N,N,N,0,,0,0,3,0,0,,239,0,6,0,0,0,0,0,3,4,0,6,3,3.0,N,,,,,,,,,,,
2020084333,500.0,0,0,0,0,0,0,0,0,0,4,0,,67,10,2020,7,39.9567,-75.2235,500.0,6,0,0,0,0,0,0,0,0,,0,0,0.0,4,3,1,1,,0,39 57:24.197,,0,75 13:24.767,3,0,0,0,67301,0,0,0,N,0,0,0,2,67301,0,,1,1,,N,N,N,0,,1,0,2,3,2,,450,1,2,0,0,0,0,0,3,4,0,2,3,,N,,,,,,,,,,,
2020087330,1045.0,2,0,0,0,0,0,0,0,0,1,0,,67,10,2020,4,39.9188,-75.186,1040.0,6,0,0,0,0,0,0,0,0,,0,0,0.0,10,1,2,1,,0,39 55:07.528,,0,75 11:09.776,3,0,0,0,67301,0,0,0,N,0,0,0,2,67301,0,,1,1,,N,N,N,0,,2,0,0,3,2,,1030,2,2,0,0,0,0,0,3,4,0,2,3,3.0,N,,,,,,,,,,,
2020082127,1633.0,0,0,0,0,0,0,0,0,0,4,0,,67,10,2020,1,40.0814,-75.177,1633.0,6,0,0,0,0,0,0,0,0,,0,0,0.0,16,1,2,1,,0,40 04:53.011,,0,75 10:37.203,3,0,0,0,67301,0,0,0,N,0,0,0,2,67301,0,,1,1,,N,N,Y,0,,2,0,3,3,3,,1632,2,3,0,0,0,0,0,3,4,0,3,3,3.0,N,,,,,,,,,,,
2020085161,1836.0,1,0,0,0,0,0,0,0,0,5,1,,67,10,2020,2,39.9667,-75.1912,1817.0,6,0,0,0,0,0,0,0,0,,0,1,0.0,17,1,1,0,N,0,39 57:59.990,,0,75 11:28.300,2,0,0,0,67301,2,0,0,N,0,0,0,3,67301,0,,6,1,,N,N,N,0,,0,1,0,0,0,,1713,1,2,0,0,0,0,2,3,4,0,2,3,7.0,N,,,,,,,,,,,
2020085394,55.0,4,0,0,0,0,0,0,0,0,4,0,,67,10,2020,3,40.0204,-75.1401,55.0,6,0,0,0,0,0,0,0,0,,0,0,0.0,0,3,0,1,,0,40 01:13.432,,0,75 08:24.370,9,0,0,0,67301,0,0,0,N,0,0,0,2,67301,0,,1,9,,N,N,N,0,,0,0,1,3,3,,55,0,5,0,0,0,0,1,3,4,0,5,7,,N,,,,,,,,,,,
2020083451,730.0,0,0,0,0,0,0,0,0,0,8,0,,67,10,2020,5,39.914,-75.1499,726.0,6,0,0,0,0,0,0,0,0,,0,0,0.0,7,1,1,1,,0,39 54:50.430,,0,75 08:59.773,3,0,0,0,67301,1,0,0,N,1,0,0,2,67301,0,,1,1,,N,N,N,0,,1,0,0,3,2,,725,1,2,0,0,0,0,0,3,4,1,1,3,,N,,,,,,,,,,,
2020084703,340.0,1,0,0,0,0,0,0,0,0,1,0,,67,10,2020,1,40.0369,-75.1645,339.0,6,0,0,0,0,0,0,0,0,,0,0,0.0,2,3,0,0,N,0,40 02:12.900,,0,75 09:52.200,0,0,0,0,67301,1,0,0,N,0,0,0,2,67301,0,,6,1,,N,N,N,0,,0,0,1,0,0,,211,0,2,0,0,0,0,0,3,4,0,2,3,3.0,N,,,,,,,,,,,
2020083139,1005.0,2,0,0,0,0,0,0,0,0,4,0,,67,10,2020,4,39.9882,-75.1345,1000.0,6,0,0,0,0,0,1,0,0,,0,0,0.0,10,1,0,1,,0,39 59:17.480,,0,75 08:04.120,0,0,0,0,67301,0,0,0,N,0,0,0,2,67301,0,,1,1,,N,N,N,0,,0,0,0,3,3,,1000,0,2,0,0,2,0,0,3,4,0,2,3,3.0,N,,,,,,,,,,,
2020084332,220.0,0,0,0,0,0,0,0,0,0,5,0,,67,10,2020,7,39.9572,-75.2276,215.0,6,0,0,0,0,0,0,0,0,,0,0,0.0,2,3,0,0,N,0,39 57:26.021,,0,75 13:39.517,0,0,0,0,67301,0,0,0,N,0,0,0,1,67301,0,,6,1,,N,N,N,0,,0,0,3,0,0,,214,0,3,0,0,1,0,0,3,4,0,3,3,3.0,N,,,,,,,,,,,
2020111567,2244.0,1,0,0,0,0,0,0,0,0,5,0,35.0,67,12,2020,4,39.9096,-75.1546,2242.0,6,0,0,0,0,0,0,0,0,,0,0,0.0,22,3,0,7,,1,39 54:34.445,4.0,2,75 09:16.579,0,0,0,0,67301,0,0,0,N,0,0,0,2,67501,0,,2,1,2300.0,N,N,N,0,,0,0,0,0,0,Y,2242,0,1,0,0,0,0,0,3,4,0,1,3,3.0,Y,2.0,1.0,N,,,N,,,,Y,N
2020084070,1917.0,0,0,0,0,0,0,0,0,0,8,0,,67,10,2020,5,39.9721,-75.2514,1915.0,6,0,0,0,0,0,0,0,0,,0,0,0.0,19,3,1,1,,0,39 58:19.645,,0,75 15:05.269,3,0,0,0,67301,1,0,0,N,1,0,0,2,67301,0,,1,1,,N,N,N,0,,1,0,1,3,2,,1910,1,2,0,0,0,0,0,3,4,0,1,3,3.0,N,,,,,,,,,,,
2020087970,1030.0,1,0,0,0,0,0,0,0,0,4,0,,67,10,2020,3,39.9702,-75.2368,1030.0,6,0,0,0,0,0,1,0,0,,0,0,0.0,8,3,1,2,,0,39 58:12.820,,0,75 14:12.303,3,0,0,0,67301,0,0,0,N,0,0,0,2,67301,0,,1,1,,N,N,N,0,,1,0,1,3,3,,855,1,2,0,0,0,0,0,3,4,0,2,3,,N,,,,,,,,,,,
2020105117,930.0,2,0,0,0,0,0,0,0,0,3,0,,67,12,2020,1,39.8762,-75.2521,930.0,6,0,0,0,1,0,0,0,0,,0,0,0.0,9,1,1,0,N,0,39 52:34.310,,0,75 15:07.630,4,0,0,0,67301,1,0,0,N,0,0,0,2,67301,1,,1,1,,N,N,N,0,,0,0,0,0,0,,930,1,2,0,0,0,0,0,3,4,0,2,3,3.0,N,,,,,,,,,,,
2020083012,1430.0,1,0,0,0,0,0,0,0,0,4,0,,67,10,2020,3,40.0296,-75.2063,1617.0,6,0,0,0,0,0,1,0,0,,0,0,0.0,14,1,0,2,,0,40 01:46.567,,0,75 12:22.853,0,0,0,0,67301,0,0,0,N,0,0,0,2,67301,0,,1,1,,N,N,N,0,,0,0,1,0,0,,1430,0,2,0,0,0,0,0,3,4,0,2,3,,N,,,,,,,,,,,
2020086806,1005.0,1,0,0,0,0,0,0,0,0,1,0,,67,10,2020,5,39.9737,-75.2195,1004.0,6,0,0,0,0,0,0,0,0,,0,0,0.0,10,1,1,1,,0,39 58:25.273,,0,75 13:10.244,3,0,0,0,67301,0,0,0,N,0,0,0,4,67301,0,,1,1,,N,N,N,0,,1,0,2,3,2,,1003,1,3,0,0,2,0,2,3,4,0,3,3,3.0,N,,,,,,,,,,,
2020083695,1715.0,2,0,0,0,0,0,0,0,0,5,0,,67,10,2020,5,40.0599,-75.1766,1713.0,6,0,0,0,0,0,0,0,0,,0,0,0.0,17,1,1,0,N,0,40 03:35.520,,0,75 10:35.850,4,0,0,0,67301,0,0,0,N,0,0,0,1,67301,1,,6,1,,N,N,N,0,,0,0,0,0,0,,1705,1,2,0,0,1,0,0,3,4,0,2,3,3.0,N,,,,,,,,,,,
2020081347,1125.0,2,0,0,0,0,0,0,0,0,4,0,,67,9,2020,3,39.9583,-75.1673,1125.0,6,0,0,0,0,0,0,0,0,,0,0,0.0,11,1,3,1,,0,39 57:29.700,,3,75 10:02.100,4,0,0,0,67301,0,0,0,N,0,0,0,4,67301,2,,1,1,,N,N,N,0,,0,0,0,3,2,,1119,3,2,0,0,0,1,0,3,4,0,2,4,4.0,N,,,,,,,,,,,
2020080361,1740.0,4,0,0,0,0,0,0,0,0,4,0,,67,9,2020,3,39.9847,-75.1615,1630.0,6,0,0,0,0,0,0,0,0,,0,0,0.0,16,1,0,1,,0,39 59:04.959,,0,75 09:41.497,9,0,0,0,67301,0,0,0,N,0,0,0,2,67505,0,,1,9,,N,N,N,0,,0,0,1,3,3,,1625,0,5,0,0,0,0,1,3,4,0,5,7,7.0,N,,,,,,,,,,,
2020083334,1923.0,2,0,0,0,0,0,0,0,0,4,0,,67,10,2020,7,39.9281,-75.2194,1838.0,6,0,0,0,0,0,0,0,0,,0,0,0.0,23,3,1,1,,0,39 55:41.222,,0,75 13:09.894,3,0,0,0,67301,0,0,0,N,0,0,0,2,67301,0,,1,99,,N,N,N,0,,1,0,0,3,2,,2350,1,2,0,0,0,0,0,3,4,0,2,99,98.0,N,,,,,,,,,,,
2020081348,1044.0,3,0,0,0,0,0,0,0,0,5,0,,67,9,2020,4,40.0378,-75.0427,1043.0,6,0,0,1,0,0,0,0,0,,0,0,0.0,10,1,0,0,N,1,40 02:16.257,4.0,0,75 02:33.651,0,0,0,0,67301,0,0,0,N,0,0,0,2,67301,0,,1,1,1140.0,N,N,N,0,,0,0,1,0,0,N,1041,0,4,0,0,0,0,0,3,4,0,4,3,,N,,,,,,,,,,,
2020086198,1643.0,0,0,0,0,0,0,0,0,0,8,0,,67,10,2020,4,39.9589,-75.2414,1545.0,6,0,0,0,0,0,0,0,0,,0,0,0.0,15,1,1,1,,0,39 57:32.141,,0,75 14:29.004,3,0,0,0,67301,1,0,0,N,1,0,0,2,67301,0,,1,1,,N,N,N,0,,1,0,0,3,2,,1518,1,2,0,0,0,0,0,3,4,1,1,3,,N,,,,,,,,,,,
2020086191,1550.0,2,0,0,0,0,0,0,0,0,4,0,,67,10,2020,2,40.005,-75.0804,1537.0,6,0,0,0,1,0,0,0,0,,0,0,0.0,15,1,2,1,,0,40 00:18.118,,0,75 04:49.299,3,0,0,0,67301,0,0,0,N,0,0,0,3,67301,0,,1,9,,N,N,N,0,,2,0,1,3,3,,1500,2,3,0,0,0,0,0,3,4,0,3,4,7.0,N,,,,,,,,,,,
2020090258,2105.0,0,0,0,0,0,0,0,0,0,5,1,,67,10,2020,4,40.0085,-75.1701,2104.0,6,0,0,0,0,0,1,0,0,,0,1,0.0,21,3,2,0,N,0,40 00:30.684,,0,75 10:12.495,8,0,0,0,67301,0,0,0,N,0,0,0,3,67301,0,,1,1,,N,N,N,0,,0,0,1,0,0,,2103,2,3,0,0,0,2,0,3,4,0,3,3,3.0,N,,,,,,,,,,,
2020084608,2015.0,1,0,0,0,0,0,0,0,0,2,0,,67,10,2020,5,39.9463,-75.2436,2010.0,6,0,0,0,0,0,0,0,0,,0,0,0.0,20,3,2,0,N,2,39 56:46.562,6.0,0,75 14:36.999,3,0,0,0,67301,0,0,0,N,0,0,0,3,67301,0,,1,1,2115.0,N,N,N,0,,1,0,1,0,0,Y,2010,2,4,0,0,0,1,0,3,4,1,4,3,,N,,,,,,,,,,,
2020084075,1721.0,0,0,0,0,0,0,0,0,0,4,0,,67,10,2020,6,40.0143,-75.1574,1720.0,6,0,0,0,0,0,1,0,0,,0,0,0.0,17,1,4,0,N,0,40 00:51.637,,7,75 09:26.492,4,0,0,0,67301,0,0,0,N,0,0,0,4,67301,3,,1,1,,N,Y,N,0,,0,0,1,0,0,,1717,4,2,0,0,0,1,0,3,4,1,2,3,3.0,N,,,,,,,,,,,
2020085485,2259.0,0,0,0,0,0,0,0,0,0,4,0,,67,10,2020,3,40.0202,-75.1141,2258.0,6,0,0,0,0,0,1,0,0,,0,0,0.0,20,3,1,1,,0,40 01:12.937,,0,75 06:50.646,3,0,0,1,67301,0,0,0,N,0,0,0,2,67301,0,,1,1,,N,N,N,0,,1,0,1,3,2,,2000,1,2,0,0,1,0,0,3,4,0,2,3,3.0,N,,,,,,,,,,,
2020085276,2200.0,1,0,0,0,0,0,0,0,0,7,0,,67,10,2020,2,40.0378,-75.012,2159.0,6,0,0,0,0,0,0,0,0,,0,0,0.0,21,3,0,0,N,0,40 02:16.036,,0,75 00:43.139,0,0,0,0,67301,0,0,0,N,0,0,0,1,68K01,0,,4,4,,N,N,N,0,,0,0,0,0,0,,2157,0,1,0,0,0,0,0,3,4,0,1,3,,N,,,,,,,,,,,
2020083351,2210.0,0,0,0,0,0,0,0,0,0,1,0,,67,10,2020,3,39.9842,-75.2377,2200.0,6,0,0,0,0,0,0,0,0,,0,0,0.0,17,1,1,0,N,0,39 59:03.080,,0,75 14:15.540,3,0,0,0,67301,0,0,0,N,0,0,0,2,67301,0,,1,1,,N,N,N,0,,1,0,1,0,0,,1704,1,2,0,0,0,0,0,3,4,1,2,3,3.0,N,,,,,,,,,,,
2020084708,1928.0,1,0,0,1,0,0,0,0,0,4,0,,67,10,2020,1,39.9932,-75.1613,1918.0,6,0,0,0,0,0,0,0,0,,0,0,0.0,19,3,1,1,,0,39 59:35.502,,0,75 09:40.669,8,0,0,0,67301,1,0,0,N,0,0,0,2,67301,0,,1,9,,N,N,N,0,,0,0,0,3,3,,1918,1,2,0,0,0,1,1,3,4,0,1,7,7.0,N,,,,,,,,,,,
2020087969,1217.0,1,0,0,0,0,0,0,0,0,5,0,,67,10,2020,2,39.9994,-75.2224,1212.0,6,0,0,0,0,0,0,0,0,,0,0,0.0,12,1,0,0,N,0,39 59:57.870,,0,75 13:20.470,0,0,0,0,67301,0,0,0,N,0,0,0,1,67301,0,,6,1,,N,N,N,0,,0,0,1,0,0,,1203,0,2,0,0,1,0,0,3,4,0,2,3,3.0,N,,,,,,,,,,,
2020088078,1639.0,1,0,0,0,0,0,0,0,0,4,0,,67,10,2020,6,39.962,-75.2001,1639.0,6,0,0,0,0,0,1,0,0,,0,0,0.0,16,1,0,5,,0,39 57:43.083,,0,75 12:00.429,9,0,0,0,67301,0,0,0,N,0,0,0,3,67301,0,,1,1,,N,N,N,0,,0,0,2,3,2,,1636,0,3,0,0,0,0,1,3,4,0,3,3,3.0,N,,,,,,,,,,,
2020083790,850.0,0,0,0,0,0,0,0,0,0,7,0,,67,10,2020,5,39.9237,-75.1642,841.0,6,0,0,0,0,0,0,0,0,,0,0,0.0,8,1,0,0,N,0,39 55:25.218,,0,75 09:51.138,0,0,0,0,67301,0,0,0,N,0,0,0,1,67301,0,,4,1,,N,N,N,0,,0,0,1,0,0,,823,0,1,0,0,0,0,0,3,4,0,1,3,3.0,N,,,,,,,,,,,
2020083373,2325.0,0,0,0,0,0,0,0,0,0,6,0,,67,10,2020,3,40.039,-75.0069,2318.0,6,0,0,0,0,0,0,0,0,,0,0,0.0,22,3,1,0,N,1,40 02:20.419,2.0,0,75 00:24.924,8,0,0,0,67301,0,0,0,N,0,0,0,1,67301,0,,6,1,100.0,N,N,N,2,,0,0,0,0,0,Y,2230,1,3,0,0,0,1,0,3,4,1,3,3,3.0,N,,,,,,,,,,,
2020085039,330.0,0,0,0,0,0,0,0,0,0,0,0,,67,10,2020,2,40.0435,-75.0206,327.0,6,0,0,0,0,0,0,0,0,,0,0,0.0,3,3,0,0,N,0,40 02:36.759,,3,75 01:14.023,0,0,0,0,67301,0,0,0,N,0,0,0,1,67301,0,,1,9,,N,N,N,0,,0,0,1,0,0,,325,0,1,0,0,1,0,0,3,4,0,1,7,,N,,,,,,,,,,,
2020089969,1617.0,1,0,0,0,0,0,0,0,0,5,0,,67,10,2020,2,39.9508,-75.1413,1608.0,6,0,0,0,0,0,0,0,0,,0,0,0.0,16,1,0,0,N,1,39 57:02.902,1.0,2,75 08:28.567,0,0,0,0,67301,0,0,0,N,0,0,0,2,68K01,0,,1,9,1655.0,N,N,N,1,,0,0,0,0,0,N,1606,0,2,0,0,0,0,0,3,4,0,2,4,7.0,N,,,,,,,,,,,
2020084052,1835.0,1,0,0,1,0,0,0,0,0,4,0,,67,10,2020,6,39.951,-75.1971,1832.0,6,0,0,0,0,0,0,0,0,,0,0,0.0,18,4,1,0,N,0,39 57:03.700,,6,75 11:49.500,3,0,0,0,67301,1,0,0,N,0,0,0,2,67504,0,,1,1,,N,N,N,0,,1,0,0,3,2,,1830,1,2,0,0,0,0,0,3,4,0,1,3,3.0,N,,,,,,,,,,,
2020088626,937.0,1,0,0,0,0,0,0,0,0,4,0,,67,10,2020,1,39.9203,-75.2258,937.0,6,0,0,0,0,0,0,0,0,,0,0,0.0,9,1,1,1,,0,39 55:13.133,,0,75 13:32.858,3,0,0,0,67301,0,0,0,N,0,0,0,6,67301,0,,1,1,,N,N,N,0,,1,0,1,3,3,,927,1,2,0,0,0,0,0,3,4,0,2,3,3.0,N,,,,,,,,,,,
2020092304,2145.0,2,0,0,0,0,0,0,0,0,1,0,,67,10,2020,4,40.017,-75.1741,2130.0,6,0,1,0,0,0,0,0,0,,0,0,0.0,21,3,3,0,N,1,40 01:01.026,1.0,0,75 10:26.850,4,0,0,0,67301,0,0,0,N,0,0,0,6,67508,3,,1,1,2040.0,N,N,Y,0,,0,0,1,0,0,N,2130,3,4,0,0,0,0,0,3,4,0,4,3,3.0,N,,,,,,,,,,,
2020081275,200.0,0,0,0,0,0,0,0,0,0,4,0,,67,10,2020,5,39.9781,-75.1189,159.0,6,0,0,0,0,0,0,0,0,,0,0,0.0,1,3,1,0,N,0,39 58:41.191,,7,75 07:08.131,8,0,0,1,67301,0,0,0,N,0,0,0,2,67301,0,,1,1,,N,N,N,0,,0,0,1,0,0,,155,1,2,0,0,1,1,1,3,4,0,2,3,3.0,N,,,,,,,,,,,
2020083271,424.0,1,0,0,0,0,0,0,0,0,7,0,,67,9,2020,4,39.9843,-75.2083,421.0,6,0,0,0,0,0,0,0,0,,0,0,0.0,4,3,1,0,N,2,39 59:03.326,3.0,0,75 12:30.016,3,0,0,0,67301,0,0,0,N,0,0,0,1,68K01,0,,3,9,20.0,N,N,N,0,,1,0,0,0,0,N,420,1,1,0,0,0,0,0,3,4,0,1,7,7.0,N,,,,,,,,,,,
2020083033,1206.0,2,0,0,0,0,0,0,0,0,4,0,,67,10,2020,1,40.0246,-75.1237,1206.0,6,0,0,0,0,0,0,0,0,,0,0,0.0,0,3,2,1,,0,40 01:28.689,,0,75 07:25.230,3,0,0,0,67301,0,0,0,N,0,0,0,3,67301,1,,1,1,,N,N,N,0,,1,0,1,3,2,,0,2,3,0,0,3,0,0,3,4,0,3,3,3.0,N,,,,,,,,,,,
2020086171,1150.0,0,0,0,0,0,0,0,0,0,4,0,,67,10,2020,2,39.9117,-75.1724,1147.0,6,0,0,0,0,0,0,0,0,,0,0,0.0,10,1,1,1,,0,39 54:42.148,,0,75 10:20.534,3,0,0,0,67301,0,0,0,N,0,0,0,3,67301,0,,1,9,,N,N,N,0,,1,0,1,3,2,,1059,1,2,0,0,0,0,0,3,4,1,2,4,4.0,N,,,,,,,,,,,
2020097684,1200.0,1,0,0,0,0,0,0,0,0,8,0,,67,10,2020,4,39.932,-75.1798,1200.0,6,0,0,0,0,0,0,0,0,,0,0,0.0,15,1,1,1,,0,39 55:55.070,,0,75 10:47.337,8,0,0,0,67301,1,0,0,N,1,0,0,2,67301,0,,1,1,,N,N,N,0,,0,0,0,3,3,,1500,1,2,0,0,0,1,0,3,4,0,1,3,,N,,,,,,,,,,,
2020088211,845.0,1,0,0,0,0,0,0,0,0,8,0,,67,10,2020,6,40.015,-75.1352,845.0,6,0,0,0,0,0,0,0,0,,0,0,0.0,8,1,1,1,,0,40 00:54.154,,0,75 08:06.604,2,0,0,0,67301,1,0,1,N,1,0,1,2,67301,0,,4,1,,N,N,N,0,,0,1,0,9,1,,830,1,2,0,0,0,0,0,3,4,0,1,3,3.0,N,,,,,,,,,,,
2020083792,834.0,1,0,0,0,0,0,0,0,0,4,0,,67,10,2020,3,40.0202,-75.1385,830.0,6,0,0,0,0,0,0,0,0,,0,0,0.0,8,1,1,2,,0,40 01:12.661,,0,75 08:18.536,3,0,0,0,67301,0,0,0,N,0,0,0,2,67301,0,,1,1,,N,N,N,0,,1,0,1,0,0,,800,1,3,0,0,0,0,0,3,4,1,3,3,3.0,N,,,,,,,,,,,
2020089103,1447.0,1,0,1,0,0,0,0,0,0,1,0,,67,10,2020,7,39.9487,-75.1416,1434.0,6,0,0,0,0,0,2,0,0,,0,0,0.0,14,1,6,0,N,2,39 56:55.184,1.0,0,75 08:29.862,2,0,0,0,67301,0,0,0,N,0,0,0,6,68K01,1,,1,1,1600.0,N,N,N,1,,2,3,1,0,0,Y,1433,6,3,0,1,1,0,0,3,4,0,3,3,3.0,N,,,,,,,,,,,
2020082331,917.0,1,0,0,0,0,0,0,0,0,4,0,,67,10,2020,2,40.0854,-75.0374,915.0,6,0,0,0,0,1,0,0,0,,0,0,0.0,9,1,0,1,,0,40 05:07.463,,0,75 02:14.492,0,0,0,0,67301,0,0,0,N,0,0,0,2,67301,0,,1,1,,N,N,N,0,,0,0,0,3,2,,914,0,2,0,0,0,0,0,3,4,1,2,3,3.0,N,,,,,,,,,,,
2020081936,145.0,0,0,0,0,0,0,0,0,0,5,0,,67,10,2020,1,39.9846,-75.1201,140.0,6,0,0,0,0,0,0,0,0,,0,0,0.0,1,3,2,0,N,1,39 59:04.412,3.0,0,75 07:12.491,8,0,0,0,67301,0,0,0,N,0,0,0,5,67301,0,,1,1,220.0,N,N,N,2,,0,0,0,0,0,N,130,2,2,0,0,0,2,0,3,4,0,2,3,3.0,N,,,,,,,,,,,
2020086196,1622.0,1,0,0,0,0,0,0,0,0,4,0,,67,10,2020,6,39.9419,-75.181,1622.0,6,0,0,0,0,0,0,0,0,,0,0,0.0,16,1,0,1,,0,39 56:30.739,,0,75 10:51.633,0,0,0,0,67301,0,0,0,N,0,0,0,2,67301,0,,1,1,,N,N,N,0,,0,0,2,3,2,,1613,0,3,0,0,0,0,0,3,4,0,3,3,,N,,,,,,,,,,,
2020084904,2151.0,0,0,0,0,0,0,0,0,0,0,0,,67,10,2020,7,39.9839,-75.2032,2144.0,6,0,0,0,0,0,1,0,0,,0,0,0.0,21,3,1,0,N,0,39 59:02.070,,0,75 12:11.468,8,0,0,1,67301,0,0,0,N,0,0,0,1,67301,0,,1,1,,N,N,N,0,,0,0,0,0,0,,2143,1,1,0,0,0,1,0,3,4,0,1,3,3.0,N,,,,,,,,,,,
2020087636,632.0,1,0,0,0,0,0,0,0,0,1,0,,67,10,2020,3,39.9546,-75.1438,632.0,6,0,0,0,0,0,1,0,0,,0,0,0.0,6,3,2,0,N,2,39 57:16.600,4.0,3,75 08:37.800,3,0,0,0,67301,0,0,0,N,0,0,0,3,67501,0,,1,9,700.0,N,N,N,1,,1,0,0,3,8,N,632,2,3,0,0,0,1,0,3,4,1,3,7,,N,,,,,,,,,,,
2020088435,2330.0,2,0,0,0,0,0,0,0,0,4,0,,67,10,2020,4,39.9832,-75.1449,2329.0,6,0,0,0,0,0,1,0,0,,0,0,0.0,22,3,2,1,,0,39 58:59.458,,0,75 08:41.805,3,0,0,0,67301,0,0,0,N,0,0,0,5,67301,0,,1,1,,N,N,N,0,,2,0,0,3,3,,2259,2,2,0,0,0,0,0,3,4,0,2,3,3.0,N,,,,,,,,,,,
2020099343,1104.0,1,0,0,0,0,0,0,0,0,2,0,,67,10,2020,2,40.0411,-75.1443,1104.0,6,0,0,0,0,0,0,0,0,,0,0,0.0,12,1,0,0,N,0,40 02:27.806,,0,75 08:39.480,0,0,0,0,67301,0,0,0,N,0,0,0,2,67301,0,,1,1,,N,N,N,0,,0,0,0,3,2,,1204,0,2,0,0,0,0,0,3,4,1,2,3,3.0,N,,,,,,,,,,,
2020089005,1805.0,0,0,0,0,0,0,0,0,0,4,0,,67,10,2020,3,39.9751,-75.195,1755.0,6,0,0,0,0,0,0,0,0,,0,0,0.0,17,1,0,1,,0,39 58:30.307,,3,75 11:41.951,0,0,0,0,67301,0,0,0,N,0,0,0,2,67301,0,,1,1,,N,N,N,0,,0,0,1,3,2,,1735,0,2,0,0,0,0,0,3,4,1,2,3,3.0,N,,,,,,,,,,,
2020083135,1202.0,2,0,0,0,0,0,0,0,0,5,0,,67,10,2020,1,40.1308,-75.0158,1200.0,6,0,0,0,0,0,0,0,0,,0,0,0.0,11,1,1,0,N,2,40 07:50.935,4.0,0,75 00:57.044,8,0,0,0,67301,0,0,0,N,0,0,0,1,67301,0,,6,1,1300.0,N,N,N,1,,0,0,0,0,0,N,1159,1,3,0,0,0,1,0,3,4,0,3,3,,N,,,,,,,,,,,
2020089084,306.0,1,0,0,0,0,0,0,0,0,1,0,,67,10,2020,1,39.9665,-75.135,303.0,6,0,0,0,0,1,0,0,0,,0,0,0.0,2,3,0,0,N,0,39 57:59.450,,0,75 08:05.934,0,0,0,0,67301,0,0,0,N,0,0,0,2,68K01,0,,1,1,,N,N,N,0,,0,0,1,0,0,,258,0,2,0,0,0,0,0,3,4,0,2,3,,N,,,,,,,,,,,
2020100081,1740.0,1,0,0,0,0,0,0,0,0,4,0,,67,11,2020,6,40.0681,-75.0611,1739.0,6,0,0,0,0,0,0,1,0,,0,0,0.0,17,3,0,1,N,0,40 04:05.325,,0,75 03:39.981,9,0,0,1,67301,0,0,0,N,0,0,0,2,67301,0,,1,1,,N,N,N,0,,0,0,0,0,0,,1726,0,2,0,0,0,0,1,3,4,0,2,3,3.0,N,,,,,,,,,,,