CRN,ARRIVAL_TM,AUTOMOBILE_COUNT,BELTED_DEATH_COUNT,BELTED_SUSP_SERIOUS_INJ_COUNT,BICYCLE_COUNT,BICYCLE_DEATH_COUNT,BICYCLE_SUSP_SERIOUS_INJ_COUNT,BUS_COUNT,CHLDPAS_DEATH_COUNT,CHLDPAS_SUSP_SERIOUS_INJ_COUNT,COLLISION_TYPE,COMM_VEH_COUNT,CONS_ZONE_SPD_LIM,COUNTY,CRASH_MONTH,CRASH_YEAR,DAY_OF_WEEK,DEC_LAT,DEC_LONG,DISPATCH_TM,DISTRICT,DRIVER_COUNT_16YR,DRIVER_COUNT_17YR,DRIVER_COUNT_18YR,DRIVER_COUNT_19YR,DRIVER_COUNT_20YR,DRIVER_COUNT_50_64YR,DRIVER_COUNT_65_74YR,DRIVER_COUNT_75PLUS,EST_HRS_CLOSED,FATAL_COUNT,HEAVY_TRUCK_COUNT,HORSE_BUGGY_COUNT,HOUR_OF_DAY,ILLUMINATION,INJURY_COUNT,INTERSECT_TYPE,INTERSECTION_RELATED,LANE_CLOSED,LATITUDE,LN_CLOSE_DIR,LOCATION_TYPE,LONGITUDE,MAX_SEVERITY_LEVEL,MCYCLE_DEATH_COUNT,MCYCLE_SUSP_SERIOUS_INJ_COUNT,MOTORCYCLE_COUNT,MUNICIPALITY,NONMOTR_COUNT,NONMOTR_DEATH_COUNT,NONMOTR_SUSP_SERIOUS_INJ_COUNT,NTFY_HIWY_MAINT,PED_COUNT,PED_DEATH_COUNT,PED_SUSP_SERIOUS_INJ_COUNT,PERSON_COUNT,POLICE_AGCY,POSSIBLE_INJ_COUNT,RDWY_SURF_TYPE_CD,RELATION_TO_ROAD,ROAD_CONDITION,ROADWAY_CLEARED,SCH_BUS_IND,SCH_ZONE_IND,SECONDARY_CRASH,SMALL_TRUCK_COUNT,SPEC_JURIS_CD,SUSP_MINOR_INJ_COUNT,SUSP_SERIOUS_INJ_COUNT,SUV_COUNT,TCD_FUNC_CD,TCD_TYPE,TFC_DETOUR_IND,TIME_OF_DAY,TOT_INJ_COUNT,TOTAL_UNITS,UNB_DEATH_COUNT,UNB_SUSP_SERIOUS_INJ_COUNT,UNBELTED_OCC_COUNT,UNK_INJ_DEG_COUNT,UNK_INJ_PER_COUNT,URBAN_AREA,URBAN_RURAL,VAN_COUNT,VEHICLE_COUNT,WEATHER1,WEATHER2,WORK_ZONE_IND,WORK_ZONE_LOC,WORK_ZONE_TYPE,WORKERS_PRES,WZ_CLOSE_DETOUR,WZ_FLAGGER,WZ_LAW_OFFCR_IND,WZ_LN_CLOSURE,WZ_MOVING,WZ_OTHER,WZ_SHLDER_MDN,WZ_WORKERS_INJ_KILLED
2020081927,1210.0,1,0,0,0,0,0,0,0,0,4,0,,67,9,2020,3,39.9634,-75.1974,1200.0,6,0,0,0,0,0,0,0,1,,0,0,0.0,11,1,2,1,,0,39 57:48.280,,0,75 11:50.607,3,0,0,0,67301,0,0,0,N,0,0,0,3,67301,0,,1,1,,N,N,N,0,,2,0,1,3,3,,1150,2,2,0,0,0,0,0,3,4,0,2,4,4.0,N,,,,,,,,,,,
2020101679,830.0,2,0,0,0,0,0,0,0,0,4,0,,67,11,2020,3,40.0727,-75.1984,800.0,6,0,0,0,0,0,0,0,0,,0,0,0.0,6,5,0,0,N,0,40 04:21.740,,0,75 11:54.260,0,0,0,0,67301,0,0,0,N,0,0,0,1,67301,0,,1,1,,N,N,Y,0,,0,0,1,0,0,,600,0,3,0,0,0,0,0,3,4,0,3,3,3.0,N,,,,,,,,,,,
2020082519,517.0,2,0,0,0,0,0,0,0,0,4,0,,67,10,2020,5,39.9528,-75.1499,513.0,6,0,0,0,0,0,1,0,0,,0,0,0.0,5,3,0,1,,0,39 57:09.930,,0,75 08:59.785,0,0,0,0,67301,0,0,0,N,0,0,0,2,67301,0,,1,1,,N,N,N,0,,0,0,0,3,2,,512,0,2,0,0,0,0,0,3,4,0,2,3,3.0,N,,,,,,,,,,,
2020081354,2014.0,2,0,0,0,0,0,0,0,0,4,0,,67,10,2020,5,40.0137,-75.0973,2014.0,6,0,0,0,0,0,0,0,0,,0,0,0.0,19,3,1,1,,0,40 00:49.401,,0,75 05:50.455,3,0,0,0,67301,0,0,0,N,0,0,0,2,67301,0,,1,1,,N,N,N,0,,1,0,0,3,2,,1941,1,2,0,0,2,0,0,3,4,0,2,3,,N,,,,,,,,,,,
2020086195,956.0,0,0,0,0,0,0,0,0,0,8,0,,67,10,2020,4,39.9642,-75.2219,947.0,6,0,0,0,0,0,0,0,0,,0,0,0.0,9,1,1,1,,0,39 57:51.285,,0,75 13:19.063,3,0,0,0,67301,1,0,0,N,1,0,0,2,67301,0,,1,1,,N,N,N,0,,1,0,0,3,2,,946,1,2,0,0,0,0,0,3,4,1,1,98,3.0,N,,,,,,,,,,,
2020086342,1327.0,0,0,0,1,0,0,0,0,0,4,0,,67,10,2020,5,39.9228,-75.1843,1321.0,6,0,0,0,0,0,0,0,0,,0,0,0.0,13,1,1,0,N,0,39 55:22.193,,7,75 11:02.828,3,0,0,0,67301,1,0,0,N,0,0,0,2,67301,0,,1,1,,N,N,N,0,,1,0,0,0,0,,1320,1,2,0,0,0,0,0,3,4,1,1,3,3.0,N,,,,,,,,,,,
2020083453,1143.0,2,0,0,0,0,0,0,0,0,4,0,,67,10,2020,4,40.0659,-75.1593,1142.0,6,0,0,0,0,0,1,0,0,,0,0,0.0,11,1,3,1,,2,40 03:57.297,7.0,0,75 09:33.465,3,0,0,0,67301,0,0,0,N,0,0,0,3,67301,0,,1,1,200.0,N,Y,N,0,,3,0,0,3,2,Y,1141,3,2,0,0,1,0,0,3,4,0,2,3,3.0,N,,,,,,,,,,,
2020085163,2105.0,2,0,0,0,0,0,0,0,0,5,0,,67,10,2020,2,40.0008,-75.171,2105.0,6,0,0,1,0,0,0,0,0,,0,0,0.0,21,3,1,0,N,0,40 00:02.800,,0,75 10:15.760,3,0,0,0,67301,0,0,0,N,0,0,0,1,67301,0,,6,9,,N,N,N,0,,1,0,1,0,0,,2105,1,3,0,0,1,0,0,3,4,0,3,7,,N,,,,,,,,,,,
2020089096,2026.0,1,0,0,0,0,0,0,0,0,7,0,,67,10,2020,5,39.9737,-75.1937,2017.0,6,0,0,0,0,0,0,0,0,,0,0,0.0,20,3,1,0,N,2,39 58:25.189,4.0,8,75 11:37.493,3,0,0,0,67301,0,0,0,N,0,0,0,1,68K01,0,,4,1,2017.0,N,N,N,0,,1,0,0,0,0,Y,2000,1,1,0,0,0,0,0,3,4,0,1,3,,N,,,,,,,,,,,
2020085483,820.0,4,0,0,0,0,0,0,0,0,2,0,,67,10,2020,2,40.0059,-75.1382,804.0,6,0,0,0,1,0,0,0,0,,0,0,0.0,7,1,0,1,,0,40 00:21.279,,0,75 08:17.498,0,0,0,0,67301,0,0,0,N,0,0,0,2,67301,0,,1,9,,N,N,Y,0,,0,0,1,3,3,,705,0,5,0,0,1,0,0,3,4,0,5,7,7.0,N,,,,,,,,,,,
2020085044,9.0,0,0,0,0,0,0,0,0,0,1,0,,67,10,2020,1,40.0143,-75.1045,9.0,6,0,0,0,0,0,0,0,0,,0,0,0.0,0,3,0,0,N,0,40 00:51.397,,0,75 06:16.325,0,0,0,0,67301,0,0,0,N,0,0,0,4,67301,0,,1,1,,N,N,N,0,,0,0,1,0,0,,9,0,2,0,0,1,0,0,3,4,1,2,3,3.0,N,,,,,,,,,,,
2020083696,1635.0,2,0,0,0,0,0,0,0,0,4,0,,67,10,2020,5,39.9368,-75.1736,1627.0,6,0,0,0,0,0,0,0,0,,0,0,0.0,15,1,0,1,,0,39 56:12.307,,0,75 10:24.884,0,0,0,0,67301,0,0,0,N,0,0,0,2,67301,0,,1,1,,N,N,N,0,,0,0,0,3,3,,1550,0,2,0,0,0,0,0,3,4,0,2,3,3.0,N,,,,,,,,,,,
2020090746,2129.0,0,0,0,0,0,0,0,0,0,7,0,,67,10,2020,2,40.0305,-75.022,2129.0,6,0,0,0,0,0,0,0,0,,0,0,0.0,21,3,1,0,N,1,40 01:49.790,2.0,0,75 01:19.089,4,0,0,0,67301,0,0,0,N,0,0,0,1,68K01,1,,3,9,2230.0,N,N,N,0,,0,0,0,0,0,N,2116,1,1,0,0,0,0,0,3,4,1,1,7,,N,,,,,,,,,,,
2020084398,48.0,3,0,0,0,0,0,0,0,0,6,0,,67,10,2020,5,39.9759,-75.2083,39.0,6,0,0,0,0,0,0,0,0,,0,0,0.0,0,3,0,0,N,1,39 58:33.069,4.0,0,75 12:29.712,0,0,0,0,67301,0,0,0,N,0,0,0,1,67301,0,,6,1,148.0,N,N,N,0,,0,0,0,0,0,N,30,0,3,0,0,0,0,0,3,4,0,3,3,3.0,N,,,,,,,,,,,
2020085363,1920.0,1,0,0,0,0,0,0,0,0,6,0,,67,10,2020,2,40.0408,-75.0198,1920.0,6,0,0,1,0,0,0,0,0,,0,0,0.0,19,3,0,0,N,0,40 02:26.990,,0,75 01:11.350,0,0,0,0,67301,0,0,0,N,0,0,0,1,67301,0,,6,9,,N,N,N,0,,0,0,2,0,0,,1915,0,3,0,0,1,0,0,3,4,0,3,7,7.0,N,,,,,,,,,,,
2020087559,1620.0,2,0,0,0,0,0,0,0,0,6,0,,67,10,2020,1,40.045,-75.1233,1620.0,6,0,0,0,0,0,1,0,0,,0,0,0.0,15,1,0,0,N,0,40 02:41.877,,0,75 07:23.797,9,0,0,0,67301,0,0,0,N,0,0,0,2,67301,0,,1,1,,N,N,N,0,,0,0,0,0,0,,1545,0,2,0,0,0,0,1,3,4,0,2,3,,N,,,,,,,,,,,
2020088997,1703.0,1,0,0,0,0,0,0,0,0,4,0,,67,10,2020,3,39.9224,-75.2232,1705.0,6,0,1,0,0,0,1,0,0,,0,0,0.0,17,1,2,1,,0,39 55:20.644,,0,75 13:23.395,3,0,0,0,67301,0,0,0,N,0,0,0,2,67301,0,,1,1,,N,N,N,0,,2,0,0,3,2,,1700,2,2,0,0,2,0,0,3,4,1,2,3,3.0,N,,,,,,,,,,,
2020081735,2050.0,0,0,0,0,0,0,0,0,0,7,0,,67,10,2020,6,39.9714,-75.1901,2048.0,6,0,0,0,0,0,0,0,0,,0,0,0.0,20,3,1,0,N,2,39 58:16.892,5.0,0,75 11:24.415,3,0,0,0,67301,0,0,0,N,0,0,0,1,67301,0,,4,1,2136.0,N,N,N,0,,1,0,1,0,0,Y,2048,1,1,0,0,0,0,0,3,4,0,1,3,3.0,N,,,,,,,,,,,
2020081548,1950.0,1,0,0,0,0,0,0,0,0,8,0,,67,9,2020,4,40.0537,-75.1414,1948.0,6,0,0,0,0,0,0,0,0,,0,0,0.0,19,6,1,5,,0,40 03:13.200,,0,75 08:30.600,2,0,0,0,67301,1,0,1,N,1,0,1,2,67301,0,,1,99,,N,N,N,0,,0,1,0,3,2,,1930,1,2,0,0,0,0,1,3,4,0,1,3,3.0,N,,,,,,,,,,,
2020081738,842.0,0,0,0,0,0,0,0,0,0,5,0,,67,10,2020,5,39.9241,-75.2279,839.0,6,0,0,0,0,0,0,0,0,,0,0,0.0,7,1,1,0,N,0,39 55:26.900,,0,75 13:40.300,3,0,0,0,67301,0,0,0,N,0,0,0,1,67301,0,,6,1,,N,N,N,0,,1,0,1,0,0,,745,1,2,0,0,0,0,0,3,4,0,2,3,3.0,N,,,,,,,,,,,
2020083455,907.0,0,0,0,0,0,0,0,0,0,4,0,,67,10,2020,4,39.9856,-75.1509,906.0,6,0,0,0,0,0,1,0,0,,0,0,0.0,9,1,0,1,,0,39 59:08.141,,0,75 09:03.283,0,0,0,0,67301,0,0,0,N,0,0,0,2,67301,0,,1,1,,N,N,N,0,,0,0,2,3,2,,905,0,2,0,0,0,0,0,3,4,0,2,3,3.0,N,,,,,,,,,,,
2020084069,1000.0,2,0,0,0,0,0,0,0,0,4,0,,67,10,2020,2,40.0014,-75.0816,953.0,6,0,0,0,0,0,0,0,0,,0,0,0.0,21,3,2,3,,0,40 00:05.039,,0,75 04:53.662,3,0,0,0,67301,0,0,0,N,0,0,0,3,67301,0,,1,1,,N,N,N,0,,2,0,0,3,2,,2145,2,2,0,0,0,0,0,3,4,0,2,3,3.0,N,,,,,,,,,,,
2020085484,1010.0,2,0,0,0,0,0,0,0,0,4,0,,67,10,2020,3,40.0171,-75.1164,1004.0,6,0,0,0,0,0,0,0,1,,0,0,0.0,10,1,1,0,N,0,40 01:01.620,,7,75 06:59.084,3,0,0,0,67301,0,0,0,N,0,0,0,2,67301,0,,1,1,,N,N,N,0,,1,0,1,0,0,,1000,1,3,0,0,0,0,0,3,4,0,3,4,4.0,N,,,,,,,,,,,
2020113933,1159.0,1,0,0,0,0,0,0,0,0,7,0,,67,12,2020,4,40.0163,-75.132,1157.0,6,0,0,0,0,0,0,1,0,,0,0,0.0,11,1,1,1,,0,40 00:58.503,,0,75 07:55.063,4,0,0,0,67301,0,0,0,N,0,0,0,1,67301,1,,4,1,,N,N,N,0,,0,0,0,3,3,,1157,1,1,0,0,0,0,0,3,4,0,1,3,3.0,N,,,,,,,,,,,
2020082334,238.0,0,0,0,0,0,0,0,0,0,5,0,,67,10,2020,2,39.919,-75.2266,235.0,6,0,0,0,0,0,0,0,0,,0,0,0.0,1,3,0,0,N,0,39 55:08.480,,0,75 13:35.581,0,0,0,0,67301,0,0,0,N,0,0,0,2,67301,0,,1,1,,N,N,N,0,,0,0,1,0,0,,146,0,2,0,0,0,0,0,3,4,1,2,3,4.0,N,,,,,,,,,,,
2020085045,245.0,2,0,0,0,0,0,0,0,0,4,0,,67,10,2020,3,39.9952,-75.1158,241.0,6,0,0,0,0,0,0,0,0,,0,0,0.0,2,3,2,5,,0,39 59:42.687,,1,75 06:56.840,4,0,0,0,67301,0,0,0,N,0,0,0,2,67301,2,,1,9,,N,N,N,0,,0,0,0,3,2,,241,2,2,0,0,2,0,0,3,4,0,2,7,7.0,N,,,,,,,,,,,
2020086211,1910.0,0,0,0,1,0,0,0,0,0,4,0,,67,10,2020,6,39.9992,-75.1474,1900.0,6,0,0,0,0,0,0,0,0,,0,0,0.0,17,1,1,1,,0,39 59:57.217,,0,75 08:50.570,3,0,0,0,67301,1,0,0,N,0,0,0,2,67301,0,,1,1,,N,N,N,0,,1,0,1,3,2,,1745,1,2,0,0,0,0,0,3,4,0,1,3,,N,,,,,,,,,,,
2020085478,100.0,2,0,0,0,0,0,0,0,0,5,0,,67,10,2020,1,40.0539,-75.0181,50.0,6,0,0,0,0,0,1,0,0,,0,0,0.0,0,3,2,0,N,0,40 03:14.130,,0,75 01:05.140,4,0,0,0,67301,0,0,0,N,0,0,0,2,67301,2,,6,1,,N,N,N,0,,0,0,2,0,0,,50,2,4,0,0,0,0,0,3,4,0,4,3,3.0,N,,,,,,,,,,,
2020083561,210.0,2,0,0,0,0,0,0,0,0,1,0,,67,10,2020,5,39.9565,-75.2217,200.0,6,0,0,0,0,0,0,0,0,,0,0,0.0,1,3,2,0,N,0,39 57:23.378,,0,75 13:18.148,4,0,0,0,67301,3,0,0,N,0,0,0,4,67301,2,,6,1,,N,N,N,0,,0,0,0,0,0,,159,2,2,0,0,0,0,0,3,4,0,2,3,3.0,N,,,,,,,,,,,
2020084101,1141.0,1,0,0,0,0,0,0,0,0,5,0,,67,10,2020,6,40.0462,-75.1351,1141.0,6,0,0,0,0,0,0,1,0,,0,0,0.0,11,1,0,0,N,0,40 02:46.168,,0,75 08:06.508,0,0,0,0,67301,0,0,0,N,0,0,0,2,67301,0,,1,1,,N,N,N,0,,0,0,1,0,0,,1120,0,2,0,0,0,0,0,3,4,0,2,3,,N,,,,,,,,,,,
2020084061,1625.0,1,0,0,0,0,0,0,0,0,4,0,,67,10,2020,6,39.9138,-75.1476,1619.0,6,0,0,0,0,0,0,0,0,,0,0,0.0,16,1,1,2,,0,39 54:49.834,,0,75 08:51.500,3,0,0,0,67301,0,0,0,N,0,0,0,3,67301,0,,1,1,,N,N,Y,0,,1,0,1,0,0,,1614,1,2,0,0,0,0,0,3,4,0,2,3,3.0,N,,,,,,,,,,,
2020084494,49.0,1,0,0,0,0,0,0,0,0,4,0,,67,10,2020,2,40.1065,-74.9989,42.0,6,0,0,0,0,0,0,0,1,,0,0,0.0,0,3,1,2,,0,40 06:23.287,,0,74 59:55.982,3,0,0,0,67301,0,0,0,N,0,0,0,2,67301,0,,1,1,,N,N,N,1,,1,0,0,3,2,,40,1,2,0,0,0,0,0,3,4,0,2,3,3.0,N,,,,,,,,,,,
2020084334,1212.0,1,0,0,0,0,0,0,0,0,4,0,,67,10,2020,7,39.9553,-75.2401,1204.0,6,0,0,0,0,0,1,0,0,,0,0,0.0,11,1,1,1,,0,39 57:18.928,,0,75 14:24.525,3,0,0,0,67301,0,0,0,N,0,0,0,2,67301,0,,1,1,,N,N,N,1,,1,0,0,3,2,,1143,1,2,0,0,0,0,0,3,4,0,2,3,3.0,N,,,,,,,,,,,
2020083034,1636.0,1,0,0,0,0,0,0,0,0,8,0,,67,10,2020,2,40.0153,-75.1372,1636.0,6,0,0,0,0,0,1,0,0,,0,0,0.0,16,3,1,1,,0,40 00:55.090,,0,75 08:13.768,3,0,0,0,67301,1,0,0,N,1,0,0,2,67301,0,,1,1,,N,N,N,0,,1,0,0,3,2,,1636,1,2,0,0,0,0,0,3,4,0,1,3,3.0,N,,,,,,,,,,,
2020084335,1801.0,2,0,0,0,0,0,0,0,0,4,0,,67,10,2020,7,39.9617,-75.2388,1800.0,6,0,0,0,0,0,1,0,0,,0,0,0.0,17,1,2,1,,0,39 57:42.276,,1,75 14:19.592,3,0,0,0,67301,0,0,0,N,0,0,0,3,67301,0,,1,1,,N,N,N,0,,2,0,0,3,2,,1759,2,2,0,0,1,0,0,3,4,0,2,3,3.0,N,,,,,,,,,,,
2020083261,226.0,1,0,0,0,0,0,0,0,0,7,0,,67,9,2020,3,39.9329,-75.2,224.0,6,0,0,0,0,0,0,0,0,,0,0,0.0,2,3,1,0,N,1,39 55:58.582,4.0,0,75 12:00.105,3,0,0,0,67301,0,0,0,N,0,0,0,1,68K01,0,,3,1,240.0,N,N,N,0,,1,0,0,0,0,N,220,1,1,0,0,0,0,0,3,4,0,1,3,,N,,,,,,,,,,,
2020080718,718.0,0,0,0,0,0,0,0,0,0,4,0,,67,9,2020,4,40.0353,-75.1214,718.0,6,0,0,0,0,0,0,0,0,,0,0,0.0,7,1,0,1,,0,40 02:06.975,,0,75 07:17.097,9,0,0,0,67301,0,0,0,N,0,0,0,4,67301,0,,1,9,,N,N,N,0,,0,0,2,3,2,,715,0,3,0,0,0,0,4,3,4,1,3,3,3.0,N,,,,,,,,,,,
2020081740,850.0,0,0,0,0,0,0,0,0,0,7,0,,67,10,2020,6,39.8836,-75.2515,846.0,6,0,0,0,1,0,0,0,0,,0,0,0.0,8,1,0,2,,0,39 53:01.097,,2,75 15:05.879,0,0,0,0,67301,0,0,0,N,0,0,0,1,67301,0,,4,9,,N,N,N,0,,0,0,1,3,2,,836,0,1,0,0,0,0,0,3,4,0,1,7,6.0,N,,,,,,,,,,,
2020100320,700.0,0,0,0,0,0,0,0,0,0,1,0,55.0,67,11,2020,6,39.9809,-75.1037,650.0,6,0,0,0,0,0,1,0,0,,0,0,0.0,6,1,1,0,N,1,39 58:51.233,2.0,0,75 06:13.480,8,0,0,0,67301,0,0,0,N,0,0,0,3,68K01,0,,1,1,705.0,N,N,N,1,,0,0,2,0,0,N,649,1,3,0,0,0,1,0,3,4,0,3,3,3.0,Y,4.0,1.0,Y,N,N,N,N,N,N,Y,N
2020084805,1626.0,1,0,0,1,0,0,0,0,0,4,0,,67,10,2020,7,40.012,-75.1358,1626.0,6,0,0,0,0,0,0,0,0,,0,0,0.0,16,1,1,1,,0,40 00:43.128,,0,75 08:09.038,3,0,0,0,67301,1,0,0,N,0,0,0,2,67301,0,,1,1,,N,N,N,0,,1,0,0,3,2,,1626,1,2,0,0,0,0,0,3,4,0,1,3,3.0,N,,,,,,,,,,,
2020084936,55.0,1,0,0,0,0,0,0,0,0,4,0,,67,10,2020,3,40.0588,-75.0442,47.0,6,0,0,0,0,0,0,0,0,,0,0,0.0,0,3,1,1,,0,40 03:31.939,,0,75 02:38.911,4,0,0,0,67301,0,0,0,N,0,0,0,2,67301,1,,1,9,,N,N,Y,0,,0,0,1,3,2,,46,1,2,0,0,0,0,0,3,4,0,2,7,7.0,N,,,,,,,,,,,
2020083037,1639.0,1,0,0,0,0,0,0,0,0,4,0,,67,10,2020,2,40.0079,-75.1723,1639.0,6,0,0,0,0,0,0,0,0,,0,0,0.0,16,1,3,1,,0,40 00:28.314,,0,75 10:20.141,3,0,0,0,67301,0,0,0,N,0,0,0,4,67301,0,,1,1,,N,N,N,0,,3,0,0,3,2,,1636,3,2,0,0,0,0,0,3,4,1,2,3,3.0,N,,,,,,,,,,,
2020100618,2121.0,2,0,0,0,0,0,0,0,0,1,0,,67,10,2020,1,39.9499,-75.1839,2116.0,6,0,0,0,0,0,0,0,0,,0,0,0.0,21,2,0,0,N,0,39 56:59.465,,0,75 11:02.058,9,0,0,0,67301,0,0,0,N,0,0,0,4,68K01,0,,1,1,,N,N,N,0,,0,0,0,0,0,,2115,0,3,0,0,0,0,1,3,4,0,3,3,,N,,,,,,,,,,,
2020086181,115.0,1,0,0,0,0,0,0,0,0,4,0,,67,10,2020,4,39.9459,-75.2403,115.0,6,0,0,0,0,0,0,0,0,,0,0,0.0,1,3,0,5,,0,39 56:45.089,,0,75 14:25.018,0,0,0,0,67301,0,0,0,N,0,0,0,2,67301,0,,1,1,,N,N,N,0,,0,0,0,3,2,,110,0,2,0,0,2,0,0,3,4,1,2,3,3.0,N,,,,,,,,,,,
2020083452,1347.0,0,0,0,0,0,0,0,0,0,5,0,,67,10,2020,2,39.9648,-75.1571,1345.0,6,0,0,0,0,0,0,0,0,,0,0,0.0,13,1,0,0,N,0,39 57:53.250,,0,75 09:25.440,0,0,0,0,67301,0,0,0,N,0,0,0,3,67301,0,,1,1,,N,N,N,1,,0,0,1,0,0,,1344,0,2,0,0,2,0,0,3,4,0,2,3,3.0,N,,,,,,,,,,,
2020087554,15.0,1,0,0,0,0,0,0,0,0,7,0,,67,10,2020,4,40.0145,-75.1311,8.0,6,0,0,0,0,0,0,0,0,,0,0,0.0,0,2,1,1,,0,40 00:52.264,,0,75 07:52.028,3,0,0,0,67301,0,0,0,N,0,0,0,1,67301,0,,4,1,,N,N,N,0,,1,0,0,3,2,,7,1,1,0,0,1,0,0,3,4,0,1,3,3.0,N,,,,,,,,,,,
2020084331,2045.0,0,0,0,0,0,0,0,0,0,4,1,,67,10,2020,6,39.9473,-75.2336,2043.0,6,0,0,0,0,0,0,0,0,,0,1,0.0,20,6,1,1,,0,39 56:50.437,,0,75 14:01.088,3,0,0,0,67301,1,0,0,N,0,0,0,2,67301,0,,1,1,,N,N,N,0,,1,0,1,3,2,,2021,1,2,0,0,0,0,0,3,4,0,2,3,3.0,N,,,,,,,,,,,
2020084407,1650.0,1,0,0,0,0,0,0,0,0,1,0,,67,10,2020,6,40.0262,-75.1692,1649.0,6,0,0,0,0,0,1,1,0,,0,0,0.0,16,1,4,1,,0,40 01:34.321,,0,75 10:08.941,2,0,0,0,67301,0,0,0,N,0,0,0,5,67301,0,,1,1,,N,N,N,2,,3,1,0,3,2,,1647,4,3,0,1,2,0,0,3,4,0,3,3,3.0,N,,,,,,,,,,,
2020083560,1856.0,1,0,0,0,0,0,0,0,0,8,0,,67,10,2020,4,40.0323,-75.0456,1851.0,6,0,0,0,0,0,0,0,0,,0,0,0.0,18,3,1,1,,1,40 01:56.168,2.0,0,75 02:44.001,2,0,0,0,67301,1,0,1,N,1,0,1,3,67301,0,,1,1,330.0,N,N,Y,0,,0,1,0,3,2,Y,1840,1,3,0,0,0,0,0,3,4,1,2,3,3.0,N,,,,,,,,,,,
2020106815,21.0,2,0,0,0,0,0,0,0,0,6,0,,67,10,2020,3,39.9171,-75.1493,11.0,6,0,0,0,0,0,0,0,0,,0,0,0.0,0,2,0,0,N,0,39 55:01.700,,0,75 08:57.500,0,0,0,0,67301,0,0,0,N,0,0,0,1,67301,0,,6,9,,N,N,N,0,,0,0,0,0,0,,11,0,2,0,0,1,0,0,3,4,0,2,7,7.0,N,,,,,,,,,,,
2020086180,1039.0,2,0,0,0,0,0,0,0,0,4,0,,67,10,2020,3,39.9357,-75.2285,1039.0,6,0,0,0,0,0,0,0,0,,0,0,0.0,10,1,0,1,,0,39 56:08.663,,0,75 13:42.679,9,0,0,0,67301,0,0,0,N,0,0,0,2,67301,0,,1,1,,N,N,N,0,,0,0,0,3,2,,1035,0,2,0,0,0,0,1,3,4,0,2,4,4.0,N,,,,,,,,,,,
2020085393,1554.0,0,0,0,0,0,0,0,0,0,8,0,,67,10,2020,1,40.0449,-75.1701,1554.0,6,0,0,0,0,0,0,0,0,,0,0,0.0,14,1,1,1,,0,40 02:41.737,,0,75 10:12.385,3,0,0,0,67301,1,0,0,N,1,0,0,2,67301,0,,1,1,,N,N,N,0,,1,0,0,3,3,,1400,1,2,0,0,0,0,1,3,4,0,1,4,4.0,N,,,,,,,,,,,
2020074926,310.0,1,0,0,0,0,0,0,0,0,5,0,,67,9,2020,7,40.0066,-75.1936,256.0,6,0,0,0,0,0,0,0,0,,0,0,0.0,2,3,3,0,N,0,40 00:23.777,,3,75 11:36.871,3,0,0,0,67301,0,0,0,N,0,0,0,4,67301,0,,1,1,,N,N,N,0,,3,0,1,3,8,,217,3,2,0,0,0,0,0,3,4,0,2,3,3.0,N,,,,,,,,,,,
2020078407,2121.0,0,0,0,0,0,0,0,0,0,1,0,,67,9,2020,6,39.9705,-75.1247,2111.0,6,0,0,0,0,0,0,0,0,,0,0,0.0,21,3,0,0,N,1,39 58:12.600,1.0,0,75 07:30.200,0,0,0,0,67301,0,0,0,N,0,0,0,4,68K01,0,,1,1,2140.0,N,N,N,0,,0,0,2,0,0,N,2109,0,2,0,0,0,0,0,3,4,0,2,3,,N,,,,,,,,,,,
2020074093,1700.0,0,0,0,0,0,0,0,0,0,1,0,,67,9,2020,4,40.0136,-75.0685,1653.0,6,0,0,0,0,0,0,0,0,,0,0,0.0,16,1,1,5,,0,40 00:48.913,,0,75 04:06.725,4,0,0,0,67301,0,0,0,N,0,0,0,2,67301,1,,1,1,,N,N,N,0,,0,0,1,3,2,,1645,1,2,0,0,0,0,0,3,4,1,2,3,,N,,,,,,,,,,,
2020074442,1548.0,2,0,0,0,0,0,0,0,0,3,0,,67,9,2020,5,39.9504,-75.1537,1544.0,6,0,0,0,0,0,0,0,0,,0,0,0.0,15,1,2,0,N,0,39 57:01.390,,0,75 09:13.470,3,0,0,0,67301,2,0,0,N,0,0,0,3,67301,0,,6,1,,N,N,N,0,,2,0,1,0,0,,1510,2,4,0,0,0,0,0,3,4,1,4,3,3.0,N,,,,,,,,,,,
2020074323,1440.0,2,0,0,0,0,0,0,0,0,4,0,,67,9,2020,5,39.9726,-75.1445,1437.0,6,0,0,0,0,0,0,1,0,,0,0,0.0,14,1,2,1,,0,39 58:21.475,,0,75 08:40.059,3,0,0,0,67301,0,0,0,N,0,0,0,3,67301,0,,1,1,,N,N,N,0,,2,0,1,3,2,,1400,2,3,0,0,0,0,0,3,4,0,3,4,,N,,,,,,,,,,,
2020080713,830.0,0,0,0,0,0,0,0,0,0,1,0,,67,9,2020,4,40.0837,-75.2076,809.0,6,0,0,0,0,0,0,0,0,,0,0,0.0,7,1,2,0,N,0,40 05:01.352,,0,75 12:27.479,3,0,0,0,67301,0,0,0,N,0,0,0,4,67301,0,,1,9,,N,N,N,1,,2,0,2,0,0,,748,2,3,0,0,0,0,0,3,4,0,3,3,3.0,N,,,,,,,,,,,