CRN,ARRIVAL_TM,AUTOMOBILE_COUNT,BELTED_DEATH_COUNT,BELTED_SUSP_SERIOUS_INJ_COUNT,BICYCLE_COUNT,BICYCLE_DEATH_COUNT,BICYCLE_SUSP_SERIOUS_INJ_COUNT,BUS_COUNT,CHLDPAS_DEATH_COUNT,CHLDPAS_SUSP_SERIOUS_INJ_COUNT,COLLISION_TYPE,COMM_VEH_COUNT,CONS_ZONE_SPD_LIM,COUNTY,CRASH_MONTH,CRASH_YEAR,DAY_OF_WEEK,DEC_LAT,DEC_LONG,DISPATCH_TM,DISTRICT,DRIVER_COUNT_16YR,DRIVER_COUNT_17YR,DRIVER_COUNT_18YR,DRIVER_COUNT_19YR,DRIVER_COUNT_20YR,DRIVER_COUNT_50_64YR,DRIVER_COUNT_65_74YR,DRIVER_COUNT_75PLUS,EST_HRS_CLOSED,FATAL_COUNT,HEAVY_TRUCK_COUNT,HORSE_BUGGY_COUNT,HOUR_OF_DAY,ILLUMINATION,INJURY_COUNT,INTERSECT_TYPE,INTERSECTION_RELATED,LANE_CLOSED,LATITUDE,LN_CLOSE_DIR,LOCATION_TYPE,LONGITUDE,MAX_SEVERITY_LEVEL,MCYCLE_DEATH_COUNT,MCYCLE_SUSP_SERIOUS_INJ_COUNT,MOTORCYCLE_COUNT,MUNICIPALITY,NONMOTR_COUNT,NONMOTR_DEATH_COUNT,NONMOTR_SUSP_SERIOUS_INJ_COUNT,NTFY_HIWY_MAINT,PED_COUNT,PED_DEATH_COUNT,PED_SUSP_SERIOUS_INJ_COUNT,PERSON_COUNT,POLICE_AGCY,POSSIBLE_INJ_COUNT,RDWY_SURF_TYPE_CD,RELATION_TO_ROAD,ROAD_CONDITION,ROADWAY_CLEARED,SCH_BUS_IND,SCH_ZONE_IND,SECONDARY_CRASH,SMALL_TRUCK_COUNT,SPEC_JURIS_CD,SUSP_MINOR_INJ_COUNT,SUSP_SERIOUS_INJ_COUNT,SUV_COUNT,TCD_FUNC_CD,TCD_TYPE,TFC_DETOUR_IND,TIME_OF_DAY,TOT_INJ_COUNT,TOTAL_UNITS,UNB_DEATH_COUNT,UNB_SUSP_SERIOUS_INJ_COUNT,UNBELTED_OCC_COUNT,UNK_INJ_DEG_COUNT,UNK_INJ_PER_COUNT,URBAN_AREA,URBAN_RURAL,VAN_COUNT,VEHICLE_COUNT,WEATHER1,WEATHER2,WORK_ZONE_IND,WORK_ZONE_LOC,WORK_ZONE_TYPE,WORKERS_PRES,WZ_CLOSE_DETOUR,WZ_FLAGGER,WZ_LAW_OFFCR_IND,WZ_LN_CLOSURE,WZ_MOVING,WZ_OTHER,WZ_SHLDER_MDN,WZ_WORKERS_INJ_KILLED
2020081933,1140.0,0,0,0,0,0,0,0,0,0,8,0,,67,10,2020,7,39.9709,-75.1557,1130.0,6,0,0,0,0,0,1,0,0,,0,0,0.0,11,1,1,1,,0,39 58:15.737,,0,75 09:20.607,4,0,0,0,67301,1,0,0,N,1,0,0,2,67301,1,,1,1,,N,N,N,0,,0,0,1,3,2,,1125,1,2,0,0,0,0,1,3,4,0,1,3,3.0,N,,,,,,,,,,,
2020090745,1754.0,1,0,0,0,0,0,0,0,0,1,0,,67,10,2020,2,39.9475,-75.1877,1746.0,6,0,0,0,0,0,1,0,0,,0,0,0.0,17,3,1,1,,0,39 56:50.944,,2,75 11:15.670,4,0,0,0,67301,0,0,0,N,0,0,0,2,68K01,1,,1,9,,N,N,N,0,,0,0,1,3,2,,1742,1,2,0,0,0,0,0,3,4,0,2,7,,N,,,,,,,,,,,
2020084707,1707.0,0,0,0,0,0,0,0,0,0,1,0,,67,10,2020,1,39.9941,-75.1562,1707.0,6,0,0,0,0,0,2,0,0,,0,0,0.0,17,1,2,1,,0,39 59:38.956,,0,75 09:22.424,3,0,0,0,67301,0,0,0,N,0,0,0,3,67301,0,,1,1,,N,N,N,0,,2,0,2,3,2,,1706,2,2,0,0,0,0,0,3,4,0,2,3,4.0,N,,,,,,,,,,,
2020083697,1651.0,2,0,0,0,0,0,0,0,0,4,0,,67,10,2020,5,39.9824,-75.1867,1644.0,6,0,0,1,1,0,0,0,0,,0,0,0.0,16,1,3,1,,0,39 58:56.629,,0,75 11:12.069,3,0,0,0,67301,0,0,0,N,0,0,0,4,67301,1,,1,1,,N,N,N,0,,2,0,0,3,2,,1640,3,2,0,0,0,0,0,3,4,0,2,3,,N,,,,,,,,,,,
2020086185,1630.0,1,0,0,0,0,0,0,0,0,4,0,,67,10,2020,4,40.0445,-75.1931,1630.0,6,0,0,0,0,0,0,0,0,,0,0,0.0,8,1,1,1,,0,40 02:40.301,,0,75 11:35.235,8,0,0,0,67301,0,0,0,N,0,0,0,2,67301,0,,1,1,,N,N,N,0,,0,0,1,3,2,,800,1,2,0,0,0,1,0,3,4,0,2,3,3.0,N,,,,,,,,,,,
2020086172,2100.0,1,0,0,0,0,0,0,0,0,5,0,,67,10,2020,5,39.9568,-75.149,2055.0,6,0,0,0,0,0,0,0,0,,0,0,0.0,20,3,0,0,N,0,39 57:24.643,,0,75 08:56.445,0,0,0,0,67301,0,0,0,N,0,0,0,2,67301,0,,1,1,,N,N,N,0,,0,0,1,0,0,,2054,0,2,0,0,0,0,0,3,4,0,2,3,3.0,N,,,,,,,,,,,
2020084903,245.0,2,0,0,0,0,0,0,0,0,5,0,,67,10,2020,2,39.9406,-75.2104,240.0,6,0,0,0,0,0,0,0,0,,0,0,0.0,2,3,0,0,N,1,39 56:26.100,1.0,0,75 12:37.300,0,0,0,0,67301,0,0,0,N,0,0,0,1,67301,0,,6,9,357.0,N,N,N,0,,0,0,0,0,0,N,225,0,2,0,0,0,0,0,3,4,0,2,7,,N,,,,,,,,,,,
2020086174,1015.0,1,0,0,0,0,0,0,0,0,4,0,,67,10,2020,4,40.0593,-75.0446,1007.0,6,0,0,0,0,0,1,0,0,,0,0,0.0,7,1,1,1,,0,40 03:33.392,,0,75 02:40.479,4,0,0,0,67301,0,0,0,N,0,0,0,2,67301,1,,1,1,,N,N,N,1,,0,0,0,3,2,,730,1,2,0,0,0,0,0,3,4,0,2,3,,N,,,,,,,,,,,
2020085297,645.0,2,0,0,0,0,0,0,0,0,1,0,55.0,67,10,2020,6,40.0174,-75.0496,645.0,6,0,0,0,0,0,0,0,0,,0,0,0.0,6,3,0,0,N,1,40 01:02.792,2.0,0,75 02:58.610,0,0,0,0,67301,0,0,0,N,0,0,0,4,68K01,0,,1,1,810.0,N,N,N,0,,0,0,1,0,0,N,620,0,3,0,0,0,0,0,3,4,0,3,3,3.0,Y,4.0,1.0,N,,,N,,,,Y,N
2020085040,2108.0,2,0,0,0,0,0,0,0,0,4,0,,67,10,2020,6,39.9746,-75.1995,2103.0,6,0,0,0,0,0,1,0,0,,0,0,0.0,20,3,2,1,,0,39 58:28.552,,2,75 11:58.141,8,0,0,0,67301,0,0,0,N,0,0,0,6,67301,0,,1,1,,N,N,N,0,,0,0,1,3,2,,2054,2,3,0,0,0,2,1,3,4,0,3,3,,N,,,,,,,,,,,
2020084073,1701.0,1,0,0,0,0,0,0,0,0,4,0,,67,10,2020,6,40.0074,-75.1252,1701.0,6,0,0,0,1,0,1,0,0,,0,0,0.0,17,1,1,2,,0,40 00:26.789,,0,75 07:30.615,4,0,0,0,67301,0,0,0,N,0,0,0,2,67301,1,,1,1,,N,N,N,0,,0,0,1,3,2,,1701,1,2,0,0,1,0,0,3,4,0,2,3,3.0,N,,,,,,,,,,,
2020082596,1122.0,1,0,0,1,0,0,0,0,0,5,0,,67,10,2020,3,39.9534,-75.1965,1120.0,6,0,0,0,0,0,0,0,0,,0,0,0.0,11,1,1,0,N,0,39 57:12.132,,0,75 11:47.517,4,0,0,0,67301,1,0,0,N,0,0,0,2,67504,1,,1,1,,N,N,N,0,,0,0,0,0,0,,1118,1,2,0,0,0,0,0,3,4,0,1,3,,N,,,,,,,,,,,
2020088077,2018.0,0,0,0,0,0,0,0,0,0,5,0,,67,10,2020,5,39.9729,-75.2028,2015.0,6,0,0,0,0,0,0,0,0,,0,0,0.0,20,1,1,0,N,0,39 58:22.280,,0,75 12:10.050,3,0,0,0,67301,1,0,0,N,1,0,0,2,67301,0,,6,1,,N,N,N,0,,1,0,2,0,0,,2010,1,3,0,0,1,0,0,3,4,0,2,3,3.0,N,,,,,,,,,,,
2020076446,313.0,1,0,0,0,0,0,0,0,0,4,0,,67,9,2020,4,40.0327,-75.0722,312.0,6,0,0,0,0,0,0,0,0,,0,0,0.0,3,3,1,1,,0,40 01:57.808,,0,75 04:19.924,8,0,0,0,67301,0,0,0,N,0,0,0,2,67301,0,,1,1,,N,N,N,0,,0,0,1,3,2,,312,1,2,0,0,0,1,0,3,4,0,2,3,3.0,N,,,,,,,,,,,
2020074928,456.0,0,0,0,0,0,0,0,0,0,7,0,,67,9,2020,1,40.0252,-75.1948,446.0,6,0,0,0,0,0,0,0,0,,0,0,0.0,4,3,0,0,N,2,40 01:30.870,3.0,0,75 11:41.120,0,0,0,0,67301,0,0,0,N,0,0,0,1,67301,0,,3,1,600.0,N,N,N,0,,0,0,0,0,0,Y,441,0,1,0,0,0,0,0,3,4,1,1,3,3.0,N,,,,,,,,,,,
2020074587,1307.0,1,0,0,0,0,0,0,0,0,4,0,,67,9,2020,6,39.9963,-75.1854,1307.0,6,0,0,0,0,0,0,0,0,,0,0,0.0,13,1,0,1,,0,39 59:46.663,,0,75 11:07.303,9,0,0,0,67301,0,0,0,N,0,0,0,2,67301,0,,1,1,,N,N,N,0,,0,0,0,3,2,,1307,0,2,0,0,0,0,1,3,4,1,2,3,3.0,N,,,,,,,,,,,
2020076577,239.0,1,0,0,0,0,0,0,0,0,7,0,,67,9,2020,5,39.9716,-75.1933,234.0,6,0,0,0,1,0,0,0,0,,0,0,0.0,2,3,0,7,,1,39 58:18.300,4.0,2,75 11:35.600,0,0,0,0,67301,0,0,0,N,0,0,0,1,68K01,0,,7,9,246.0,N,N,N,0,,0,0,0,0,0,N,234,0,1,0,0,0,0,0,3,4,0,1,7,7.0,N,,,,,,,,,,,
2020075818,2134.0,1,0,0,0,0,0,0,0,0,4,0,,67,9,2020,6,40.0501,-75.1505,2134.0,6,0,0,0,0,0,0,0,0,,0,0,0.0,21,3,1,1,,0,40 03:00.233,,0,75 09:01.728,3,0,0,0,67301,0,0,0,N,0,0,0,4,67301,0,,1,1,,N,N,N,0,,1,0,0,3,2,,2134,1,2,0,0,2,0,0,3,4,0,2,3,,N,,,,,,,,,,,
2020071353,2347.0,1,0,0,0,0,0,0,0,0,4,0,,67,8,2020,7,39.9456,-75.165,2347.0,6,0,0,0,0,1,0,0,0,,0,0,0.0,23,3,0,1,,0,39 56:44.019,,0,75 09:54.085,9,0,0,0,67301,0,0,0,N,0,0,0,3,67301,0,,1,99,,N,N,N,0,,0,0,1,3,2,,2343,0,2,0,0,0,0,2,3,4,0,2,3,3.0,N,,,,,,,,,,,
2020069459,410.0,2,0,0,0,0,0,0,0,0,5,0,,67,8,2020,4,40.0444,-75.1052,405.0,6,0,0,0,0,0,0,0,0,,0,0,0.0,4,3,0,0,N,0,40 02:39.750,,0,75 06:18.540,0,0,0,0,67301,0,0,0,N,0,0,0,1,67301,0,,6,1,,Y,Y,N,0,,0,0,0,0,0,,404,0,2,0,0,1,0,0,3,4,0,2,3,,N,,,,,,,,,,,
2020070135,2011.0,1,0,0,1,0,0,0,0,0,4,0,,67,8,2020,4,39.9165,-75.1693,2011.0,6,0,0,0,0,0,0,0,0,,0,0,0.0,20,1,1,1,,2,39 54:59.771,4.0,0,75 10:09.201,4,0,0,0,67301,1,0,0,N,0,0,0,3,67301,1,,1,1,2038.0,N,N,N,0,,0,0,0,3,2,Y,2011,1,2,0,0,2,0,0,3,4,0,1,3,3.0,N,,,,,,,,,,,
2020073543,1944.0,1,0,0,0,0,0,0,0,0,8,0,,67,9,2020,5,39.994,-75.1181,1944.0,6,0,0,0,0,0,0,0,0,,0,0,0.0,19,3,1,5,,0,39 59:38.230,,1,75 07:04.998,3,0,0,0,67301,1,0,0,N,1,0,0,2,67301,0,,1,9,,N,N,N,0,,1,0,0,3,2,,1929,1,2,0,0,0,0,0,3,4,0,1,7,7.0,N,,,,,,,,,,,
2020071970,2220.0,0,0,0,0,0,0,0,0,0,4,0,,67,9,2020,4,39.9802,-75.1575,2220.0,6,0,0,0,0,0,0,0,0,,0,0,0.0,22,3,1,1,,1,39 58:48.797,1.0,0,75 09:27.327,3,0,0,1,67301,0,0,0,N,0,0,0,3,67301,0,,1,9,2200.0,N,N,N,0,,1,0,1,3,2,N,2220,1,2,0,0,0,0,0,3,4,0,2,7,7.0,N,,,,,,,,,,,
2020071785,142.0,1,0,0,0,0,0,0,0,0,7,0,,67,8,2020,1,39.9735,-75.2094,118.0,6,0,0,0,0,0,0,1,0,,0,0,0.0,1,3,0,0,N,0,39 58:24.599,,0,75 12:33.788,0,0,0,0,67301,0,0,0,N,0,0,0,1,67301,0,,4,1,,N,N,N,0,,0,0,0,0,0,,116,0,1,0,0,0,0,0,3,4,0,1,3,3.0,N,,,,,,,,,,,
2020070938,1950.0,3,0,0,0,0,0,0,0,0,5,0,,67,8,2020,1,39.9972,-75.1104,1945.0,6,0,0,0,0,0,0,0,0,,0,0,0.0,19,1,0,0,N,0,39 59:49.980,,0,75 06:37.590,9,0,0,0,67301,0,0,0,N,0,0,0,1,67301,0,,6,1,,N,N,N,0,,0,0,2,0,0,,1935,0,5,0,0,1,0,1,3,4,0,5,3,3.0,N,,,,,,,,,,,
2020074738,941.0,1,0,0,0,0,0,0,0,0,5,0,,67,9,2020,6,39.9825,-75.2405,940.0,6,0,0,0,0,0,0,0,0,,0,0,0.0,9,1,0,0,N,0,39 58:56.861,,0,75 14:25.901,0,0,0,0,67301,0,0,0,N,0,0,0,1,67301,0,,6,1,,N,N,N,1,,0,0,0,0,0,,930,0,2,0,0,1,0,0,3,4,0,2,3,3.0,N,,,,,,,,,,,
2020070328,435.0,1,0,0,0,0,0,0,0,0,7,0,,67,8,2020,7,40.0183,-75.0894,435.0,6,0,0,0,0,0,0,0,0,,0,0,0.0,4,3,0,0,N,0,40 01:05.770,,0,75 05:21.980,0,0,0,0,67301,0,0,0,N,0,0,0,1,67301,0,,4,1,,N,N,N,0,,0,0,0,0,0,,435,0,1,0,0,0,0,0,3,4,0,1,3,,N,,,,,,,,,,,
2020075905,2053.0,2,0,0,0,0,0,0,0,0,1,0,,67,9,2020,3,40.0262,-75.1099,2043.0,6,0,0,0,0,0,1,0,0,,0,0,0.0,20,3,0,0,N,0,40 01:34.400,,0,75 06:35.700,0,0,0,0,67301,0,0,0,N,0,0,0,2,67301,0,,1,1,,N,N,Y,0,,0,0,1,0,0,,2033,0,3,0,0,0,0,0,3,4,0,3,3,,N,,,,,,,,,,,
2020076528,116.0,2,0,0,0,0,0,0,0,0,4,0,,67,9,2020,1,39.9094,-75.1611,115.0,6,0,0,0,0,1,0,0,0,,0,0,0.0,1,3,0,1,,0,39 54:33.787,,0,75 09:40.120,0,0,0,0,67301,0,0,0,N,0,0,0,3,67301,0,,1,1,,N,N,N,0,,0,0,0,3,2,,112,0,2,0,0,0,0,0,3,4,0,2,3,3.0,N,,,,,,,,,,,
2020074654,1701.0,2,0,0,0,0,0,0,0,0,4,0,,67,9,2020,6,40.0331,-75.1812,1700.0,6,0,0,0,0,2,1,0,0,,0,0,0.0,17,1,5,1,,2,40 01:59.118,1.0,0,75 10:52.400,3,0,0,0,67301,0,0,0,N,0,0,0,5,67301,4,,1,1,1830.0,N,N,N,1,,1,0,0,3,2,Y,1700,5,3,0,0,2,0,0,3,4,0,3,3,3.0,N,,,,,,,,,,,
2020076227,1316.0,1,0,0,0,0,0,0,0,0,8,0,,67,9,2020,4,40.0385,-75.0518,1310.0,6,0,0,0,0,0,0,0,0,,0,0,0.0,13,1,1,1,,0,40 02:18.549,,0,75 03:06.494,4,0,0,0,67301,1,0,0,N,1,0,0,2,67301,1,,1,1,,N,Y,N,0,,0,0,0,3,2,,1308,1,2,0,0,0,0,0,3,4,0,1,3,3.0,N,,,,,,,,,,,
2020074659,2332.0,5,0,0,0,0,0,0,0,0,6,0,,67,9,2020,5,39.998,-75.1376,2329.0,6,0,0,0,0,0,0,0,0,,0,0,0.0,23,3,2,0,N,2,39 59:52.800,6.0,0,75 08:15.300,3,0,0,0,67301,0,0,0,N,0,0,0,3,67301,0,,6,1,530.0,N,N,N,0,,2,0,2,0,0,Y,2328,2,7,0,0,2,0,0,3,4,0,7,3,3.0,N,,,,,,,,,,,
2020077905,745.0,0,0,0,0,0,0,0,0,0,8,0,,67,9,2020,3,39.9481,-75.1538,743.0,6,0,0,0,0,0,1,0,0,,0,0,0.0,7,1,1,0,N,0,39 56:53.001,,0,75 09:13.846,3,0,0,0,67301,1,0,0,N,1,0,0,2,67301,0,,1,1,,N,N,N,0,,1,0,1,0,0,,730,1,2,0,0,1,0,0,3,4,0,1,3,4.0,N,,,,,,,,,,,
2020073159,1347.0,1,0,0,0,0,0,0,0,0,4,0,,67,9,2020,2,39.9211,-75.2242,1345.0,6,0,0,0,0,0,1,0,0,,0,0,0.0,13,1,1,1,,0,39 55:15.660,,0,75 13:26.832,3,0,0,0,67301,0,0,0,N,0,0,0,2,67301,0,,1,1,,N,N,N,0,,1,0,0,3,2,,1340,1,2,0,0,1,0,0,3,4,1,2,3,3.0,N,,,,,,,,,,,
2020075170,118.0,1,0,0,0,0,0,0,0,0,7,0,,67,9,2020,5,39.9602,-75.1804,111.0,6,0,0,0,0,0,0,0,0,,0,0,0.0,1,3,0,0,N,1,39 57:36.660,4.0,3,75 10:49.415,0,0,0,0,67301,0,0,0,N,0,0,0,1,68K01,0,,3,9,146.0,N,N,N,0,,0,0,0,0,0,N,108,0,1,0,0,0,0,0,3,4,0,1,7,7.0,N,,,,,,,,,,,
2020073383,1755.0,1,0,0,0,0,0,0,0,0,4,0,,67,9,2020,2,40.0058,-75.097,1755.0,6,0,0,0,0,0,0,0,0,,0,0,0.0,17,1,1,5,,0,40 00:20.957,,0,75 05:49.283,3,0,0,0,67301,0,0,0,N,0,0,0,3,67301,0,,1,1,,N,N,N,0,,1,0,1,3,2,,1750,1,2,0,0,2,0,0,3,4,0,2,3,,N,,,,,,,,,,,
2020069259,715.0,2,0,0,0,0,0,0,0,0,5,0,,67,8,2020,4,39.9204,-75.1484,704.0,6,0,0,0,0,0,0,0,0,,0,0,0.0,6,5,0,0,N,0,39 55:13.340,,0,75 08:54.360,0,0,0,0,67301,0,0,0,N,0,0,0,1,67301,0,,6,1,,N,N,N,0,,0,0,0,0,0,,649,0,2,0,0,0,0,0,3,4,0,2,3,3.0,N,,,,,,,,,,,
2020090079,518.0,1,0,0,0,0,0,0,0,0,5,0,,67,10,2020,3,39.9787,-75.1578,517.0,6,0,0,0,0,0,0,0,0,,0,0,0.0,5,3,0,1,,0,39 58:43.263,,0,75 09:28.346,9,0,0,0,67301,0,0,0,N,0,0,0,3,67505,0,,1,1,,N,N,N,0,,0,0,1,3,2,,510,0,2,0,0,0,0,1,3,4,0,2,3,3.0,N,,,,,,,,,,,
2020070149,1355.0,1,0,0,0,0,0,0,0,0,8,0,,67,8,2020,6,39.9898,-75.1588,1345.0,6,0,0,0,0,0,0,0,0,,0,0,0.0,13,1,1,1,,0,39 59:23.243,,0,75 09:31.636,3,0,0,0,67301,1,0,0,N,1,0,0,2,67301,0,,1,1,,N,N,N,0,,1,0,0,3,2,,1345,1,2,0,0,0,0,0,3,4,0,1,3,3.0,N,,,,,,,,,,,
2020069952,43.0,1,0,0,0,0,0,0,0,0,4,0,,67,8,2020,6,39.9563,-75.2399,43.0,6,0,0,0,1,0,0,0,0,,0,0,0.0,0,3,5,1,,2,39 57:22.730,7.0,0,75 14:23.657,2,0,0,0,67301,0,0,0,N,0,0,0,5,67301,0,,1,1,140.0,N,N,N,1,,2,3,0,3,2,N,43,5,2,0,3,5,0,0,3,4,0,2,3,3.0,N,,,,,,,,,,,
2020069814,1723.0,1,0,0,0,0,0,0,0,0,5,0,,67,8,2020,4,40.0574,-75.0857,1715.0,6,0,0,0,0,0,0,0,0,,0,0,0.0,17,1,1,0,N,0,40 03:26.682,,0,75 05:08.423,8,0,0,0,67301,0,0,0,N,0,0,0,1,67301,0,,6,1,,N,N,N,0,,0,0,0,0,0,,1700,1,2,0,0,0,1,0,3,4,0,2,3,,N,,,,,,,,,,,
2020073544,1754.0,1,0,0,0,0,0,0,0,0,99,0,,67,9,2020,1,39.9916,-75.1223,1751.0,6,0,0,0,0,0,0,0,0,,0,0,0.0,17,1,1,0,N,0,39 59:29.750,,1,75 07:20.150,8,0,0,0,67301,0,0,0,N,0,0,0,2,67301,0,,1,1,,N,N,N,0,,0,0,0,0,0,,1751,1,2,0,0,0,1,0,3,4,0,2,3,3.0,N,,,,,,,,,,,
2020071965,624.0,1,0,0,0,0,0,0,0,0,1,0,,67,9,2020,4,40.0919,-75.0474,618.0,6,0,0,0,0,0,0,1,0,,0,0,0.0,6,1,1,3,,0,40 05:30.666,,0,75 02:50.731,3,0,0,0,67301,0,0,0,N,0,0,0,2,67301,0,,1,1,,N,N,N,0,,1,0,1,3,2,,613,1,2,0,0,0,0,0,3,4,0,2,3,3.0,N,,,,,,,,,,,
2020074663,1709.0,2,0,0,0,0,0,0,0,0,4,0,,67,9,2020,1,40.0212,-75.1577,1702.0,6,0,0,0,0,0,0,0,0,,0,0,0.0,14,1,2,3,,0,40 01:16.622,,0,75 09:27.806,3,0,0,0,67301,0,0,0,N,0,0,0,2,67301,0,,1,1,,N,N,N,0,,2,0,1,3,3,,1445,2,3,0,0,0,0,0,3,4,0,3,3,,N,,,,,,,,,,,
2020073070,2357.0,1,0,0,0,0,0,0,0,0,5,0,,67,9,2020,1,40.0459,-75.1127,2353.0,6,0,0,0,0,0,0,0,0,,0,0,0.0,23,3,0,0,N,0,40 02:45.163,,0,75 06:45.622,0,0,0,0,67301,0,0,0,N,0,0,0,1,67301,0,,6,1,,N,N,N,0,,0,0,3,0,0,,2350,0,4,0,0,0,0,0,3,4,0,4,3,,N,,,,,,,,,,,
2020112958,1111.0,2,0,0,0,0,0,0,0,0,5,0,,67,12,2020,1,40.0428,-75.0631,1105.0,6,0,0,0,0,1,0,0,0,,0,0,0.0,10,1,1,1,,0,40 02:34.252,,0,75 03:47.603,8,0,0,0,67301,0,0,0,N,0,0,0,4,67301,0,,1,1,,N,N,N,0,,0,0,0,3,2,,1050,1,2,0,0,0,1,0,3,4,0,2,3,,N,,,,,,,,,,,
2020075813,1550.0,2,0,0,0,0,0,0,0,0,5,0,,67,9,2020,3,39.9399,-75.2232,1546.0,6,0,0,1,0,0,0,0,0,,0,0,0.0,15,1,2,0,N,0,39 56:23.630,,0,75 13:23.570,3,0,0,0,67301,0,0,0,N,0,0,0,6,67301,0,,1,1,,N,N,N,0,,2,0,0,0,0,,1520,2,2,0,0,0,0,0,3,4,0,2,3,3.0,N,,,,,,,,,,,
2020075484,534.0,3,0,0,0,0,0,0,0,0,4,0,,67,9,2020,1,39.9709,-75.2307,533.0,6,0,0,1,0,0,0,0,0,,0,0,0.0,5,3,4,1,,0,39 58:15.236,,0,75 13:50.408,3,0,0,0,67301,1,0,0,N,1,0,0,5,67301,0,,1,1,,N,N,N,0,,4,0,1,3,2,,530,4,5,0,0,0,0,0,3,4,0,4,3,3.0,N,,,,,,,,,,,
2020076649,536.0,2,0,0,0,0,0,0,0,0,5,0,,67,9,2020,1,39.9901,-75.1168,526.0,6,0,0,0,0,0,0,0,0,,0,0,0.0,2,3,0,0,N,0,39 59:24.347,,0,75 07:00.573,0,0,0,0,67301,0,0,0,N,0,0,0,1,67301,0,,6,1,,N,N,N,0,,0,0,0,0,0,,245,0,2,0,0,0,0,0,3,4,0,2,3,3.0,N,,,,,,,,,,,
2020078313,1353.0,1,0,0,0,0,0,0,0,0,4,0,,67,9,2020,4,39.9623,-75.1613,1353.0,6,0,0,0,0,0,0,0,0,,0,0,0.0,13,1,1,1,,0,39 57:44.409,,0,75 09:40.847,8,0,0,1,67301,0,0,0,N,0,0,0,2,67301,0,,1,1,,N,N,N,0,,0,0,0,3,2,,1352,1,2,0,0,1,1,0,3,4,0,2,3,3.0,N,,,,,,,,,,,
2020076012,1547.0,1,0,0,1,0,0,0,0,0,4,0,,67,9,2020,4,39.9477,-75.1986,1540.0,6,0,0,0,0,0,0,0,0,,0,0,0.0,15,1,1,2,,1,39 56:51.748,4.0,0,75 11:55.037,4,0,0,0,67301,1,0,0,N,0,0,0,2,67504,1,,1,1,1600.0,N,N,N,0,,0,0,0,3,2,N,1540,1,2,0,0,0,0,0,3,4,0,1,3,3.0,N,,,,,,,,,,,
2020076222,549.0,2,0,0,0,0,0,0,0,0,4,0,,67,9,2020,4,40.0395,-75.0844,548.0,6,0,0,0,0,0,1,0,0,,0,0,0.0,5,1,0,1,,1,40 02:22.311,4.0,0,75 05:03.904,0,0,0,0,67301,0,0,0,N,0,0,0,3,67301,0,,1,1,630.0,N,N,N,0,,0,0,1,3,2,Y,545,0,3,0,0,0,0,0,3,4,0,3,3,3.0,N,,,,,,,,,,,
2020074803,1839.0,2,0,0,0,0,0,0,0,0,5,0,,67,9,2020,7,39.9875,-75.1559,1839.0,6,0,0,0,0,0,0,0,0,,0,0,0.0,18,1,1,0,N,0,39 59:14.861,,0,75 09:21.194,3,0,0,0,67301,0,0,0,N,0,0,0,1,67301,0,,6,1,,N,N,N,0,,1,0,0,0,0,,1839,1,2,0,0,0,0,0,3,4,0,2,3,3.0,N,,,,,,,,,,,
2020079642,407.0,0,0,0,0,0,0,0,0,0,5,0,,67,9,2020,1,40.0553,-75.019,403.0,6,0,0,0,0,0,0,0,0,,0,0,0.0,3,3,1,2,,2,40 03:19.189,3.0,0,75 01:08.533,4,0,0,0,67301,0,0,0,N,0,0,0,1,67301,1,,1,9,430.0,N,N,N,1,,0,0,1,0,0,Y,336,1,2,0,0,0,0,0,3,4,0,2,7,,N,,,,,,,,,,,
2020073898,1728.0,1,0,0,0,0,0,0,0,0,4,0,,67,9,2020,4,39.97,-75.2305,1720.0,6,0,0,0,0,0,1,0,0,,0,0,0.0,17,1,0,1,,0,39 58:11.823,,0,75 13:49.771,0,0,0,0,67301,0,0,0,N,0,0,0,2,67301,0,,1,1,,N,N,N,0,,0,0,1,3,3,,1720,0,2,0,0,0,0,0,3,4,0,2,3,3.0,N,,,,,,,,,,,
2020073987,130.0,2,0,0,0,0,0,0,0,0,4,0,,67,9,2020,4,40.0366,-75.0737,130.0,6,0,0,0,0,0,0,0,0,,0,0,0.0,1,2,0,0,N,0,40 02:11.900,,0,75 04:25.300,9,0,0,0,67301,0,0,0,N,0,0,0,1,67301,0,,4,1,,N,N,N,0,,0,0,0,0,0,,124,0,3,0,0,0,0,1,3,4,0,3,3,,N,,,,,,,,,,,
2020081732,1402.0,1,0,0,0,0,0,0,0,0,1,0,,67,9,2020,3,39.9687,-75.1601,1355.0,6,0,0,0,0,0,1,0,0,,0,0,0.0,13,1,1,0,N,0,39 58:07.131,,0,75 09:36.421,3,0,0,0,67301,0,0,0,N,0,0,0,3,67301,0,,1,1,,N,N,N,0,,1,0,1,3,2,,1343,1,2,0,0,0,0,0,3,4,0,2,4,4.0,N,,,,,,,,,,,
2020073162,615.0,2,0,1,0,0,0,0,0,0,4,0,,67,9,2020,2,40.0071,-75.0941,612.0,6,0,0,0,1,0,1,0,0,,0,0,0.0,6,5,2,1,,0,40 00:25.667,,1,75 05:38.650,2,0,0,0,67301,0,0,0,N,0,0,0,4,67301,0,,1,1,,N,N,N,0,,1,1,0,3,2,,602,2,2,0,0,0,0,0,3,4,0,2,3,3.0,N,,,,,,,,,,,