CRN,ARRIVAL_TM,AUTOMOBILE_COUNT,BELTED_DEATH_COUNT,BELTED_SUSP_SERIOUS_INJ_COUNT,BICYCLE_COUNT,BICYCLE_DEATH_COUNT,BICYCLE_SUSP_SERIOUS_INJ_COUNT,BUS_COUNT,CHLDPAS_DEATH_COUNT,CHLDPAS_SUSP_SERIOUS_INJ_COUNT,COLLISION_TYPE,COMM_VEH_COUNT,CONS_ZONE_SPD_LIM,COUNTY,CRASH_MONTH,CRASH_YEAR,DAY_OF_WEEK,DEC_LAT,DEC_LONG,DISPATCH_TM,DISTRICT,DRIVER_COUNT_16YR,DRIVER_COUNT_17YR,DRIVER_COUNT_18YR,DRIVER_COUNT_19YR,DRIVER_COUNT_20YR,DRIVER_COUNT_50_64YR,DRIVER_COUNT_65_74YR,DRIVER_COUNT_75PLUS,EST_HRS_CLOSED,FATAL_COUNT,HEAVY_TRUCK_COUNT,HORSE_BUGGY_COUNT,HOUR_OF_DAY,ILLUMINATION,INJURY_COUNT,INTERSECT_TYPE,INTERSECTION_RELATED,LANE_CLOSED,LATITUDE,LN_CLOSE_DIR,LOCATION_TYPE,LONGITUDE,MAX_SEVERITY_LEVEL,MCYCLE_DEATH_COUNT,MCYCLE_SUSP_SERIOUS_INJ_COUNT,MOTORCYCLE_COUNT,MUNICIPALITY,NONMOTR_COUNT,NONMOTR_DEATH_COUNT,NONMOTR_SUSP_SERIOUS_INJ_COUNT,NTFY_HIWY_MAINT,PED_COUNT,PED_DEATH_COUNT,PED_SUSP_SERIOUS_INJ_COUNT,PERSON_COUNT,POLICE_AGCY,POSSIBLE_INJ_COUNT,RDWY_SURF_TYPE_CD,RELATION_TO_ROAD,ROAD_CONDITION,ROADWAY_CLEARED,SCH_BUS_IND,SCH_ZONE_IND,SECONDARY_CRASH,SMALL_TRUCK_COUNT,SPEC_JURIS_CD,SUSP_MINOR_INJ_COUNT,SUSP_SERIOUS_INJ_COUNT,SUV_COUNT,TCD_FUNC_CD,TCD_TYPE,TFC_DETOUR_IND,TIME_OF_DAY,TOT_INJ_COUNT,TOTAL_UNITS,UNB_DEATH_COUNT,UNB_SUSP_SERIOUS_INJ_COUNT,UNBELTED_OCC_COUNT,UNK_INJ_DEG_COUNT,UNK_INJ_PER_COUNT,URBAN_AREA,URBAN_RURAL,VAN_COUNT,VEHICLE_COUNT,WEATHER1,WEATHER2,WORK_ZONE_IND,WORK_ZONE_LOC,WORK_ZONE_TYPE,WORKERS_PRES,WZ_CLOSE_DETOUR,WZ_FLAGGER,WZ_LAW_OFFCR_IND,WZ_LN_CLOSURE,WZ_MOVING,WZ_OTHER,WZ_SHLDER_MDN,WZ_WORKERS_INJ_KILLED
2020074852,144.0,1,0,0,0,0,0,0,0,0,5,0,,67,9,2020,6,39.9347,-75.1861,144.0,6,0,0,0,0,0,0,0,0,,0,0,0.0,11,1,0,0,N,0,39 56:04.810,,1,75 11:09.800,0,0,0,0,67301,1,0,0,N,0,0,0,2,67301,0,,6,99,,N,N,N,0,,0,0,1,0,0,,1100,0,2,0,0,0,0,0,3,4,0,2,99,98.0,N,,,,,,,,,,,
2020070669,1143.0,1,0,0,0,0,0,0,0,0,4,0,,67,8,2020,7,40.0316,-75.1053,1135.0,6,0,0,0,1,0,0,0,0,,0,0,0.0,11,1,2,0,N,0,40 01:53.497,,7,75 06:18.972,3,0,0,0,67301,0,0,0,N,0,0,0,3,67301,0,,1,9,,N,N,N,0,,2,0,1,0,0,,1130,2,3,0,0,3,0,0,3,4,1,3,7,4.0,N,,,,,,,,,,,
2020074735,1501.0,0,0,0,0,0,0,0,0,0,1,0,,67,8,2020,6,39.9979,-75.2053,1500.0,6,0,0,0,0,0,0,0,0,,0,0,0.0,18,1,1,0,N,0,39 59:52.280,,0,75 12:18.960,3,0,0,0,67301,0,0,0,N,0,0,0,5,67301,0,,1,9,,N,N,N,0,,1,0,2,0,0,,1800,1,2,0,0,0,0,0,3,4,0,2,4,4.0,N,,,,,,,,,,,
2020070936,1625.0,0,0,0,0,0,0,0,0,0,4,0,,67,8,2020,6,39.9931,-75.0816,1619.0,6,0,0,0,0,0,0,1,0,,0,0,0.0,11,1,1,2,,0,39 59:35.185,,0,75 04:54.156,3,0,0,0,67301,0,0,0,N,0,0,0,2,67301,0,,1,1,,N,N,N,0,,1,0,1,3,3,,1157,1,2,0,0,0,0,0,3,4,0,2,4,4.0,N,,,,,,,,,,,
2020070194,1130.0,2,0,0,0,0,0,0,0,0,1,0,,67,8,2020,5,40.0041,-75.0769,1116.0,6,0,0,0,0,0,0,0,0,,0,0,0.0,8,1,1,0,N,0,40 00:14.629,,0,75 04:36.922,3,0,0,0,67301,0,0,0,N,0,0,0,2,68K01,0,,1,1,,N,N,N,0,,1,0,0,0,0,,816,1,2,0,0,0,0,1,3,4,0,2,3,,N,,,,,,,,,,,
2020069518,1641.0,2,0,0,0,0,0,0,0,0,4,0,,67,8,2020,4,40.0538,-75.1609,1640.0,6,0,0,0,0,0,0,1,0,,0,0,0.0,16,1,1,2,,0,40 03:13.687,,0,75 09:39.250,3,0,0,0,67301,0,0,0,N,0,0,0,3,67301,0,,1,1,,N,N,N,0,,1,0,1,3,3,,1639,1,3,0,0,0,0,0,3,4,0,3,3,3.0,N,,,,,,,,,,,
2020071565,2110.0,0,0,0,0,0,0,0,0,0,4,0,,67,8,2020,5,40.0299,-75.1533,2102.0,6,0,0,0,0,0,0,0,0,,0,0,0.0,20,3,2,5,,0,40 01:47.773,,0,75 09:11.764,3,0,0,0,67301,0,0,0,N,0,0,0,3,67301,0,,1,1,,N,N,N,0,,2,0,3,3,2,,2050,2,3,0,0,0,0,0,3,4,0,3,3,3.0,N,,,,,,,,,,,
2020074443,1607.0,0,0,0,0,0,0,0,0,0,6,0,,67,9,2020,5,40.1263,-75.0125,1600.0,6,0,0,0,0,0,0,0,0,,0,0,0.0,15,1,2,0,N,1,40 07:34.800,6.0,0,75 00:45.000,3,0,0,0,67301,0,0,0,N,0,0,0,2,67301,0,,1,1,1700.0,N,N,N,0,,2,0,2,0,0,Y,1559,2,2,0,0,2,0,0,3,4,0,2,3,3.0,N,,,,,,,,,,,
2020078415,1309.0,1,0,0,0,0,0,0,0,0,7,0,,67,9,2020,7,39.9039,-75.1504,1301.0,6,0,0,0,0,0,0,0,0,,0,0,0.0,12,1,0,0,N,2,39 54:14.216,2.0,0,75 09:01.411,0,0,0,0,67301,0,0,0,N,0,0,0,2,68K01,0,,4,1,100.0,N,N,N,0,,0,0,0,0,0,Y,1259,0,1,0,0,0,0,0,3,4,0,1,3,3.0,N,,,,,,,,,,,
2020073926,1210.0,0,0,0,0,0,0,0,0,0,7,0,,67,9,2020,3,39.9752,-75.1886,1201.0,6,0,0,0,0,0,0,0,0,,0,0,0.0,21,3,1,0,N,0,39 58:30.784,,0,75 11:18.903,8,0,0,1,67301,0,0,0,N,0,0,0,1,67301,0,,5,1,,N,N,N,0,,0,0,0,0,0,,2130,1,1,0,0,0,1,0,3,4,0,1,3,3.0,N,,,,,,,,,,,
2020076961,2247.0,1,0,0,0,0,0,0,0,0,4,0,,67,9,2020,3,39.904,-75.2401,2247.0,6,0,0,0,0,0,1,0,0,,0,0,0.0,22,3,2,1,,0,39 54:14.563,,0,75 14:24.409,4,0,0,0,67301,0,0,0,N,0,0,0,3,67301,2,,1,1,,N,N,N,0,,0,0,1,3,2,,2220,2,2,0,0,0,0,0,3,4,0,2,3,3.0,N,,,,,,,,,,,
2020063429,1855.0,2,0,0,0,0,0,0,0,0,0,0,,67,8,2020,5,39.9911,-75.1807,1855.0,6,0,0,0,0,0,0,0,0,,0,0,0.0,18,4,0,0,N,2,39 59:27.838,3.0,0,75 10:50.430,0,0,0,0,67301,0,0,0,N,0,0,0,1,67301,0,,1,1,1940.0,N,N,N,0,,0,0,0,0,0,Y,1845,0,2,0,0,0,0,0,3,4,0,2,3,3.0,N,,,,,,,,,,,
2020070362,1847.0,2,0,0,0,0,0,0,0,0,5,0,,67,8,2020,6,40.0654,-75.0005,1844.0,6,0,0,0,0,0,0,0,1,,0,0,0.0,18,1,1,0,N,2,40 03:55.613,4.0,0,75 00:01.717,3,0,0,0,67301,0,0,0,N,0,0,0,1,67301,0,,6,9,2030.0,N,N,N,0,,1,0,0,0,0,Y,1844,1,2,0,0,0,0,0,3,4,0,2,4,7.0,N,,,,,,,,,,,
2020070132,1030.0,1,0,0,0,0,0,0,0,0,4,0,,67,8,2020,6,40.06,-75.0853,1030.0,6,0,0,0,0,0,1,0,0,,0,0,0.0,10,1,1,2,,0,40 03:36.130,,0,75 05:07.057,8,0,0,0,67301,0,0,0,N,0,0,0,3,67301,0,,1,1,,N,N,N,0,,0,0,0,3,3,,1030,1,2,0,0,0,1,0,3,4,1,2,3,,N,,,,,,,,,,,
2020070466,253.0,1,0,0,1,0,0,0,0,0,4,0,,67,8,2020,7,39.9631,-75.1747,243.0,6,0,0,0,0,0,0,0,0,,0,0,0.0,22,3,1,1,,0,39 57:47.188,,0,75 10:28.837,3,0,0,0,67301,1,0,0,N,0,0,0,2,67301,0,,1,1,,N,N,N,0,,1,0,0,3,2,,2245,1,2,0,0,0,0,0,3,4,0,1,3,,N,,,,,,,,,,,
2020070364,245.0,2,0,0,0,0,0,0,0,0,5,0,,67,8,2020,7,39.9356,-75.1722,238.0,6,0,0,0,0,0,0,0,0,,0,0,0.0,2,3,1,2,,0,39 56:08.253,,0,75 10:19.923,2,0,0,0,67301,0,0,0,N,0,0,0,1,67301,0,,1,1,,N,N,N,0,,0,1,1,0,0,,238,1,3,0,0,0,0,0,3,4,0,3,3,3.0,N,,,,,,,,,,,
2020070078,2115.0,1,0,0,0,0,0,0,0,0,8,0,,67,8,2020,4,40.027,-75.1306,2109.0,6,0,0,0,0,0,0,0,0,,0,0,0.0,14,8,1,1,,0,40 01:37.297,,0,75 07:50.286,8,0,0,0,67301,1,0,0,N,1,0,0,2,67301,0,,1,99,,N,N,N,0,,0,0,0,3,3,,1400,1,2,0,0,0,1,0,3,4,0,1,99,,N,,,,,,,,,,,
2020070423,1445.0,0,0,0,0,0,0,0,0,0,0,0,,67,8,2020,7,39.9275,-75.1956,1435.0,6,0,0,0,0,0,0,0,0,,0,0,0.0,14,1,1,0,N,1,39 55:38.965,3.0,0,75 11:44.271,8,0,0,1,67301,0,0,0,N,0,0,0,1,68K01,0,,1,9,30.0,N,N,N,0,,0,0,0,0,0,N,1427,1,1,0,0,0,1,0,3,4,0,1,7,,N,,,,,,,,,,,
2020071751,2110.0,1,0,0,1,0,0,0,0,0,5,0,,67,8,2020,6,40.0242,-75.1961,2059.0,6,0,0,0,0,0,0,0,0,,0,0,0.0,15,1,1,0,N,0,40 01:27.208,,3,75 11:46.061,3,0,0,0,67301,1,0,0,N,0,0,0,2,67301,0,,1,1,,N,N,N,0,,1,0,0,0,0,,1545,1,2,0,0,0,0,0,3,4,0,1,4,,N,,,,,,,,,,,
2020069514,1333.0,0,0,0,0,0,0,0,0,0,4,0,,67,8,2020,4,39.9282,-75.1602,1311.0,6,0,0,0,0,0,1,0,0,,0,0,0.0,13,1,1,1,,0,39 55:41.365,,0,75 09:36.837,3,0,0,0,67301,0,0,0,N,0,0,0,4,67301,0,,1,1,,N,N,N,0,,1,0,2,3,3,,1311,1,2,0,0,0,0,0,3,4,0,2,3,3.0,N,,,,,,,,,,,
2020069821,834.0,1,0,0,0,0,0,0,0,0,1,0,,67,8,2020,5,39.9949,-75.1255,745.0,6,0,0,0,0,0,0,0,0,,0,0,0.0,6,1,0,0,N,0,39 59:41.570,,0,75 07:31.920,0,0,0,0,67301,0,0,0,N,0,0,0,1,67301,0,,6,1,,N,N,N,0,,0,0,1,0,0,,610,0,2,0,0,0,0,0,3,4,0,2,3,3.0,N,,,,,,,,,,,
2020073900,2010.0,1,0,0,0,0,0,0,0,0,4,0,,67,9,2020,4,40.0444,-75.1435,2006.0,6,0,0,0,0,0,0,0,0,,0,0,0.0,19,3,2,1,,2,40 02:39.937,2.0,0,75 08:36.816,3,0,0,0,67301,0,0,0,N,0,0,0,3,67301,0,,1,1,2102.0,N,N,N,0,,2,0,0,3,2,Y,1939,2,2,0,0,0,0,0,3,4,1,2,3,3.0,N,,,,,,,,,,,
2020113448,1525.0,2,0,0,0,0,0,0,0,0,5,0,,67,12,2020,3,40.1119,-75.0277,1515.0,6,0,0,0,0,0,0,0,1,,0,0,0.0,13,1,1,0,N,0,40 06:42.920,,0,75 01:39.830,8,0,0,0,67301,0,0,0,N,0,0,0,1,67301,0,,1,1,,N,N,N,0,,0,0,1,0,0,,1349,1,3,0,0,0,1,0,3,4,0,3,3,3.0,N,,,,,,,,,,,
2020075059,250.0,0,0,0,0,0,0,0,0,0,4,0,,67,9,2020,3,39.9562,-75.1491,245.0,6,0,0,0,0,0,2,0,0,,0,0,0.0,2,3,1,3,,0,39 57:22.423,,2,75 08:56.893,4,0,0,0,67301,0,0,0,N,0,0,0,2,67301,1,,1,1,,N,N,N,0,,0,0,1,3,2,,241,1,2,0,0,0,0,0,3,4,1,2,3,3.0,N,,,,,,,,,,,
2020083343,727.0,1,0,0,0,0,0,0,0,0,4,0,90.0,67,9,2020,4,39.9596,-75.197,725.0,6,0,0,0,0,0,0,0,0,,0,0,0.0,6,1,1,1,,1,39 57:34.415,4.0,0,75 11:49.307,3,0,0,0,67301,0,0,0,N,0,0,0,2,67301,0,,1,1,100.0,N,N,Y,1,,1,0,0,3,2,N,604,1,2,0,0,0,0,0,3,4,0,2,3,3.0,Y,8.0,1.0,N,N,N,N,N,N,Y,N,N
2020073388,1824.0,2,0,0,0,0,0,0,0,0,4,0,,67,9,2020,2,40.002,-75.1689,1819.0,6,0,0,0,0,0,0,0,0,,0,0,0.0,18,1,1,2,,0,40 00:07.203,,0,75 10:08.022,3,0,0,0,67301,0,0,0,N,0,0,0,2,67301,0,,1,1,,N,N,N,0,,1,0,2,3,3,,1812,1,4,0,0,0,0,0,3,4,0,4,3,3.0,N,,,,,,,,,,,
2020073255,939.0,0,0,0,0,0,0,0,0,0,4,0,,67,9,2020,2,40.0666,-75.1964,931.0,6,0,0,0,0,0,0,0,0,,0,0,0.0,9,1,1,1,,0,40 03:59.804,,0,75 11:46.952,8,0,0,1,67301,0,0,0,N,0,0,0,2,67301,0,,1,1,,N,N,N,0,,0,0,1,3,4,,916,1,2,0,0,0,1,0,3,4,0,2,3,3.0,N,,,,,,,,,,,
2020078077,2015.0,2,0,0,0,0,0,0,0,0,1,0,,67,9,2020,5,40.0245,-75.2081,2011.0,6,0,0,0,0,0,0,0,0,,0,0,0.0,20,3,1,0,N,0,40 01:28.140,,0,75 12:29.173,4,0,0,0,67301,0,0,0,N,0,0,0,1,67301,1,,6,1,,N,N,N,0,,0,0,0,0,0,,2005,1,2,0,0,0,0,0,3,4,0,2,3,3.0,N,,,,,,,,,,,
2020063664,1819.0,1,0,0,1,0,0,0,0,0,4,0,,67,8,2020,7,39.9434,-75.2323,1817.0,6,0,0,0,0,0,0,0,0,,0,0,0.0,18,1,1,1,,2,39 56:36.138,2.0,0,75 13:56.392,3,0,0,0,67301,1,0,0,N,0,0,0,2,67301,0,,1,1,1840.0,N,N,N,0,,1,0,0,3,2,Y,1816,1,2,0,0,0,0,0,3,4,0,1,3,3.0,N,,,,,,,,,,,
2020110376,118.0,0,0,0,0,0,0,0,0,0,1,1,,67,12,2020,1,39.9668,-75.2238,118.0,6,0,0,0,0,0,0,0,0,,0,1,0.0,1,3,1,0,N,0,39 58:00.370,,0,75 13:25.560,8,0,0,0,67301,0,0,0,N,0,0,0,2,67301,0,,1,2,,N,N,N,0,,0,0,1,0,0,,102,1,2,0,0,0,1,0,3,4,0,2,10,98.0,N,,,,,,,,,,,
2020082368,1058.0,3,0,0,0,0,0,0,0,0,1,0,,67,8,2020,5,39.9581,-75.1634,1025.0,6,0,0,0,0,0,0,0,0,,0,0,0.0,10,1,1,0,N,1,39 57:29.052,4.0,0,75 09:48.217,8,0,0,0,67301,0,0,0,N,0,0,0,5,68K01,0,,1,1,1100.0,N,N,N,0,,0,0,0,3,8,N,1023,1,3,0,0,1,1,0,3,4,0,3,3,3.0,N,,,,,,,,,,,
2020070136,1730.0,1,0,0,0,0,0,0,0,0,4,0,,67,8,2020,6,40.1107,-75.0208,1721.0,6,0,0,0,0,0,1,1,0,,0,0,0.0,17,1,1,1,,0,40 06:38.538,,0,75 01:15.009,3,0,0,0,67301,0,0,0,N,0,0,0,3,67301,0,,1,9,,N,N,N,0,,1,0,1,3,3,,1710,1,2,0,0,0,0,0,3,4,0,2,7,,N,,,,,,,,,,,
2020069869,43.0,1,0,0,0,0,0,0,0,0,7,0,,67,8,2020,5,39.9976,-75.0816,42.0,6,0,0,0,0,0,0,0,0,,0,0,0.0,0,3,1,7,,2,39 59:48.660,1.0,2,75 04:55.780,8,0,0,0,67301,0,0,0,N,0,0,0,1,68K01,0,,2,1,20.0,N,N,N,0,,0,0,0,0,0,Y,42,1,2,0,0,0,1,0,3,4,0,1,3,3.0,N,,,,,,,,,,,
2020112399,45.0,1,0,0,0,0,0,0,0,0,8,0,,67,12,2020,7,40.0459,-75.1304,38.0,6,0,0,0,0,0,0,0,0,,0,0,0.0,22,3,1,1,,0,40 02:45.217,,0,75 07:49.707,3,0,0,0,67301,1,0,0,N,1,0,0,2,67301,0,,1,1,,N,N,N,0,,1,0,0,0,0,,2215,1,2,0,0,0,0,0,3,4,0,1,3,,N,,,,,,,,,,,
2020070137,205.0,0,0,0,0,0,0,0,0,0,1,0,,67,8,2020,7,40.0933,-75.0314,200.0,6,0,0,0,0,0,0,0,0,,0,0,0.0,1,3,2,0,N,0,40 05:35.767,,0,75 01:52.891,8,0,0,0,67301,0,0,0,N,0,0,0,2,67301,0,,1,1,,N,N,N,0,,0,0,2,0,0,,158,2,2,0,0,0,2,0,3,4,0,2,3,,N,,,,,,,,,,,
2020070243,1807.0,1,0,0,0,0,0,0,0,0,1,0,,67,8,2020,6,39.9691,-75.2639,1759.0,6,0,0,0,0,0,1,0,0,,0,0,0.0,17,1,0,0,N,0,39 58:08.630,,0,75 15:50.130,0,0,0,0,67301,0,0,0,N,0,0,0,3,67301,0,,1,9,,N,N,N,1,,0,0,1,0,0,,1728,0,3,0,0,0,0,0,3,4,0,3,7,7.0,N,,,,,,,,,,,
2020074441,1210.0,0,0,0,0,0,0,0,0,0,1,0,,67,9,2020,6,39.924,-75.1433,1210.0,6,0,0,0,0,0,1,0,0,,0,0,0.0,10,1,1,2,,0,39 55:26.513,,0,75 08:35.896,3,0,0,0,67301,0,0,0,N,0,0,0,2,67301,0,,1,1,,N,N,N,0,,1,0,1,3,2,,1045,1,2,0,0,2,0,1,3,4,1,2,3,3.0,N,,,,,,,,,,,
2020075485,1550.0,0,0,0,0,0,0,0,0,0,8,0,,67,9,2020,2,39.9644,-75.1343,1545.0,6,0,0,0,0,0,1,0,0,,0,0,0.0,15,1,1,1,,0,39 57:52.349,,0,75 08:02.900,2,0,0,0,67301,1,0,1,N,1,0,1,4,67301,0,,1,1,,N,N,N,0,,0,1,1,3,2,,1543,1,2,0,0,0,0,0,3,4,0,1,3,3.0,N,,,,,,,,,,,
2020073156,2355.0,2,0,0,0,0,0,0,0,0,5,0,,67,9,2020,2,40.0419,-75.0681,2352.0,6,0,0,0,0,0,0,0,0,,0,0,0.0,22,3,0,0,N,1,40 02:30.900,4.0,0,75 04:05.200,0,0,0,0,67301,0,0,0,N,0,0,0,1,67301,0,,6,1,100.0,N,N,N,0,,0,0,1,0,0,Y,2255,0,3,0,0,0,0,0,3,4,0,3,3,3.0,N,,,,,,,,,,,
2020079123,1549.0,1,0,0,0,0,0,0,0,0,7,0,,67,9,2020,2,40.034,-75.0196,1541.0,6,0,0,0,0,0,0,0,0,,0,0,0.0,15,1,0,0,N,1,40 02:02.354,1.0,0,75 01:10.434,9,0,0,0,67301,0,0,0,N,0,0,0,1,68K01,0,,4,1,20.0,N,N,N,0,,0,0,0,0,0,N,1537,0,1,0,0,0,0,1,3,4,0,1,3,3.0,N,,,,,,,,,,,
2020075844,2313.0,1,0,0,0,0,0,0,0,0,8,0,,67,9,2020,1,40.0238,-75.1168,2306.0,6,0,0,0,0,0,0,0,0,,0,0,0.0,23,3,2,2,,0,40 01:25.557,,0,75 07:00.548,8,0,0,0,67301,2,0,0,N,2,0,0,3,67301,0,,1,1,,N,N,N,0,,0,0,1,0,0,,2303,2,4,0,0,0,2,1,3,4,0,2,3,3.0,N,,,,,,,,,,,
2020096694,2310.0,2,0,0,0,0,0,0,0,0,1,0,,67,9,2020,4,40.0122,-75.0599,2310.0,6,0,0,0,0,0,1,0,0,,0,0,0.0,22,3,2,0,N,1,40 00:43.925,2.0,0,75 03:35.567,3,0,0,0,67301,0,0,0,N,0,0,0,3,68K01,0,,1,1,45.0,N,N,N,0,,2,0,0,0,0,N,2246,2,2,0,0,0,0,1,3,4,0,2,3,,N,,,,,,,,,,,
2020075814,1731.0,2,0,0,0,0,0,0,0,0,5,0,,67,9,2020,3,40.0511,-75.1769,1730.0,6,0,0,0,0,0,0,0,0,,0,0,0.0,17,1,0,0,N,0,40 03:04.110,,0,75 10:36.850,0,0,0,0,67301,0,0,0,N,0,0,0,1,67301,0,,6,1,,N,N,Y,0,,0,0,1,0,0,,1720,0,3,0,0,0,0,0,3,4,0,3,3,3.0,N,,,,,,,,,,,
2020063426,1707.0,1,0,0,0,0,0,0,0,0,4,0,,67,8,2020,5,39.9845,-75.1567,1706.0,6,0,0,0,0,0,0,1,0,,0,0,0.0,16,1,1,0,N,0,39 59:04.070,,7,75 09:23.985,8,0,0,0,67301,0,0,0,N,0,0,0,3,67301,0,,1,1,,N,N,N,0,,0,0,1,0,0,,1655,1,2,0,0,0,1,0,3,4,0,2,3,3.0,N,,,,,,,,,,,
2020063427,1826.0,1,0,0,0,0,0,0,0,0,5,0,,67,8,2020,5,39.9914,-75.175,1800.0,6,0,0,0,0,0,0,0,0,,0,0,0.0,18,1,0,0,N,0,39 59:28.950,,0,75 10:30.170,0,0,0,0,67301,0,0,0,N,0,0,0,1,67301,0,,6,1,,N,N,N,0,,0,0,1,0,0,,1800,0,2,0,0,0,0,0,3,4,0,2,3,3.0,N,,,,,,,,,,,
2020070077,1920.0,2,0,0,0,0,0,0,0,0,5,0,,67,8,2020,6,40.027,-75.1474,1809.0,6,0,0,0,0,0,0,0,0,,0,0,0.0,18,4,0,0,N,0,40 01:37.233,,0,75 08:50.528,9,0,0,0,67301,1,0,0,N,0,0,0,2,67301,0,,6,9,,N,N,N,1,,0,0,1,0,0,,1800,0,4,0,0,0,0,1,3,4,0,4,7,4.0,N,,,,,,,,,,,
2020070935,1730.0,0,0,0,0,0,0,0,0,0,1,0,,67,8,2020,6,39.9931,-75.1104,1726.0,6,0,0,0,0,0,0,0,0,,0,0,0.0,17,1,2,0,N,0,39 59:35.215,,0,75 06:37.434,8,0,0,0,67301,0,0,0,N,0,0,0,4,67301,0,,1,9,,N,N,N,0,,0,0,2,0,0,,1724,2,2,0,0,0,2,0,3,4,0,2,7,7.0,N,,,,,,,,,,,
2020069520,325.0,4,0,0,0,0,0,0,0,0,5,0,,67,8,2020,5,39.9774,-75.1315,319.0,6,0,0,0,0,0,0,0,0,,0,0,0.0,3,3,0,0,N,0,39 58:38.651,,0,75 07:53.237,9,0,0,0,67301,0,0,0,N,0,0,0,1,67301,0,,6,1,,N,N,N,0,,0,0,0,0,0,,305,0,4,0,0,0,0,1,3,4,0,4,3,3.0,N,,,,,,,,,,,
2020071206,1222.0,0,0,0,0,0,0,0,0,0,4,0,,67,8,2020,7,40.0003,-75.0837,1205.0,6,0,0,0,0,0,1,0,0,,0,0,0.0,12,1,1,2,,0,40 00:01.453,,2,75 05:01.291,3,0,0,1,67301,0,0,0,N,0,0,0,2,67301,0,,1,9,,N,N,N,1,,1,0,0,3,2,,1204,1,2,0,0,0,0,0,3,4,0,2,7,4.0,N,,,,,,,,,,,
2020069823,2100.0,1,0,0,0,0,0,0,0,0,4,0,,67,8,2020,5,40.0184,-75.1491,2100.0,6,0,0,0,0,0,1,0,0,,0,0,0.0,21,3,0,1,,0,40 01:06.376,,0,75 08:56.880,0,0,0,0,67301,0,0,0,N,0,0,0,3,67301,0,,1,1,,N,N,N,0,,0,0,1,3,2,,2100,0,3,0,0,2,0,0,3,4,1,3,3,3.0,N,,,,,,,,,,,
2020070048,1439.0,1,0,0,0,0,0,0,0,0,4,0,,67,8,2020,5,39.9388,-75.2268,1436.0,6,0,0,0,0,0,0,0,0,,0,0,0.0,14,1,4,1,,0,39 56:19.615,,0,75 13:36.634,3,0,0,0,67301,0,0,0,N,0,0,0,4,67301,0,,1,1,,N,N,N,0,,4,0,1,3,2,,1434,4,2,0,0,0,0,0,3,4,0,2,3,3.0,N,,,,,,,,,,,
2020070327,120.0,1,0,0,0,0,0,0,0,0,5,0,,67,8,2020,5,40.0288,-75.1056,115.0,6,0,0,0,0,0,0,0,0,,0,0,0.0,0,3,0,0,N,0,40 01:43.658,,0,75 06:20.069,0,0,0,0,67301,0,0,0,N,0,0,0,1,67301,0,,6,1,,N,N,N,0,,0,0,2,0,0,,59,0,3,0,0,0,0,0,3,4,0,3,3,3.0,N,,,,,,,,,,,
2020076653,2012.0,2,0,0,0,0,0,0,0,0,4,0,,67,8,2020,6,40.0024,-75.1222,2012.0,6,0,0,0,0,0,0,0,0,,0,0,0.0,20,1,1,2,,0,40 00:08.600,,0,75 07:19.995,3,0,0,0,67301,0,0,0,N,0,0,0,2,67301,0,,1,1,,N,N,N,0,,1,0,0,3,3,,2010,1,2,0,0,2,0,1,3,4,0,2,3,3.0,N,,,,,,,,,,,
2020071974,2006.0,0,0,0,0,0,0,0,0,0,8,0,,67,8,2020,5,40.0036,-75.1323,1956.0,6,0,0,0,0,0,1,0,0,,0,0,0.0,19,3,1,1,,0,40 00:13.024,,0,75 07:56.150,3,0,0,0,67301,1,0,0,N,1,0,0,2,67301,0,,1,1,,N,N,N,1,,1,0,0,3,2,,1950,1,2,0,0,0,0,0,3,4,0,1,3,,N,,,,,,,,,,,
2020070152,1035.0,2,0,0,0,0,0,0,0,0,4,0,,67,8,2020,5,40.0198,-75.1506,1018.0,6,0,0,0,0,0,0,0,0,,0,0,0.0,10,1,0,1,,0,40 01:11.208,,3,75 09:02.246,0,0,0,0,67301,0,0,0,N,0,0,0,2,67301,0,,1,1,,N,N,N,0,,0,0,0,3,2,,1000,0,2,0,0,0,0,0,3,4,0,2,3,,N,,,,,,,,,,,
2020074548,1752.0,0,0,0,0,0,0,0,0,0,1,0,45.0,67,9,2020,3,40.0093,-75.066,1749.0,6,0,0,0,0,0,0,0,0,,0,0,0.0,17,1,0,0,N,0,40 00:33.639,,0,75 03:57.498,0,0,0,0,67301,0,0,0,N,0,0,0,2,68K01,0,,1,1,,N,N,N,0,,0,0,1,0,0,,1746,0,2,0,0,0,0,0,3,4,1,2,3,3.0,Y,4.0,1.0,N,,,N,,,,Y,N
2020087518,1420.0,1,0,0,0,0,0,0,0,0,1,0,,67,9,2020,3,39.9759,-75.2267,1359.0,6,0,0,0,0,1,0,0,0,,0,0,0.0,13,1,1,0,Y,0,39 58:33.081,,0,75 13:35.979,4,0,0,0,67301,0,0,0,N,0,0,0,2,67301,1,,1,1,,N,N,N,0,,0,0,1,3,2,,1300,1,2,0,0,1,0,1,3,4,0,2,3,3.0,N,,,,,,,,,,,
2020089076,1459.0,3,0,0,0,0,0,0,0,0,1,0,,67,9,2020,4,40.0159,-75.0528,1418.0,6,0,0,0,0,0,2,1,0,,0,0,0.0,14,1,1,0,N,0,40 00:57.081,,0,75 03:10.142,3,0,0,0,67301,0,0,0,N,0,0,0,5,68K01,0,,1,1,,N,N,N,1,,1,0,0,3,8,,1410,1,4,0,0,0,0,0,3,4,0,4,3,3.0,N,,,,,,,,,,,