CRN,ARRIVAL_TM,AUTOMOBILE_COUNT,BELTED_DEATH_COUNT,BELTED_SUSP_SERIOUS_INJ_COUNT,BICYCLE_COUNT,BICYCLE_DEATH_COUNT,BICYCLE_SUSP_SERIOUS_INJ_COUNT,BUS_COUNT,CHLDPAS_DEATH_COUNT,CHLDPAS_SUSP_SERIOUS_INJ_COUNT,COLLISION_TYPE,COMM_VEH_COUNT,CONS_ZONE_SPD_LIM,COUNTY,CRASH_MONTH,CRASH_YEAR,DAY_OF_WEEK,DEC_LAT,DEC_LONG,DISPATCH_TM,DISTRICT,DRIVER_COUNT_16YR,DRIVER_COUNT_17YR,DRIVER_COUNT_18YR,DRIVER_COUNT_19YR,DRIVER_COUNT_20YR,DRIVER_COUNT_50_64YR,DRIVER_COUNT_65_74YR,DRIVER_COUNT_75PLUS,EST_HRS_CLOSED,FATAL_COUNT,HEAVY_TRUCK_COUNT,HORSE_BUGGY_COUNT,HOUR_OF_DAY,ILLUMINATION,INJURY_COUNT,INTERSECT_TYPE,INTERSECTION_RELATED,LANE_CLOSED,LATITUDE,LN_CLOSE_DIR,LOCATION_TYPE,LONGITUDE,MAX_SEVERITY_LEVEL,MCYCLE_DEATH_COUNT,MCYCLE_SUSP_SERIOUS_INJ_COUNT,MOTORCYCLE_COUNT,MUNICIPALITY,NONMOTR_COUNT,NONMOTR_DEATH_COUNT,NONMOTR_SUSP_SERIOUS_INJ_COUNT,NTFY_HIWY_MAINT,PED_COUNT,PED_DEATH_COUNT,PED_SUSP_SERIOUS_INJ_COUNT,PERSON_COUNT,POLICE_AGCY,POSSIBLE_INJ_COUNT,RDWY_SURF_TYPE_CD,RELATION_TO_ROAD,ROAD_CONDITION,ROADWAY_CLEARED,SCH_BUS_IND,SCH_ZONE_IND,SECONDARY_CRASH,SMALL_TRUCK_COUNT,SPEC_JURIS_CD,SUSP_MINOR_INJ_COUNT,SUSP_SERIOUS_INJ_COUNT,SUV_COUNT,TCD_FUNC_CD,TCD_TYPE,TFC_DETOUR_IND,TIME_OF_DAY,TOT_INJ_COUNT,TOTAL_UNITS,UNB_DEATH_COUNT,UNB_SUSP_SERIOUS_INJ_COUNT,UNBELTED_OCC_COUNT,UNK_INJ_DEG_COUNT,UNK_INJ_PER_COUNT,URBAN_AREA,URBAN_RURAL,VAN_COUNT,VEHICLE_COUNT,WEATHER1,WEATHER2,WORK_ZONE_IND,WORK_ZONE_LOC,WORK_ZONE_TYPE,WORKERS_PRES,WZ_CLOSE_DETOUR,WZ_FLAGGER,WZ_LAW_OFFCR_IND,WZ_LN_CLOSURE,WZ_MOVING,WZ_OTHER,WZ_SHLDER_MDN,WZ_WORKERS_INJ_KILLED
2020078234,239.0,1,0,0,0,0,0,0,0,0,7,0,,67,9,2020,3,39.9324,-75.2001,227.0,6,0,0,0,0,0,0,0,0,,0,0,0.0,2,3,0,0,N,2,39 55:56.498,3.0,0,75 12:00.521,9,0,0,0,67301,0,0,0,N,0,0,0,1,68K01,0,,4,1,15.0,N,N,N,0,,0,0,0,0,0,N,225,0,1,0,0,0,0,1,3,4,0,1,3,,N,,,,,,,,,,,
2020111409,142.0,1,0,0,0,0,0,0,0,0,7,0,,67,12,2020,1,40.093,-74.9629,138.0,6,0,0,0,0,0,0,0,0,,1,0,0.0,1,3,2,0,N,0,40 05:34.770,,99,74 57:46.587,1,0,0,0,67301,0,0,0,N,0,0,0,3,67301,0,2.0,3,1,,N,N,N,0,0.0,0,2,0,0,0,,135,2,1,0,0,0,0,0,3,4,0,1,3,3.0,N,,,,,,,,,,,
2020069742,205.0,0,0,0,0,0,0,0,0,0,4,0,,67,8,2020,5,39.9713,-75.2272,203.0,6,0,0,0,0,0,0,0,0,,0,0,0.0,2,3,0,1,,0,39 58:16.510,,0,75 13:37.977,9,0,0,0,67301,0,0,0,N,0,0,0,3,67301,0,,1,1,,N,N,N,0,,0,0,1,3,2,,201,0,2,0,0,0,0,1,3,4,0,2,3,,N,,,,,,,,,,,
2020083563,132.0,2,0,0,0,0,0,0,0,0,6,0,,67,10,2020,5,39.9939,-75.1618,128.0,6,0,0,0,0,0,0,0,0,,0,0,0.0,1,3,0,0,N,2,39 59:37.970,4.0,0,75 09:42.440,0,0,0,0,67301,0,0,0,N,0,0,0,2,67301,0,,1,1,215.0,N,N,N,0,,0,0,0,0,0,Y,120,0,2,0,0,0,0,0,3,4,0,2,3,,N,,,,,,,,,,,
2020074451,1916.0,2,0,0,0,0,0,0,0,0,4,0,,67,9,2020,1,40.0166,-75.1523,1914.0,6,0,0,0,0,0,0,0,0,,0,0,0.0,19,1,0,0,N,1,40 00:59.883,4.0,0,75 09:08.433,0,0,0,0,67301,0,0,0,N,0,0,0,2,67301,0,,1,1,2055.0,N,N,N,0,,0,0,0,0,0,N,1908,0,2,0,0,0,0,0,3,4,0,2,3,,N,,,,,,,,,,,
2020073250,1720.0,0,0,0,0,0,0,0,0,0,4,0,,67,9,2020,1,39.9478,-75.2254,1720.0,6,0,0,0,0,0,0,0,0,,0,0,0.0,0,3,0,5,,0,39 56:51.959,,0,75 13:31.342,9,0,0,0,67301,0,0,0,N,0,0,0,2,67301,0,,1,1,,N,N,N,1,,0,0,1,3,2,,1,0,2,0,0,0,0,1,3,4,0,2,99,,N,,,,,,,,,,,
2020077977,118.0,1,0,0,0,0,0,0,0,0,5,0,,67,9,2020,7,39.9575,-75.1465,117.0,6,0,0,0,0,0,0,0,0,,0,0,0.0,1,3,0,0,N,1,39 57:26.837,4.0,0,75 08:47.322,0,0,0,0,67301,0,0,0,N,0,0,0,3,68K01,0,,1,1,130.0,N,N,N,0,,0,0,1,0,0,N,107,0,2,0,0,0,0,0,3,4,0,2,3,,N,,,,,,,,,,,
2020083650,811.0,0,0,0,0,0,0,0,0,0,1,0,,67,10,2020,7,40.0085,-75.0704,807.0,6,0,0,0,0,0,0,0,0,,0,0,0.0,8,1,2,0,N,1,40 00:30.484,2.0,0,75 04:13.474,3,0,0,0,67301,0,0,0,N,0,0,0,2,68K01,0,,1,1,815.0,N,N,N,0,,2,0,1,0,0,N,806,2,2,0,0,0,0,0,3,4,1,2,3,,N,,,,,,,,,,,
2020074656,1602.0,1,0,0,0,0,0,0,0,0,1,0,,67,9,2020,3,39.9454,-75.2086,1600.0,6,0,0,0,0,0,0,1,0,,0,0,0.0,15,1,0,1,,0,39 56:43.591,,0,75 12:30.988,0,0,0,0,67301,0,0,0,N,0,0,0,2,67301,0,,1,1,,N,N,N,0,,0,0,1,3,2,,1557,0,2,0,0,0,0,0,3,4,0,2,3,,N,,,,,,,,,,,
2020076140,1606.0,0,0,0,0,0,0,0,0,0,4,0,,67,9,2020,3,39.9564,-75.2256,1605.0,6,0,0,0,0,0,0,0,0,,0,0,0.0,16,1,1,1,,2,39 57:22.900,7.0,0,75 13:32.258,4,0,0,1,67301,0,0,0,N,0,0,0,3,67301,1,,1,1,1700.0,N,N,N,0,,0,0,1,3,3,Y,1603,1,2,0,0,0,0,0,3,4,0,2,3,,N,,,,,,,,,,,
2020073897,1845.0,1,0,0,0,0,0,0,0,0,4,0,,67,9,2020,2,39.9648,-75.2381,1845.0,6,0,0,0,0,0,0,0,0,,0,0,0.0,15,1,0,1,,0,39 57:53.258,,0,75 14:17.321,0,0,0,0,67301,0,0,0,N,0,0,0,3,67301,0,,1,1,,N,N,N,0,,0,0,0,3,2,,1511,0,2,0,0,0,0,0,3,4,1,2,3,3.0,N,,,,,,,,,,,
2020075132,304.0,1,0,0,0,0,0,0,0,0,4,0,,67,9,2020,2,40.0258,-75.1328,302.0,6,0,0,0,0,0,0,0,0,,0,0,0.0,2,3,0,1,,0,40 01:32.833,,0,75 07:58.166,0,0,0,0,67301,0,0,0,N,0,0,0,3,67301,0,,1,1,,N,N,N,0,,0,0,0,3,2,,258,0,2,0,0,0,0,0,3,4,1,2,3,,N,,,,,,,,,,,
2020110203,658.0,1,0,0,0,0,0,0,0,0,1,1,,67,12,2020,4,39.9675,-75.1327,645.0,6,0,0,0,0,0,0,0,0,,0,1,0.0,6,2,1,0,N,1,39 58:02.850,2.0,0,75 07:57.640,3,0,0,0,67301,0,0,0,N,0,0,0,4,68K01,0,,1,1,715.0,N,N,N,1,,1,0,0,0,0,N,644,1,4,0,0,0,0,0,3,4,1,4,3,3.0,N,,,,,,,,,,,
2020070074,2123.0,0,0,0,0,0,0,0,0,0,5,0,,67,8,2020,5,39.9397,-75.1815,2122.0,6,0,0,0,0,0,0,0,0,,0,0,0.0,21,3,0,1,,0,39 56:22.794,,0,75 10:53.366,0,0,0,0,67301,0,0,0,N,0,0,0,2,67301,0,,1,1,,N,N,N,0,,0,0,2,3,2,,2121,0,2,0,0,1,0,0,3,4,0,2,3,,N,,,,,,,,,,,
2020070145,1735.0,0,0,0,0,0,0,0,0,0,8,0,,67,8,2020,4,40.0259,-75.0711,1726.0,6,0,0,0,0,0,1,0,0,,0,0,0.0,17,1,1,0,N,0,40 01:33.191,,0,75 04:15.837,3,0,0,0,67301,1,0,0,N,1,0,0,2,67301,0,,1,1,,N,N,N,1,,1,0,0,0,0,,1725,1,2,0,0,1,0,0,3,4,0,1,3,4.0,N,,,,,,,,,,,
2020083336,2035.0,1,0,0,0,0,0,0,0,0,4,0,,67,10,2020,3,39.9266,-75.2356,2029.0,6,0,0,0,0,0,1,0,0,,0,0,0.0,20,3,0,1,,0,39 55:35.914,,0,75 14:08.141,0,0,0,0,67301,0,0,0,N,0,0,0,2,67301,0,,1,1,,N,N,N,1,,0,0,0,3,2,,2016,0,2,0,0,0,0,0,3,4,0,2,3,,N,,,,,,,,,,,
2020083019,12.0,1,0,0,0,0,0,0,0,0,4,0,,67,10,2020,1,40.0163,-75.0746,2337.0,6,0,0,0,0,0,0,0,0,,0,0,0.0,23,3,0,0,N,0,40 00:58.796,,0,75 04:28.595,9,0,0,0,67301,0,0,0,N,0,0,0,1,67301,0,,1,1,,N,N,N,0,,0,0,1,9,3,,2307,0,2,0,0,0,0,1,3,4,0,2,3,3.0,N,,,,,,,,,,,
2020069740,1648.0,1,0,0,0,0,0,0,0,0,7,0,,67,8,2020,5,40.0547,-75.1691,1648.0,6,0,0,0,0,0,0,0,0,,0,0,0.0,15,1,0,0,N,0,40 03:16.791,,0,75 10:08.925,0,0,0,0,67301,0,0,0,N,0,0,0,1,67301,0,,4,1,,N,N,N,0,,0,0,0,0,0,,1527,0,1,0,0,0,0,0,3,4,0,1,3,3.0,N,,,,,,,,,,,
2020082400,2248.0,4,0,0,0,0,0,0,0,0,1,0,,67,9,2020,7,40.0014,-75.0793,2239.0,6,0,0,0,0,1,0,0,0,,0,0,0.0,22,3,6,0,N,1,40 00:05.183,2.0,0,75 04:45.315,3,0,0,0,67301,0,0,0,N,0,0,0,9,68K01,0,,1,1,130.0,N,N,N,0,,5,0,2,0,0,N,2239,6,6,0,0,0,1,0,3,4,0,6,3,,N,,,,,,,,,,,
2020070146,1257.0,1,0,0,0,0,0,0,0,0,4,0,,67,8,2020,6,40.0126,-75.0732,1255.0,6,0,0,0,1,0,1,0,0,,0,0,0.0,12,1,2,1,,0,40 00:45.124,,0,75 04:23.885,3,0,0,0,67301,0,0,0,N,0,0,0,3,67301,0,,1,1,,N,Y,N,0,,2,0,1,3,2,,1255,2,2,0,0,0,0,0,3,4,0,2,3,3.0,N,,,,,,,,,,,
2020069743,959.0,1,0,0,0,0,0,0,0,0,4,0,,67,8,2020,5,39.9904,-75.116,959.0,6,0,0,0,1,0,0,0,0,,0,0,0.0,9,1,1,1,,0,39 59:25.537,,0,75 06:57.477,8,0,0,0,67301,0,0,0,N,0,0,0,2,67301,0,,1,1,,N,N,N,0,,0,0,0,3,2,,919,1,2,0,0,0,1,0,3,4,0,2,3,3.0,N,,,,,,,,,,,
2020085264,1733.0,1,0,0,0,0,0,0,0,0,1,0,,67,10,2020,6,40.0015,-75.0784,1720.0,6,0,0,0,0,1,0,0,0,,0,0,0.0,17,1,4,0,N,1,40 00:05.254,1.0,2,75 04:42.410,3,0,0,0,67301,0,0,0,N,0,0,0,4,68K01,0,,1,1,1814.0,N,N,N,1,,4,0,1,0,0,N,1716,4,3,0,0,0,0,0,3,4,0,3,3,,N,,,,,,,,,,,
2020073387,2132.0,2,0,0,0,0,0,0,0,0,4,0,,67,9,2020,1,40.0235,-75.1716,2125.0,6,0,2,0,0,0,0,0,0,,0,0,0.0,20,3,2,1,,0,40 01:24.661,,0,75 10:17.767,3,0,0,0,67301,0,0,0,N,0,0,0,3,67301,0,,1,1,,N,N,N,0,,2,0,0,3,3,,2042,2,2,0,0,0,0,1,3,4,0,2,3,3.0,N,,,,,,,,,,,
2020086197,1900.0,0,0,0,0,0,0,0,0,0,4,0,,67,10,2020,3,39.9307,-75.1733,1858.0,6,0,0,0,0,0,0,1,0,,0,0,0.0,18,3,1,0,N,2,39 55:50.649,2.0,0,75 10:23.753,8,0,0,0,67301,0,0,0,N,0,0,0,1,67301,0,,1,1,1945.0,N,N,N,1,,0,0,1,0,0,Y,1855,1,2,0,0,0,1,0,3,4,0,2,3,3.0,N,,,,,,,,,,,
2020072497,840.0,1,0,0,0,0,0,0,0,0,4,0,,67,8,2020,1,40.0048,-75.1412,820.0,6,0,0,0,0,0,0,0,0,,0,0,0.0,7,1,1,1,,2,40 00:17.118,2.0,0,75 08:28.237,4,0,0,0,67301,0,0,0,N,0,0,0,2,67301,1,,1,1,940.0,N,N,Y,1,,0,0,2,3,3,N,730,1,4,0,0,0,0,1,3,4,0,4,3,3.0,N,,,,,,,,,,,
2020074923,1706.0,1,0,0,0,0,0,0,0,0,4,0,,67,9,2020,7,39.9933,-75.1697,1705.0,6,0,0,0,0,0,1,0,0,,0,0,0.0,17,1,1,1,,0,39 59:35.757,,0,75 10:10.930,4,0,0,0,67301,0,0,0,N,0,0,0,2,67301,1,,1,1,,N,N,N,1,,0,0,0,3,3,,1700,1,2,0,0,2,0,0,3,4,0,2,3,3.0,N,,,,,,,,,,,
2020076879,1640.0,2,0,0,0,0,0,0,0,0,1,0,,67,9,2020,3,40.0946,-75.0152,1633.0,6,0,0,0,0,0,0,0,0,,0,0,0.0,16,1,1,1,,0,40 05:40.718,,0,75 00:54.707,3,0,0,0,67301,0,0,0,N,0,0,0,3,67301,0,,1,1,,N,N,N,1,,1,0,0,3,2,,1620,1,3,0,0,0,0,0,3,4,0,3,3,3.0,N,,,,,,,,,,,
2020076962,1200.0,0,0,0,0,0,0,0,0,0,4,0,,67,9,2020,3,39.9182,-75.2088,1151.0,6,0,0,0,0,0,1,0,0,,0,0,0.0,17,1,1,2,,0,39 55:05.610,,0,75 12:31.544,3,0,0,0,67301,0,0,0,N,0,0,0,3,67301,0,,1,1,,N,N,N,0,,1,0,2,3,2,,1730,1,2,0,0,0,0,1,3,4,0,2,3,3.0,N,,,,,,,,,,,
2020076655,1730.0,0,0,0,1,0,0,0,0,0,5,0,,67,9,2020,4,40.0018,-75.1527,1730.0,6,0,0,0,0,0,0,0,0,,0,0,0.0,13,1,1,0,N,0,40 00:06.620,,0,75 09:09.875,3,0,0,0,67301,1,0,0,N,0,0,0,2,67301,0,,1,1,,N,N,N,0,,1,0,0,0,0,,1341,1,2,0,0,0,0,0,3,4,0,1,3,,N,,,,,,,,,,,
2020076316,1430.0,0,0,0,0,0,0,0,0,0,4,0,,67,9,2020,2,39.9271,-75.2321,1418.0,6,0,0,0,0,1,0,0,0,,0,0,0.0,14,1,1,2,,2,39 55:37.678,4.0,0,75 13:55.660,4,0,0,0,67301,0,0,0,N,0,0,0,9,67508,1,,1,1,9999.0,N,N,Y,0,,0,0,1,0,0,N,1418,1,2,0,0,0,0,0,3,4,0,2,3,3.0,N,,,,,,,,,,,
2020075910,810.0,1,0,0,0,0,0,0,0,0,4,0,,67,9,2020,3,40.0128,-75.1546,807.0,6,0,0,0,0,0,1,0,0,,0,0,0.0,7,3,2,1,,0,40 00:46.191,,0,75 09:16.516,3,0,0,0,67301,0,0,0,N,0,0,0,3,67301,0,,1,1,,N,N,N,0,,2,0,1,3,3,,720,2,2,0,0,0,0,1,3,4,0,2,3,3.0,N,,,,,,,,,,,
2020076015,1327.0,1,0,0,0,0,0,0,0,0,1,0,,67,9,2020,3,39.962,-75.2411,1327.0,6,0,0,0,1,0,0,0,0,,0,0,0.0,13,1,0,0,N,0,39 57:43.379,,1,75 14:28.217,0,0,0,0,67301,0,0,0,N,0,0,0,3,67301,0,,1,1,,N,N,N,0,,0,0,1,0,0,,1326,0,3,0,0,0,0,0,3,4,1,3,3,3.0,N,,,,,,,,,,,
2020073895,414.0,1,0,0,0,0,0,0,0,0,7,0,,67,9,2020,4,40.0329,-75.1646,411.0,6,0,0,0,0,0,0,0,0,,0,0,0.0,4,3,0,2,,0,40 01:58.443,,0,75 09:52.534,9,0,0,0,67301,0,0,0,N,0,0,0,1,67301,0,,4,1,,N,N,N,0,,0,0,0,0,0,,404,0,1,0,0,0,0,1,3,4,0,1,3,3.0,N,,,,,,,,,,,
2020074322,10.0,1,0,0,0,0,0,0,0,0,1,0,,67,9,2020,4,39.9546,-75.2484,10.0,6,0,0,0,0,0,0,0,0,,0,0,0.0,22,3,0,0,N,0,39 57:16.658,,0,75 14:54.372,0,0,0,0,67301,0,0,0,N,0,0,0,1,67301,0,,6,9,,N,N,N,0,,0,0,0,0,0,,2215,0,2,0,0,0,0,0,3,4,0,2,7,7.0,N,,,,,,,,,,,
2020110806,,1,0,0,0,0,0,0,0,0,4,0,,67,1,2020,3,39.9576,-75.1457,,6,0,0,0,0,0,2,0,0,,0,0,0.0,18,1,1,1,,0,39 57:27.432,,0,75 08:44.473,8,0,0,0,67301,0,0,0,N,0,0,0,2,00000,0,,1,1,,,,N,0,,0,0,0,3,2,,1820,1,2,0,0,0,1,0,3,4,0,2,3,,N,,,,,,,,,,,
2020105319,105.0,2,0,0,0,0,0,0,0,0,1,0,,67,12,2020,7,39.9256,-75.2343,55.0,6,0,0,0,1,0,0,0,0,,0,0,0.0,0,3,1,1,,0,39 55:32.060,,0,75 14:03.558,8,0,0,0,67301,0,0,0,N,0,0,0,2,67301,0,,1,9,,N,N,N,0,,0,0,0,3,2,,40,1,2,0,0,2,1,0,3,4,0,2,7,7.0,N,,,,,,,,,,,
2020110085,1610.0,1,0,0,0,0,0,1,0,0,1,1,,67,10,2020,3,40.0568,-75.047,1600.0,6,0,0,0,0,0,0,0,0,,0,0,0.0,16,1,3,1,,0,40 03:24.532,,0,75 02:49.228,4,0,0,0,67301,0,0,0,N,0,0,0,3,67508,1,,1,1,,N,N,Y,0,,0,0,0,3,2,,1600,3,2,0,0,0,2,0,3,4,0,2,3,3.0,N,,,,,,,,,,,
2020073691,2335.0,1,0,0,0,0,0,0,0,0,1,0,45.0,67,8,2020,6,40.0159,-75.0527,2318.0,6,0,0,0,0,0,0,0,0,,0,0,0.0,23,3,2,0,Y,1,40 00:57.365,2.0,0,75 03:09.570,3,0,0,0,67301,0,0,0,N,0,0,0,3,68K01,0,,1,1,2345.0,N,N,N,0,,2,0,1,0,0,N,2305,2,2,0,0,0,0,0,3,4,0,2,3,,Y,4.0,1.0,N,,,N,,,,Y,N
2020069818,1031.0,0,0,0,0,0,0,0,0,0,5,0,,67,8,2020,5,39.938,-75.221,1030.0,6,0,0,0,0,0,1,0,0,,0,0,0.0,8,3,0,0,N,0,39 56:16.960,,0,75 13:15.530,9,0,0,0,67301,0,0,0,N,0,0,0,1,67301,0,,6,1,,N,N,N,1,,0,0,1,0,0,,830,0,2,0,0,1,0,1,3,4,0,2,3,,N,,,,,,,,,,,
2020070570,2042.0,2,0,0,0,0,0,0,0,0,4,0,,67,8,2020,6,40.0341,-75.1765,2027.0,6,0,0,0,0,0,1,0,0,,0,0,0.0,20,3,0,1,,0,40 02:02.785,,0,75 10:35.468,0,0,0,0,67301,0,0,0,N,0,0,0,2,67301,0,,1,9,,N,N,N,0,,0,0,0,3,2,,2019,0,2,0,0,2,0,0,3,4,0,2,7,,N,,,,,,,,,,,
2020072569,103.0,3,0,0,0,0,0,0,0,0,4,0,,67,9,2020,1,39.976,-75.1595,103.0,6,0,0,0,0,0,0,0,0,,0,0,0.0,1,3,3,1,,2,39 58:33.526,3.0,0,75 09:34.081,8,0,0,0,67301,0,0,0,N,0,0,0,4,67505,0,,1,1,240.0,N,N,N,0,,0,0,1,3,3,Y,103,3,4,0,0,3,3,0,3,4,0,4,3,3.0,N,,,,,,,,,,,
2020072393,803.0,0,0,0,0,0,0,0,0,0,5,0,,67,9,2020,6,40.0318,-75.0366,800.0,6,0,0,0,0,0,0,0,0,,0,0,0.0,7,1,1,0,N,1,40 01:54.588,3.0,0,75 02:11.792,3,0,0,0,67301,0,0,0,N,0,0,0,1,67301,0,,6,1,900.0,N,N,N,0,,1,0,1,0,0,N,758,1,2,0,0,0,0,0,3,4,1,2,3,3.0,N,,,,,,,,,,,
2020071210,832.0,2,0,0,0,0,0,0,0,0,5,0,,67,9,2020,3,40.014,-75.0725,832.0,6,0,0,0,0,0,0,0,0,,0,0,0.0,3,6,0,0,N,0,40 00:50.370,,0,75 04:21.040,0,0,0,0,67301,0,0,0,N,0,0,0,1,67301,0,,6,1,,N,N,N,0,,0,0,0,0,0,,330,0,2,0,0,1,0,0,3,4,0,2,3,,N,,,,,,,,,,,
2020070923,924.0,2,0,0,0,0,0,0,0,0,1,0,,67,8,2020,2,39.949,-75.1573,922.0,6,0,0,0,0,0,0,0,0,,0,0,0.0,9,1,1,0,Y,0,39 56:56.540,,0,75 09:26.190,4,0,0,0,67301,0,0,0,N,0,0,0,3,67301,1,,1,1,,N,N,N,0,,0,0,0,3,2,,919,1,2,0,0,0,0,0,3,4,0,2,3,3.0,N,,,,,,,,,,,
2020070361,107.0,1,0,0,0,0,0,0,0,0,7,0,,67,8,2020,1,39.9544,-75.1481,104.0,6,0,0,0,0,0,0,0,0,,0,0,0.0,0,3,0,1,,0,39 57:15.887,,2,75 08:53.056,0,0,0,0,67301,0,0,0,N,0,0,0,1,67301,0,,4,1,,N,N,N,0,,0,0,0,3,2,,54,0,1,0,0,0,0,0,3,4,0,1,3,,N,,,,,,,,,,,
2020075906,1800.0,1,0,0,0,0,0,0,0,0,1,0,,67,9,2020,3,39.9805,-75.1791,1735.0,6,0,0,0,0,0,0,0,0,,0,0,0.0,17,1,0,0,N,0,39 58:49.640,,0,75 10:44.600,9,0,0,0,67301,0,0,0,N,0,0,0,1,67301,0,,6,1,,N,N,N,1,,0,0,1,0,0,,1704,0,3,0,0,0,0,1,3,4,0,3,3,,N,,,,,,,,,,,
2020082028,1525.0,0,0,0,0,0,0,0,0,0,8,0,,67,9,2020,4,40.0367,-75.0436,1514.0,6,0,0,0,0,0,0,0,0,,0,0,0.0,14,1,1,0,N,0,40 02:11.950,,0,75 02:37.060,3,0,0,0,67301,1,0,0,N,1,0,0,2,67301,0,,9,1,,N,N,N,1,,1,0,0,0,0,,1457,1,2,0,0,0,0,0,3,4,0,1,3,3.0,N,,,,,,,,,,,
2020074320,1007.0,1,0,0,0,0,0,0,0,0,4,0,,67,9,2020,4,40.0582,-75.1632,1007.0,6,0,0,0,0,0,1,1,0,,0,0,0.0,10,1,1,1,,0,40 03:29.608,,0,75 09:47.387,3,0,0,0,67301,0,0,0,N,0,0,0,4,67301,0,,1,1,,N,N,N,0,,1,0,2,3,2,,1040,1,3,0,0,0,0,1,3,4,0,3,3,,N,,,,,,,,,,,
2020081101,1535.0,2,0,0,0,0,0,0,0,0,2,0,,67,9,2020,4,39.9881,-75.1558,1532.0,6,0,0,0,0,0,0,0,0,,0,0,0.0,15,1,1,0,N,0,39 59:17.043,,0,75 09:20.716,3,0,0,0,67301,0,0,0,N,0,0,0,3,67301,0,,1,1,,N,N,N,0,,1,0,0,3,2,,1531,1,2,0,0,0,0,0,3,4,0,2,3,3.0,N,,,,,,,,,,,
2020073931,1228.0,1,0,0,0,0,0,0,0,0,7,0,,67,9,2020,3,39.989,-75.1354,19.0,6,0,0,0,0,0,0,0,0,,0,0,0.0,0,3,0,0,N,0,39 59:20.400,,0,75 08:07.500,0,0,0,0,67301,0,0,0,N,0,0,0,1,67301,0,,4,1,,N,N,N,0,,0,0,0,0,0,,10,0,1,0,0,0,0,0,3,4,0,1,3,3.0,N,,,,,,,,,,,
2020077073,2127.0,1,0,0,0,0,0,0,0,0,4,0,,67,9,2020,5,40.0395,-75.1167,2126.0,6,0,0,0,0,0,1,0,0,,0,0,0.0,16,1,1,11,,0,40 02:22.232,,7,75 07:00.109,3,0,0,0,67301,0,0,0,N,0,0,0,2,67301,0,,1,1,,N,N,N,0,,1,0,1,3,3,,1604,1,2,0,0,0,0,0,3,4,0,2,3,3.0,N,,,,,,,,,,,
2020064892,1920.0,1,0,0,0,0,0,0,0,0,7,0,,67,8,2020,7,39.9961,-75.197,1908.0,6,0,0,1,0,0,0,0,0,,0,0,0.0,19,1,1,0,N,1,39 59:46.058,4.0,0,75 11:49.165,8,0,0,0,67301,0,0,0,N,0,0,0,1,68K01,0,,4,1,30.0,N,N,N,0,,0,0,0,0,0,N,1908,1,1,0,0,1,1,0,3,4,0,1,3,,N,,,,,,,,,,,
2020067197,1443.0,1,0,0,1,0,0,0,0,0,4,0,,67,8,2020,5,39.9657,-75.1978,1442.0,6,0,0,0,0,0,0,0,0,,0,0,0.0,14,1,1,1,,0,39 57:56.527,,0,75 11:52.234,3,0,0,0,67301,1,0,0,N,0,0,0,2,67301,0,,1,1,,N,N,N,0,,1,0,0,3,3,,1440,1,2,0,0,0,0,0,3,4,0,1,3,,N,,,,,,,,,,,
2020063122,826.0,1,0,0,0,0,0,0,0,0,8,0,,67,8,2020,6,40.0009,-75.1103,825.0,6,0,0,0,0,0,0,0,0,,0,0,0.0,8,1,1,1,,0,40 00:03.067,,0,75 06:37.169,3,0,0,0,67301,1,0,0,N,1,0,0,2,67301,0,,1,9,,N,N,N,0,,1,0,0,3,2,,825,1,2,0,0,0,0,0,3,4,0,1,7,4.0,N,,,,,,,,,,,
2020063416,1807.0,2,0,0,0,0,0,0,0,0,4,0,,67,8,2020,6,39.9164,-75.1471,1807.0,6,0,0,0,0,0,1,0,0,,0,0,0.0,18,1,0,2,,1,39 54:58.874,3.0,0,75 08:49.542,0,0,0,0,67301,0,0,0,N,0,0,0,3,67301,0,,1,9,1915.0,N,N,N,0,,0,0,0,3,3,N,1804,0,2,0,0,1,0,0,3,4,0,2,7,,N,,,,,,,,,,,
2020070674,1439.0,0,0,0,0,0,0,0,0,0,4,0,,67,8,2020,7,40.0506,-75.1421,1439.0,6,0,0,0,0,0,0,0,0,,0,0,0.0,17,1,1,1,,0,40 03:02.124,,0,75 08:31.960,3,0,0,0,67301,0,0,0,N,0,0,0,2,67301,0,,1,1,,N,N,N,0,,1,0,0,3,2,,1730,1,2,0,0,0,0,1,3,4,1,2,3,3.0,N,,,,,,,,,,,
2020070569,1450.0,1,0,0,1,0,0,0,0,0,4,0,,67,8,2020,7,40.0997,-74.9947,1440.0,6,0,0,0,0,0,0,0,0,,0,0,0.0,14,1,1,2,,0,40 05:58.804,,0,74 59:40.927,3,0,0,0,67301,1,0,0,N,0,0,0,2,67301,0,,1,1,,N,N,N,0,,1,0,0,3,3,,1436,1,2,0,0,0,0,0,3,4,0,1,3,3.0,N,,,,,,,,,,,
2020071204,2240.0,0,0,0,1,0,0,0,0,0,4,0,,67,8,2020,7,39.9631,-75.1747,2240.0,6,0,0,0,0,0,0,0,0,,0,0,0.0,22,3,1,1,,2,39 57:47.188,4.0,0,75 10:28.837,8,0,0,0,67301,1,0,0,N,0,0,0,2,67301,0,,1,1,2300.0,N,N,N,0,,0,0,0,3,2,Y,2239,1,2,0,0,0,1,1,3,4,0,1,3,3.0,N,,,,,,,,,,,
2020070153,1233.0,1,0,0,0,0,0,0,0,0,8,0,,67,8,2020,6,39.9991,-75.1668,1233.0,6,0,0,0,0,0,0,0,1,,0,0,0.0,12,1,1,0,N,2,39 59:56.800,5.0,0,75 10:00.480,3,0,0,0,67301,1,0,0,N,1,0,0,2,67301,0,,1,1,1300.0,N,N,N,0,,1,0,0,0,0,Y,1230,1,2,0,0,0,0,1,3,4,0,1,3,3.0,N,,,,,,,,,,,