CRN,ARRIVAL_TM,AUTOMOBILE_COUNT,BELTED_DEATH_COUNT,BELTED_SUSP_SERIOUS_INJ_COUNT,BICYCLE_COUNT,BICYCLE_DEATH_COUNT,BICYCLE_SUSP_SERIOUS_INJ_COUNT,BUS_COUNT,CHLDPAS_DEATH_COUNT,CHLDPAS_SUSP_SERIOUS_INJ_COUNT,COLLISION_TYPE,COMM_VEH_COUNT,CONS_ZONE_SPD_LIM,COUNTY,CRASH_MONTH,CRASH_YEAR,DAY_OF_WEEK,DEC_LAT,DEC_LONG,DISPATCH_TM,DISTRICT,DRIVER_COUNT_16YR,DRIVER_COUNT_17YR,DRIVER_COUNT_18YR,DRIVER_COUNT_19YR,DRIVER_COUNT_20YR,DRIVER_COUNT_50_64YR,DRIVER_COUNT_65_74YR,DRIVER_COUNT_75PLUS,EST_HRS_CLOSED,FATAL_COUNT,HEAVY_TRUCK_COUNT,HORSE_BUGGY_COUNT,HOUR_OF_DAY,ILLUMINATION,INJURY_COUNT,INTERSECT_TYPE,INTERSECTION_RELATED,LANE_CLOSED,LATITUDE,LN_CLOSE_DIR,LOCATION_TYPE,LONGITUDE,MAX_SEVERITY_LEVEL,MCYCLE_DEATH_COUNT,MCYCLE_SUSP_SERIOUS_INJ_COUNT,MOTORCYCLE_COUNT,MUNICIPALITY,NONMOTR_COUNT,NONMOTR_DEATH_COUNT,NONMOTR_SUSP_SERIOUS_INJ_COUNT,NTFY_HIWY_MAINT,PED_COUNT,PED_DEATH_COUNT,PED_SUSP_SERIOUS_INJ_COUNT,PERSON_COUNT,POLICE_AGCY,POSSIBLE_INJ_COUNT,RDWY_SURF_TYPE_CD,RELATION_TO_ROAD,ROAD_CONDITION,ROADWAY_CLEARED,SCH_BUS_IND,SCH_ZONE_IND,SECONDARY_CRASH,SMALL_TRUCK_COUNT,SPEC_JURIS_CD,SUSP_MINOR_INJ_COUNT,SUSP_SERIOUS_INJ_COUNT,SUV_COUNT,TCD_FUNC_CD,TCD_TYPE,TFC_DETOUR_IND,TIME_OF_DAY,TOT_INJ_COUNT,TOTAL_UNITS,UNB_DEATH_COUNT,UNB_SUSP_SERIOUS_INJ_COUNT,UNBELTED_OCC_COUNT,UNK_INJ_DEG_COUNT,UNK_INJ_PER_COUNT,URBAN_AREA,URBAN_RURAL,VAN_COUNT,VEHICLE_COUNT,WEATHER1,WEATHER2,WORK_ZONE_IND,WORK_ZONE_LOC,WORK_ZONE_TYPE,WORKERS_PRES,WZ_CLOSE_DETOUR,WZ_FLAGGER,WZ_LAW_OFFCR_IND,WZ_LN_CLOSURE,WZ_MOVING,WZ_OTHER,WZ_SHLDER_MDN,WZ_WORKERS_INJ_KILLED
2020072405,644.0,1,0,0,0,0,0,0,0,0,1,0,,67,9,2020,7,39.9104,-75.1511,644.0,6,0,0,0,0,0,0,0,0,,0,0,0.0,6,1,0,0,Y,1,39 54:37.400,3.0,2,75 09:04.000,0,0,0,0,67301,0,0,0,N,0,0,0,3,67501,0,,1,1,650.0,N,N,N,0,,0,0,1,3,2,N,644,0,2,0,0,0,0,0,3,4,0,2,3,,N,,,,,,,,,,,
2020071967,825.0,2,0,0,0,0,0,0,0,0,4,0,,67,9,2020,4,40.0299,-75.0875,820.0,6,0,0,0,0,0,1,0,0,,0,0,0.0,8,1,5,1,,1,40 01:47.398,1.0,0,75 05:15.572,8,0,0,0,67301,0,0,0,N,0,0,0,6,67301,0,,1,1,1230.0,N,N,N,0,,0,0,1,3,2,Y,808,5,3,0,0,0,5,0,3,4,0,3,4,4.0,N,,,,,,,,,,,
2020073722,321.0,1,0,0,0,0,0,0,0,0,7,0,,67,9,2020,3,39.9835,-75.2081,307.0,6,0,0,0,0,0,0,0,0,,0,0,0.0,3,3,0,0,N,1,39 59:00.587,4.0,0,75 12:29.093,0,0,0,0,67301,0,0,0,N,0,0,0,2,68K01,0,,4,9,329.0,N,N,N,0,,0,0,0,0,0,N,306,0,1,0,0,0,0,0,3,4,0,1,3,3.0,N,,,,,,,,,,,
2020080390,2001.0,1,0,0,0,0,0,0,0,0,1,0,,67,9,2020,6,39.9592,-75.1737,1957.0,6,0,0,0,0,0,0,0,0,,0,0,0.0,19,2,2,0,N,0,39 57:33.216,,0,75 10:25.192,8,0,0,0,67301,0,0,0,N,0,0,0,5,68K01,0,,1,1,,N,N,N,0,,0,0,1,0,0,,1947,2,2,0,0,0,2,0,3,4,0,2,3,,N,,,,,,,,,,,
2020080407,757.0,1,0,0,0,0,0,0,0,0,1,0,,67,9,2020,4,39.9595,-75.1748,746.0,6,0,0,0,0,0,2,0,0,,0,0,0.0,7,1,1,0,N,0,39 57:34.199,,0,75 10:29.377,8,0,0,0,67301,0,0,0,N,0,0,0,2,68K01,0,,1,1,,N,N,N,0,,0,0,1,0,0,,742,1,2,0,0,0,1,0,3,4,0,2,3,,N,,,,,,,,,,,
2020073371,1742.0,0,0,0,0,0,0,0,0,0,4,0,,67,9,2020,2,39.9558,-75.1591,1742.0,6,0,0,0,0,0,1,0,0,,0,0,0.0,17,1,0,1,,0,39 57:20.771,,0,75 09:32.581,0,0,0,0,67301,0,0,0,N,0,0,0,2,67301,0,,1,1,,N,N,N,0,,0,0,2,3,2,,1732,0,2,0,0,0,0,0,3,4,0,2,3,3.0,N,,,,,,,,,,,
2020076225,1800.0,3,0,0,0,0,0,0,0,0,5,0,,67,9,2020,4,40.0759,-75.1711,1800.0,6,0,0,0,0,0,1,0,0,,0,0,0.0,17,4,0,0,N,0,40 04:33.160,,0,75 10:16.070,0,0,0,0,67301,0,0,0,N,0,0,0,1,67301,0,,6,1,,N,N,N,0,,0,0,1,0,0,,1751,0,5,0,0,0,0,0,3,4,1,5,3,3.0,N,,,,,,,,,,,
2020075629,1825.0,1,0,0,0,0,0,0,0,0,8,0,,67,9,2020,2,39.9415,-75.235,1819.0,6,0,0,0,0,0,0,0,0,,0,0,0.0,18,1,1,1,,0,39 56:29.291,,0,75 14:06.191,8,0,0,0,67301,1,0,0,N,1,0,0,2,67301,0,,1,1,,N,N,N,0,,0,0,0,3,2,,1819,1,2,0,0,1,1,1,3,4,0,1,3,3.0,N,,,,,,,,,,,
2020076448,635.0,1,0,0,0,0,0,0,0,0,7,0,,67,9,2020,7,39.973,-75.2143,630.0,6,0,0,0,0,0,0,0,0,,0,0,0.0,6,1,0,0,N,0,39 58:22.831,,0,75 12:51.562,0,0,0,0,67301,0,0,0,N,0,0,0,1,67301,0,,4,1,,N,N,N,0,,0,0,0,0,0,,630,0,1,0,0,0,0,0,3,4,0,1,3,,N,,,,,,,,,,,
2020075483,2340.0,1,0,0,0,0,0,0,0,0,4,0,,67,9,2020,1,39.9577,-75.2314,2340.0,6,0,0,0,0,0,0,0,0,,0,0,0.0,23,3,0,1,,0,39 57:27.706,,0,75 13:53.138,0,0,0,0,67301,0,0,0,N,0,0,0,2,67301,0,,1,1,,N,N,N,0,,0,0,1,3,2,,2300,0,2,0,0,0,0,0,3,4,0,2,3,,N,,,,,,,,,,,
2020111185,2135.0,1,0,0,0,0,0,0,0,0,2,0,,67,12,2020,1,39.9452,-75.1581,2130.0,6,0,0,0,0,0,0,0,0,,0,0,0.0,21,3,0,0,N,2,39 56:42.860,2.0,0,75 09:29.160,0,0,0,0,67301,0,0,0,N,0,0,0,1,67301,0,,6,2,1040.0,N,N,N,0,,0,0,1,0,0,N,2128,0,2,0,0,0,0,0,3,4,0,2,98,,N,,,,,,,,,,,
2020063037,1854.0,0,0,0,0,0,0,0,0,0,4,0,,67,8,2020,5,39.9817,-75.1452,1853.0,6,0,0,0,0,0,0,0,0,,0,0,0.0,18,1,2,1,,0,39 58:54.156,,0,75 08:42.853,3,0,0,0,67301,0,0,0,N,0,0,0,3,67301,0,,1,1,,N,N,N,0,,2,0,1,3,3,,1852,2,2,0,0,0,0,0,3,4,1,2,3,3.0,N,,,,,,,,,,,
2020069773,28.0,0,0,0,0,0,0,0,0,0,7,0,,67,8,2020,5,39.9779,-75.1899,27.0,6,0,0,0,0,0,0,0,0,,0,0,0.0,0,3,1,0,N,0,39 58:40.566,,0,75 11:23.485,3,0,0,0,67301,0,0,0,N,0,0,0,1,67301,0,,4,1,,N,N,N,0,,1,0,1,0,0,,22,1,1,0,0,1,0,0,3,4,0,1,3,,N,,,,,,,,,,,
2020070465,1235.0,1,0,0,0,0,0,0,0,0,8,0,,67,8,2020,6,39.9671,-75.1566,1232.0,6,0,0,0,0,0,0,0,0,,0,0,0.0,12,1,1,1,,1,39 58:01.675,3.0,0,75 09:23.587,3,0,0,0,67301,1,0,0,N,1,0,0,2,67301,0,,1,1,1300.0,N,N,N,0,,1,0,0,3,3,N,1231,1,2,0,0,0,0,0,3,4,0,1,3,3.0,N,,,,,,,,,,,
2020072579,417.0,1,0,0,0,0,0,0,0,0,7,0,,67,9,2020,3,39.9629,-75.2468,417.0,6,0,0,0,0,0,0,0,0,,0,0,0.0,4,3,0,0,N,0,39 57:46.584,,0,75 14:48.339,9,0,0,0,67301,0,0,0,N,0,0,0,1,67301,0,,4,1,,N,N,N,0,,0,0,0,0,0,,417,0,1,0,0,0,0,1,3,4,0,1,3,3.0,N,,,,,,,,,,,
2020070472,309.0,1,0,0,0,0,0,0,0,0,4,0,,67,8,2020,1,39.9688,-75.1362,309.0,6,0,0,0,0,0,0,0,0,,0,0,0.0,3,3,1,1,,0,39 58:07.829,,1,75 08:10.292,2,0,0,0,67301,0,0,0,N,0,0,0,5,67301,0,,1,1,,N,N,N,0,,0,1,1,3,2,,300,1,2,0,0,0,0,0,3,4,0,2,3,3.0,N,,,,,,,,,,,
2020073049,20.0,2,0,0,0,0,0,0,0,0,4,0,,67,9,2020,1,40.0319,-75.0921,20.0,6,0,0,0,0,0,0,0,0,,0,0,0.0,0,3,1,1,,0,40 01:54.800,,0,75 05:31.400,8,0,0,0,67301,0,0,0,N,0,0,0,2,67301,0,,1,1,,N,N,Y,0,,0,0,0,0,0,,20,1,3,0,0,1,1,0,3,4,1,3,3,3.0,N,,,,,,,,,,,
2020074742,1938.0,2,0,0,0,0,0,0,0,0,4,0,,67,9,2020,1,40.0262,-75.1173,1933.0,6,0,1,0,0,1,0,0,0,,0,0,0.0,19,2,1,1,,0,40 01:34.539,,0,75 07:01.801,3,0,0,0,67301,0,0,0,N,0,0,0,3,67301,0,,1,1,,N,N,N,0,,1,0,0,3,2,,1920,1,3,0,0,0,0,0,3,4,0,3,3,3.0,N,,,,,,,,,,,
2020073487,2320.0,2,0,0,0,0,0,0,0,0,5,0,,67,9,2020,5,40.0396,-75.1506,2320.0,6,0,0,0,0,0,1,0,0,,0,0,0.0,23,3,1,0,N,0,40 02:22.600,,0,75 09:02.110,3,0,0,0,67301,0,0,0,N,0,0,0,1,67301,0,,6,1,,N,N,N,0,,1,0,1,0,0,,2310,1,3,0,0,0,0,0,3,4,0,3,3,3.0,N,,,,,,,,,,,
2020072122,2338.0,0,0,0,0,0,0,0,0,0,7,0,,67,9,2020,5,39.9913,-75.1343,2333.0,6,0,0,0,0,0,0,0,0,,0,0,0.0,22,3,1,1,,1,39 59:28.592,1.0,0,75 08:03.517,3,0,0,0,67301,0,0,0,N,0,0,0,1,67301,0,,4,1,250.0,N,N,N,0,,1,0,1,0,0,Y,2236,1,1,0,0,0,0,0,3,4,0,1,3,3.0,N,,,,,,,,,,,
2020084329,1600.0,3,0,0,0,0,0,0,0,0,2,0,,67,10,2020,6,40.053,-75.1709,1534.0,6,0,0,0,0,0,0,0,0,,0,0,0.0,15,1,3,0,N,0,40 03:10.748,,0,75 10:15.164,8,0,0,0,67301,0,0,0,N,0,0,0,3,67301,0,,1,1,,N,N,Y,0,,0,0,0,0,0,,1534,3,3,0,0,0,3,0,3,4,0,3,3,3.0,N,,,,,,,,,,,
2020070943,1710.0,2,0,0,0,0,0,0,0,0,1,0,,67,8,2020,1,40.0174,-75.1166,1700.0,6,0,0,0,0,0,0,0,0,,0,0,0.0,15,1,1,1,,0,40 01:02.488,,0,75 06:59.752,3,0,0,0,67301,0,0,0,N,0,0,0,2,67301,0,,1,1,,N,N,N,0,,1,0,0,3,3,,1500,1,2,0,0,1,0,0,3,4,0,2,3,3.0,N,,,,,,,,,,,
2020074096,1140.0,4,0,0,0,0,0,0,0,0,5,0,,67,9,2020,3,40.0275,-75.1656,1140.0,6,0,0,0,0,0,0,0,0,,0,0,0.0,11,1,0,0,N,0,40 01:38.830,,0,75 09:56.040,0,0,0,0,67301,0,0,0,N,0,0,0,1,67301,0,,6,1,,N,N,N,1,,0,0,1,0,0,,1140,0,6,0,0,1,0,0,3,4,0,6,3,,N,,,,,,,,,,,
2020075845,14.0,2,0,0,0,0,0,0,0,0,4,0,,67,9,2020,3,40.049,-75.1424,8.0,6,0,0,0,0,0,0,0,0,,0,0,0.0,22,3,1,2,,0,40 02:56.568,,0,75 08:32.803,3,0,0,0,67301,0,0,0,N,0,0,0,2,67301,0,,1,1,,N,N,N,0,,1,0,0,3,3,,2250,1,2,0,0,1,0,0,3,4,0,2,3,3.0,N,,,,,,,,,,,
2020077046,2243.0,3,0,0,0,0,0,0,0,0,5,0,,67,9,2020,5,39.9538,-75.2413,2243.0,6,0,0,0,0,0,0,0,0,,0,0,0.0,22,3,1,0,N,0,39 57:13.820,,0,75 14:28.590,4,0,0,0,67301,0,0,0,N,0,0,0,1,67301,1,,6,1,,N,N,N,1,,0,0,0,0,0,,2240,1,5,0,0,1,0,0,3,4,1,5,3,3.0,N,,,,,,,,,,,
2020075034,1734.0,2,0,0,0,0,0,0,0,0,4,0,,67,9,2020,1,39.9383,-75.1986,1732.0,6,0,0,0,0,0,1,0,0,,0,0,0.0,17,1,2,1,,0,39 56:17.545,,0,75 11:54.896,3,0,0,0,67301,0,0,0,N,0,0,0,4,67301,0,,1,1,,N,N,N,0,,2,0,1,3,2,,1730,2,3,0,0,2,0,1,3,4,0,3,3,3.0,N,,,,,,,,,,,
2020075061,306.0,1,0,0,1,0,0,0,0,0,4,0,,67,9,2020,6,39.9577,-75.1624,415.0,6,0,0,0,0,0,0,0,0,,0,0,0.0,3,3,1,5,,0,39 57:27.915,,8,75 09:44.876,3,0,0,0,67301,1,0,0,N,0,0,0,2,67301,0,,1,1,,N,Y,N,0,,1,0,0,3,2,,303,1,2,0,0,0,0,1,3,4,0,1,3,3.0,N,,,,,,,,,,,
2020073894,2100.0,1,0,0,0,0,0,0,0,0,8,0,,67,9,2020,3,39.9684,-75.16,2053.0,6,0,0,0,0,0,0,0,0,,0,0,0.0,20,3,1,0,N,0,39 58:06.138,,0,75 09:36.179,2,0,0,0,67301,1,0,1,N,1,0,1,2,67301,0,,1,1,,N,N,N,0,,0,1,0,0,0,,2053,1,2,0,0,1,0,0,3,4,0,1,3,3.0,N,,,,,,,,,,,
2020098285,908.0,1,0,0,1,0,0,0,0,0,5,0,,67,9,2020,2,39.9377,-75.1903,908.0,6,0,0,0,0,0,0,0,0,,0,0,0.0,17,1,1,0,N,0,39 56:15.600,,0,75 11:25.190,3,0,0,0,67301,1,0,0,N,0,0,0,2,67301,0,,1,1,,N,N,N,0,,1,0,0,0,0,,1725,1,2,0,0,0,0,0,3,4,0,1,3,3.0,N,,,,,,,,,,,
2020074221,1622.0,2,0,0,0,0,0,0,0,0,1,0,,67,9,2020,4,40.028,-75.11,1618.0,6,0,0,0,0,0,1,0,0,,0,0,0.0,16,1,1,1,,2,40 01:40.977,2.0,0,75 06:36.108,8,0,0,0,67301,0,0,0,N,0,0,0,4,67301,0,,1,1,1715.0,N,N,N,0,,0,0,1,3,2,Y,1605,1,4,0,0,0,1,0,3,4,1,4,4,4.0,N,,,,,,,,,,,
2020073254,1257.0,2,0,0,0,0,0,0,0,0,4,0,,67,9,2020,3,39.9224,-75.2232,1256.0,6,0,0,0,0,0,0,0,0,,0,0,0.0,12,1,1,1,,0,39 55:20.644,,0,75 13:23.395,3,0,0,0,67301,0,0,0,N,0,0,0,2,67301,0,,1,1,,N,N,N,0,,1,0,0,3,2,,1247,1,2,0,0,0,0,0,3,4,0,2,3,3.0,N,,,,,,,,,,,
2020079570,1100.0,3,0,0,0,0,0,0,0,0,4,0,,67,9,2020,6,40.0088,-75.086,1047.0,6,0,0,0,0,0,0,0,0,,0,0,0.0,10,1,0,0,N,0,40 00:31.530,,0,75 05:09.740,0,0,0,0,67301,0,0,0,N,0,0,0,1,67301,0,,1,1,,N,N,Y,0,,0,0,0,0,0,,1046,0,3,0,0,1,0,0,3,4,0,3,3,3.0,N,,,,,,,,,,,
2020075817,228.0,2,0,0,0,0,0,0,0,0,5,0,,67,9,2020,7,39.9923,-75.1599,238.0,6,0,0,0,0,0,0,0,0,,0,0,0.0,2,3,0,0,N,0,39 59:32.180,,0,75 09:35.600,0,0,0,0,67301,0,0,0,N,0,0,0,1,67301,0,,6,1,,N,N,Y,0,,0,0,1,0,0,,227,0,3,0,0,0,0,0,3,4,0,3,3,3.0,N,,,,,,,,,,,
2020075627,1928.0,2,0,0,0,0,0,0,0,0,4,0,,67,9,2020,1,39.9404,-75.2366,1927.0,6,0,0,0,0,0,1,0,1,,0,0,0.0,19,4,1,1,,0,39 56:25.327,,0,75 14:11.791,8,0,0,0,67301,0,0,0,N,0,0,0,4,67301,0,,1,1,,N,N,N,0,,0,0,1,3,2,,1926,1,4,0,0,0,1,0,3,4,1,4,3,3.0,N,,,,,,,,,,,
2020063437,1007.0,1,0,0,0,0,0,0,0,0,7,0,,67,8,2020,7,40.0204,-75.1401,1007.0,6,0,0,0,0,0,0,0,0,,0,0,0.0,10,1,0,1,,0,40 01:13.432,,0,75 08:24.370,9,0,0,0,67301,0,0,0,N,0,0,0,1,67301,0,,4,1,,N,N,N,0,,0,0,0,3,3,,1007,0,1,0,0,0,0,1,3,4,0,1,4,4.0,N,,,,,,,,,,,
2020111417,951.0,1,0,0,0,0,0,0,0,0,7,0,,67,12,2020,3,39.9739,-75.1183,951.0,6,0,0,0,0,0,1,0,0,,1,0,0.0,9,1,0,0,N,0,39 58:25.998,,0,75 07:06.007,1,0,0,0,67301,0,0,0,N,0,0,0,1,67301,0,1.0,4,1,,N,N,N,0,9.0,0,0,0,0,0,,950,0,1,1,0,1,0,0,3,4,0,1,3,,N,,,,,,,,,,,
2020071358,20.0,2,0,0,0,0,0,0,0,0,5,0,,67,9,2020,4,40.0416,-75.1709,15.0,6,0,0,0,0,0,0,0,0,,0,0,0.0,0,3,1,0,N,0,40 02:29.720,,0,75 10:15.290,4,0,0,0,67301,1,0,0,N,0,0,0,3,67301,1,,6,1,,N,N,N,0,,0,0,0,0,0,,10,1,2,0,0,0,0,0,3,4,0,2,3,3.0,N,,,,,,,,,,,
2020086192,1911.0,2,0,0,0,0,0,0,0,0,4,0,,67,10,2020,2,40.0205,-75.0843,1907.0,6,0,0,0,0,0,0,0,0,,0,0,0.0,19,3,0,0,N,0,40 01:13.814,,0,75 05:03.565,9,0,0,0,67301,0,0,0,N,0,0,0,3,67301,0,,2,9,,N,N,N,0,,0,0,1,0,0,,1906,0,3,0,0,0,0,1,3,4,0,3,7,7.0,N,,,,,,,,,,,
2020072494,428.0,2,0,0,0,0,0,0,0,0,4,0,,67,9,2020,5,39.9136,-75.2216,354.0,6,0,0,0,1,0,0,0,0,,0,0,0.0,3,3,1,2,,1,39 54:48.822,1.0,0,75 13:17.722,3,0,0,0,67301,0,0,0,N,0,0,0,2,67301,0,,1,1,543.0,N,N,N,0,,1,0,0,3,2,N,354,1,2,0,0,1,0,0,3,4,0,2,3,3.0,N,,,,,,,,,,,
2020073047,1230.0,1,0,0,0,0,0,0,0,0,1,0,,67,9,2020,4,40.028,-75.11,1230.0,6,0,0,0,1,0,0,0,0,,0,0,0.0,12,1,4,1,,1,40 01:40.977,2.0,0,75 06:36.108,8,0,0,0,67301,0,0,0,N,0,0,0,4,67301,0,,1,1,1330.0,N,N,N,0,,0,0,1,3,2,Y,1230,4,2,0,0,0,4,0,3,4,0,2,4,4.0,N,,,,,,,,,,,
2020071786,37.0,4,0,0,0,0,0,0,0,0,5,0,,67,9,2020,3,39.9646,-75.2201,27.0,6,0,0,0,0,0,1,0,0,,0,0,0.0,0,3,0,0,N,0,39 57:52.400,,0,75 13:12.500,0,0,0,0,67301,0,0,0,N,0,0,0,2,67301,0,,6,9,,N,N,N,0,,0,0,1,0,0,,16,0,5,0,0,1,0,0,3,4,0,5,7,,N,,,,,,,,,,,
2020083995,2209.0,3,0,0,0,0,0,0,0,0,1,0,,67,9,2020,1,39.9414,-75.1946,2200.0,6,0,0,0,0,0,1,0,0,,0,0,0.0,21,6,5,0,N,1,39 56:28.915,4.0,0,75 11:40.521,3,0,0,0,67301,0,0,0,N,0,0,0,13,68K01,0,,1,1,2335.0,N,N,N,0,,5,0,1,0,0,N,2156,5,5,0,0,0,0,0,3,4,1,5,3,,N,,,,,,,,,,,
2020070474,947.0,2,0,0,0,0,0,0,0,0,4,0,,67,8,2020,1,40.0116,-75.1821,937.0,6,0,0,0,0,0,0,0,0,,0,0,0.0,9,1,1,2,,0,40 00:41.826,,0,75 10:55.530,3,0,0,0,67301,0,0,0,N,0,0,0,3,67301,0,,1,1,,N,N,N,0,,1,0,0,3,2,,930,1,2,0,0,0,0,0,3,4,0,2,3,3.0,N,,,,,,,,,,,
2020077901,228.0,1,0,0,0,0,0,0,0,0,7,0,,67,9,2020,4,40.0302,-75.0882,228.0,6,0,0,0,0,0,0,0,0,,0,0,0.0,2,3,0,1,,1,40 01:48.790,2.0,0,75 05:17.559,0,0,0,0,67301,0,0,0,Y,0,0,0,1,67301,0,,4,1,315.0,N,N,N,0,,0,0,0,3,2,N,210,0,1,0,0,0,0,0,3,4,0,1,3,3.0,N,,,,,,,,,,,
2020075903,2310.0,1,0,0,0,0,0,0,0,0,8,0,,67,9,2020,7,39.9418,-75.1508,2305.0,6,0,0,0,0,0,0,0,0,,0,0,0.0,23,3,1,1,,0,39 56:30.558,,0,75 09:02.732,3,0,0,0,67301,1,0,0,N,1,0,0,2,67301,0,,1,1,,N,N,N,0,,1,0,0,3,2,,2300,1,2,0,0,1,0,0,3,4,0,1,3,,N,,,,,,,,,,,
2020073861,1111.0,1,0,0,0,0,0,0,0,0,7,0,,67,9,2020,3,40.0093,-75.067,1046.0,6,0,0,0,0,0,0,0,0,,0,0,0.0,10,1,1,0,N,0,40 00:33.486,,0,75 04:01.325,8,0,0,0,67301,0,0,0,N,0,0,0,1,68K01,0,,3,1,,N,N,N,0,,0,0,0,0,0,,1045,1,1,0,0,0,1,0,3,4,0,1,3,3.0,N,,,,,,,,,,,
2020070933,1737.0,1,0,0,0,0,0,0,0,0,4,0,,67,8,2020,5,39.9913,-75.1011,1736.0,6,0,0,0,0,0,0,0,0,,0,0,0.0,16,1,0,0,N,0,39 59:28.797,,7,75 06:03.822,0,0,0,0,67301,0,0,0,N,0,0,0,2,67301,0,,1,1,,N,N,N,1,,0,0,0,0,0,,1645,0,2,0,0,0,0,0,3,4,0,2,3,3.0,N,,,,,,,,,,,
2020070945,2356.0,2,0,0,0,0,0,0,0,0,6,0,,67,8,2020,7,40.003,-75.1904,2350.0,6,0,0,0,0,0,1,0,0,,0,0,0.0,23,3,2,0,N,0,40 00:10.836,,0,75 11:25.491,4,0,0,0,67301,0,0,0,N,0,0,0,5,67301,2,,1,1,,N,N,N,0,,0,0,0,0,0,,2300,2,3,0,0,1,0,0,3,4,1,3,3,3.0,N,,,,,,,,,,,
2020069261,1002.0,1,0,0,0,0,0,0,0,0,4,0,,67,8,2020,4,40.0366,-75.1316,1002.0,6,0,0,0,0,0,1,0,0,,0,0,0.0,10,1,1,1,,0,40 02:11.652,,0,75 07:53.479,3,0,0,0,67301,0,0,0,N,0,0,0,2,67301,0,,1,1,,N,N,N,0,,1,0,0,3,3,,1001,1,2,0,0,0,0,0,3,4,1,2,3,3.0,N,,,,,,,,,,,
2020083020,1500.0,0,0,0,0,0,0,0,0,0,2,0,,67,10,2020,2,40.0081,-75.0725,1449.0,6,0,0,0,0,0,2,0,0,,0,0,0.0,14,1,1,1,,0,40 00:29.331,,0,75 04:20.880,2,0,1,1,67301,0,0,0,N,0,0,0,2,67301,0,,1,1,,N,N,N,1,,0,1,0,3,2,,1445,1,2,0,0,0,0,0,3,4,0,2,3,3.0,N,,,,,,,,,,,
2020069726,2103.0,1,0,0,0,0,0,0,0,0,5,0,,67,8,2020,5,40.0024,-75.1487,2102.0,6,0,0,0,0,0,0,0,0,,0,0,0.0,99,3,0,0,N,0,40 00:08.600,,0,75 08:55.200,0,0,0,0,67301,0,0,0,N,0,0,0,1,67505,0,,6,1,,N,N,N,0,,0,0,0,0,0,,9999,0,2,0,0,0,0,0,3,4,0,2,3,3.0,N,,,,,,,,,,,
2020069819,1143.0,1,0,0,0,0,0,0,0,0,4,0,,67,8,2020,4,39.975,-75.1867,1143.0,6,0,0,0,0,0,0,0,0,,0,0,0.0,11,1,1,2,,0,39 58:29.876,,0,75 11:12.007,2,0,0,0,67301,0,0,0,N,0,0,0,2,67301,0,,1,1,,N,N,Y,0,,0,1,1,3,3,,1142,1,3,0,1,2,0,0,3,4,1,3,3,3.0,N,,,,,,,,,,,
2020072098,1540.0,1,0,0,0,0,0,0,0,0,6,0,,67,8,2020,6,40.0,-75.1477,1530.0,6,0,0,0,0,0,0,0,0,,0,0,0.0,15,1,2,0,N,0,39 59:59.890,,1,75 08:51.840,3,0,0,0,67301,0,0,0,N,0,0,0,2,67301,0,,1,98,,N,N,N,1,,2,0,0,0,0,,1505,2,2,0,0,0,0,0,3,4,0,2,4,4.0,N,,,,,,,,,,,
2020083567,1010.0,2,0,0,0,0,0,0,0,0,1,0,,67,10,2020,2,39.997,-75.1658,1009.0,6,0,0,0,0,0,0,0,0,,0,0,0.0,10,1,1,0,N,0,39 59:49.320,,0,75 09:57.030,3,0,0,0,67301,1,0,0,N,1,0,0,3,67301,0,,1,1,,N,N,N,0,,1,0,0,0,0,,1000,1,3,0,0,2,0,0,3,4,0,2,3,3.0,N,,,,,,,,,,,
2020071076,2355.0,3,0,0,0,0,0,0,0,0,5,0,,67,8,2020,1,40.0369,-75.1285,2353.0,6,0,0,0,0,0,0,0,0,,0,0,0.0,23,3,0,0,N,2,40 02:12.760,2.0,0,75 07:42.580,0,0,0,0,67301,0,0,0,N,0,0,0,1,67301,0,,6,1,106.0,N,N,N,0,,0,0,1,0,0,Y,2346,0,5,0,0,0,0,0,3,4,1,5,3,3.0,N,,,,,,,,,,,
2020074583,1630.0,1,0,0,0,0,0,0,0,0,5,0,,67,9,2020,5,39.9732,-75.2117,1630.0,6,0,0,0,0,0,0,0,0,,0,0,0.0,16,1,6,0,N,2,39 58:23.640,6.0,0,75 12:42.268,3,0,0,0,67301,0,0,0,N,0,0,0,7,67301,0,,1,1,1615.0,N,N,N,1,,6,0,0,0,0,Y,1629,6,3,0,0,2,0,0,3,4,0,3,3,3.0,N,,,,,,,,,,,
2020071207,1349.0,1,0,0,0,0,0,0,0,0,5,0,,67,8,2020,1,40.0203,-75.0536,1347.0,6,0,0,0,0,0,0,0,0,,0,0,0.0,13,1,0,0,N,0,40 01:13.179,,0,75 03:12.817,0,0,0,0,67301,0,0,0,N,0,0,0,1,67301,0,,6,1,,N,N,N,0,,0,0,0,0,0,,1345,0,2,0,0,0,0,0,3,4,1,2,3,3.0,N,,,,,,,,,,,
2020077985,1812.0,1,0,0,0,0,0,0,0,0,5,0,,67,9,2020,2,39.9833,-75.0981,1802.0,6,0,0,0,0,1,0,0,0,,0,0,0.0,18,1,1,0,N,2,39 58:59.780,1.0,0,75 05:53.003,2,0,1,1,67301,0,0,0,N,0,0,0,2,68K01,0,,1,1,20.0,N,N,N,0,,0,1,0,0,0,N,1800,1,2,0,0,0,0,0,3,4,0,2,3,,N,,,,,,,,,,,