CRN,ARRIVAL_TM,AUTOMOBILE_COUNT,BELTED_DEATH_COUNT,BELTED_SUSP_SERIOUS_INJ_COUNT,BICYCLE_COUNT,BICYCLE_DEATH_COUNT,BICYCLE_SUSP_SERIOUS_INJ_COUNT,BUS_COUNT,CHLDPAS_DEATH_COUNT,CHLDPAS_SUSP_SERIOUS_INJ_COUNT,COLLISION_TYPE,COMM_VEH_COUNT,CONS_ZONE_SPD_LIM,COUNTY,CRASH_MONTH,CRASH_YEAR,DAY_OF_WEEK,DEC_LAT,DEC_LONG,DISPATCH_TM,DISTRICT,DRIVER_COUNT_16YR,DRIVER_COUNT_17YR,DRIVER_COUNT_18YR,DRIVER_COUNT_19YR,DRIVER_COUNT_20YR,DRIVER_COUNT_50_64YR,DRIVER_COUNT_65_74YR,DRIVER_COUNT_75PLUS,EST_HRS_CLOSED,FATAL_COUNT,HEAVY_TRUCK_COUNT,HORSE_BUGGY_COUNT,HOUR_OF_DAY,ILLUMINATION,INJURY_COUNT,INTERSECT_TYPE,INTERSECTION_RELATED,LANE_CLOSED,LATITUDE,LN_CLOSE_DIR,LOCATION_TYPE,LONGITUDE,MAX_SEVERITY_LEVEL,MCYCLE_DEATH_COUNT,MCYCLE_SUSP_SERIOUS_INJ_COUNT,MOTORCYCLE_COUNT,MUNICIPALITY,NONMOTR_COUNT,NONMOTR_DEATH_COUNT,NONMOTR_SUSP_SERIOUS_INJ_COUNT,NTFY_HIWY_MAINT,PED_COUNT,PED_DEATH_COUNT,PED_SUSP_SERIOUS_INJ_COUNT,PERSON_COUNT,POLICE_AGCY,POSSIBLE_INJ_COUNT,RDWY_SURF_TYPE_CD,RELATION_TO_ROAD,ROAD_CONDITION,ROADWAY_CLEARED,SCH_BUS_IND,SCH_ZONE_IND,SECONDARY_CRASH,SMALL_TRUCK_COUNT,SPEC_JURIS_CD,SUSP_MINOR_INJ_COUNT,SUSP_SERIOUS_INJ_COUNT,SUV_COUNT,TCD_FUNC_CD,TCD_TYPE,TFC_DETOUR_IND,TIME_OF_DAY,TOT_INJ_COUNT,TOTAL_UNITS,UNB_DEATH_COUNT,UNB_SUSP_SERIOUS_INJ_COUNT,UNBELTED_OCC_COUNT,UNK_INJ_DEG_COUNT,UNK_INJ_PER_COUNT,URBAN_AREA,URBAN_RURAL,VAN_COUNT,VEHICLE_COUNT,WEATHER1,WEATHER2,WORK_ZONE_IND,WORK_ZONE_LOC,WORK_ZONE_TYPE,WORKERS_PRES,WZ_CLOSE_DETOUR,WZ_FLAGGER,WZ_LAW_OFFCR_IND,WZ_LN_CLOSURE,WZ_MOVING,WZ_OTHER,WZ_SHLDER_MDN,WZ_WORKERS_INJ_KILLED
2020108238,135.0,1,0,0,0,0,0,0,0,0,4,0,,67,12,2020,3,39.9719,-75.2449,125.0,6,0,0,0,0,0,0,0,0,,0,0,0.0,1,3,0,1,,0,39 58:18.687,,0,75 14:41.580,0,0,0,0,67301,0,0,0,N,0,0,0,2,67508,0,,1,1,,N,N,Y,0,,0,0,0,3,2,N,125,0,2,0,0,0,0,0,3,4,0,2,3,3.0,N,,,,,,,,,,,
2020112099,2230.0,1,0,0,0,0,0,0,0,0,4,0,,67,12,2020,5,40.026,-75.1348,2225.0,6,0,0,0,0,0,0,0,0,,0,0,0.0,22,3,0,1,,0,40 01:33.686,,0,75 08:05.272,0,0,0,0,67301,0,0,0,N,0,0,0,2,67301,0,,1,9,,N,N,N,1,,0,0,0,3,3,,2215,0,2,0,0,0,0,0,3,4,0,2,7,7.0,N,,,,,,,,,,,
2020100807,608.0,2,0,0,0,0,0,0,0,0,4,0,,67,11,2020,2,40.045,-75.1236,605.0,6,0,0,0,0,0,2,0,0,,0,0,0.0,6,3,3,1,,1,40 02:42.011,2.0,0,75 07:24.823,3,0,0,0,67301,0,0,0,N,0,0,0,3,67301,0,,1,9,730.0,N,N,N,0,,3,0,2,3,2,N,602,3,4,0,0,0,0,0,3,4,0,4,7,7.0,N,,,,,,,,,,,
2020109082,2139.0,0,0,0,0,0,0,0,0,0,8,0,,67,12,2020,5,40.0537,-75.1414,2135.0,6,0,0,0,0,0,0,0,0,,0,0,0.0,20,3,1,1,,0,40 03:13.142,,0,75 08:29.177,8,0,0,0,67301,1,0,0,N,1,0,0,2,67301,0,,1,1,,N,N,N,0,,0,0,0,3,2,,2033,1,2,0,0,0,1,1,3,4,0,1,3,,N,,,,,,,,,,,
2020109329,659.0,0,0,0,0,0,0,0,0,0,7,0,,67,12,2020,7,39.9841,-75.2082,659.0,6,0,0,0,0,0,1,0,0,,0,0,0.0,6,2,0,0,N,1,39 59:02.758,4.0,0,75 12:29.425,0,0,0,0,67301,0,0,0,N,0,0,0,1,68K01,0,,2,9,800.0,N,N,N,0,,0,0,0,0,0,N,649,0,1,0,0,0,0,0,3,4,1,1,7,,N,,,,,,,,,,,
2020111753,132.0,1,0,0,0,0,0,0,0,0,1,0,,67,12,2020,5,40.1018,-75.0063,127.0,6,0,0,0,0,1,0,0,0,,0,0,0.0,1,3,3,0,N,1,40 06:06.528,2.0,7,75 00:22.738,3,0,0,0,67301,0,0,0,N,0,0,0,3,67301,2,,1,1,236.0,N,N,N,0,,1,0,1,3,2,N,122,3,2,0,0,0,0,0,3,4,0,2,3,3.0,N,,,,,,,,,,,
2020101048,1916.0,1,0,0,0,0,0,0,0,0,4,0,,67,11,2020,2,39.9014,-75.2393,1911.0,6,0,0,1,0,0,1,0,0,,0,0,0.0,19,3,3,2,,2,39 54:04.971,1.0,0,75 14:21.471,3,0,0,0,67301,0,0,0,N,0,0,0,3,67301,0,,1,1,2030.0,N,N,N,0,,3,0,1,3,2,N,1911,3,2,0,0,0,0,0,3,4,0,2,99,,N,,,,,,,,,,,
2020102356,1355.0,2,0,0,0,0,0,0,0,0,4,0,,67,11,2020,6,39.9241,-75.1676,1352.0,6,0,0,0,0,0,1,0,0,,0,0,0.0,13,1,1,1,,0,39 55:26.797,,0,75 10:03.382,3,0,0,0,67301,0,0,0,N,0,0,0,2,67301,0,,1,1,,N,N,N,0,,1,0,0,3,2,,1350,1,2,0,0,0,0,0,3,4,0,2,3,3.0,N,,,,,,,,,,,
2020101957,1437.0,0,0,0,0,0,0,0,0,0,4,0,,67,11,2020,2,40.0179,-75.1493,1435.0,6,0,0,0,0,0,0,0,1,,0,0,0.0,14,1,4,1,,0,40 01:04.608,,0,75 08:57.650,3,0,0,0,67301,0,0,0,N,0,0,0,4,67301,0,,1,1,,N,N,N,0,,4,0,2,3,2,,1430,4,2,0,0,0,0,0,3,4,0,2,3,3.0,N,,,,,,,,,,,
2020102278,1322.0,2,0,0,0,0,0,0,0,0,5,0,,67,11,2020,6,39.9168,-75.2168,1317.0,6,0,0,0,0,0,0,1,0,,0,0,0.0,12,1,1,0,N,0,39 55:00.532,,0,75 13:00.455,3,0,0,0,67301,0,0,0,N,0,0,0,2,67301,0,,1,1,,N,N,N,0,,1,0,0,3,2,,1202,1,2,0,0,0,0,0,3,4,0,2,3,3.0,N,,,,,,,,,,,
2020104024,1740.0,0,0,0,1,0,0,0,0,0,8,0,,67,12,2020,3,39.9409,-75.1477,1733.0,6,0,0,0,0,0,0,0,0,,0,0,0.0,17,6,2,0,N,0,39 56:27.260,,0,75 08:51.780,8,0,0,0,67301,1,0,0,N,0,0,0,2,67301,0,,1,1,,N,N,N,0,,0,0,0,0,0,,1700,2,2,0,0,0,2,0,3,4,0,1,3,,N,,,,,,,,,,,
2020104395,1420.0,0,0,0,0,0,0,0,0,0,8,0,,67,12,2020,5,40.0133,-75.1582,1417.0,6,0,0,0,0,0,0,0,0,,0,0,0.0,14,1,1,0,N,0,40 00:47.890,,0,75 09:29.610,3,0,0,0,67301,1,0,0,N,1,0,0,2,67301,0,,1,1,,N,N,N,0,,1,0,1,3,3,,1415,1,3,0,0,0,0,0,3,4,1,2,3,3.0,N,,,,,,,,,,,
2020110381,1925.0,2,0,0,0,0,0,0,0,0,4,0,,67,12,2020,6,39.9902,-75.1688,1919.0,6,0,0,0,0,0,0,0,0,,0,0,0.0,19,3,0,0,N,1,39 59:24.660,2.0,0,75 10:07.530,0,0,0,0,67301,0,0,0,N,0,0,0,1,67301,0,,1,2,2115.0,N,N,N,0,,0,0,0,0,0,N,1918,0,2,0,0,1,0,0,3,4,0,2,3,,N,,,,,,,,,,,
2020109375,1803.0,3,0,0,0,0,0,0,0,0,1,0,,67,12,2020,5,40.0022,-75.1945,1758.0,6,0,0,0,0,0,0,1,0,,0,0,0.0,17,3,0,0,N,0,40 00:08.008,,0,75 11:40.176,0,0,0,0,67301,0,0,0,N,0,0,0,5,68K01,0,,1,1,,N,N,N,0,,0,0,1,0,0,,1757,0,4,0,0,0,0,0,3,4,0,4,3,3.0,N,,,,,,,,,,,
2020112970,2359.0,2,0,0,0,0,0,0,0,0,4,0,,67,12,2020,1,40.0334,-75.0435,2354.0,6,0,0,0,0,1,0,0,0,,0,0,0.0,23,3,3,1,,0,40 02:00.197,,0,75 02:36.447,3,0,0,0,67301,0,0,0,N,0,0,0,4,67301,0,,1,1,,N,N,N,0,,3,0,0,3,3,,2350,3,2,0,0,0,0,0,3,4,0,2,3,3.0,N,,,,,,,,,,,
2020104725,203.0,1,0,0,0,0,0,0,0,0,6,0,,67,12,2020,7,40.0283,-75.1488,159.0,6,0,0,0,0,0,1,0,0,,0,0,0.0,1,3,0,0,N,0,40 01:41.840,,0,75 08:55.590,0,0,0,0,67301,0,0,0,N,0,0,0,1,67301,0,,6,9,,N,N,Y,0,,0,0,1,0,0,,130,0,2,0,0,0,0,0,3,4,0,2,7,7.0,N,,,,,,,,,,,
2020113267,239.0,1,0,0,0,0,0,0,0,0,7,0,,67,12,2020,2,39.9566,-75.1415,239.0,6,0,0,0,0,0,0,0,0,,0,0,0.0,2,3,0,0,N,2,39 57:23.669,1.0,0,75 08:29.338,0,0,0,0,67301,0,0,0,N,0,0,0,1,68K01,0,,4,1,0.0,N,N,N,0,,0,0,0,0,0,N,231,0,1,0,0,0,0,0,3,4,0,1,3,3.0,N,,,,,,,,,,,
2020100887,1250.0,0,0,0,0,0,0,0,0,0,8,0,,67,11,2020,2,39.9538,-75.1751,1250.0,6,0,0,0,0,0,0,0,0,,0,0,0.0,7,1,1,1,,0,39 57:13.546,,0,75 10:30.306,3,0,0,0,67301,1,0,0,N,1,0,0,2,67301,0,,1,9,,N,N,N,0,,1,0,0,9,9,,750,1,2,0,0,0,0,1,3,4,0,1,4,4.0,N,,,,,,,,,,,
2020112466,50.0,2,0,0,0,0,0,0,0,0,4,0,,67,12,2020,5,39.9597,-75.2412,50.0,6,0,0,0,0,0,0,0,0,,0,0,0.0,23,3,1,1,,0,39 57:34.869,,0,75 14:28.471,4,0,0,0,67301,0,0,0,N,0,0,0,3,67301,1,,1,8,,N,N,N,0,,0,0,0,3,3,,2345,1,2,0,0,0,0,2,3,4,0,2,7,8.0,N,,,,,,,,,,,
2020111188,419.0,0,0,0,0,0,0,0,0,0,8,0,,67,12,2020,3,40.0477,-75.1433,418.0,6,0,0,0,0,0,0,0,0,,0,0,0.0,4,3,1,0,N,1,40 02:51.807,6.0,0,75 08:35.765,2,0,0,0,67301,1,0,1,N,1,0,1,2,67301,0,,1,9,611.0,N,N,N,0,,0,1,1,0,0,Y,414,1,2,0,0,1,0,0,3,4,0,1,7,7.0,N,,,,,,,,,,,
2020111648,236.0,0,0,0,0,0,0,0,0,0,1,1,,67,12,2020,4,39.9623,-75.1613,234.0,6,0,0,0,0,0,0,0,0,,0,1,0.0,2,3,1,1,,0,39 57:44.409,,0,75 09:40.847,4,0,0,0,67301,0,0,0,N,0,0,0,2,67301,1,,1,1,,N,N,N,1,,0,0,0,3,2,,226,1,2,0,0,0,0,0,3,4,0,2,3,,N,,,,,,,,,,,
2020094829,921.0,0,0,0,0,0,0,0,0,0,8,0,,67,11,2020,7,40.0132,-75.0704,911.0,6,0,0,0,0,0,0,0,0,,0,0,0.0,8,1,1,1,,0,40 00:47.439,,0,75 04:13.514,3,0,0,0,67301,1,0,0,N,1,0,0,2,67301,0,,1,1,,N,N,N,0,,1,0,0,9,9,,857,1,2,0,0,0,0,0,3,4,1,1,3,98.0,N,,,,,,,,,,,
2020097578,1220.0,0,0,0,0,0,0,0,0,0,8,0,,67,11,2020,6,39.9206,-75.1704,1128.0,6,0,0,0,0,0,0,1,0,,0,0,0.0,10,1,1,1,,0,39 55:14.279,,0,75 10:13.546,3,0,0,0,67301,1,0,0,N,1,0,0,2,67301,0,,1,9,,N,N,N,0,,1,0,1,3,2,,1000,1,2,0,0,0,0,0,3,4,0,1,7,7.0,N,,,,,,,,,,,
2020103343,1719.0,2,0,0,0,0,0,0,0,0,5,0,45.0,67,11,2020,1,39.9588,-75.1803,1714.0,6,0,0,0,0,0,2,0,0,,0,0,0.0,17,1,0,3,N,2,39 57:31.638,4.0,2,75 10:49.001,0,0,0,0,67301,0,0,0,N,0,0,0,2,68K01,0,,1,1,1807.0,N,N,N,0,,0,0,0,0,0,N,1710,0,2,0,0,2,0,0,3,4,0,2,3,,Y,4.0,1.0,Y,N,N,Y,Y,N,N,N,N
2020100398,119.0,1,0,0,0,0,0,0,0,0,4,0,,67,11,2020,2,40.0355,-75.1788,116.0,6,0,0,0,0,0,0,1,0,,0,0,0.0,1,3,1,1,,0,40 02:07.790,,0,75 10:43.559,3,0,0,0,67301,0,0,0,N,0,0,0,2,67301,0,,1,9,,N,N,N,0,,1,0,0,3,2,,115,1,2,0,0,2,0,0,3,4,1,2,7,,N,,,,,,,,,,,
2020100362,2030.0,1,0,0,0,0,0,0,0,0,8,0,,67,11,2020,7,40.0306,-75.0548,2019.0,6,0,0,0,0,0,0,0,0,,0,0,0.0,19,3,2,1,,0,40 01:50.211,,0,75 03:17.181,3,0,0,0,67301,2,0,0,N,2,0,0,3,67301,0,,1,1,,N,N,N,0,,2,0,0,3,2,,1920,2,3,0,0,0,0,1,3,4,0,1,3,3.0,N,,,,,,,,,,,
2020096048,1620.0,0,0,0,0,0,0,0,0,0,1,0,,67,11,2020,1,39.9572,-75.1555,1615.0,6,0,0,0,0,0,1,0,0,,0,0,0.0,16,1,1,1,,0,39 57:25.938,,3,75 09:19.761,3,0,0,0,67301,0,0,0,N,0,0,0,2,67301,0,,1,1,,N,N,N,0,,1,0,1,2,1,,1611,1,2,0,0,1,0,0,3,4,1,2,3,3.0,N,,,,,,,,,,,
2020101598,1655.0,0,0,0,0,0,0,0,0,0,4,0,,67,11,2020,7,39.9692,-75.1845,1653.0,6,0,0,0,0,0,0,0,0,,0,0,0.0,16,3,1,1,,0,39 58:09.562,,0,75 11:04.992,3,0,0,1,67301,0,0,0,N,0,0,0,3,67301,0,,1,1,,N,N,N,0,,1,0,1,3,2,,1652,1,2,0,0,1,0,0,3,4,0,2,3,3.0,N,,,,,,,,,,,
2020097581,758.0,2,0,0,0,0,0,0,0,0,5,0,,67,11,2020,5,39.9702,-75.1597,753.0,6,0,0,0,0,0,0,0,0,,0,0,0.0,7,1,0,1,,1,39 58:12.846,2.0,0,75 09:35.189,0,0,0,0,67301,0,0,0,N,0,0,0,2,67301,0,,1,9,100.0,N,N,N,0,,0,0,0,3,2,N,743,0,2,0,0,0,0,0,3,4,0,2,4,7.0,N,,,,,,,,,,,
2020098811,1227.0,4,0,0,0,0,0,0,0,0,4,0,,67,11,2020,2,39.9908,-75.1425,1224.0,6,0,0,0,0,0,0,0,0,,0,0,0.0,0,3,0,1,,0,39 59:26.779,,0,75 08:33.054,9,0,0,0,67301,0,0,0,N,0,0,0,5,67301,0,,1,1,,N,N,N,0,,0,0,0,3,3,,23,0,4,0,0,0,0,1,3,4,0,4,3,3.0,N,,,,,,,,,,,
2020111646,1420.0,2,0,0,0,0,0,0,0,0,4,0,,67,12,2020,2,39.9117,-75.1724,1410.0,6,0,0,0,0,0,1,0,0,,0,0,0.0,14,1,0,1,,0,39 54:42.148,,0,75 10:20.534,0,0,0,0,67301,0,0,0,N,0,0,0,2,67301,0,,1,1,,N,N,N,0,,0,0,0,3,2,,1400,0,2,0,0,0,0,0,3,4,0,2,3,3.0,N,,,,,,,,,,,
2020101472,1620.0,0,0,0,0,0,0,0,0,0,8,0,,67,11,2020,2,40.0228,-75.159,1601.0,6,0,0,0,0,0,0,0,0,,0,0,0.0,15,1,1,1,,0,40 01:22.042,,0,75 09:32.483,3,0,0,0,67301,1,0,0,N,1,0,0,2,67301,0,,1,1,,N,N,N,0,,1,0,1,3,2,,1508,1,2,0,0,0,0,0,3,4,0,1,3,3.0,N,,,,,,,,,,,
2020114022,823.0,1,0,0,0,0,0,0,0,0,5,0,,67,12,2020,3,39.9836,-75.0974,813.0,6,0,0,0,0,0,0,0,0,,0,0,0.0,8,1,0,0,N,0,39 59:00.895,,0,75 05:50.565,0,0,0,0,67301,0,0,0,N,0,0,0,4,68K01,0,,1,1,,N,N,N,1,,0,0,0,0,0,,811,0,2,0,0,0,0,0,3,4,0,2,3,3.0,N,,,,,,,,,,,
2020105147,1720.0,2,0,0,0,0,0,0,0,0,1,0,,67,12,2020,1,39.9551,-75.1858,1715.0,6,0,0,0,0,0,0,0,0,,0,0,0.0,99,3,0,0,N,1,39 57:18.424,3.0,0,75 11:08.849,0,0,0,0,67301,0,0,0,N,0,0,0,4,67507,0,,1,1,1830.0,N,N,N,0,,0,0,1,0,0,N,9999,0,3,0,0,0,0,0,3,4,0,3,3,3.0,N,,,,,,,,,,,
2020112962,1845.0,1,0,0,0,0,0,0,0,0,8,0,,67,12,2020,1,40.0899,-74.9679,1842.0,6,0,0,0,0,0,0,0,0,,0,0,0.0,18,2,1,0,N,0,40 05:23.674,,0,74 58:04.603,3,0,0,0,67301,1,0,0,N,1,0,0,2,67301,0,,1,1,,N,N,N,0,,1,0,0,0,0,,1833,1,2,0,0,0,0,0,3,4,0,1,3,3.0,N,,,,,,,,,,,
2020112971,1200.0,2,0,0,0,0,0,0,0,0,4,0,,67,12,2020,2,39.9284,-75.1716,1154.0,6,0,0,0,0,0,1,0,0,,0,0,0.0,11,1,0,1,,0,39 55:42.263,,0,75 10:17.758,9,0,0,0,67301,0,0,0,N,0,0,0,2,67301,0,,1,1,,N,N,N,0,,0,0,0,3,3,,1146,0,2,0,0,1,0,1,3,4,0,2,3,3.0,N,,,,,,,,,,,
2020108263,1434.0,1,0,0,0,0,0,0,0,0,7,0,,67,12,2020,7,39.9816,-75.1738,1432.0,6,0,0,0,0,0,0,1,0,,0,0,0.0,14,1,0,0,N,0,39 58:53.611,,0,75 10:25.538,0,0,0,0,67301,0,0,0,N,0,0,0,1,67301,0,,4,1,,N,N,N,0,,0,0,0,3,2,,1430,0,1,0,0,1,0,0,3,4,0,1,3,3.0,N,,,,,,,,,,,
2020105142,2305.0,2,0,0,0,0,0,0,0,0,1,0,35.0,67,12,2020,6,39.9088,-75.1507,2304.0,6,0,0,0,0,0,0,0,0,,0,0,0.0,22,3,0,0,N,0,39 54:31.700,,3,75 09:02.600,0,0,0,0,67301,0,0,0,N,0,0,0,2,67501,0,,1,9,,N,N,N,0,,0,0,0,3,8,N,2254,0,2,0,0,0,0,0,3,4,0,2,7,7.0,Y,4.0,1.0,N,,,N,Y,,,,N
2020112966,2248.0,2,0,0,0,0,0,0,0,0,6,0,,67,12,2020,6,39.9478,-75.2316,2242.0,6,0,0,0,0,0,0,0,0,,0,0,0.0,22,3,1,0,N,0,39 56:51.993,,0,75 13:53.783,4,0,0,0,67301,0,0,0,N,0,0,0,3,67301,1,,1,1,,N,N,N,0,,0,0,0,0,0,,2241,1,2,0,0,0,0,0,3,4,0,2,3,3.0,N,,,,,,,,,,,
2020105321,1209.0,3,0,0,0,0,0,0,0,0,4,0,,67,12,2020,1,39.8946,-75.2367,2350.0,6,0,0,0,0,0,0,0,0,,0,0,0.0,23,3,4,1,,0,39 53:40.603,,0,75 14:12.181,3,0,0,0,67301,0,0,0,N,0,0,0,6,67301,0,,1,1,,N,N,N,0,,4,0,0,3,2,,2348,4,3,0,0,0,0,0,3,4,0,3,3,3.0,N,,,,,,,,,,,
2020100806,135.0,2,0,0,0,0,0,0,0,0,4,0,,67,11,2020,2,40.0319,-75.1315,129.0,6,0,0,0,0,0,0,0,0,,0,0,0.0,0,3,1,1,,1,40 01:54.746,3.0,0,75 07:53.410,8,0,0,0,67301,0,0,0,N,0,0,0,3,67301,0,,1,9,208.0,N,N,N,0,,0,0,0,3,2,Y,45,1,2,0,0,0,1,0,3,4,0,2,7,98.0,N,,,,,,,,,,,
2020111935,2007.0,1,0,0,0,0,0,0,0,0,1,0,,67,12,2020,5,39.9904,-75.1867,1959.0,6,0,0,0,0,0,0,0,0,,0,0,0.0,19,3,0,0,N,0,39 59:25.437,,0,75 11:12.048,0,0,0,0,67301,0,0,0,N,0,0,0,2,67301,0,,1,9,,N,N,N,0,,0,0,1,0,0,,1958,0,2,0,0,1,0,0,3,4,0,2,7,7.0,N,,,,,,,,,,,
2020105645,2040.0,2,0,0,0,0,0,0,0,0,5,0,,67,12,2020,2,39.9835,-75.1593,2040.0,6,0,0,0,0,0,0,0,0,,0,0,0.0,20,3,1,0,Y,0,39 59:00.700,,0,75 09:33.300,3,0,0,0,67301,0,0,0,N,0,0,0,1,67505,0,,1,1,,N,N,N,0,,1,0,2,0,0,,2030,1,4,0,0,1,0,0,3,4,0,4,3,,N,,,,,,,,,,,
2020110494,1510.0,0,0,0,0,0,0,0,0,0,7,0,,67,12,2020,3,40.0071,-75.0941,1500.0,6,0,0,0,0,0,0,0,0,,0,0,0.0,15,1,0,1,,0,40 00:25.667,,0,75 05:38.650,9,0,0,0,67301,0,0,0,N,0,0,0,1,67508,0,,1,1,,N,N,Y,0,,0,0,1,9,9,N,1500,0,1,0,0,0,0,1,3,4,0,1,3,3.0,N,,,,,,,,,,,
2020113264,1110.0,1,0,0,0,0,0,0,0,0,7,0,,67,12,2020,1,39.945,-75.1424,1110.0,6,0,0,0,0,0,0,0,0,,0,0,0.0,11,1,0,0,N,1,39 56:42.151,1.0,0,75 08:32.763,0,0,0,0,67301,0,0,0,N,0,0,0,1,68K01,0,,4,1,1151.0,N,N,N,0,,0,0,0,0,0,N,1106,0,1,0,0,0,0,0,3,4,0,1,3,,N,,,,,,,,,,,
2020112332,320.0,2,0,0,0,0,0,0,0,0,5,0,,67,12,2020,7,40.0275,-75.1231,315.0,6,0,0,0,0,0,0,0,0,,0,0,0.0,2,3,1,0,N,0,40 01:39.000,,0,75 07:23.100,3,0,0,0,67301,0,0,0,N,0,0,0,1,67301,0,,6,1,,N,N,N,0,,1,0,2,0,0,,255,1,5,0,0,0,0,0,3,4,1,5,3,3.0,N,,,,,,,,,,,
2020107347,305.0,1,0,0,0,0,0,0,0,0,1,0,,67,12,2020,7,39.9873,-75.1358,259.0,6,0,0,0,0,0,0,0,0,,0,0,0.0,2,3,0,0,N,0,39 59:14.200,,0,75 08:08.700,0,0,0,0,67301,0,0,0,N,0,0,0,1,67301,0,,6,9,,N,N,N,0,,0,0,1,0,0,,253,0,2,0,0,1,0,0,3,4,0,2,7,4.0,N,,,,,,,,,,,
2020110368,1630.0,2,0,0,0,0,0,0,0,0,5,0,,67,12,2020,4,40.0834,-74.9795,1615.0,6,0,0,0,0,0,0,0,0,,0,0,0.0,15,1,0,0,N,0,40 05:00.090,,7,74 58:46.140,0,0,0,0,67301,0,0,0,N,0,0,0,1,67301,0,,6,7,,N,N,N,0,,0,0,0,0,0,,1500,0,2,0,0,0,0,0,3,4,0,2,10,10.0,N,,,,,,,,,,,
2020111410,253.0,0,0,0,0,0,0,0,0,0,1,0,,67,12,2020,2,40.0603,-75.0094,248.0,6,0,0,0,0,0,0,0,0,,0,0,0.0,1,3,0,0,N,0,40 03:37.054,,0,75 00:33.870,0,0,0,0,67301,1,0,0,N,0,0,0,2,67301,0,,6,7,,N,N,N,0,,0,0,1,0,0,,130,0,2,0,0,0,0,0,3,4,1,2,10,,N,,,,,,,,,,,
2020099980,820.0,1,0,0,0,0,0,0,0,0,6,0,,67,11,2020,6,39.921,-75.2289,808.0,6,0,0,0,0,0,0,0,0,,0,0,0.0,6,1,1,1,,0,39 55:15.752,,0,75 13:44.116,3,0,0,0,67301,0,0,0,N,0,0,0,2,67301,0,,1,1,,N,N,N,1,,1,0,1,3,2,,642,1,3,0,0,1,0,1,3,4,0,3,3,3.0,N,,,,,,,,,,,
2020106886,2145.0,1,0,0,0,0,0,0,0,0,4,0,,67,12,2020,5,40.0753,-75.1604,2139.0,6,0,0,0,0,0,1,0,0,,0,0,0.0,20,3,1,1,,0,40 04:31.053,,0,75 09:37.536,3,0,0,0,67301,0,0,0,N,0,0,0,2,67301,0,,1,1,,N,N,N,0,,1,0,1,3,2,,2050,1,2,0,0,0,0,0,3,4,0,2,3,3.0,N,,,,,,,,,,,
2020105674,2215.0,1,0,0,0,0,0,0,0,0,4,0,,67,12,2020,2,40.0446,-75.1612,2209.0,6,0,0,0,0,0,0,0,0,,0,0,0.0,22,3,1,0,N,2,40 02:40.390,5.0,0,75 09:40.460,2,0,0,0,67301,0,0,0,N,0,0,0,1,67301,0,,1,1,2331.0,N,N,N,1,,0,1,1,0,0,Y,2208,1,3,0,0,0,0,0,3,4,0,3,3,3.0,N,,,,,,,,,,,
2020106079,1922.0,1,0,0,0,0,0,0,0,0,5,0,,67,12,2020,2,39.9626,-75.2467,1835.0,6,0,0,0,0,0,1,0,0,,0,0,0.0,18,3,1,2,,0,39 57:45.845,,0,75 14:48.500,3,0,0,0,67301,0,0,0,N,0,0,0,2,67301,0,,1,1,,N,N,N,1,,1,0,0,3,2,,1835,1,2,0,0,0,0,1,3,4,0,2,3,3.0,N,,,,,,,,,,,
2020109382,1723.0,2,0,0,0,0,0,0,0,0,1,0,45.0,67,12,2020,6,39.9963,-75.0826,1703.0,6,0,0,0,0,1,0,0,0,,0,0,0.0,16,3,2,0,N,1,39 59:46.596,1.0,0,75 04:57.261,3,0,0,0,67301,0,0,0,N,0,0,0,3,68K01,0,,1,1,20.0,N,N,N,0,,2,0,0,0,0,N,1659,2,2,0,0,2,0,0,3,4,0,2,3,,Y,2.0,1.0,N,,,N,,,,Y,N
2020104792,1345.0,1,0,0,0,0,0,0,0,0,4,0,,67,12,2020,6,39.9286,-75.2379,1340.0,6,0,0,0,1,0,0,0,0,,0,0,0.0,13,1,1,1,,0,39 55:42.805,,0,75 14:16.330,3,0,0,0,67301,0,0,0,N,0,0,0,4,67301,0,,1,9,,N,N,N,0,,1,0,1,3,3,,1336,1,2,0,0,0,0,0,3,4,0,2,7,7.0,N,,,,,,,,,,,
2020113739,2120.0,3,0,0,0,0,0,0,0,0,4,0,,67,12,2020,3,39.9746,-75.1835,2116.0,6,0,0,0,0,0,0,0,0,,0,0,0.0,21,3,0,1,,0,39 58:28.437,,0,75 11:00.481,9,0,0,0,67301,0,0,0,N,0,0,0,4,67301,0,,1,1,,N,N,N,0,,0,0,0,3,2,,2115,0,3,0,0,0,0,3,3,4,0,3,3,3.0,N,,,,,,,,,,,
2020111644,1834.0,0,0,0,0,0,0,0,0,0,8,0,,67,12,2020,4,40.0332,-75.0834,1834.0,6,0,0,0,0,0,0,0,0,,0,0,0.0,18,3,1,1,,0,40 01:59.417,,0,75 05:00.206,3,0,0,0,67301,1,0,0,N,1,0,0,2,67301,0,,1,1,,N,N,N,0,,1,0,1,0,0,,1810,1,2,0,0,1,0,0,3,4,0,1,3,3.0,N,,,,,,,,,,,