CRN,ARRIVAL_TM,AUTOMOBILE_COUNT,BELTED_DEATH_COUNT,BELTED_SUSP_SERIOUS_INJ_COUNT,BICYCLE_COUNT,BICYCLE_DEATH_COUNT,BICYCLE_SUSP_SERIOUS_INJ_COUNT,BUS_COUNT,CHLDPAS_DEATH_COUNT,CHLDPAS_SUSP_SERIOUS_INJ_COUNT,COLLISION_TYPE,COMM_VEH_COUNT,CONS_ZONE_SPD_LIM,COUNTY,CRASH_MONTH,CRASH_YEAR,DAY_OF_WEEK,DEC_LAT,DEC_LONG,DISPATCH_TM,DISTRICT,DRIVER_COUNT_16YR,DRIVER_COUNT_17YR,DRIVER_COUNT_18YR,DRIVER_COUNT_19YR,DRIVER_COUNT_20YR,DRIVER_COUNT_50_64YR,DRIVER_COUNT_65_74YR,DRIVER_COUNT_75PLUS,EST_HRS_CLOSED,FATAL_COUNT,HEAVY_TRUCK_COUNT,HORSE_BUGGY_COUNT,HOUR_OF_DAY,ILLUMINATION,INJURY_COUNT,INTERSECT_TYPE,INTERSECTION_RELATED,LANE_CLOSED,LATITUDE,LN_CLOSE_DIR,LOCATION_TYPE,LONGITUDE,MAX_SEVERITY_LEVEL,MCYCLE_DEATH_COUNT,MCYCLE_SUSP_SERIOUS_INJ_COUNT,MOTORCYCLE_COUNT,MUNICIPALITY,NONMOTR_COUNT,NONMOTR_DEATH_COUNT,NONMOTR_SUSP_SERIOUS_INJ_COUNT,NTFY_HIWY_MAINT,PED_COUNT,PED_DEATH_COUNT,PED_SUSP_SERIOUS_INJ_COUNT,PERSON_COUNT,POLICE_AGCY,POSSIBLE_INJ_COUNT,RDWY_SURF_TYPE_CD,RELATION_TO_ROAD,ROAD_CONDITION,ROADWAY_CLEARED,SCH_BUS_IND,SCH_ZONE_IND,SECONDARY_CRASH,SMALL_TRUCK_COUNT,SPEC_JURIS_CD,SUSP_MINOR_INJ_COUNT,SUSP_SERIOUS_INJ_COUNT,SUV_COUNT,TCD_FUNC_CD,TCD_TYPE,TFC_DETOUR_IND,TIME_OF_DAY,TOT_INJ_COUNT,TOTAL_UNITS,UNB_DEATH_COUNT,UNB_SUSP_SERIOUS_INJ_COUNT,UNBELTED_OCC_COUNT,UNK_INJ_DEG_COUNT,UNK_INJ_PER_COUNT,URBAN_AREA,URBAN_RURAL,VAN_COUNT,VEHICLE_COUNT,WEATHER1,WEATHER2,WORK_ZONE_IND,WORK_ZONE_LOC,WORK_ZONE_TYPE,WORKERS_PRES,WZ_CLOSE_DETOUR,WZ_FLAGGER,WZ_LAW_OFFCR_IND,WZ_LN_CLOSURE,WZ_MOVING,WZ_OTHER,WZ_SHLDER_MDN,WZ_WORKERS_INJ_KILLED
2020109080,1334.0,0,0,0,0,0,0,0,0,0,8,0,,67,12,2020,2,40.0074,-75.0781,1331.0,6,0,0,0,0,0,1,0,0,,0,0,0.0,13,1,2,1,,0,40 00:26.630,,0,75 04:41.486,4,0,0,0,67301,2,0,0,N,2,0,0,3,67301,2,,1,9,,N,N,N,0,,0,0,1,3,2,,1329,2,3,0,0,0,0,0,3,4,0,1,7,,N,,,,,,,,,,,
2020102897,51.0,1,0,0,0,0,0,0,0,0,1,0,,67,11,2020,1,39.9621,-75.1989,46.0,6,0,0,0,0,0,0,0,0,,0,0,0.0,0,3,2,0,N,0,39 57:43.577,,0,75 11:55.960,4,0,0,0,67301,0,0,0,N,0,0,0,3,67301,2,,1,1,,N,N,N,0,,0,0,1,0,0,,29,2,2,0,0,0,0,0,3,4,0,2,3,,N,,,,,,,,,,,
2020113351,2015.0,2,0,0,0,0,0,0,0,0,4,0,,67,12,2020,3,40.0016,-75.1528,2012.0,6,0,0,0,1,0,0,0,0,,0,0,0.0,20,3,1,1,,0,40 00:05.705,,0,75 09:10.074,8,0,0,0,67301,0,0,0,N,0,0,0,4,67505,0,,1,1,,N,N,N,0,,0,0,0,3,2,,2012,1,2,0,0,0,1,3,3,4,0,2,3,3.0,N,,,,,,,,,,,
2020108030,2147.0,1,0,0,0,0,0,0,0,0,4,0,,67,12,2020,1,39.909,-75.2419,2147.0,6,0,0,0,0,0,1,0,0,,0,0,0.0,21,3,1,1,,1,39 54:32.511,1.0,0,75 14:30.820,3,0,0,0,67301,0,0,0,N,0,0,0,2,67301,0,,9,1,2325.0,N,N,N,0,,1,0,1,9,2,N,2147,1,2,0,0,0,0,1,3,4,0,2,99,3.0,N,,,,,,,,,,,
2020102080,150.0,2,0,0,0,0,0,0,0,0,4,0,,67,11,2020,6,40.0254,-75.0733,146.0,6,0,0,0,0,1,0,0,0,,0,0,0.0,1,3,6,1,,2,40 01:31.355,6.0,0,75 04:23.942,3,0,0,0,67301,0,0,0,N,0,0,0,6,67301,0,,1,1,300.0,N,N,N,0,,6,0,0,3,2,Y,130,6,2,0,0,0,0,0,3,4,0,2,3,3.0,N,,,,,,,,,,,
2020112982,2327.0,0,0,0,0,0,0,0,0,0,4,0,,67,12,2020,7,40.0105,-75.1,2327.0,6,0,0,0,0,0,0,0,0,,0,0,0.0,23,3,0,1,,0,40 00:37.756,,0,75 06:00.115,0,0,0,0,67301,0,0,0,N,0,0,0,2,67301,0,,1,1,,N,N,N,0,,0,0,2,3,2,,2317,0,2,0,0,0,0,0,3,4,0,2,3,3.0,N,,,,,,,,,,,
2020111651,2020.0,1,0,0,0,0,0,0,0,0,5,0,,67,12,2020,3,40.0177,-75.1561,2015.0,6,0,0,0,0,0,0,0,0,,0,0,0.0,20,3,0,0,N,0,40 01:03.640,,0,75 09:21.780,0,0,0,0,67301,0,0,0,N,0,0,0,1,67301,0,,6,1,,N,N,N,0,,0,0,1,0,0,,2014,0,2,0,0,0,0,0,3,4,0,2,3,3.0,N,,,,,,,,,,,
2020107236,845.0,3,0,0,0,0,0,0,0,0,6,0,,67,12,2020,6,40.0031,-75.137,840.0,6,0,0,0,0,0,0,0,0,,0,0,0.0,7,1,0,0,N,0,40 00:11.150,,0,75 08:13.220,0,0,0,0,67301,0,0,0,N,0,0,0,1,67301,0,,6,1,,N,N,Y,0,,0,0,0,0,0,,752,0,3,0,0,0,0,0,3,4,0,3,3,3.0,N,,,,,,,,,,,
2020110366,41.0,0,0,0,0,0,0,0,0,0,7,0,,67,12,2020,2,40.1067,-75.057,39.0,6,0,0,0,0,0,0,0,0,,0,0,0.0,0,3,1,0,N,0,40 06:24.040,,0,75 03:25.070,2,0,0,0,67301,0,0,0,N,0,0,0,1,67301,0,,5,1,,N,N,N,0,,0,1,1,0,0,,35,1,1,0,0,0,0,0,3,4,0,1,5,,N,,,,,,,,,,,
2020102509,1945.0,1,0,0,0,0,0,0,0,0,7,0,,67,11,2020,7,39.9897,-75.1341,1940.0,6,0,0,0,0,0,0,0,0,,0,0,0.0,19,3,0,1,,0,39 59:22.844,,0,75 08:02.806,0,0,0,0,67301,0,0,0,N,0,0,0,1,67301,0,,5,1,,N,N,N,0,,0,0,0,3,3,,1937,0,1,0,0,0,0,0,3,4,0,1,3,3.0,N,,,,,,,,,,,
2020113155,1325.0,1,0,0,0,0,0,0,0,0,4,0,,67,12,2020,2,40.057,-75.0884,1320.0,6,0,0,0,0,0,0,0,0,,0,0,0.0,13,1,2,1,,1,40 03:25.064,5.0,0,75 05:18.129,8,0,0,0,67301,0,0,0,N,0,0,0,3,67301,0,,1,1,1416.0,N,N,N,0,,0,0,0,3,2,Y,1320,2,2,0,0,0,2,0,3,4,1,2,3,3.0,N,,,,,,,,,,,
2020102081,1916.0,3,0,0,0,0,0,0,0,0,5,0,,67,11,2020,6,40.0398,-75.1257,1913.0,6,0,0,0,0,0,0,0,0,,0,0,0.0,19,3,0,2,N,2,40 02:23.411,4.0,0,75 07:32.440,9,0,0,0,67301,0,0,0,N,0,0,0,1,67301,0,,1,1,2100.0,N,N,N,0,,0,0,4,0,0,N,1913,0,7,0,0,0,0,1,3,4,0,7,3,3.0,N,,,,,,,,,,,
2020106642,1920.0,2,0,0,0,0,0,0,0,0,4,0,,67,12,2020,2,39.9309,-75.1749,1910.0,6,0,0,0,0,0,0,0,0,,0,0,0.0,19,3,0,2,,0,39 55:51.164,,0,75 10:29.488,9,0,0,0,67301,0,0,0,N,0,0,0,2,67301,0,,1,1,,N,N,N,0,,0,0,0,3,3,,1900,0,2,0,0,0,0,2,3,4,0,2,3,3.0,N,,,,,,,,,,,
2020093638,615.0,1,0,0,0,0,0,0,0,0,8,0,,67,11,2020,4,40.0224,-75.0781,610.0,6,0,0,0,0,0,1,0,0,,0,0,0.0,6,1,1,1,,0,40 01:20.660,,0,75 04:41.477,3,0,0,0,67301,1,0,0,N,1,0,0,2,67301,0,,1,1,,N,N,N,0,,1,0,0,3,2,,609,1,2,0,0,0,0,0,3,4,0,1,3,3.0,N,,,,,,,,,,,
2020099554,31.0,3,0,0,0,0,0,0,0,0,2,0,,67,11,2020,6,39.9261,-75.1791,31.0,6,0,0,0,0,0,1,0,0,,0,0,0.0,0,3,1,0,N,2,39 55:33.830,1.0,0,75 10:44.910,4,0,0,0,67301,0,0,0,N,0,0,0,2,67301,1,,1,1,115.0,N,N,N,0,,0,0,0,9,9,Y,31,1,3,0,0,2,0,0,3,4,0,3,3,,N,,,,,,,,,,,
2020098250,1550.0,2,0,0,0,0,0,0,0,0,5,0,,67,11,2020,1,40.0457,-75.1646,1550.0,6,0,0,0,0,0,0,0,0,,0,0,0.0,15,1,1,0,N,1,40 02:44.500,6.0,0,75 09:52.600,3,0,0,0,67301,0,0,0,N,0,0,0,2,67301,0,,1,1,1700.0,N,N,N,0,,1,0,3,0,0,Y,1550,1,5,0,0,0,0,0,3,4,0,5,4,,N,,,,,,,,,,,
2020094827,406.0,1,0,0,0,0,0,0,0,0,4,0,,67,11,2020,7,40.0436,-75.1845,354.0,6,0,0,0,0,0,0,0,0,,0,0,0.0,2,3,1,1,,0,40 02:37.075,,0,75 11:04.361,3,0,0,0,67301,0,0,0,N,0,0,0,3,67301,0,,1,1,,N,N,N,0,,1,0,1,3,2,,246,1,2,0,0,0,0,0,3,4,0,2,3,3.0,N,,,,,,,,,,,
2020102418,2100.0,1,0,0,0,0,0,0,0,0,7,0,,67,11,2020,7,39.9244,-75.1468,2053.0,6,0,0,0,0,0,0,0,0,,0,0,0.0,20,3,0,0,N,2,39 55:27.825,1.0,0,75 08:48.509,0,0,0,0,67301,0,0,0,N,0,0,0,1,67301,0,,4,1,2300.0,N,N,N,0,,0,0,0,0,0,Y,2053,0,1,0,0,0,0,0,3,4,0,1,3,,N,,,,,,,,,,,
2020099881,1830.0,3,0,0,0,0,0,0,0,0,2,0,,67,11,2020,6,40.0473,-75.1455,1826.0,6,0,0,0,0,0,0,0,0,,0,0,0.0,18,3,1,0,N,0,40 02:50.315,,0,75 08:43.823,3,0,0,0,67301,0,0,0,N,0,0,0,3,67301,0,,1,1,,N,N,Y,0,,1,0,0,0,0,,1826,1,3,0,0,0,0,0,3,4,0,3,3,3.0,N,,,,,,,,,,,
2020095774,1010.0,2,0,0,0,0,0,0,0,0,4,0,,67,11,2020,3,40.0215,-75.1768,1006.0,6,0,0,0,1,0,0,0,0,,0,0,0.0,10,1,0,2,,0,40 01:17.341,,0,75 10:36.659,0,0,0,0,67301,0,0,0,N,0,0,0,2,67301,0,,1,1,,N,N,N,0,,0,0,0,3,3,,1000,0,2,0,0,0,0,0,3,4,0,2,3,3.0,N,,,,,,,,,,,
2020094180,405.0,1,0,0,0,0,0,0,0,0,6,0,,67,11,2020,6,40.0244,-75.1638,404.0,6,0,0,0,0,0,0,0,0,,0,0,0.0,3,3,0,0,N,2,40 01:27.730,6.0,0,75 09:49.580,0,0,0,0,67301,0,0,0,N,0,0,0,1,67301,0,,6,1,550.0,N,N,N,1,,0,0,0,0,0,N,353,0,2,0,0,0,0,0,3,4,0,2,3,,N,,,,,,,,,,,
2020102864,140.0,0,0,0,0,0,0,0,0,0,3,0,,67,11,2020,2,39.9981,-75.1261,140.0,6,0,0,0,0,0,0,0,0,,0,0,0.0,18,3,2,2,,0,39 59:53.130,,0,75 07:34.048,3,0,0,0,67301,0,0,0,N,0,0,0,3,67301,0,,1,1,,N,N,N,0,,2,0,1,0,0,,1845,2,2,0,0,1,0,0,3,4,1,2,3,,N,,,,,,,,,,,
2020095614,709.0,3,0,0,0,0,0,0,0,0,4,0,,67,11,2020,1,40.0409,-75.1407,708.0,6,0,0,0,0,0,0,0,0,,0,0,0.0,6,1,2,2,,0,40 02:27.370,,0,75 08:26.690,3,0,0,0,67301,0,0,0,N,0,0,0,2,67301,0,,1,1,,N,N,N,0,,2,0,1,0,0,,652,2,4,0,0,2,0,0,3,4,0,4,3,3.0,N,,,,,,,,,,,
2020104885,740.0,1,0,0,0,0,0,0,0,0,5,0,,67,12,2020,7,39.9896,-75.1571,730.0,6,0,0,0,0,0,0,0,0,,0,0,0.0,4,3,0,0,N,1,39 59:22.430,4.0,0,75 09:25.450,9,0,0,0,67301,0,0,0,N,0,0,0,1,67301,0,,1,9,100.0,N,N,N,1,,0,0,0,0,0,N,400,0,2,0,0,1,0,1,3,4,0,2,7,4.0,N,,,,,,,,,,,
2020109813,242.0,0,0,0,0,0,0,0,0,0,1,0,,67,12,2020,7,39.9536,-75.1986,242.0,6,0,0,0,0,0,1,0,0,,0,0,0.0,2,3,1,1,N,2,39 57:12.991,4.0,0,75 11:55.051,3,0,0,0,67301,0,0,0,N,0,0,0,3,67504,0,,1,1,320.0,N,N,N,0,,1,0,2,3,2,Y,242,1,2,0,0,0,0,0,3,4,0,2,3,3.0,N,,,,,,,,,,,
2020107994,106.0,1,0,0,0,0,0,0,0,0,7,0,,67,12,2020,1,39.9418,-75.1943,106.0,6,0,0,0,0,1,0,0,0,,0,0,0.0,1,3,0,0,N,2,39 56:30.343,3.0,0,75 11:39.464,0,0,0,0,67301,0,0,0,N,0,0,0,3,68K01,0,,4,1,20.0,N,N,N,0,,0,0,0,0,0,N,106,0,1,0,0,0,0,0,3,4,0,1,3,3.0,N,,,,,,,,,,,
2020111187,1759.0,3,0,0,0,0,0,0,0,0,1,0,,67,12,2020,3,39.9595,-75.162,1757.0,6,0,0,1,0,0,1,0,0,,0,0,0.0,17,3,3,1,,2,39 57:34.505,2.0,0,75 09:43.405,3,0,0,0,67301,0,0,0,N,0,0,0,5,67301,0,,1,1,1855.0,N,N,N,0,,3,0,1,3,2,Y,1757,3,4,0,0,0,0,0,3,4,0,4,3,3.0,N,,,,,,,,,,,
2020112980,1257.0,1,0,0,0,0,0,0,0,0,8,0,,67,12,2020,5,39.9913,-75.1113,1235.0,6,0,0,0,0,0,0,0,0,,0,0,0.0,11,1,1,0,N,0,39 59:28.600,,0,75 06:40.700,3,0,0,0,67301,1,0,0,N,1,0,0,2,67301,0,,1,1,,N,N,N,0,,1,0,1,0,0,,1102,1,3,0,0,0,0,0,3,4,0,2,3,3.0,N,,,,,,,,,,,
2020113983,245.0,1,0,0,0,0,0,0,0,0,7,0,,67,12,2020,1,39.9329,-75.2,231.0,6,0,0,0,0,0,0,0,0,,0,0,0.0,2,3,1,0,N,0,39 55:58.573,,0,75 12:00.106,3,0,0,0,67301,0,0,0,N,0,0,0,1,68K01,0,,3,1,,N,N,N,0,,1,0,0,0,0,,229,1,1,0,0,1,0,0,3,4,0,1,3,,N,,,,,,,,,,,
2020108268,2313.0,1,0,0,0,0,0,0,0,0,4,0,,67,12,2020,6,40.012,-75.1113,2312.0,6,0,0,0,0,0,0,0,0,,0,0,0.0,23,3,3,0,N,0,40 00:43.080,,7,75 06:40.710,3,0,0,0,67301,0,0,0,N,0,0,0,4,67301,0,,1,1,,N,N,N,0,,3,0,0,0,0,,2311,3,2,0,0,1,0,0,3,4,1,2,3,3.0,N,,,,,,,,,,,
2020107816,922.0,2,0,0,0,0,0,0,0,0,1,0,,67,12,2020,1,40.0727,-75.1561,836.0,6,0,0,0,0,0,0,1,0,,0,0,0.0,8,1,1,0,N,0,40 04:21.730,,0,75 09:21.970,8,0,0,0,67301,0,0,0,N,0,0,0,2,67301,0,,1,1,,N,N,N,0,,0,0,0,3,2,,817,1,2,0,0,0,1,1,3,4,0,2,3,,N,,,,,,,,,,,
2020105317,2037.0,0,0,0,0,0,0,0,0,0,4,0,,67,12,2020,6,39.9404,-75.2366,2037.0,6,0,0,0,0,0,1,0,0,,0,0,0.0,20,3,0,2,,2,39 56:25.327,7.0,0,75 14:11.791,0,0,0,0,67301,0,0,0,N,0,0,0,3,67301,0,,1,9,2215.0,N,N,N,0,,0,0,2,3,2,Y,2037,0,2,0,0,0,0,0,3,4,0,2,7,7.0,N,,,,,,,,,,,
2020106818,1902.0,1,0,0,0,0,0,0,0,0,4,0,,67,12,2020,5,40.0558,-75.1589,1859.0,6,0,0,0,0,0,0,1,0,,0,0,0.0,18,3,2,1,,0,40 03:20.759,,0,75 09:31.942,4,0,0,0,67301,0,0,0,N,0,0,0,3,67301,2,,1,1,,N,N,N,0,,0,0,1,3,2,,1851,2,2,0,0,1,0,0,3,4,0,2,3,3.0,N,,,,,,,,,,,
2020106652,137.0,1,0,0,0,0,0,0,0,0,7,0,,67,12,2020,5,40.0489,-75.1278,136.0,6,0,0,1,0,0,0,0,0,,0,0,0.0,1,3,0,2,,0,40 02:56.155,,0,75 07:39.914,0,0,0,0,67301,0,0,0,N,0,0,0,1,67301,0,,4,1,,N,N,N,0,,0,0,0,0,0,,136,0,1,0,0,1,0,0,3,4,0,1,3,,N,,,,,,,,,,,
2020100886,1507.0,0,0,0,0,0,0,0,0,0,8,0,,67,11,2020,6,40.1007,-75.029,1503.0,6,0,0,0,0,0,0,0,0,,0,0,0.0,15,1,1,0,N,9,40 06:02.460,,7,75 01:44.480,3,0,0,0,67301,1,0,0,N,1,0,0,2,67301,0,,3,1,,N,N,N,0,,1,0,1,3,3,,1500,1,2,0,0,0,0,0,3,4,0,1,3,,N,,,,,,,,,,,
2020105417,1752.0,3,0,0,0,0,0,0,0,0,4,0,,67,12,2020,4,39.9897,-75.1073,1748.0,6,0,0,0,0,0,0,0,0,,0,0,0.0,17,3,0,1,,0,39 59:22.742,,0,75 06:26.442,9,0,0,0,67301,0,0,0,N,0,0,0,2,67301,0,,1,1,,N,N,N,0,,0,0,0,0,0,,1733,0,3,0,0,1,0,1,3,4,0,3,3,3.0,N,,,,,,,,,,,
2020105740,2357.0,1,0,0,0,0,0,0,0,0,1,0,,67,12,2020,2,40.0405,-75.1786,2357.0,6,0,0,0,0,0,0,0,0,,0,0,0.0,23,3,1,2,,1,40 02:25.628,1.0,0,75 10:43.047,8,0,0,0,67301,0,0,0,N,0,0,0,2,67301,0,,1,1,145.0,N,N,N,0,,0,0,1,3,2,N,2357,1,2,0,0,0,1,1,3,4,0,2,3,3.0,N,,,,,,,,,,,
2020101363,1350.0,3,0,0,0,0,0,0,0,0,4,0,,67,11,2020,3,39.9875,-75.1631,1347.0,6,0,0,0,0,0,0,0,0,,0,0,0.0,13,1,0,0,N,2,39 59:15.030,2.0,0,75 09:47.070,0,0,0,0,67301,0,0,0,N,0,0,0,1,67301,0,,1,1,1453.0,N,N,N,0,,0,0,0,0,0,Y,1300,0,3,0,0,0,0,0,3,4,0,3,3,,N,,,,,,,,,,,
2020107789,1910.0,0,0,0,0,0,0,1,0,0,1,1,,67,11,2020,6,39.9818,-75.1819,1900.0,6,0,0,0,0,0,1,0,0,,0,0,0.0,19,3,0,1,,1,39 58:54.410,5.0,0,75 10:54.826,9,0,0,0,67301,0,0,0,N,0,0,0,2,67508,0,,1,1,9999.0,N,N,Y,0,,0,0,1,3,2,Y,1900,0,2,0,0,0,0,2,3,4,0,2,3,3.0,N,,,,,,,,,,,
2020109463,1757.0,2,0,0,0,0,0,0,0,0,2,0,,67,12,2020,5,40.0204,-75.1411,1757.0,6,0,0,0,0,0,0,0,0,,0,0,0.0,14,1,2,0,N,0,40 01:13.362,,0,75 08:27.985,3,0,0,0,67301,0,0,0,N,0,0,0,2,67301,0,,1,2,,N,N,N,0,,1,0,0,0,0,,1409,2,2,0,0,0,1,0,3,4,0,2,3,,N,,,,,,,,,,,
2020110820,905.0,1,0,0,0,0,0,0,0,0,4,0,,67,12,2020,2,39.9689,-75.1599,905.0,6,0,0,0,0,0,0,1,0,,0,0,0.0,6,3,1,1,,0,39 58:08.181,,0,75 09:35.736,3,0,0,0,67301,0,0,0,N,0,0,0,2,67301,0,,1,9,,N,N,N,0,,1,0,1,3,2,,650,1,2,0,0,0,0,0,3,4,0,2,3,3.0,N,,,,,,,,,,,
2020097683,1855.0,1,0,0,0,0,0,0,0,0,4,0,,67,11,2020,7,39.9547,-75.1495,1849.0,6,0,0,0,0,0,1,0,1,,0,0,0.0,18,3,2,5,,0,39 57:16.613,,2,75 08:58.311,4,0,0,0,67301,0,0,0,N,0,0,0,3,67301,2,,1,1,,N,N,N,0,,0,0,1,3,2,,1846,2,2,0,0,0,0,0,3,4,0,2,3,3.0,N,,,,,,,,,,,
2020096598,1755.0,1,0,0,0,0,0,0,0,0,5,0,,67,11,2020,4,40.0451,-75.0773,1748.0,6,0,0,0,0,0,0,0,0,,0,0,0.0,17,3,0,0,N,2,40 02:42.270,6.0,0,75 04:38.120,0,0,0,0,67301,0,0,0,N,0,0,0,1,67301,0,,6,9,1930.0,N,N,N,1,,0,0,0,0,0,Y,1704,0,2,0,0,0,0,0,3,4,0,2,7,,N,,,,,,,,,,,
2020094297,1122.0,0,0,0,0,0,0,0,0,0,8,0,,67,11,2020,6,39.9903,-75.127,1118.0,6,0,0,0,0,0,0,0,0,,0,0,0.0,10,1,1,1,,0,39 59:25.575,,0,75 07:37.375,4,0,0,0,67301,2,0,0,N,2,0,0,3,67301,1,,1,1,,N,N,N,0,,0,0,1,3,2,,1057,1,3,0,0,0,0,0,3,4,0,1,3,,N,,,,,,,,,,,
2020103079,1224.0,1,0,0,0,0,0,0,0,0,7,0,,67,11,2020,5,39.9354,-75.1449,1212.0,6,0,0,0,1,0,0,0,0,,0,0,0.0,12,1,0,0,N,0,39 56:07.331,,0,75 08:41.714,0,0,0,0,67301,0,0,0,N,0,0,0,1,68K01,0,,4,1,,N,N,N,0,,0,0,0,0,0,,1207,0,1,0,0,0,0,0,3,4,0,1,3,3.0,N,,,,,,,,,,,
2020097736,1135.0,0,0,0,0,0,0,0,0,0,7,0,25.0,67,11,2020,5,40.1273,-74.8773,1129.0,6,0,0,0,0,0,1,0,0,,0,0,0.0,11,1,0,0,N,1,40 07:38.337,3.0,0,74 52:38.457,0,0,0,0,67301,0,0,0,N,0,0,0,1,68K01,0,,3,1,100.0,N,N,N,0,,0,0,1,3,8,N,1119,0,1,0,0,0,0,0,3,4,0,1,3,,Y,2.0,1.0,N,,,N,Y,,,,N
2020096475,1534.0,1,0,0,0,0,0,0,0,0,4,0,,67,11,2020,7,40.0641,-75.2396,1533.0,6,0,0,0,0,0,0,0,0,,0,0,0.0,15,1,0,1,,0,40 03:50.629,,0,75 14:22.287,0,0,0,0,67301,0,0,0,N,0,0,0,2,67301,0,,1,1,,N,N,N,0,,0,0,1,3,2,,1533,0,2,0,0,0,0,0,3,4,0,2,3,3.0,N,,,,,,,,,,,
2020098010,1800.0,1,0,0,0,0,0,0,0,0,1,0,,67,11,2020,1,39.9856,-75.1385,1757.0,6,0,0,0,0,0,1,0,0,,0,0,0.0,17,3,0,0,N,0,39 59:08.234,,0,75 08:18.485,0,0,0,0,67301,0,0,0,N,0,0,0,2,67301,0,,1,1,,N,N,Y,0,,0,0,1,0,0,,1750,0,2,0,0,2,0,0,3,4,0,2,3,,N,,,,,,,,,,,
2020100873,1610.0,1,0,0,0,0,0,0,0,0,4,0,,67,11,2020,4,39.9967,-75.1155,1605.0,6,0,0,0,0,0,0,1,0,,0,0,0.0,16,1,1,1,,0,39 59:48.185,,0,75 06:55.684,8,0,0,0,67301,0,0,0,N,0,0,0,2,67508,0,,1,1,,N,N,Y,0,,0,0,0,3,2,,1605,1,2,0,0,0,1,0,3,4,1,2,3,3.0,N,,,,,,,,,,,
2020095772,1931.0,1,0,0,0,0,0,0,0,0,4,0,,67,11,2020,2,39.9764,-75.1197,1931.0,6,0,0,0,0,0,0,0,1,,0,0,0.0,18,3,1,1,,0,39 58:34.809,,0,75 07:11.109,3,0,0,0,67301,0,0,0,N,0,0,0,2,67301,0,,1,1,,N,N,N,0,,1,0,1,3,2,,1850,1,2,0,0,0,0,0,3,4,0,2,3,,N,,,,,,,,,,,
2020100082,1343.0,4,0,0,0,0,0,0,0,0,4,0,,67,11,2020,3,39.9411,-75.1829,1337.0,6,0,0,0,0,0,1,0,0,,0,0,0.0,13,1,4,1,,0,39 56:27.959,,0,75 10:58.335,2,0,0,0,67301,0,0,0,N,0,0,0,5,67301,0,,1,1,,N,N,N,0,,0,1,0,3,3,,1336,4,4,0,0,0,3,1,3,4,0,4,3,3.0,N,,,,,,,,,,,
2020094293,952.0,2,0,0,0,0,0,0,0,0,4,0,,67,11,2020,6,39.9407,-75.2242,950.0,6,0,0,0,0,0,0,1,0,,0,0,0.0,8,1,0,1,,0,39 56:26.512,,0,75 13:26.950,0,0,0,0,67301,0,0,0,N,0,0,0,2,67301,0,,1,1,,N,N,N,0,,0,0,0,3,2,,841,0,2,0,0,0,0,0,3,4,0,2,3,3.0,N,,,,,,,,,,,
2020100160,1204.0,5,0,0,0,0,0,0,0,0,4,0,,67,11,2020,7,40.0298,-75.0446,1204.0,6,0,0,0,1,0,0,0,0,,0,0,0.0,12,1,2,1,,0,40 01:47.153,,0,75 02:40.639,3,0,0,0,67301,0,0,0,N,0,0,0,4,67301,0,,1,1,,N,N,N,0,,2,0,0,9,3,,1204,2,5,0,0,0,0,2,3,4,0,5,3,,N,,,,,,,,,,,
2020097132,750.0,0,0,0,0,0,0,0,0,0,6,0,,67,11,2020,4,40.0595,-75.1655,748.0,6,0,0,0,0,0,0,0,0,,0,0,0.0,7,3,0,1,,0,40 03:34.337,,0,75 09:55.640,0,0,0,0,67301,0,0,0,N,0,0,0,2,67301,0,,1,9,,N,N,N,0,,0,0,2,0,0,,744,0,2,0,0,1,0,0,3,4,0,2,7,7.0,N,,,,,,,,,,,
2020097993,1414.0,2,0,0,0,0,0,0,0,0,6,0,,67,11,2020,2,39.9776,-75.1607,1412.0,6,0,0,0,0,0,0,0,0,,0,0,0.0,14,1,0,2,N,0,39 58:39.385,,0,75 09:38.355,9,0,0,0,67301,0,0,0,N,0,0,0,2,67505,0,,1,1,,N,N,N,1,,0,0,0,3,3,,1400,0,3,0,0,0,0,2,3,4,0,3,3,,N,,,,,,,,,,,
2020109327,2051.0,0,0,0,0,0,0,0,0,0,7,0,,67,12,2020,6,40.0317,-75.0215,2041.0,6,0,0,0,0,0,0,0,0,,0,0,0.0,20,3,1,0,N,2,40 01:54.255,2.0,0,75 01:17.225,3,0,0,0,67301,0,0,0,N,0,0,0,1,68K01,0,,4,9,30.0,N,N,N,1,,1,0,0,0,0,N,2039,1,1,0,0,0,0,0,3,4,0,1,7,,N,,,,,,,,,,,
2020102865,1653.0,0,0,0,0,0,0,0,0,0,5,0,,67,11,2020,4,40.0003,-75.1302,1650.0,6,0,0,0,0,0,0,0,0,,0,0,0.0,16,3,0,0,N,0,40 00:01.010,,0,75 07:48.760,0,0,0,0,67301,0,0,0,N,0,0,0,1,67301,0,,6,1,,N,N,N,0,,0,0,3,0,0,,1648,0,3,0,0,1,0,0,3,4,0,3,3,3.0,N,,,,,,,,,,,
2020106363,2000.0,1,0,0,0,0,0,0,0,0,7,0,,67,11,2020,2,40.0356,-75.0168,1957.0,6,0,1,0,0,0,0,0,0,,0,0,0.0,19,3,0,0,N,0,40 02:08.304,,0,75 01:00.634,0,0,0,0,67301,0,0,0,N,0,0,0,1,68K01,0,,2,9,,N,N,N,0,,0,0,0,0,0,,1955,0,1,0,0,0,0,0,3,4,0,1,4,4.0,N,,,,,,,,,,,