CRN,ARRIVAL_TM,AUTOMOBILE_COUNT,BELTED_DEATH_COUNT,BELTED_SUSP_SERIOUS_INJ_COUNT,BICYCLE_COUNT,BICYCLE_DEATH_COUNT,BICYCLE_SUSP_SERIOUS_INJ_COUNT,BUS_COUNT,CHLDPAS_DEATH_COUNT,CHLDPAS_SUSP_SERIOUS_INJ_COUNT,COLLISION_TYPE,COMM_VEH_COUNT,CONS_ZONE_SPD_LIM,COUNTY,CRASH_MONTH,CRASH_YEAR,DAY_OF_WEEK,DEC_LAT,DEC_LONG,DISPATCH_TM,DISTRICT,DRIVER_COUNT_16YR,DRIVER_COUNT_17YR,DRIVER_COUNT_18YR,DRIVER_COUNT_19YR,DRIVER_COUNT_20YR,DRIVER_COUNT_50_64YR,DRIVER_COUNT_65_74YR,DRIVER_COUNT_75PLUS,EST_HRS_CLOSED,FATAL_COUNT,HEAVY_TRUCK_COUNT,HORSE_BUGGY_COUNT,HOUR_OF_DAY,ILLUMINATION,INJURY_COUNT,INTERSECT_TYPE,INTERSECTION_RELATED,LANE_CLOSED,LATITUDE,LN_CLOSE_DIR,LOCATION_TYPE,LONGITUDE,MAX_SEVERITY_LEVEL,MCYCLE_DEATH_COUNT,MCYCLE_SUSP_SERIOUS_INJ_COUNT,MOTORCYCLE_COUNT,MUNICIPALITY,NONMOTR_COUNT,NONMOTR_DEATH_COUNT,NONMOTR_SUSP_SERIOUS_INJ_COUNT,NTFY_HIWY_MAINT,PED_COUNT,PED_DEATH_COUNT,PED_SUSP_SERIOUS_INJ_COUNT,PERSON_COUNT,POLICE_AGCY,POSSIBLE_INJ_COUNT,RDWY_SURF_TYPE_CD,RELATION_TO_ROAD,ROAD_CONDITION,ROADWAY_CLEARED,SCH_BUS_IND,SCH_ZONE_IND,SECONDARY_CRASH,SMALL_TRUCK_COUNT,SPEC_JURIS_CD,SUSP_MINOR_INJ_COUNT,SUSP_SERIOUS_INJ_COUNT,SUV_COUNT,TCD_FUNC_CD,TCD_TYPE,TFC_DETOUR_IND,TIME_OF_DAY,TOT_INJ_COUNT,TOTAL_UNITS,UNB_DEATH_COUNT,UNB_SUSP_SERIOUS_INJ_COUNT,UNBELTED_OCC_COUNT,UNK_INJ_DEG_COUNT,UNK_INJ_PER_COUNT,URBAN_AREA,URBAN_RURAL,VAN_COUNT,VEHICLE_COUNT,WEATHER1,WEATHER2,WORK_ZONE_IND,WORK_ZONE_LOC,WORK_ZONE_TYPE,WORKERS_PRES,WZ_CLOSE_DETOUR,WZ_FLAGGER,WZ_LAW_OFFCR_IND,WZ_LN_CLOSURE,WZ_MOVING,WZ_OTHER,WZ_SHLDER_MDN,WZ_WORKERS_INJ_KILLED
2020104744,1420.0,1,0,0,0,0,0,0,0,0,1,0,,67,12,2020,6,39.9544,-75.205,1420.0,6,0,0,0,0,0,1,0,0,,0,0,0.0,14,1,0,1,N,0,39 57:15.935,,0,75 12:18.018,0,0,0,0,67301,0,0,0,N,0,0,0,2,67504,0,,1,1,,N,N,N,0,,0,0,1,0,0,N,1420,0,2,0,0,0,0,0,3,4,0,2,3,3.0,N,,,,,,,,,,,
2020102417,1620.0,1,0,0,1,0,0,0,0,0,4,0,,67,11,2020,7,39.9186,-75.1848,1618.0,6,0,0,0,0,0,0,0,0,,0,0,0.0,16,1,1,0,N,0,39 55:07.100,,7,75 11:05.200,4,0,0,0,67301,1,0,0,N,0,0,0,2,67301,1,,1,1,,N,N,N,0,,0,0,0,0,0,,1615,1,2,0,0,0,0,0,3,4,0,1,3,3.0,N,,,,,,,,,,,
2020105318,56.0,2,0,0,0,0,0,0,0,0,4,0,,67,12,2020,6,39.9404,-75.2366,56.0,6,0,0,0,0,0,0,0,0,,0,0,0.0,23,3,1,1,,0,39 56:25.327,,0,75 14:11.791,3,0,0,0,67301,0,0,0,N,0,0,0,3,67301,0,,1,8,,N,N,N,0,,1,0,0,3,2,,2339,1,2,0,0,0,0,0,3,4,0,2,7,,N,,,,,,,,,,,
2020109441,2133.0,1,0,0,0,0,0,0,0,0,99,0,,67,12,2020,4,40.0812,-75.051,2133.0,6,0,0,0,0,0,0,0,0,,0,0,0.0,21,3,0,0,N,0,40 04:52.440,,0,75 03:03.440,0,0,0,0,67301,0,0,0,N,0,0,0,1,67301,0,,1,7,,N,N,N,0,,0,0,0,0,0,,2125,0,1,0,0,1,0,0,3,4,0,1,10,10.0,N,,,,,,,,,,,
2020108707,1209.0,2,0,0,0,0,0,0,0,0,3,0,,67,12,2020,7,39.9956,-75.1197,1207.0,6,0,0,0,0,0,0,0,0,,0,0,0.0,12,1,0,0,Y,0,39 59:44.100,,0,75 07:10.800,0,0,0,0,67301,0,0,0,N,0,0,0,1,67301,0,,6,1,,N,N,N,0,,0,0,1,0,0,,1207,0,3,0,0,0,0,0,3,4,0,3,4,,N,,,,,,,,,,,
2020103010,1635.0,0,0,0,0,0,0,0,0,0,7,0,,67,11,2020,2,40.1007,-75.0296,1632.0,6,0,0,0,0,0,1,0,0,,0,0,0.0,16,4,0,0,N,0,40 06:02.693,,0,75 01:46.407,0,0,0,0,67301,0,0,0,N,0,0,0,1,67301,0,,4,9,,N,N,N,0,,0,0,1,0,0,,1630,0,2,0,0,1,0,0,3,4,1,2,7,7.0,N,,,,,,,,,,,
2020113082,2147.0,2,0,0,0,0,0,0,0,0,1,0,,67,12,2020,5,39.9796,-75.2042,2143.0,6,0,0,0,0,0,0,0,0,,0,0,0.0,21,3,0,0,N,1,39 58:46.384,4.0,0,75 12:14.999,0,0,0,0,67301,0,0,0,N,0,0,0,2,68K01,0,,1,8,2225.0,N,N,N,0,,0,0,0,0,0,N,2141,0,2,0,0,0,0,0,3,4,0,2,7,7.0,N,,,,,,,,,,,
2020109326,2010.0,1,0,0,0,0,0,0,0,0,7,0,,67,12,2020,6,40.0341,-75.0198,1959.0,6,0,0,0,0,0,0,0,0,,0,0,0.0,19,3,0,0,N,1,40 02:02.789,2.0,0,75 01:11.398,0,0,0,0,67301,0,0,0,N,0,0,0,2,68K01,0,,2,9,2045.0,N,N,N,0,,0,0,0,0,0,N,1957,0,1,0,0,1,0,0,3,4,0,1,7,,N,,,,,,,,,,,
2020100363,522.0,2,0,0,0,0,0,0,0,0,2,0,,67,11,2020,5,39.9572,-75.2275,520.0,6,0,0,0,1,0,0,0,0,,0,0,0.0,5,3,0,1,,2,39 57:25.912,5.0,0,75 13:38.935,0,0,0,0,67301,0,0,0,N,0,0,0,3,67301,0,,1,1,705.0,N,N,N,0,,0,0,0,9,2,Y,520,0,2,0,0,0,0,0,3,4,0,2,3,3.0,N,,,,,,,,,,,
2020101357,1828.0,3,0,0,0,0,0,0,0,0,1,0,,67,11,2020,5,39.9621,-75.1762,1822.0,6,0,0,0,0,0,2,0,0,,0,0,0.0,17,3,1,0,N,0,39 57:43.728,,0,75 10:34.293,3,0,0,0,67301,0,0,0,N,0,0,0,4,67301,0,,1,1,,N,N,N,0,,1,0,0,3,2,,1746,1,3,0,0,0,0,0,3,4,0,3,3,3.0,N,,,,,,,,,,,
2020101847,2336.0,1,0,0,0,0,0,0,0,0,4,0,,67,11,2020,3,40.0272,-75.1145,2336.0,6,0,0,0,0,0,0,0,0,,0,0,0.0,23,3,1,2,,2,40 01:37.970,4.0,0,75 06:52.293,3,0,0,0,67301,0,0,0,N,0,0,0,2,67301,0,,1,1,45.0,N,Y,N,0,,1,0,1,0,0,Y,2315,1,2,0,0,0,0,1,3,4,0,2,3,3.0,N,,,,,,,,,,,
2020107318,1652.0,1,0,0,0,0,0,0,0,0,1,0,,67,12,2020,7,40.0018,-75.081,1645.0,6,0,0,0,0,0,2,0,0,,0,0,0.0,16,4,1,0,N,0,40 00:06.415,,0,75 04:51.741,4,0,0,0,67301,0,0,0,N,0,0,0,2,67301,1,,4,1,,N,N,N,0,,0,0,1,0,0,,1639,1,2,0,0,0,0,0,3,4,0,2,3,3.0,N,,,,,,,,,,,
2020113766,2315.0,1,0,0,0,0,0,0,0,0,4,0,,67,12,2020,3,40.0117,-75.0761,2310.0,6,0,0,0,0,0,0,0,0,,0,0,0.0,22,3,1,2,,1,40 00:42.286,1.0,0,75 04:33.927,4,0,0,0,67301,0,0,0,N,0,0,0,3,67301,1,,1,1,55.0,N,N,N,1,,0,0,0,0,0,N,2243,1,2,0,0,1,0,0,3,4,0,2,3,3.0,N,,,,,,,,,,,
2020107232,1115.0,1,0,0,0,0,0,0,0,0,4,0,,67,12,2020,6,40.0299,-75.0878,1110.0,6,0,0,0,0,0,0,1,0,,0,0,0.0,10,1,1,2,,1,40 01:47.643,1.0,0,75 05:16.067,3,0,0,0,67301,0,0,0,N,0,0,0,4,67301,0,,1,1,1220.0,N,N,N,0,,1,0,0,3,2,N,1057,1,2,0,0,0,0,0,3,4,1,2,3,3.0,N,,,,,,,,,,,
2020102903,1805.0,1,0,0,0,0,0,0,0,0,8,0,,67,11,2020,2,40.0348,-75.1175,1805.0,6,0,0,0,0,0,0,0,0,,0,0,0.0,17,6,1,1,,0,40 02:05.216,,0,75 07:03.111,3,0,0,0,67301,1,0,0,N,1,0,0,2,67301,0,,1,9,,N,N,N,0,,1,0,0,3,2,,1700,1,2,0,0,0,0,0,3,4,0,1,7,7.0,N,,,,,,,,,,,
2020112542,926.0,0,0,0,0,0,0,0,0,0,8,0,,67,12,2020,7,39.9568,-75.1556,926.0,6,0,0,0,0,0,1,0,0,,0,0,0.0,11,1,1,1,,0,39 57:24.416,,3,75 09:20.059,8,0,0,0,67301,1,0,0,N,1,0,0,2,67301,0,,1,1,,N,N,N,1,,0,0,0,3,2,,1100,1,2,0,0,0,1,0,3,4,0,1,3,3.0,N,,,,,,,,,,,
2020099478,1645.0,3,0,0,0,0,0,0,0,0,4,0,,67,11,2020,4,39.994,-75.1798,1635.0,6,0,0,0,0,0,0,0,0,,0,0,0.0,16,1,0,1,,2,39 59:38.554,7.0,0,75 10:47.402,0,0,0,0,67301,0,0,0,N,0,0,0,3,67301,0,,1,1,1726.0,N,N,N,0,,0,0,1,3,3,Y,1630,0,4,0,0,2,0,0,3,4,0,4,3,3.0,N,,,,,,,,,,,
2020105514,1529.0,0,0,0,0,0,0,0,0,0,7,0,45.0,67,11,2020,3,40.0095,-75.0659,1512.0,6,0,0,0,0,0,0,0,0,,0,0,0.0,15,1,0,0,N,1,40 00:34.318,2.0,0,75 03:57.184,0,0,0,0,67301,0,0,0,N,0,0,0,1,68K01,0,,4,1,20.0,N,N,N,0,,0,0,1,0,0,N,1507,0,1,0,0,0,0,0,3,4,0,1,3,,Y,4.0,1.0,N,,,N,Y,,,Y,N
2020095773,1350.0,2,0,0,0,0,0,0,0,0,4,0,,67,11,2020,2,40.0363,-75.1295,1343.0,6,0,0,0,0,0,0,0,0,,0,0,0.0,12,1,0,1,,0,40 02:10.706,,0,75 07:46.353,9,0,0,0,67301,0,0,0,N,0,0,0,2,67301,0,,1,1,,N,N,N,0,,0,0,0,3,3,,1215,0,2,0,0,0,0,1,3,4,0,2,3,3.0,N,,,,,,,,,,,
2020109347,1134.0,2,0,0,0,0,0,0,0,0,1,0,,67,12,2020,3,39.9601,-75.1794,1120.0,6,0,0,0,0,0,2,1,0,,0,0,0.0,11,1,0,0,N,1,39 57:36.245,4.0,0,75 10:45.819,0,0,0,0,67301,0,0,0,N,0,0,0,4,68K01,0,,1,1,1148.0,N,N,N,0,,0,0,2,0,0,N,1115,0,4,0,0,0,0,0,3,4,0,4,3,,N,,,,,,,,,,,
2020097131,2042.0,1,0,0,0,0,0,0,0,0,4,0,,67,11,2020,4,40.0613,-75.1721,2042.0,6,0,0,0,0,0,1,0,0,,0,0,0.0,19,3,3,1,,0,40 03:40.629,,0,75 10:19.427,3,0,0,0,67301,0,0,0,N,0,0,0,4,67301,0,,1,9,,N,N,N,0,,3,0,1,3,3,,1930,3,2,0,0,0,0,0,3,4,0,2,7,,N,,,,,,,,,,,
2020099667,155.0,3,0,0,0,0,0,0,0,0,1,0,,67,11,2020,6,39.9267,-75.237,153.0,6,0,0,0,0,0,0,0,0,,0,0,0.0,1,3,0,0,N,0,39 55:36.030,,0,75 14:13.070,9,0,0,0,67301,0,0,0,N,0,0,0,1,67301,0,,6,1,,N,N,N,0,,0,0,1,0,0,,140,0,4,0,0,0,0,1,3,4,0,4,3,3.0,N,,,,,,,,,,,
2020105381,202.0,0,0,0,0,0,0,0,0,0,7,0,,67,12,2020,7,40.0112,-75.0612,202.0,6,0,0,0,0,0,0,0,0,,0,0,0.0,2,3,0,0,N,0,40 00:40.419,,0,75 03:40.372,0,0,0,0,67301,0,0,0,N,0,0,0,1,68K01,0,,3,9,,N,N,N,0,,0,0,1,0,0,,201,0,1,0,0,0,0,0,3,4,0,1,7,7.0,N,,,,,,,,,,,
2020093915,955.0,0,0,0,1,0,0,0,0,0,4,0,,67,11,2020,4,39.9614,-75.1433,900.0,6,0,0,0,0,0,0,0,0,,0,0,0.0,15,1,1,1,,0,39 57:41.068,,0,75 08:35.811,3,0,0,0,67301,1,0,0,N,0,0,0,2,67301,0,,1,99,,N,N,N,0,,1,0,0,3,3,,1500,1,2,0,0,0,0,1,3,4,1,1,3,3.0,N,,,,,,,,,,,
2020101046,1225.0,1,0,0,0,0,0,0,0,0,4,0,,67,11,2020,1,39.9428,-75.2157,1220.0,6,0,0,0,0,0,0,0,0,,0,0,0.0,12,1,0,2,,0,39 56:34.076,,0,75 12:56.628,0,0,0,0,67301,0,0,0,N,0,0,0,2,67301,0,,1,1,,N,N,N,0,,0,0,1,3,3,,1207,0,2,0,0,0,0,0,3,4,0,2,3,3.0,N,,,,,,,,,,,
2020097154,129.0,2,0,0,0,0,0,0,0,0,1,0,,67,11,2020,7,39.9608,-75.1557,126.0,6,0,0,0,0,1,0,0,0,,0,0,0.0,1,3,0,0,N,0,39 57:38.884,,0,75 09:20.517,0,0,0,0,67301,0,0,0,N,0,0,0,1,67301,0,,1,1,,N,N,N,0,,0,0,0,0,0,,119,0,2,0,0,0,0,0,3,4,0,2,3,,N,,,,,,,,,,,
2020103829,653.0,1,0,0,0,0,0,0,0,0,7,0,,67,11,2020,4,39.9602,-75.1804,623.0,6,0,0,0,0,1,0,0,0,,0,0,0.0,6,1,0,0,N,0,39 57:36.835,,0,75 10:50.445,0,0,0,0,67301,0,0,0,N,0,0,0,1,68K01,0,,3,1,,N,N,N,0,,0,0,0,0,0,,606,0,1,0,0,0,0,0,3,4,0,1,3,,N,,,,,,,,,,,
2020097798,407.0,1,0,0,0,0,0,0,0,0,7,0,,67,11,2020,5,39.9386,-75.1421,403.0,6,0,0,0,0,0,0,0,0,,0,0,0.0,4,3,0,2,,0,39 56:19.213,,2,75 08:31.586,0,0,0,0,67301,0,0,0,N,0,0,0,1,67301,0,,3,9,,N,N,N,0,,0,0,0,3,2,,401,0,1,0,0,0,0,0,3,4,0,1,7,5.0,N,,,,,,,,,,,
2020093759,1520.0,1,0,0,0,0,0,0,0,0,4,0,,67,11,2020,4,40.0193,-75.1723,1514.0,6,0,0,0,0,0,0,0,0,,0,0,0.0,14,1,0,2,,0,40 01:09.652,,0,75 10:20.438,0,0,0,0,67301,0,0,0,N,0,0,0,1,67301,0,,1,1,,N,N,N,0,,0,0,1,3,3,,1400,0,2,0,0,1,0,0,3,4,0,2,3,3.0,N,,,,,,,,,,,
2020109321,634.0,0,0,0,0,0,0,0,0,0,7,0,,67,12,2020,6,40.0305,-75.022,614.0,6,0,0,0,0,0,1,0,0,,0,0,0.0,6,3,1,0,N,1,40 01:48.253,2.0,0,75 01:19.819,8,0,0,0,67301,0,0,0,N,0,0,0,1,68K01,0,,4,1,720.0,N,N,N,1,,0,0,0,0,0,N,605,1,1,0,0,0,1,0,3,4,0,1,3,,N,,,,,,,,,,,
2020100167,50.0,2,0,0,0,0,0,0,0,0,8,0,,67,11,2020,7,40.0271,-75.1174,40.0,6,0,0,0,0,0,0,0,0,,0,0,0.0,23,3,1,0,N,0,40 01:37.490,,0,75 07:02.460,3,0,0,0,67301,1,0,0,N,0,0,0,2,67301,0,,1,1,,N,N,Y,0,,1,0,0,0,0,,2330,1,3,0,0,0,0,1,3,4,0,3,3,3.0,N,,,,,,,,,,,
2020099340,634.0,0,0,0,0,0,0,0,0,0,4,0,,67,11,2020,3,39.96,-75.2249,628.0,6,0,0,0,0,0,0,0,1,,0,0,0.0,5,5,0,1,,0,39 57:36.137,,0,75 13:29.464,9,0,0,0,67301,0,0,0,N,0,0,0,2,67301,0,,1,1,,N,N,N,1,,0,0,0,3,2,,536,0,2,0,0,0,0,1,3,4,0,2,3,3.0,N,,,,,,,,,,,
2020093777,1115.0,0,0,0,0,0,0,0,0,0,4,0,,67,11,2020,5,39.9855,-75.1629,1110.0,6,0,0,0,0,0,0,0,0,,0,0,0.0,11,1,1,1,,0,39 59:07.969,,0,75 09:46.601,4,0,0,0,67301,0,0,0,N,0,0,0,2,67509,1,,1,1,,N,N,N,1,,0,0,1,3,2,,1105,1,2,0,0,0,0,0,3,4,0,2,3,3.0,N,,,,,,,,,,,
2020095610,635.0,2,0,0,0,0,0,0,0,0,4,0,,67,11,2020,2,39.992,-75.1402,629.0,6,0,0,0,0,0,1,0,0,,0,0,0.0,6,1,0,1,,0,39 59:31.689,,0,75 08:24.712,0,0,0,0,67301,0,0,0,N,0,0,0,2,67301,0,,1,1,,N,N,N,0,,0,0,0,3,2,,628,0,2,0,0,0,0,0,3,4,0,2,3,3.0,N,,,,,,,,,,,
2020100449,1054.0,1,0,0,0,0,0,0,0,0,5,0,,67,11,2020,1,40.0179,-75.0863,1053.0,6,0,0,0,0,0,0,0,0,,0,0,0.0,10,1,0,1,,0,40 01:04.472,,0,75 05:10.712,0,0,0,0,67301,0,0,0,N,0,0,0,1,67301,0,,4,1,,N,N,N,1,,0,0,1,3,3,,1053,0,3,0,0,0,0,0,3,4,0,3,3,3.0,N,,,,,,,,,,,
2020099850,1256.0,3,0,0,0,0,0,0,0,0,5,0,,67,11,2020,1,39.965,-75.2246,1253.0,6,0,0,0,0,0,0,0,1,,0,0,0.0,12,1,2,1,,1,39 57:53.852,4.0,0,75 13:28.466,3,0,0,0,67301,0,0,0,N,0,0,0,3,67301,0,,1,1,1330.0,N,N,N,0,,2,0,0,3,2,N,1243,2,3,0,0,1,0,0,3,4,0,3,4,3.0,N,,,,,,,,,,,
2020098004,1812.0,1,0,0,0,0,0,0,0,0,6,0,,67,11,2020,4,40.0244,-75.0462,1811.0,6,0,0,0,0,0,0,0,0,,0,0,0.0,18,3,0,0,N,1,40 01:27.973,5.0,0,75 02:46.155,0,0,0,0,67301,0,0,0,N,0,0,0,3,67301,0,,1,9,10.0,N,N,N,0,,0,0,1,0,0,N,1810,0,3,0,0,3,0,0,3,4,1,3,7,7.0,N,,,,,,,,,,,
2020101750,1109.0,2,0,0,0,0,0,0,0,0,1,0,,67,11,2020,5,40.0205,-75.1924,1107.0,6,0,0,0,0,0,0,0,0,,0,0,0.0,11,1,1,1,,0,40 01:13.581,,0,75 11:32.810,4,0,0,0,67301,0,0,0,N,0,0,0,3,67301,1,,1,9,,N,N,N,0,,0,0,0,3,2,,1105,1,2,0,0,0,0,0,3,4,0,2,3,,N,,,,,,,,,,,
2020099557,246.0,3,0,2,0,0,0,0,0,0,4,0,,67,11,2020,1,39.9584,-75.2313,246.0,6,0,0,0,0,0,0,0,0,,0,0,0.0,2,3,4,1,,2,39 57:30.373,3.0,0,75 13:52.586,2,0,0,0,67301,0,0,0,N,0,0,0,4,67301,1,,1,1,456.0,N,N,N,0,,1,2,0,3,3,N,244,4,3,0,0,0,0,0,3,4,0,3,3,3.0,N,,,,,,,,,,,
2020102421,910.0,0,0,0,0,0,0,0,0,0,1,0,,67,11,2020,1,39.9709,-75.2384,903.0,6,0,0,0,0,0,0,0,0,,0,0,0.0,8,1,0,0,N,0,39 58:15.268,,0,75 14:18.412,0,0,0,0,67301,0,0,0,N,0,0,0,1,67301,0,,6,1,,N,N,N,0,,0,0,2,0,0,,855,0,2,0,0,0,0,0,3,4,0,2,3,3.0,N,,,,,,,,,,,
2020110680,1726.0,1,0,0,0,0,0,0,0,0,4,0,,67,12,2020,2,39.9807,-75.1227,1722.0,6,0,0,0,0,0,0,0,0,,0,0,0.0,17,4,0,1,,0,39 58:50.462,,0,75 07:21.590,9,0,0,0,67301,0,0,0,N,0,0,0,2,67301,0,,1,1,,N,N,Y,0,,0,0,3,3,3,,1716,0,4,0,0,0,0,2,3,4,0,4,3,,N,,,,,,,,,,,
2020109330,610.0,0,0,0,0,0,0,0,0,0,7,0,,67,12,2020,7,39.8865,-75.2059,546.0,6,0,0,0,0,0,0,0,0,,0,0,0.0,5,3,0,0,N,1,39 53:11.282,1.0,0,75 12:21.326,0,0,0,0,67301,0,0,0,N,0,0,0,1,68K01,0,,4,9,635.0,N,N,N,0,,0,0,1,0,0,N,545,0,1,0,0,1,0,0,3,4,0,1,7,,N,,,,,,,,,,,
2020112991,1846.0,1,0,0,0,0,0,0,0,0,8,0,,67,12,2020,2,40.0129,-75.1554,1841.0,6,0,0,0,0,0,0,0,0,,0,0,0.0,18,3,1,1,,0,40 00:46.609,,0,75 09:19.321,3,0,0,0,67301,1,0,0,N,1,0,0,2,67301,0,,1,1,,N,N,N,0,,1,0,0,3,3,,1835,1,2,0,0,0,0,0,3,4,0,1,3,3.0,N,,,,,,,,,,,
2020102216,1525.0,1,0,0,0,0,0,0,0,0,8,0,,67,11,2020,6,40.0387,-75.0443,1520.0,6,0,0,0,0,0,0,0,0,,0,0,0.0,15,1,1,1,,0,40 02:19.338,,0,75 02:39.107,8,0,0,0,67301,1,0,0,N,1,0,0,2,67301,0,,1,1,,N,N,N,0,,0,0,0,0,0,,1505,1,2,0,0,0,1,0,3,4,0,1,3,,N,,,,,,,,,,,
2020104336,234.0,1,0,0,0,0,0,0,0,0,1,0,,67,12,2020,6,40.029,-75.1468,228.0,6,0,0,0,0,0,0,0,0,,0,0,0.0,2,3,0,0,N,0,40 01:44.440,,0,75 08:48.552,9,0,0,0,67301,0,0,0,N,0,0,0,1,67301,0,,1,1,,N,N,N,1,,0,0,0,0,0,,215,0,2,0,0,0,0,1,3,4,0,2,3,,N,,,,,,,,,,,
2020108479,114.0,1,0,0,0,0,0,0,0,0,7,0,,67,12,2020,3,39.8897,-75.2338,109.0,6,0,0,0,0,0,0,0,0,,0,0,0.0,1,3,0,3,,0,39 53:23.016,,0,75 14:01.544,9,0,0,0,67301,0,0,0,N,0,0,0,1,67301,0,,5,1,,N,N,N,0,,0,0,0,9,2,,100,0,1,0,0,0,0,1,3,4,0,1,3,,N,,,,,,,,,,,
2020103029,905.0,0,0,0,0,0,0,0,0,0,4,0,,67,11,2020,1,40.0262,-75.1692,855.0,6,0,0,0,0,0,1,0,0,,0,0,0.0,8,1,1,1,,0,40 01:34.321,,0,75 10:08.941,3,0,0,0,67301,0,0,0,N,0,0,0,2,67301,0,,1,1,,N,N,N,0,,1,0,2,3,2,,822,1,2,0,0,2,0,1,3,4,0,2,3,,N,,,,,,,,,,,
2020104692,1130.0,4,0,0,0,0,0,0,0,0,4,0,,67,12,2020,4,39.9867,-75.172,1120.0,6,0,0,0,0,0,0,0,0,,0,0,0.0,11,8,1,1,,0,39 59:12.170,,0,75 10:19.254,4,0,0,0,67301,0,0,0,N,0,0,0,2,67301,1,,1,1,,N,N,N,0,,0,0,0,0,0,,1115,1,5,0,0,0,0,1,3,4,1,5,3,3.0,N,,,,,,,,,,,
2020113452,1954.0,2,0,0,0,0,0,0,0,0,1,0,,67,12,2020,3,40.0167,-75.1496,1954.0,6,0,0,0,0,0,0,0,0,,0,0,0.0,19,3,1,0,N,0,40 01:00.056,,0,75 08:58.641,3,0,0,0,67301,0,0,0,N,0,0,0,6,67301,0,,1,1,,N,N,N,0,,1,0,0,0,0,,1954,1,2,0,0,0,0,0,3,4,0,2,3,3.0,N,,,,,,,,,,,
2020103017,1730.0,1,0,0,0,0,0,0,0,0,4,0,,67,11,2020,5,39.9879,-75.1235,1727.0,6,0,0,0,0,0,0,0,0,,0,0,0.0,17,3,0,1,,0,39 59:16.564,,0,75 07:24.030,9,0,0,0,67301,0,0,0,N,0,0,0,2,67301,0,,1,1,,N,N,N,0,,0,0,1,0,0,,1725,0,2,0,0,0,0,1,3,4,0,2,3,3.0,N,,,,,,,,,,,
2020099935,1221.0,1,0,0,0,0,0,0,0,0,4,0,,67,11,2020,6,39.9775,-75.1715,1221.0,6,0,0,0,0,0,0,0,0,,0,0,0.0,12,1,2,1,,0,39 58:39.151,,0,75 10:17.432,3,0,0,0,67301,0,0,0,N,0,0,0,2,67301,0,,1,1,,N,N,N,1,,2,0,0,3,2,,1221,2,2,0,0,1,0,0,3,4,0,2,3,3.0,N,,,,,,,,,,,
2020112073,1720.0,2,0,0,0,0,0,0,0,0,4,0,,67,12,2020,5,39.9247,-75.182,1720.0,6,0,0,0,1,0,0,0,0,,0,0,0.0,17,3,1,1,,0,39 55:28.952,,0,75 10:55.160,4,0,0,0,67301,0,0,0,N,0,0,0,2,67301,1,,1,9,,N,N,N,0,,0,0,1,3,3,,1700,1,3,0,0,0,0,0,3,4,0,3,7,7.0,N,,,,,,,,,,,
2020112464,1310.0,1,0,0,0,0,0,0,0,0,4,0,,67,12,2020,3,40.0846,-75.0249,1303.0,6,0,0,0,0,0,0,1,0,,0,0,0.0,12,1,3,1,,0,40 05:04.850,,0,75 01:30.277,3,0,0,0,67301,0,0,0,N,0,0,0,4,67301,0,,1,1,,N,N,N,0,,3,0,2,3,2,,1235,3,3,0,0,0,0,0,3,4,0,3,3,,N,,,,,,,,,,,
2020105019,1335.0,1,0,0,0,0,0,0,0,0,4,0,,67,12,2020,7,39.9479,-75.2312,1333.0,6,0,0,0,0,0,0,0,0,,0,0,0.0,13,1,1,1,,0,39 56:52.540,,0,75 13:52.467,3,0,0,0,67301,0,0,0,N,0,0,0,4,67301,0,,1,1,,N,N,N,0,,1,0,0,3,1,,1309,1,2,0,0,0,0,1,3,4,0,2,3,3.0,N,,,,,,,,,,,
2020108476,237.0,1,0,0,0,0,0,0,0,0,7,0,,67,12,2020,3,39.9479,-75.1405,232.0,6,0,0,0,0,0,0,0,0,,0,0,0.0,2,3,0,0,N,0,39 56:52.587,,3,75 08:25.763,9,0,0,0,67301,0,0,0,N,0,0,0,1,67301,0,,4,1,,N,N,N,0,,0,0,0,0,0,,229,0,1,0,0,0,0,1,3,4,0,1,3,3.0,N,,,,,,,,,,,
2020113929,1515.0,1,0,0,0,0,0,0,0,0,4,0,,67,12,2020,2,40.0301,-75.0352,1509.0,6,0,0,0,0,0,1,0,0,,0,0,0.0,13,1,1,1,,0,40 01:48.464,,0,75 02:06.579,3,0,0,0,67301,0,0,0,N,0,0,0,2,67301,0,,1,1,,N,N,N,0,,1,0,0,3,2,,1335,1,2,0,0,2,0,0,3,4,1,2,3,3.0,N,,,,,,,,,,,
2020104035,1856.0,0,0,0,0,0,0,0,0,0,4,0,,67,12,2020,4,40.0228,-75.159,1850.0,6,0,0,0,0,0,0,1,0,,0,0,0.0,18,3,1,5,,0,40 01:22.042,,0,75 09:32.483,4,0,0,0,67301,0,0,0,N,0,0,0,3,67301,1,,1,1,,N,N,N,0,,0,0,1,3,2,,1848,1,2,0,0,0,0,0,3,4,1,2,3,,N,,,,,,,,,,,