CRN,ARRIVAL_TM,AUTOMOBILE_COUNT,BELTED_DEATH_COUNT,BELTED_SUSP_SERIOUS_INJ_COUNT,BICYCLE_COUNT,BICYCLE_DEATH_COUNT,BICYCLE_SUSP_SERIOUS_INJ_COUNT,BUS_COUNT,CHLDPAS_DEATH_COUNT,CHLDPAS_SUSP_SERIOUS_INJ_COUNT,COLLISION_TYPE,COMM_VEH_COUNT,CONS_ZONE_SPD_LIM,COUNTY,CRASH_MONTH,CRASH_YEAR,DAY_OF_WEEK,DEC_LAT,DEC_LONG,DISPATCH_TM,DISTRICT,DRIVER_COUNT_16YR,DRIVER_COUNT_17YR,DRIVER_COUNT_18YR,DRIVER_COUNT_19YR,DRIVER_COUNT_20YR,DRIVER_COUNT_50_64YR,DRIVER_COUNT_65_74YR,DRIVER_COUNT_75PLUS,EST_HRS_CLOSED,FATAL_COUNT,HEAVY_TRUCK_COUNT,HORSE_BUGGY_COUNT,HOUR_OF_DAY,ILLUMINATION,INJURY_COUNT,INTERSECT_TYPE,INTERSECTION_RELATED,LANE_CLOSED,LATITUDE,LN_CLOSE_DIR,LOCATION_TYPE,LONGITUDE,MAX_SEVERITY_LEVEL,MCYCLE_DEATH_COUNT,MCYCLE_SUSP_SERIOUS_INJ_COUNT,MOTORCYCLE_COUNT,MUNICIPALITY,NONMOTR_COUNT,NONMOTR_DEATH_COUNT,NONMOTR_SUSP_SERIOUS_INJ_COUNT,NTFY_HIWY_MAINT,PED_COUNT,PED_DEATH_COUNT,PED_SUSP_SERIOUS_INJ_COUNT,PERSON_COUNT,POLICE_AGCY,POSSIBLE_INJ_COUNT,RDWY_SURF_TYPE_CD,RELATION_TO_ROAD,ROAD_CONDITION,ROADWAY_CLEARED,SCH_BUS_IND,SCH_ZONE_IND,SECONDARY_CRASH,SMALL_TRUCK_COUNT,SPEC_JURIS_CD,SUSP_MINOR_INJ_COUNT,SUSP_SERIOUS_INJ_COUNT,SUV_COUNT,TCD_FUNC_CD,TCD_TYPE,TFC_DETOUR_IND,TIME_OF_DAY,TOT_INJ_COUNT,TOTAL_UNITS,UNB_DEATH_COUNT,UNB_SUSP_SERIOUS_INJ_COUNT,UNBELTED_OCC_COUNT,UNK_INJ_DEG_COUNT,UNK_INJ_PER_COUNT,URBAN_AREA,URBAN_RURAL,VAN_COUNT,VEHICLE_COUNT,WEATHER1,WEATHER2,WORK_ZONE_IND,WORK_ZONE_LOC,WORK_ZONE_TYPE,WORKERS_PRES,WZ_CLOSE_DETOUR,WZ_FLAGGER,WZ_LAW_OFFCR_IND,WZ_LN_CLOSURE,WZ_MOVING,WZ_OTHER,WZ_SHLDER_MDN,WZ_WORKERS_INJ_KILLED
2020102275,1847.0,2,0,0,0,0,0,0,0,0,4,0,,67,11,2020,6,40.053,-75.0643,1846.0,6,0,0,0,0,0,0,0,0,,0,0,0.0,18,3,1,1,,0,40 03:11.009,,99,75 03:51.845,3,0,0,0,67301,0,0,0,N,0,0,0,3,67301,0,,1,1,,N,N,N,0,,1,0,0,9,2,,1845,1,2,0,0,2,0,0,3,4,0,2,3,,N,,,,,,,,,,,
2020108260,1726.0,0,0,0,0,0,0,0,0,0,8,0,,67,12,2020,7,39.9558,-75.236,1716.0,6,0,0,0,0,0,0,0,0,,0,0,0.0,17,3,1,1,,0,39 57:20.995,,0,75 14:09.589,3,0,0,0,67301,1,0,0,N,1,0,0,2,67301,0,,1,1,,N,N,N,0,,1,0,1,3,2,,1708,1,2,0,0,0,0,1,3,4,0,1,3,3.0,N,,,,,,,,,,,
2020110976,1308.0,1,0,0,0,0,0,0,0,0,8,0,,67,12,2020,2,40.0309,-75.2304,1301.0,6,0,0,0,0,0,0,0,0,,0,0,0.0,12,1,1,2,,0,40 01:51.402,,0,75 13:49.551,3,0,0,0,67301,1,0,0,N,1,0,0,2,67301,0,,1,7,,N,N,N,0,,1,0,0,3,3,,1251,1,2,0,0,0,0,0,3,4,0,1,4,4.0,N,,,,,,,,,,,
2020113262,2238.0,0,0,0,0,0,0,0,0,0,7,0,,67,12,2020,7,39.9632,-75.1388,2237.0,6,0,0,0,0,0,0,0,0,,0,0,0.0,22,3,1,0,N,1,39 57:47.590,1.0,0,75 08:19.611,3,0,0,0,67301,0,0,0,N,0,0,0,1,68K01,0,,4,1,1100.0,N,N,N,0,,1,0,1,0,0,N,2226,1,1,0,0,0,0,0,3,4,0,1,3,,N,,,,,,,,,,,
2020107394,110.0,2,0,0,0,0,0,0,0,0,5,0,,67,12,2020,1,39.9562,-75.1948,100.0,6,0,0,0,0,0,0,0,0,,0,0,0.0,0,3,1,0,N,0,39 57:22.424,,0,75 11:41.149,8,0,0,0,67301,0,0,0,N,0,0,0,2,67301,0,,1,1,,N,N,N,0,,0,0,0,0,0,,55,1,2,0,0,0,1,1,3,4,0,2,3,3.0,N,,,,,,,,,,,
2020099991,1720.0,1,0,0,0,0,0,0,0,0,4,0,,67,11,2020,6,39.9948,-75.1593,1707.0,6,0,0,0,0,0,1,0,0,,0,0,0.0,17,3,4,0,N,1,39 59:41.470,7.0,0,75 09:33.500,3,0,0,0,67301,0,0,0,N,0,0,0,5,67301,0,,1,1,1735.0,N,N,N,0,,3,0,1,9,2,N,1703,4,2,0,0,0,1,0,3,4,0,2,3,,N,,,,,,,,,,,
2020101355,1150.0,1,0,0,0,0,0,0,0,0,2,0,,67,11,2020,2,39.9572,-75.1555,1145.0,6,0,0,0,0,0,1,0,0,,0,0,0.0,11,1,0,1,,0,39 57:25.938,,0,75 09:19.761,0,0,0,0,67301,0,0,0,N,0,0,0,2,67301,0,,1,1,,N,N,N,0,,0,0,1,3,2,,1135,0,2,0,0,1,0,0,3,4,0,2,3,3.0,N,,,,,,,,,,,
2020103596,839.0,1,0,0,0,0,0,0,0,0,8,0,,67,12,2020,3,40.1317,-75.0122,837.0,6,0,1,0,0,0,2,1,0,,0,0,0.0,8,1,4,1,,2,40 07:54.104,5.0,0,75 00:44.368,4,0,0,0,67301,1,0,0,N,1,0,0,9,67301,3,,1,1,920.0,N,N,Y,0,,0,0,4,3,2,Y,830,4,8,0,0,0,1,0,3,4,2,7,4,,N,,,,,,,,,,,
2020099987,1555.0,1,0,0,0,0,0,0,0,0,8,0,,67,11,2020,4,39.9659,-75.2344,1550.0,6,0,0,0,0,0,0,0,0,,0,0,0.0,13,1,1,0,N,0,39 57:57.190,,0,75 14:03.710,3,0,0,0,67301,1,0,0,N,1,0,0,2,67301,0,,2,1,,N,N,N,0,,1,0,0,0,0,,1315,1,2,0,0,0,0,1,3,4,0,1,3,3.0,N,,,,,,,,,,,
2020104393,919.0,1,0,0,0,0,0,0,0,0,4,0,,67,12,2020,5,39.9957,-75.0787,910.0,6,0,0,0,0,0,1,0,0,,0,0,0.0,9,1,1,1,,0,39 59:44.343,,0,75 04:43.467,3,0,0,0,67301,0,0,0,N,0,0,0,2,67301,0,,1,1,,N,N,N,1,,1,0,0,3,3,,909,1,2,0,0,0,0,0,3,4,0,2,3,,N,,,,,,,,,,,
2020098361,1307.0,2,0,0,0,0,0,0,0,0,1,0,,67,11,2020,7,39.9869,-75.161,1306.0,6,0,0,0,0,0,1,0,0,,0,0,0.0,10,1,1,1,,0,39 59:12.926,,0,75 09:39.762,8,0,0,0,67301,0,0,0,N,0,0,0,3,67301,0,,1,1,,N,N,N,0,,0,0,0,3,2,,1000,1,2,0,0,0,1,1,3,4,0,2,3,3.0,N,,,,,,,,,,,
2020092713,300.0,2,0,0,0,0,0,0,0,0,4,0,,67,11,2020,1,39.9595,-75.162,300.0,6,0,0,0,0,0,0,0,0,,0,0,0.0,23,3,1,1,,0,39 57:34.154,,0,75 09:43.529,3,0,0,0,67301,0,0,0,N,0,0,0,3,67301,0,,1,1,,N,N,N,0,,1,0,0,3,2,,2338,1,2,0,0,3,0,0,3,4,0,2,3,98.0,N,,,,,,,,,,,
2020103322,2032.0,1,0,0,0,0,0,0,0,0,7,0,,67,11,2020,5,39.9436,-75.1427,2024.0,6,0,0,0,0,0,0,0,0,,0,0,0.0,20,3,1,0,N,0,39 56:36.988,,0,75 08:33.766,3,0,0,0,67301,0,0,0,N,0,0,0,3,68K01,0,,2,9,,N,N,N,0,,1,0,0,0,0,,2022,1,1,0,0,0,0,0,3,4,0,1,7,,N,,,,,,,,,,,
2020095302,900.0,1,0,0,0,0,0,0,0,0,1,0,,67,11,2020,2,40.0439,-75.1289,900.0,6,0,0,0,0,0,0,0,0,,0,0,0.0,8,1,0,0,N,0,40 02:38.080,,0,75 07:43.920,0,0,0,0,67301,0,0,0,N,0,0,0,1,67301,0,,6,1,,N,N,N,0,,0,0,1,0,0,,850,0,2,0,0,1,0,0,3,4,0,2,3,3.0,N,,,,,,,,,,,
2020102063,2115.0,1,0,0,0,0,0,0,0,0,6,0,,67,11,2020,5,40.0746,-75.0351,2110.0,6,0,0,0,0,0,0,1,0,,0,0,0.0,21,3,1,1,,0,40 04:28.594,,0,75 02:06.267,8,0,0,0,67301,0,0,0,N,0,0,0,2,67301,0,,1,1,,N,N,N,0,,0,0,1,3,2,,2109,1,2,0,0,0,1,0,3,4,0,2,3,3.0,N,,,,,,,,,,,
2020092368,428.0,3,0,0,0,0,0,0,0,0,5,0,,67,11,2020,1,39.9729,-75.1444,426.0,6,0,0,0,0,0,0,0,0,,0,0,0.0,4,3,0,0,N,2,39 58:22.380,1.0,0,75 08:39.850,0,0,0,0,67301,0,0,0,N,0,0,0,1,67301,0,,6,1,515.0,N,N,N,0,,0,0,0,0,0,Y,415,0,3,0,0,0,0,0,3,4,0,3,3,3.0,N,,,,,,,,,,,
2020104957,1538.0,1,0,0,0,0,0,0,0,0,7,0,,67,11,2020,3,40.0223,-75.0782,1535.0,6,0,0,0,0,0,0,0,0,,0,0,0.0,15,1,1,0,N,0,40 01:20.319,,0,75 04:41.497,4,0,0,0,67301,0,0,0,N,0,0,0,1,67301,1,,4,1,,N,N,N,0,,0,0,0,0,0,,1535,1,1,0,0,0,0,0,3,4,0,1,3,3.0,N,,,,,,,,,,,
2020100948,1206.0,0,0,0,0,0,0,0,0,0,7,0,,67,11,2020,6,40.0409,-75.0053,1202.0,6,0,0,0,0,0,0,0,0,,0,0,0.0,12,1,0,0,N,1,40 02:27.088,2.0,0,75 00:19.130,0,0,0,0,67301,0,0,0,N,0,0,0,1,68K01,0,,4,9,1330.0,N,N,N,0,,0,0,1,0,0,N,1200,0,1,0,0,0,0,0,3,4,0,1,7,,N,,,,,,,,,,,
2020101045,210.0,1,0,0,0,0,0,0,0,0,7,0,,67,11,2020,7,39.9311,-75.2429,200.0,6,0,0,0,0,0,0,0,0,,0,0,0.0,22,3,0,0,N,0,39 55:51.955,,0,75 14:34.439,0,0,0,0,67301,0,0,0,N,0,0,0,1,67301,0,,5,1,,N,N,N,0,,0,0,0,0,0,,2257,0,1,0,0,0,0,0,3,4,0,1,3,3.0,N,,,,,,,,,,,
2020092501,1716.0,1,0,0,0,0,0,0,0,0,7,0,,67,11,2020,1,39.9931,-75.215,1649.0,6,0,0,0,0,0,1,0,0,,0,0,0.0,16,3,1,11,,0,39 59:35.020,,0,75 12:54.048,3,0,0,0,67301,0,0,0,N,0,0,0,1,67301,0,,9,8,,N,N,N,0,,1,0,0,0,0,,1635,1,1,0,0,1,0,0,3,4,0,1,7,7.0,N,,,,,,,,,,,
2020096778,1751.0,1,0,0,0,0,0,0,0,0,8,0,,67,11,2020,4,40.0253,-75.1676,1750.0,6,0,0,0,0,0,0,0,0,,0,0,0.0,17,3,1,1,,0,40 01:31.316,,0,75 10:03.447,8,0,0,0,67301,1,0,0,N,1,0,0,2,67301,0,,1,9,,N,N,N,0,,0,0,0,3,2,,1740,1,2,0,0,0,1,0,3,4,0,1,7,5.0,N,,,,,,,,,,,
2020107398,450.0,1,0,0,0,0,0,0,0,0,2,0,,67,12,2020,4,40.0181,-75.1101,457.0,6,0,0,0,0,0,0,0,0,,0,0,0.0,4,3,0,1,N,0,40 01:05.178,,0,75 06:36.320,0,0,0,0,67301,0,0,0,N,0,0,0,1,67301,0,,2,1,,N,N,N,0,,0,0,1,3,3,,447,0,2,0,0,1,0,0,3,4,0,2,3,3.0,N,,,,,,,,,,,
2020104833,611.0,1,0,0,0,0,0,0,0,0,7,0,,67,11,2020,5,40.0375,-75.0121,531.0,6,0,0,0,0,0,0,0,0,,0,0,0.0,5,3,0,0,N,1,40 02:15.055,1.0,0,75 00:43.420,0,0,0,0,67301,0,0,0,N,0,0,0,1,68K01,0,,3,8,830.0,N,N,N,0,,0,0,0,0,0,N,529,0,1,0,0,0,0,0,3,4,0,1,7,,N,,,,,,,,,,,
2020103910,2047.0,1,0,0,0,0,0,0,0,0,8,0,,67,12,2020,4,39.9512,-75.1991,2046.0,6,0,0,0,0,0,0,0,0,,0,0,0.0,20,3,1,1,N,0,39 57:04.496,,0,75 11:56.898,3,0,0,0,67301,1,0,0,N,1,0,0,2,67504,0,,1,1,,N,N,N,0,,1,0,0,3,2,,2045,1,2,0,0,1,0,0,3,4,0,1,3,3.0,N,,,,,,,,,,,
2020100345,2027.0,1,0,0,0,0,0,0,0,0,4,0,,67,11,2020,1,39.9622,-75.1913,2023.0,6,0,0,0,0,0,0,0,0,,0,0,0.0,20,3,1,1,,1,39 57:43.801,2.0,0,75 11:28.582,3,0,0,0,67301,0,0,0,N,0,0,0,8,67507,0,,1,1,2107.0,N,N,N,0,,1,0,1,3,2,Y,2020,1,2,0,0,0,0,0,3,4,0,2,3,3.0,N,,,,,,,,,,,
2020094931,1510.0,1,0,0,0,0,0,0,0,0,4,0,,67,11,2020,2,39.9545,-75.2464,1458.0,6,0,0,0,0,0,0,0,1,,0,0,0.0,14,1,1,1,,0,39 57:16.034,,0,75 14:46.957,3,0,0,0,67301,0,0,0,N,0,0,0,2,67301,0,,1,1,,N,N,N,0,,1,0,1,3,3,,1455,1,2,0,0,0,0,0,3,4,0,2,3,3.0,N,,,,,,,,,,,
2020098286,2037.0,0,0,0,0,0,0,0,0,0,5,0,,67,11,2020,6,40.0009,-75.1347,2032.0,6,0,0,0,0,0,0,0,0,,0,0,0.0,20,3,1,0,N,2,40 00:03.200,4.0,0,75 08:04.800,8,0,0,0,67301,0,0,0,N,0,0,0,1,67301,0,,6,1,2200.0,N,N,N,1,,0,0,3,0,0,N,2030,1,4,0,0,0,1,0,3,4,0,4,3,3.0,N,,,,,,,,,,,
2020095975,1805.0,1,0,0,0,0,0,0,0,0,4,0,,67,11,2020,2,40.0259,-75.1231,1756.0,6,0,0,0,0,0,1,1,0,,0,0,0.0,17,3,1,1,,0,40 01:33.290,,0,75 07:24.239,8,0,0,0,67301,0,0,0,N,0,0,0,2,67301,0,,1,1,,N,N,N,0,,0,0,1,3,2,,1755,1,2,0,0,0,1,1,3,4,0,2,3,3.0,N,,,,,,,,,,,
2020102905,50.0,2,0,0,0,0,0,0,0,0,1,0,,67,12,2020,3,40.0443,-75.1188,48.0,6,0,0,0,0,0,0,0,0,,0,0,0.0,0,3,1,0,N,0,40 02:39.607,,0,75 07:07.552,3,0,0,0,67301,0,0,0,N,0,0,0,2,67301,0,,1,9,,N,N,N,0,,1,0,0,0,0,,34,1,2,0,0,0,0,0,3,4,0,2,7,98.0,N,,,,,,,,,,,
2020099790,2050.0,1,0,0,0,0,0,0,0,0,7,0,,67,11,2020,4,39.9568,-75.1537,2050.0,6,0,0,0,0,0,1,0,0,,0,0,0.0,20,3,1,7,N,1,39 57:24.365,3.0,2,75 09:13.407,8,0,0,0,67301,0,0,0,N,0,0,0,1,68K01,0,,2,9,2100.0,N,N,N,0,,0,0,0,0,0,N,2050,1,1,0,0,0,1,0,3,4,0,1,7,7.0,N,,,,,,,,,,,
2020096605,1430.0,2,0,0,0,0,0,0,0,0,4,0,,67,11,2020,4,39.987,-75.1489,1423.0,6,0,0,0,0,0,0,0,0,,0,0,0.0,14,1,1,1,,0,39 59:13.126,,0,75 08:56.402,3,0,0,0,67301,0,0,0,N,0,0,0,2,67301,0,,1,9,,N,N,N,0,,1,0,0,3,2,,1420,1,2,0,0,0,0,0,3,4,0,2,7,4.0,N,,,,,,,,,,,
2020104430,808.0,1,0,0,0,0,0,0,0,0,7,0,,67,11,2020,2,40.0381,-75.011,757.0,6,0,0,0,0,0,0,0,0,,0,0,0.0,7,1,0,0,N,2,40 02:17.290,2.0,0,75 00:39.686,9,0,0,0,67301,0,0,0,N,0,0,0,1,68K01,0,,4,9,30.0,N,N,N,0,,0,0,0,0,0,N,756,0,1,0,0,0,0,1,3,4,0,1,7,,N,,,,,,,,,,,
2020097136,2312.0,2,0,0,0,0,0,0,0,0,4,0,,67,11,2020,7,39.9592,-75.2434,2306.0,6,0,0,0,0,0,0,0,0,,0,0,0.0,23,3,2,1,,2,39 57:33.025,7.0,0,75 14:36.157,3,0,0,0,67301,0,0,0,N,0,0,0,3,67301,0,,1,1,20.0,N,N,N,0,,1,0,2,3,2,Y,2302,2,4,0,0,0,1,0,3,4,0,4,3,3.0,N,,,,,,,,,,,
2020092369,849.0,8,0,0,0,0,0,0,0,0,1,0,,67,11,2020,1,39.9677,-75.1436,633.0,6,0,0,0,0,0,0,0,0,,0,0,0.0,6,3,0,0,N,0,39 58:03.570,,0,75 08:36.870,9,0,0,0,67301,0,0,0,N,0,0,0,2,67301,0,,1,1,,N,N,Y,0,,0,0,0,0,0,,632,0,8,0,0,0,0,1,3,4,0,8,7,7.0,N,,,,,,,,,,,
2020095768,1706.0,3,0,0,0,0,0,0,0,0,4,0,,67,11,2020,3,39.9367,-75.197,1705.0,6,0,0,0,0,0,0,1,0,,0,0,0.0,16,3,2,1,,1,39 56:12.050,2.0,0,75 11:49.257,2,0,0,0,67301,0,0,0,N,0,0,0,2,67301,0,,1,1,2100.0,N,N,Y,0,,1,1,0,0,0,Y,1655,2,3,0,1,1,0,0,3,4,0,3,3,3.0,N,,,,,,,,,,,
2020096987,1555.0,1,0,0,0,0,0,0,0,0,1,0,,67,11,2020,5,40.1007,-75.0069,1552.0,6,0,0,0,0,0,1,0,0,,0,0,0.0,15,1,0,0,N,1,40 06:02.592,1.0,0,75 00:25.002,0,0,0,0,67301,0,0,0,N,0,0,0,2,67301,0,,1,9,1610.0,N,N,N,0,,0,0,1,0,0,N,1545,0,2,0,0,0,0,0,3,4,0,2,7,4.0,N,,,,,,,,,,,
2020098017,1700.0,1,0,0,0,0,0,0,0,0,8,0,,67,11,2020,7,40.0223,-75.162,1700.0,6,0,0,0,0,0,0,0,0,,0,0,0.0,0,3,1,1,,0,40 01:20.289,,0,75 09:43.290,3,0,0,0,67301,1,0,0,N,1,0,0,2,67301,0,,1,1,,N,N,N,0,,1,0,0,3,2,,45,1,2,0,0,0,0,1,3,4,0,1,3,,N,,,,,,,,,,,
2020097745,2200.0,1,0,0,0,0,0,0,0,0,7,0,,67,11,2020,6,39.9705,-75.1247,2153.0,6,0,0,0,0,0,0,0,0,,0,0,0.0,21,3,1,0,N,1,39 58:13.625,1.0,0,75 07:28.913,3,0,0,0,67301,0,0,0,N,0,0,0,1,68K01,0,,4,1,2235.0,N,Y,N,0,,1,0,0,0,0,N,2150,1,1,0,0,0,0,0,3,4,0,1,3,,N,,,,,,,,,,,
2020097590,730.0,2,0,0,0,0,0,0,0,0,4,0,,67,11,2020,6,39.9776,-75.1607,729.0,6,0,0,1,0,1,0,0,0,,0,0,0.0,7,1,1,1,,0,39 58:39.385,,0,75 09:38.355,3,0,0,0,67301,0,0,0,N,0,0,0,2,67301,0,,1,9,,N,N,N,0,,1,0,0,3,3,,710,1,2,0,0,0,0,0,3,4,0,2,4,7.0,N,,,,,,,,,,,
2020052960,1559.0,1,0,0,0,0,0,0,0,0,4,0,,67,6,2020,7,40.0264,-75.1172,1558.0,6,0,0,0,0,0,0,0,0,,0,0,0.0,15,1,1,2,,0,40 01:34.488,,0,75 07:02.452,3,0,0,1,67301,0,0,0,N,0,0,0,2,67301,0,,1,1,,N,N,N,0,,1,0,0,9,9,,1558,1,2,0,0,0,0,1,3,4,0,2,3,3.0,N,,,,,,,,,,,
2020109315,1151.0,0,0,0,0,0,0,0,0,0,7,0,,67,12,2020,5,39.9971,-75.1963,1149.0,6,0,0,0,0,0,1,0,0,,0,0,0.0,11,1,1,0,N,1,39 59:49.678,4.0,0,75 11:46.734,3,0,0,0,67301,0,0,0,N,0,0,0,3,68K01,0,,3,1,1210.0,N,N,N,0,,1,0,0,0,0,N,1149,1,1,0,0,0,0,0,3,4,1,1,3,,N,,,,,,,,,,,
2020098345,742.0,4,0,0,0,0,0,0,0,0,2,0,,67,11,2020,3,40.0025,-75.1505,739.0,6,0,0,0,0,0,0,0,0,,0,0,0.0,7,1,0,0,N,1,40 00:09.177,1.0,0,75 09:01.676,0,0,0,0,67301,0,0,0,N,0,0,0,1,67505,0,,6,1,930.0,N,N,N,1,,0,0,1,0,0,N,730,0,6,0,0,1,0,0,3,4,0,6,3,3.0,N,,,,,,,,,,,
2020107087,1756.0,0,0,0,0,0,0,0,0,0,4,0,,67,12,2020,6,39.9916,-75.1365,1755.0,6,0,0,0,0,0,0,0,0,,0,0,0.0,17,3,1,0,N,0,39 59:29.627,,0,75 08:11.535,3,0,0,0,67301,0,0,0,N,0,0,0,2,67301,0,,1,1,,N,N,N,0,,1,0,2,0,0,,1750,1,2,0,0,0,0,0,3,4,0,2,3,3.0,N,,,,,,,,,,,
2020104962,1400.0,0,0,0,0,0,0,0,0,0,1,0,,67,12,2020,7,39.9881,-75.1335,1400.0,6,0,0,0,0,0,0,0,0,,0,0,0.0,12,8,1,1,,0,39 59:17.037,,0,75 08:00.725,3,0,0,0,67301,0,0,0,N,0,0,0,2,67301,0,,1,8,,N,N,N,0,,1,0,1,9,9,,1215,1,2,0,0,0,0,1,3,4,0,2,7,4.0,N,,,,,,,,,,,
2020112548,829.0,1,0,0,0,0,0,0,0,0,4,0,,67,12,2020,1,39.9387,-75.2157,826.0,6,0,0,0,0,0,0,0,0,,0,0,0.0,8,1,2,0,N,0,39 56:19.190,,0,75 12:56.660,3,0,0,0,67301,0,0,0,N,0,0,0,2,67301,0,,1,1,,N,N,N,0,,2,0,0,0,0,,818,2,2,0,0,0,0,0,3,4,0,1,3,3.0,N,,,,,,,,,,,
2020104027,1533.0,1,0,0,0,0,0,0,0,0,1,0,,67,12,2020,4,40.0889,-74.9696,1523.0,6,0,0,0,0,0,0,0,0,,0,0,0.0,15,1,1,0,Y,1,40 05:20.265,2.0,7,74 58:10.182,4,0,0,0,67301,0,0,0,N,0,0,0,4,67301,1,,1,1,30.0,N,N,N,0,,0,0,2,3,2,N,1517,1,3,0,0,0,0,0,3,4,0,3,3,3.0,N,,,,,,,,,,,
2020110977,1040.0,1,0,0,0,0,0,0,0,0,4,0,,67,12,2020,3,39.9616,-75.1751,1033.0,6,0,0,0,0,0,0,1,0,,0,0,0.0,10,1,0,1,,0,39 57:41.736,,0,75 10:30.284,0,0,0,0,67301,0,0,0,N,0,0,0,3,67301,0,,1,9,,N,N,N,0,,0,0,1,3,2,,1021,0,2,0,0,0,0,0,3,4,0,2,3,3.0,N,,,,,,,,,,,
2020101354,1312.0,0,0,0,0,0,0,0,0,0,4,0,,67,11,2020,5,40.0562,-75.236,1308.0,6,0,0,0,0,0,1,0,0,,0,0,0.0,13,1,1,2,,0,40 03:22.436,,0,75 14:09.468,8,0,0,0,67301,0,0,0,N,0,0,0,1,67301,0,,1,1,,N,N,N,0,,0,0,2,0,0,,1308,1,2,0,0,0,1,0,3,4,0,2,3,3.0,N,,,,,,,,,,,
2020108752,1643.0,1,0,0,0,0,0,0,0,0,4,0,,67,12,2020,4,39.9536,-75.1986,1643.0,6,0,0,0,0,0,0,0,0,,0,0,0.0,16,3,0,1,,0,39 57:12.991,,0,75 11:55.051,0,0,0,0,67301,0,0,0,N,0,0,0,4,67504,0,,1,7,,N,N,N,1,,0,0,0,1,2,N,1643,0,2,0,0,0,0,0,3,4,0,2,2,2.0,N,,,,,,,,,,,
2020113446,2241.0,2,0,0,0,0,0,0,0,0,4,0,,67,12,2020,4,39.9161,-75.1663,2234.0,6,0,0,0,0,0,0,0,0,,0,0,0.0,22,3,1,1,,0,39 54:58.048,,0,75 09:58.540,3,0,0,0,67301,0,0,0,N,0,0,0,3,67301,0,,1,1,,N,N,N,1,,1,0,1,3,2,,2233,1,4,0,0,0,0,1,3,4,0,4,3,3.0,N,,,,,,,,,,,
2020104722,40.0,3,0,0,0,0,0,0,0,0,1,0,,67,12,2020,4,39.9544,-75.2329,39.0,6,0,0,0,0,0,0,0,0,,0,0,0.0,0,3,0,0,N,2,39 57:15.700,6.0,0,75 13:58.300,9,0,0,0,67301,0,0,0,N,0,0,0,1,67301,0,,6,1,520.0,N,N,N,0,,0,0,1,0,0,Y,37,0,4,0,0,0,0,1,3,4,0,4,3,3.0,N,,,,,,,,,,,
2020114061,2207.0,3,0,0,0,0,0,0,0,0,7,0,,67,12,2020,7,39.9754,-75.1953,2205.0,6,0,0,0,0,0,2,0,0,,0,0,0.0,22,2,1,0,N,0,39 58:31.500,,1,75 11:42.900,3,0,0,0,67301,0,0,0,N,0,0,0,7,67301,0,,3,2,,N,N,Y,0,,1,0,4,0,0,,2200,1,7,0,0,0,0,0,3,4,0,7,3,3.0,N,,,,,,,,,,,
2020107488,1811.0,1,0,0,0,0,0,0,0,0,8,0,,67,12,2020,7,40.0511,-75.0616,1802.0,6,0,0,0,0,0,0,0,0,,0,0,0.0,17,3,1,0,N,0,40 03:03.800,,7,75 03:41.900,3,0,0,0,67301,1,0,0,N,1,0,0,2,67301,0,,1,1,,N,N,N,0,,1,0,0,0,0,,1753,1,2,0,0,0,0,0,3,4,0,1,3,3.0,N,,,,,,,,,,,
2020102132,1605.0,1,0,0,0,0,0,0,0,0,4,0,,67,11,2020,7,39.9705,-75.151,1600.0,6,0,0,0,0,0,0,0,0,,0,0,0.0,15,1,1,1,,0,39 58:13.623,,1,75 09:03.509,8,0,0,0,67301,0,0,0,N,0,0,0,2,67301,0,,1,1,,N,N,N,0,,0,0,0,3,3,,1555,1,3,0,0,0,1,1,3,4,1,3,3,,N,,,,,,,,,,,
2020101823,1037.0,2,0,0,0,0,0,0,0,0,3,0,,67,11,2020,5,39.9196,-75.2308,1037.0,6,0,0,0,0,1,0,0,0,,0,0,0.0,10,1,0,0,N,0,39 55:10.700,,0,75 13:50.700,0,0,0,0,67301,0,0,0,N,0,0,0,3,67301,0,,1,1,,N,N,N,0,,0,0,1,0,0,,1037,0,3,0,0,0,0,0,3,4,0,3,4,,N,,,,,,,,,,,
2020113994,2202.0,1,0,0,0,0,0,0,0,0,7,0,,67,12,2020,2,40.0352,-75.0177,2159.0,6,0,0,0,0,0,0,0,0,,0,0,0.0,21,3,0,0,N,1,40 02:06.502,2.0,0,75 01:04.296,0,0,0,0,67301,0,0,0,N,0,0,0,2,68K01,0,,4,1,2230.0,N,Y,N,0,,0,0,0,0,0,N,2156,0,1,0,0,0,0,0,3,4,0,1,3,,N,,,,,,,,,,,
2020113935,1745.0,2,0,0,0,0,0,0,0,0,1,0,,67,12,2020,4,40.004,-75.1716,1740.0,6,0,0,0,0,0,0,0,0,,0,0,0.0,16,1,1,0,N,0,40 00:14.443,,0,75 10:17.900,3,0,0,0,67301,0,0,0,N,0,0,0,3,67301,0,,1,1,,N,N,N,0,,1,0,0,0,0,,1657,1,2,0,0,0,0,1,3,4,0,2,3,3.0,N,,,,,,,,,,,
2020113257,143.0,0,0,0,0,0,0,0,0,0,7,0,,67,12,2020,7,39.9654,-75.186,135.0,6,0,0,0,0,0,1,0,0,,0,0,0.0,1,3,1,7,N,1,39 57:55.435,3.0,0,75 11:09.669,3,0,0,0,67301,0,0,0,N,0,0,0,1,68K01,0,,7,1,145.0,N,N,N,0,,1,0,0,0,0,N,135,1,1,0,0,0,0,0,3,4,1,1,3,,N,,,,,,,,,,,