CRN,ARRIVAL_TM,AUTOMOBILE_COUNT,BELTED_DEATH_COUNT,BELTED_SUSP_SERIOUS_INJ_COUNT,BICYCLE_COUNT,BICYCLE_DEATH_COUNT,BICYCLE_SUSP_SERIOUS_INJ_COUNT,BUS_COUNT,CHLDPAS_DEATH_COUNT,CHLDPAS_SUSP_SERIOUS_INJ_COUNT,COLLISION_TYPE,COMM_VEH_COUNT,CONS_ZONE_SPD_LIM,COUNTY,CRASH_MONTH,CRASH_YEAR,DAY_OF_WEEK,DEC_LAT,DEC_LONG,DISPATCH_TM,DISTRICT,DRIVER_COUNT_16YR,DRIVER_COUNT_17YR,DRIVER_COUNT_18YR,DRIVER_COUNT_19YR,DRIVER_COUNT_20YR,DRIVER_COUNT_50_64YR,DRIVER_COUNT_65_74YR,DRIVER_COUNT_75PLUS,EST_HRS_CLOSED,FATAL_COUNT,HEAVY_TRUCK_COUNT,HORSE_BUGGY_COUNT,HOUR_OF_DAY,ILLUMINATION,INJURY_COUNT,INTERSECT_TYPE,INTERSECTION_RELATED,LANE_CLOSED,LATITUDE,LN_CLOSE_DIR,LOCATION_TYPE,LONGITUDE,MAX_SEVERITY_LEVEL,MCYCLE_DEATH_COUNT,MCYCLE_SUSP_SERIOUS_INJ_COUNT,MOTORCYCLE_COUNT,MUNICIPALITY,NONMOTR_COUNT,NONMOTR_DEATH_COUNT,NONMOTR_SUSP_SERIOUS_INJ_COUNT,NTFY_HIWY_MAINT,PED_COUNT,PED_DEATH_COUNT,PED_SUSP_SERIOUS_INJ_COUNT,PERSON_COUNT,POLICE_AGCY,POSSIBLE_INJ_COUNT,RDWY_SURF_TYPE_CD,RELATION_TO_ROAD,ROAD_CONDITION,ROADWAY_CLEARED,SCH_BUS_IND,SCH_ZONE_IND,SECONDARY_CRASH,SMALL_TRUCK_COUNT,SPEC_JURIS_CD,SUSP_MINOR_INJ_COUNT,SUSP_SERIOUS_INJ_COUNT,SUV_COUNT,TCD_FUNC_CD,TCD_TYPE,TFC_DETOUR_IND,TIME_OF_DAY,TOT_INJ_COUNT,TOTAL_UNITS,UNB_DEATH_COUNT,UNB_SUSP_SERIOUS_INJ_COUNT,UNBELTED_OCC_COUNT,UNK_INJ_DEG_COUNT,UNK_INJ_PER_COUNT,URBAN_AREA,URBAN_RURAL,VAN_COUNT,VEHICLE_COUNT,WEATHER1,WEATHER2,WORK_ZONE_IND,WORK_ZONE_LOC,WORK_ZONE_TYPE,WORKERS_PRES,WZ_CLOSE_DETOUR,WZ_FLAGGER,WZ_LAW_OFFCR_IND,WZ_LN_CLOSURE,WZ_MOVING,WZ_OTHER,WZ_SHLDER_MDN,WZ_WORKERS_INJ_KILLED
2020098743,1206.0,2,0,0,0,0,0,0,0,0,4,0,,67,11,2020,5,40.0498,-75.0112,1205.0,6,0,0,0,0,0,0,0,1,,0,0,0.0,12,1,1,0,N,0,40 02:59.191,,7,75 00:40.366,8,0,0,0,67301,0,0,0,N,0,0,0,3,67301,0,,1,98,,N,N,N,0,,0,0,0,0,0,,1202,1,2,0,0,0,1,0,3,4,0,2,4,,N,,,,,,,,,,,
2020108942,237.0,3,0,0,0,0,0,0,0,0,1,0,,67,11,2020,3,39.9828,-75.1883,237.0,6,0,0,0,0,1,0,0,0,,0,0,0.0,1,3,1,2,,0,39 58:57.424,,0,75 11:18.175,3,0,0,0,67301,0,0,0,N,0,0,0,3,67301,0,,1,1,,N,N,N,0,,1,0,0,3,2,,130,1,3,0,0,2,0,0,3,4,0,3,3,3.0,N,,,,,,,,,,,
2020103316,2053.0,0,0,0,0,0,0,0,0,0,7,0,,67,11,2020,4,40.0328,-75.0209,2042.0,6,0,0,0,0,1,0,0,0,,0,0,0.0,20,3,0,0,Y,1,40 01:58.041,2.0,0,75 01:15.417,0,0,0,0,67301,0,0,0,N,0,0,0,2,68K01,0,,4,9,2110.0,N,N,N,0,,0,0,0,0,0,N,2040,0,1,0,0,0,0,0,3,4,1,1,7,,N,,,,,,,,,,,
2020102880,428.0,1,0,0,0,0,0,0,0,0,7,0,,67,11,2020,5,39.9555,-75.1482,427.0,6,0,0,0,0,0,1,0,0,,0,0,0.0,4,3,0,0,N,0,39 57:19.901,,2,75 08:53.389,0,0,0,0,67301,0,0,0,N,0,0,0,1,67501,0,,3,9,,N,N,N,0,,0,0,0,0,0,,427,0,1,0,0,0,0,0,3,4,0,1,7,,N,,,,,,,,,,,
2020097353,1235.0,2,0,0,0,0,0,0,0,0,4,0,,67,11,2020,6,39.9537,-75.2323,1234.0,6,0,0,0,0,0,0,0,0,,0,0,0.0,12,1,1,1,,0,39 57:13.402,,0,75 13:56.207,3,0,0,0,67301,0,0,0,N,0,0,0,3,67301,0,,1,1,,N,N,N,0,,1,0,1,3,3,,1233,1,3,0,0,0,0,0,3,4,0,3,3,3.0,N,,,,,,,,,,,
2020105884,2154.0,1,0,0,0,0,0,0,0,0,1,0,,67,12,2020,3,,,2147.0,6,0,0,0,0,0,0,0,1,,0,0,0.0,21,3,1,0,N,2,,1.0,0,,3,0,0,0,67301,0,0,0,N,0,0,0,1,67301,0,,2,1,0.0,N,N,N,0,,1,0,1,0,0,N,2135,1,2,0,0,0,0,0,3,3,0,2,3,3.0,N,,,,,,,,,,,
2020101827,2314.0,1,0,0,0,0,0,0,0,0,4,0,,67,11,2020,4,39.9752,-75.1882,2312.0,6,0,0,0,1,0,0,0,0,,0,0,0.0,23,3,3,1,,0,39 58:30.561,,0,75 11:17.209,8,0,0,0,67301,0,0,0,N,0,0,0,4,67301,0,,1,1,,N,N,N,0,,0,0,1,3,2,,2300,3,2,0,0,0,3,0,3,4,0,2,3,3.0,N,,,,,,,,,,,
2020094481,2013.0,2,0,0,0,0,0,0,0,0,5,0,,67,11,2020,6,40.0285,-75.147,2007.0,6,0,0,0,0,0,0,0,0,,0,0,0.0,19,3,0,0,N,2,40 01:42.747,5.0,0,75 08:49.323,0,0,0,0,67301,0,0,0,N,0,0,0,2,67301,0,,1,1,2147.0,N,N,N,0,,0,0,4,0,0,Y,1900,0,6,0,0,0,0,0,3,4,0,6,3,,N,,,,,,,,,,,
2020103740,4.0,1,0,0,0,0,0,0,0,0,6,0,,67,11,2020,5,40.0223,-75.1663,4.0,6,0,0,0,0,0,0,0,0,,0,0,0.0,20,3,0,2,,0,40 01:20.139,,0,75 09:58.615,0,0,0,0,67301,0,0,0,N,0,0,0,1,67301,0,,1,1,,N,N,N,0,,0,0,0,0,0,,2059,0,2,0,0,0,0,0,3,4,1,2,3,3.0,N,,,,,,,,,,,
2020093732,803.0,2,0,0,0,0,0,0,0,0,4,0,,67,11,2020,5,40.0047,-75.1521,801.0,6,0,0,0,0,0,1,0,0,,0,0,0.0,7,1,0,1,,0,40 00:16.847,,0,75 09:07.652,0,0,0,0,67301,0,0,0,N,0,0,0,3,67505,0,,1,1,,,,Y,0,,0,0,1,3,2,,758,0,3,0,0,0,0,0,3,4,0,3,3,3.0,N,,,,,,,,,,,
2020103601,1611.0,2,0,0,0,0,0,0,0,0,4,0,,67,12,2020,3,39.975,-75.1516,1610.0,6,0,0,0,0,0,0,0,0,,0,0,0.0,16,1,0,1,,0,39 58:29.870,,0,75 09:05.788,0,0,0,0,67301,0,0,0,N,0,0,0,2,67301,0,,1,1,,N,N,N,0,,0,0,0,3,2,,1609,0,3,0,0,0,0,0,3,4,1,3,3,3.0,N,,,,,,,,,,,
2020113672,2229.0,1,0,0,0,0,0,0,0,0,7,0,,67,12,2020,6,40.0004,-75.1951,2228.0,6,0,0,0,1,0,0,0,0,,0,0,0.0,22,3,0,0,N,1,40 00:01.269,3.0,0,75 11:42.487,0,0,0,0,67301,0,0,0,N,0,0,0,1,68K01,0,,3,1,2306.0,N,N,N,0,,0,0,0,0,0,N,2221,0,1,0,0,1,0,0,3,4,0,1,3,3.0,N,,,,,,,,,,,
2020107349,1202.0,2,0,0,0,0,0,0,0,0,4,0,,67,12,2020,1,40.0419,-75.144,1202.0,6,0,0,0,0,0,0,0,0,,0,0,0.0,0,3,1,0,N,2,40 02:30.807,5.0,7,75 08:38.407,4,0,0,0,67301,0,0,0,N,0,0,0,4,67301,1,,1,9,245.0,N,N,N,0,,0,0,1,0,0,Y,2,1,3,0,0,0,0,0,3,4,0,3,7,,N,,,,,,,,,,,
2020100537,1513.0,1,0,0,0,0,0,0,0,0,1,0,,67,11,2020,2,39.9758,-75.1584,1513.0,6,0,0,0,0,0,0,0,0,,0,0,0.0,15,1,2,1,N,0,39 58:33.009,,0,75 09:30.309,3,0,0,0,67301,0,0,0,N,0,0,0,5,67505,0,,1,1,,N,N,N,0,,1,0,1,3,2,,1500,2,2,0,0,1,1,0,3,4,0,2,3,3.0,N,,,,,,,,,,,
2020104691,658.0,0,0,0,0,0,0,0,0,0,5,0,,67,12,2020,5,39.9352,-75.1757,700.0,6,0,0,0,0,0,0,0,0,,0,0,0.0,6,1,0,0,N,0,39 56:06.720,,0,75 10:32.550,0,0,0,0,67301,0,0,0,N,0,0,0,1,67301,0,,6,1,,N,N,N,0,,0,0,1,0,0,,655,0,2,0,0,0,0,0,3,4,1,2,3,3.0,N,,,,,,,,,,,
2020113667,2140.0,0,0,0,0,0,0,0,0,0,7,0,,67,12,2020,4,40.007,-75.1997,2134.0,6,0,0,0,0,0,1,0,0,,0,0,0.0,21,3,2,0,N,1,40 00:25.251,3.0,0,75 11:58.984,4,0,0,0,67301,0,0,0,N,0,0,0,2,68K01,2,,3,7,2215.0,N,N,N,0,,0,0,1,0,0,N,2131,2,1,0,0,0,0,0,3,4,0,1,10,,N,,,,,,,,,,,
2020100763,1715.0,1,0,0,0,0,0,0,0,0,8,0,,67,11,2020,2,39.9194,-75.1707,1710.0,6,0,0,0,0,0,0,0,0,,0,0,0.0,15,1,1,1,,0,39 55:09.777,,0,75 10:14.532,8,0,0,0,67301,1,0,0,N,1,0,0,2,67301,0,,1,1,,N,N,N,0,,0,0,0,3,2,,1545,1,2,0,0,0,1,1,3,4,0,1,3,,N,,,,,,,,,,,
2020103595,113.0,2,0,0,0,0,0,0,0,0,4,0,,67,11,2020,2,40.0482,-75.0829,113.0,6,0,0,0,0,0,0,0,0,,0,0,0.0,23,3,0,1,,0,40 02:53.501,,0,75 04:58.458,0,0,0,0,67301,0,0,0,N,0,0,0,2,67301,0,,1,1,,N,N,N,0,,0,0,0,3,3,,2300,0,2,0,0,0,0,0,3,4,0,2,3,,N,,,,,,,,,,,
2020111852,455.0,1,0,0,0,0,0,0,0,0,7,0,,67,12,2020,3,39.9469,-75.1481,450.0,6,0,0,0,0,0,0,0,0,,0,0,0.0,4,3,0,0,N,0,39 56:49.000,,0,75 08:53.000,0,0,0,0,67301,0,0,0,N,0,0,0,1,67301,0,,4,9,,N,N,N,0,,0,0,0,0,0,,440,0,1,0,0,0,0,0,3,4,0,1,7,7.0,N,,,,,,,,,,,
2020112972,1900.0,1,0,0,0,0,0,0,0,0,4,0,,67,12,2020,2,39.9818,-75.1819,1857.0,6,0,0,0,0,0,0,0,0,,0,1,0.0,18,3,5,1,,2,39 58:54.400,7.0,0,75 10:54.828,3,0,0,0,67301,1,0,0,N,1,0,0,6,67301,0,,1,1,2030.0,N,N,N,0,,5,0,1,3,2,Y,1850,5,4,0,0,0,0,0,3,4,0,3,3,3.0,N,,,,,,,,,,,
2020109077,1114.0,2,0,0,0,0,0,0,0,0,2,0,,67,12,2020,6,39.9256,-75.1693,1114.0,6,0,0,0,1,0,0,0,0,,0,0,0.0,11,1,1,2,,0,39 55:32.265,,0,75 10:09.554,4,0,0,0,67301,0,0,0,N,0,0,0,2,67301,1,,1,1,,N,N,N,0,,0,0,1,0,0,,1111,1,4,0,0,0,0,0,3,4,1,4,3,3.0,N,,,,,,,,,,,
2020104941,2330.0,2,0,0,0,0,0,0,0,0,1,0,25.0,67,12,2020,6,39.9111,-75.1634,2330.0,6,0,0,0,0,0,1,0,0,,0,0,0.0,23,3,1,0,N,2,39 54:40.000,3.0,3,75 09:48.400,4,0,0,0,67301,0,0,0,N,0,0,0,4,67501,1,,1,9,31.0,N,N,Y,0,,0,0,1,0,0,Y,2330,1,3,0,0,1,0,0,3,4,0,3,7,,Y,4.0,1.0,N,,,Y,,,,Y,N
2020110397,601.0,0,0,0,0,0,0,0,0,0,5,0,,67,12,2020,1,40.0316,-75.1316,547.0,6,0,0,0,0,0,0,0,0,,0,0,0.0,5,3,0,0,N,0,40 01:53.910,,0,75 07:53.590,0,0,0,0,67301,0,0,0,N,0,0,0,1,67301,0,,6,2,,N,N,N,0,,0,0,1,0,0,,546,0,2,0,0,1,0,0,3,4,1,2,9,10.0,N,,,,,,,,,,,
2020106819,16.0,0,0,0,0,0,0,0,0,0,2,0,,67,12,2020,5,40.0589,-75.1658,15.0,6,0,0,0,0,0,0,0,0,,0,0,0.0,21,3,3,0,N,0,40 03:32.097,,0,75 09:56.826,3,0,0,0,67301,0,0,0,N,0,0,0,4,67301,0,,1,1,,N,N,N,1,,3,0,1,0,0,,2145,3,2,0,0,0,0,0,3,4,0,2,3,,N,,,,,,,,,,,
2020100800,140.0,2,0,0,0,0,0,0,0,0,4,0,,67,11,2020,5,40.0221,-75.0493,135.0,6,0,0,0,0,0,0,0,0,,0,0,0.0,1,3,0,0,N,0,40 01:19.550,,0,75 02:57.350,9,0,0,0,67301,0,0,0,N,0,0,0,1,67301,0,,4,1,,N,N,N,2,,0,0,0,0,0,,131,0,4,0,0,0,0,1,3,4,0,4,3,3.0,N,,,,,,,,,,,
2020101356,1935.0,2,0,0,0,0,0,0,0,0,1,0,,67,11,2020,3,40.092,-75.0321,1930.0,6,0,1,0,0,0,1,0,0,,0,0,0.0,19,4,1,0,N,0,40 05:31.178,,0,75 01:55.528,3,0,0,0,67301,0,0,0,N,0,0,0,4,67301,0,,1,1,,N,N,N,0,,1,0,2,0,0,,1929,1,4,0,0,4,0,0,3,4,0,4,3,3.0,N,,,,,,,,,,,
2020106631,1821.0,0,0,0,1,0,0,0,0,0,4,0,,67,12,2020,3,39.953,-75.1564,1821.0,6,0,0,0,0,0,0,0,0,,0,0,0.0,21,4,1,1,,0,39 57:10.916,,0,75 09:23.049,8,0,0,0,67301,1,0,0,N,0,0,0,2,67301,0,,1,99,,N,N,N,0,,0,0,0,0,0,,2100,1,2,0,0,0,1,1,3,4,0,1,99,,N,,,,,,,,,,,
2020105240,1917.0,4,0,0,0,0,0,0,0,0,1,0,,67,12,2020,1,39.9984,-75.1285,1907.0,6,0,0,0,0,0,0,0,0,,0,0,0.0,19,3,1,0,N,0,39 59:54.244,,0,75 07:42.477,3,0,0,0,67301,0,0,0,N,0,0,0,1,67301,0,,4,1,,N,N,N,0,,1,0,0,0,0,,1907,1,4,0,0,1,0,0,3,4,0,4,3,3.0,N,,,,,,,,,,,
2020093429,1458.0,0,0,0,0,0,0,0,0,0,2,0,,67,11,2020,3,40.0638,-75.0723,1500.0,6,0,0,0,0,0,1,0,0,,0,0,0.0,14,1,0,0,N,0,40 03:49.670,,0,75 04:20.330,9,0,0,0,67301,0,0,0,N,0,0,0,2,67301,0,,1,1,,N,N,N,0,,0,0,2,0,0,,1458,0,3,0,0,0,0,1,3,4,1,3,3,3.0,N,,,,,,,,,,,
2020100805,645.0,1,0,0,0,0,0,0,0,0,5,0,,67,11,2020,1,40.0442,-75.1259,640.0,6,0,0,0,0,0,0,0,0,,0,0,0.0,6,3,0,0,N,0,40 02:38.950,,0,75 07:33.060,0,0,0,0,67301,0,0,0,N,0,0,0,1,67301,0,,6,1,,N,N,N,0,,0,0,1,0,0,,640,0,2,0,0,0,0,0,3,4,0,2,3,,N,,,,,,,,,,,
2020095145,1810.0,0,0,0,0,0,0,0,0,0,1,0,,67,11,2020,1,40.0851,-74.9688,1800.0,6,0,0,0,0,0,0,0,0,,0,0,0.0,17,3,1,0,N,0,40 05:06.210,,0,74 58:07.560,3,0,0,1,67301,0,0,0,N,0,0,0,2,67301,0,,1,1,,N,N,N,0,,1,0,1,0,0,,1734,1,2,0,0,0,0,0,3,4,0,2,3,3.0,N,,,,,,,,,,,
2020102062,1733.0,1,0,0,0,0,0,0,0,0,8,0,,67,11,2020,4,40.0321,-75.083,1727.0,6,0,0,0,0,0,1,0,0,,0,0,0.0,17,3,1,0,N,2,40 01:55.405,2.0,0,75 04:58.814,2,0,0,0,67301,1,0,1,N,1,0,1,2,67301,0,,1,1,1826.0,N,N,N,0,,0,1,0,0,0,Y,1720,1,2,0,0,0,0,0,3,4,0,1,3,,N,,,,,,,,,,,
2020101718,805.0,1,0,0,0,0,0,0,0,0,7,0,,67,11,2020,1,39.9011,-75.1532,758.0,6,0,0,0,0,0,0,0,0,,0,0,0.0,7,1,0,0,N,1,39 54:05.934,2.0,0,75 09:07.422,0,0,0,0,67301,0,0,0,N,0,0,0,1,68K01,0,,2,1,830.0,N,N,N,0,,0,0,0,0,0,N,757,0,1,0,0,0,0,0,3,4,0,1,4,4.0,N,,,,,,,,,,,
2020107111,1550.0,0,0,0,0,0,0,0,0,0,4,0,,67,12,2020,3,39.9522,-75.2408,1539.0,6,0,0,0,0,0,1,0,0,,0,0,0.0,15,1,1,1,,0,39 57:07.862,,0,75 14:26.779,3,0,0,1,67301,0,0,0,N,0,0,0,2,67301,0,,1,1,,N,N,N,0,,1,0,1,3,2,,1526,1,2,0,0,0,0,0,3,4,0,2,3,,N,,,,,,,,,,,
2020097910,1500.0,3,0,0,0,0,0,0,0,0,1,0,,67,11,2020,7,39.9057,-75.1939,1500.0,6,0,0,1,0,0,0,0,0,,0,0,0.0,13,1,1,1,,0,39 54:20.725,,0,75 11:37.765,3,0,0,0,67301,0,0,0,N,0,0,0,4,67301,0,,1,1,,N,N,N,1,,1,0,0,3,2,,1305,1,4,0,0,0,0,0,3,4,0,4,3,3.0,N,,,,,,,,,,,
2020094832,359.0,2,0,0,0,0,0,0,0,0,2,0,,67,11,2020,7,39.9738,-75.2197,354.0,6,0,0,0,0,0,0,0,0,,0,0,0.0,3,3,0,1,,0,39 58:25.569,,0,75 13:10.736,0,0,0,0,67301,0,0,0,N,0,0,0,2,67301,0,,1,1,,N,N,N,0,,0,0,1,3,2,,344,0,3,0,0,0,0,0,3,4,0,3,3,3.0,N,,,,,,,,,,,
2020106633,700.0,1,0,0,0,0,0,0,0,0,4,0,,67,12,2020,2,40.0686,-75.03,653.0,6,0,0,0,0,0,0,0,0,,0,0,0.0,6,3,1,0,N,0,40 04:06.939,,0,75 01:48.124,4,0,0,0,67301,0,0,0,N,0,0,0,2,67301,1,,1,1,,N,N,N,1,,0,0,1,0,0,,652,1,3,0,0,0,0,0,3,4,0,3,3,,N,,,,,,,,,,,
2020093757,830.0,1,0,0,0,0,0,0,0,0,7,0,,67,11,2020,4,39.9699,-75.1427,830.0,6,0,0,0,0,0,0,0,0,,0,0,0.0,7,1,0,0,N,0,39 58:11.533,,99,75 08:33.876,0,0,0,0,67301,0,0,0,N,0,0,0,1,67301,0,,3,1,,N,N,N,0,,0,0,0,0,0,,700,0,1,0,0,1,0,0,3,4,0,1,3,3.0,N,,,,,,,,,,,
2020097800,420.0,2,0,0,0,0,0,0,0,0,5,0,,67,11,2020,6,40.1026,-74.9692,410.0,6,0,0,0,0,0,0,0,0,,0,0,0.0,4,3,1,0,N,0,40 06:09.200,,0,74 58:09.090,3,0,0,0,67301,0,0,0,N,0,0,0,1,67301,0,,6,9,,N,N,N,0,,1,0,2,0,0,,400,1,4,0,0,0,0,0,3,4,0,4,7,,N,,,,,,,,,,,
2020097799,2120.0,0,0,0,0,0,0,0,0,0,8,0,,67,11,2020,7,40.0655,-75.0525,2115.0,6,0,0,0,0,0,0,0,0,,0,0,0.0,21,3,1,1,,0,40 03:55.911,,0,75 03:09.031,8,0,0,0,67301,1,0,0,N,1,0,0,2,67301,0,,1,1,,N,N,N,1,,0,0,0,3,2,,2110,1,2,0,0,0,1,0,3,4,0,1,3,3.0,N,,,,,,,,,,,
2020093640,520.0,1,0,0,0,0,0,0,0,0,4,0,,67,11,2020,4,39.9927,-75.1682,511.0,6,0,0,0,0,0,2,0,0,,0,0,0.0,5,3,0,5,,1,39 59:33.630,1.0,0,75 10:05.591,0,0,0,0,67301,0,0,0,N,0,0,0,2,67301,0,,1,1,630.0,N,N,N,0,,0,0,1,3,2,Y,505,0,2,0,0,0,0,0,3,4,0,2,3,,N,,,,,,,,,,,
2020103647,419.0,1,0,0,0,0,0,0,0,0,7,0,,67,11,2020,4,39.9599,-75.1805,415.0,6,0,0,0,0,0,0,0,0,,0,0,0.0,4,3,1,0,N,1,39 57:35.668,3.0,2,75 10:49.949,3,0,0,0,67301,0,0,0,N,0,0,0,1,68K01,0,,4,1,500.0,N,N,N,0,,1,0,0,0,0,N,414,1,1,0,0,1,0,0,3,4,0,1,3,,N,,,,,,,,,,,
2020110186,1737.0,1,0,0,0,0,0,0,0,0,5,0,,67,11,2020,5,39.992,-75.202,1735.0,6,0,0,0,0,0,2,0,0,,0,0,0.0,17,3,2,0,N,1,39 59:31.034,4.0,0,75 12:07.250,3,0,0,0,67301,0,0,0,N,0,0,0,5,68K01,0,,1,1,1830.0,N,N,N,0,,2,0,3,0,0,N,1734,2,4,0,0,1,0,0,3,4,0,4,3,3.0,N,,,,,,,,,,,
2020100085,1320.0,3,0,0,0,0,0,0,0,0,1,0,,67,11,2020,5,40.0508,-75.1487,1316.0,6,0,0,0,0,0,3,0,0,,0,0,0.0,13,1,1,1,,1,40 03:02.783,1.0,0,75 08:55.370,4,0,0,0,67301,0,0,0,N,0,0,0,4,67301,1,,1,1,1400.0,N,N,N,0,,0,0,0,3,2,N,1310,1,3,0,0,0,0,0,3,4,0,3,3,,N,,,,,,,,,,,
2020102277,1122.0,2,0,0,0,0,0,0,0,0,4,0,,67,11,2020,5,39.9239,-75.2221,1120.0,6,0,0,0,0,0,0,0,0,,0,0,0.0,11,1,1,1,,0,39 55:26.137,,0,75 13:19.522,3,0,0,0,67301,0,0,0,N,0,0,0,2,67301,0,,1,9,,N,N,N,0,,1,0,0,3,3,,1115,1,3,0,0,1,0,0,3,4,1,3,7,4.0,N,,,,,,,,,,,
2020095771,1650.0,1,0,0,0,0,0,0,0,0,4,0,,67,11,2020,2,40.0028,-75.2231,1650.0,6,0,0,0,0,0,1,0,0,,0,0,0.0,15,1,1,0,N,0,40 00:09.923,,7,75 13:23.140,3,0,0,0,67301,0,0,0,N,0,0,0,2,67301,0,,1,1,,N,N,N,0,,1,0,0,0,0,,1505,1,2,0,0,0,0,0,3,4,0,2,3,,N,,,,,,,,,,,
2020103304,920.0,1,0,0,0,0,0,0,0,0,7,0,,67,11,2020,3,40.0354,-75.0174,912.0,6,0,0,0,0,0,0,0,0,,0,0,0.0,9,1,1,0,N,0,40 02:07.301,,0,75 01:02.772,3,0,0,0,67301,0,0,0,N,0,0,0,1,68K01,0,,4,1,,N,N,N,0,,1,0,0,0,0,,911,1,1,0,0,0,0,0,3,4,0,1,3,,N,,,,,,,,,,,
2020108369,2041.0,2,0,0,0,0,0,0,0,0,1,0,,67,12,2020,3,39.9678,-75.1315,2034.0,6,0,0,0,0,0,0,0,0,,0,0,0.0,20,3,1,0,N,1,39 58:04.039,2.0,0,75 07:53.568,3,0,0,0,67301,0,0,0,N,0,0,0,2,68K01,0,,1,1,2200.0,N,Y,N,0,,1,0,0,0,0,N,2033,1,2,0,0,0,0,0,3,4,0,2,3,,N,,,,,,,,,,,
2020108371,152.0,0,0,0,0,0,0,0,0,0,7,0,,67,12,2020,4,39.9303,-75.1983,139.0,6,0,0,0,0,0,0,0,0,,0,0,0.0,1,3,0,0,N,1,39 55:49.020,4.0,0,75 11:53.972,0,0,0,0,67301,0,0,0,N,0,0,0,1,68K01,0,,4,1,230.0,N,N,N,0,,0,0,1,0,0,N,137,0,1,0,0,0,0,0,3,4,0,1,3,,N,,,,,,,,,,,
2020102861,2035.0,1,0,0,0,0,0,0,0,0,1,0,,67,11,2020,5,40.0001,-75.1414,2035.0,6,0,0,0,0,0,0,0,0,,0,0,0.0,20,3,0,0,N,0,40 00:00.417,,0,75 08:28.977,0,0,0,0,67301,0,0,0,N,0,0,0,2,67301,0,,1,9,,N,N,N,0,,0,0,1,0,0,,2035,0,3,0,0,0,0,0,3,4,1,3,3,,N,,,,,,,,,,,
2020093430,1420.0,2,0,0,0,0,0,0,0,0,1,0,,67,11,2020,3,39.9119,-75.1728,1420.0,6,0,0,0,0,0,1,0,0,,0,0,0.0,15,1,1,1,,0,39 54:42.724,,0,75 10:21.917,3,0,0,0,67301,0,0,0,N,0,0,0,3,67301,0,,1,1,,N,N,N,0,,1,0,0,3,2,,1555,1,2,0,0,2,0,1,3,4,0,2,3,,N,,,,,,,,,,,
2020095769,1250.0,1,0,0,0,0,0,0,0,0,4,0,,67,11,2020,1,39.9401,-75.2007,1244.0,6,0,0,0,0,0,0,0,0,,0,0,0.0,12,1,1,2,,0,39 56:24.381,,0,75 12:02.442,3,0,0,0,67301,0,0,0,N,0,0,0,2,67301,0,,1,1,,N,N,N,0,,1,0,1,3,2,,1230,1,2,0,0,0,0,1,3,4,0,2,3,,N,,,,,,,,,,,
2020108228,1205.0,1,0,0,0,0,0,1,0,0,1,1,,67,12,2020,3,40.0388,-75.1436,1200.0,6,0,0,0,0,0,1,0,0,,0,0,0.0,12,1,0,1,,0,40 02:19.772,,0,75 08:37.091,0,0,0,0,67301,0,0,0,N,0,0,0,2,67508,0,,1,1,,N,N,Y,0,,0,0,0,9,2,N,1200,0,2,0,0,0,0,0,3,4,0,2,3,3.0,N,,,,,,,,,,,
2020100254,1307.0,2,0,0,0,0,0,0,0,0,1,0,,67,11,2020,4,40.0134,-75.1223,1302.0,6,1,0,0,0,0,1,0,0,,0,0,0.0,12,8,1,3,N,0,40 00:48.135,,0,75 07:20.135,3,0,0,0,67301,0,0,0,N,0,0,0,3,67301,0,,1,9,,N,N,N,0,,1,0,0,0,0,,1258,1,2,0,0,0,0,0,3,4,0,2,7,,N,,,,,,,,,,,
2020100489,1958.0,1,0,0,0,0,0,0,0,0,1,0,45.0,67,11,2020,5,39.9387,-75.1973,1958.0,6,0,0,0,0,0,2,0,0,,0,0,0.0,19,3,3,0,N,2,39 56:19.271,4.0,0,75 11:50.307,8,0,0,0,67301,0,0,0,N,0,0,0,4,68K01,0,,1,9,2020.0,N,N,N,0,,0,0,2,0,0,N,1921,3,3,0,0,0,3,0,3,4,0,3,7,98.0,Y,2.0,1.0,N,,,Y,Y,,,Y,N
2020103341,1423.0,2,0,0,0,0,0,0,0,0,5,0,,67,11,2020,1,40.0058,-75.1973,1423.0,6,0,0,0,0,0,0,0,0,,0,0,0.0,8,1,0,0,N,0,40 00:20.980,,0,75 11:50.322,0,0,0,0,67301,0,0,0,N,0,0,0,2,68K01,0,,1,1,,N,N,N,0,,0,0,0,0,0,,800,0,2,0,0,0,0,0,3,4,0,2,3,,N,,,,,,,,,,,
2020102061,1538.0,2,0,0,0,0,0,0,0,0,4,0,,67,11,2020,4,40.0424,-75.0725,1532.0,6,0,0,1,0,0,1,0,0,,0,0,0.0,15,1,1,1,,0,40 02:32.614,,0,75 04:20.946,3,0,0,0,67301,0,0,0,N,0,0,0,2,67301,0,,1,1,,N,N,N,0,,1,0,0,9,3,,1521,1,2,0,0,0,0,0,3,4,0,2,3,,N,,,,,,,,,,,
2020097144,107.0,2,0,0,0,0,0,0,0,0,5,0,35.0,67,11,2020,4,39.9116,-75.1662,104.0,6,0,0,0,0,0,0,0,0,,0,0,0.0,1,3,0,0,N,0,39 54:41.800,,3,75 09:58.300,0,0,0,0,67301,0,0,0,N,0,0,0,2,67501,0,,1,1,,N,N,N,0,,0,0,0,0,0,,104,0,2,0,0,0,0,0,3,4,0,2,3,,Y,8.0,1.0,N,,,N,Y,,,,N