CRN,ARRIVAL_TM,AUTOMOBILE_COUNT,BELTED_DEATH_COUNT,BELTED_SUSP_SERIOUS_INJ_COUNT,BICYCLE_COUNT,BICYCLE_DEATH_COUNT,BICYCLE_SUSP_SERIOUS_INJ_COUNT,BUS_COUNT,CHLDPAS_DEATH_COUNT,CHLDPAS_SUSP_SERIOUS_INJ_COUNT,COLLISION_TYPE,COMM_VEH_COUNT,CONS_ZONE_SPD_LIM,COUNTY,CRASH_MONTH,CRASH_YEAR,DAY_OF_WEEK,DEC_LAT,DEC_LONG,DISPATCH_TM,DISTRICT,DRIVER_COUNT_16YR,DRIVER_COUNT_17YR,DRIVER_COUNT_18YR,DRIVER_COUNT_19YR,DRIVER_COUNT_20YR,DRIVER_COUNT_50_64YR,DRIVER_COUNT_65_74YR,DRIVER_COUNT_75PLUS,EST_HRS_CLOSED,FATAL_COUNT,HEAVY_TRUCK_COUNT,HORSE_BUGGY_COUNT,HOUR_OF_DAY,ILLUMINATION,INJURY_COUNT,INTERSECT_TYPE,INTERSECTION_RELATED,LANE_CLOSED,LATITUDE,LN_CLOSE_DIR,LOCATION_TYPE,LONGITUDE,MAX_SEVERITY_LEVEL,MCYCLE_DEATH_COUNT,MCYCLE_SUSP_SERIOUS_INJ_COUNT,MOTORCYCLE_COUNT,MUNICIPALITY,NONMOTR_COUNT,NONMOTR_DEATH_COUNT,NONMOTR_SUSP_SERIOUS_INJ_COUNT,NTFY_HIWY_MAINT,PED_COUNT,PED_DEATH_COUNT,PED_SUSP_SERIOUS_INJ_COUNT,PERSON_COUNT,POLICE_AGCY,POSSIBLE_INJ_COUNT,RDWY_SURF_TYPE_CD,RELATION_TO_ROAD,ROAD_CONDITION,ROADWAY_CLEARED,SCH_BUS_IND,SCH_ZONE_IND,SECONDARY_CRASH,SMALL_TRUCK_COUNT,SPEC_JURIS_CD,SUSP_MINOR_INJ_COUNT,SUSP_SERIOUS_INJ_COUNT,SUV_COUNT,TCD_FUNC_CD,TCD_TYPE,TFC_DETOUR_IND,TIME_OF_DAY,TOT_INJ_COUNT,TOTAL_UNITS,UNB_DEATH_COUNT,UNB_SUSP_SERIOUS_INJ_COUNT,UNBELTED_OCC_COUNT,UNK_INJ_DEG_COUNT,UNK_INJ_PER_COUNT,URBAN_AREA,URBAN_RURAL,VAN_COUNT,VEHICLE_COUNT,WEATHER1,WEATHER2,WORK_ZONE_IND,WORK_ZONE_LOC,WORK_ZONE_TYPE,WORKERS_PRES,WZ_CLOSE_DETOUR,WZ_FLAGGER,WZ_LAW_OFFCR_IND,WZ_LN_CLOSURE,WZ_MOVING,WZ_OTHER,WZ_SHLDER_MDN,WZ_WORKERS_INJ_KILLED
2020095297,1202.0,1,0,0,0,0,0,0,0,0,4,0,,67,11,2020,5,39.9734,-75.2098,1159.0,6,0,0,1,0,0,0,0,0,,0,0,0.0,11,1,2,2,,0,39 58:24.610,,0,75 12:35.450,3,0,0,0,67301,0,0,0,N,0,0,0,3,67301,0,,1,1,,N,N,N,1,,2,0,0,3,2,,1158,2,2,0,0,0,0,0,3,4,0,2,3,3.0,N,,,,,,,,,,,
2020095935,1619.0,0,0,0,0,0,0,0,0,0,4,0,,67,11,2020,4,39.9676,-75.225,1619.0,6,0,0,0,0,0,0,0,0,,0,0,0.0,16,1,1,2,,0,39 58:03.385,,0,75 13:30.163,3,0,0,1,67301,0,0,0,N,0,0,0,2,67301,0,,1,1,,N,N,N,0,,1,0,0,0,0,,1619,1,2,0,0,0,0,1,3,4,0,2,3,3.0,N,,,,,,,,,,,
2020096604,2300.0,1,0,0,0,0,0,0,0,0,8,0,,67,11,2020,2,39.9776,-75.1582,2300.0,6,0,0,0,0,0,0,0,0,,0,0,0.0,18,3,1,0,N,0,39 58:39.270,,0,75 09:29.450,3,0,0,0,67301,1,0,0,N,1,0,0,2,67301,0,,1,1,,N,N,N,0,,1,0,0,0,0,,1840,1,2,0,0,0,0,0,3,4,0,1,3,,N,,,,,,,,,,,
2020099879,426.0,1,0,0,0,0,0,0,0,0,4,0,,67,11,2020,6,39.9992,-75.1474,400.0,6,0,0,0,0,0,0,0,0,,0,0,0.0,3,3,2,1,,1,39 59:57.217,1.0,0,75 08:50.570,3,0,0,0,67301,0,0,0,N,0,0,0,4,67301,0,,1,1,500.0,N,N,N,0,,2,0,0,9,2,Y,357,2,2,0,0,0,0,0,3,4,1,2,3,3.0,N,,,,,,,,,,,
2020101365,1535.0,1,0,0,0,0,0,0,0,0,2,0,,67,11,2020,3,40.0454,-75.1433,1533.0,6,0,0,0,0,0,0,0,0,,0,0,0.0,14,1,1,0,N,0,40 02:43.586,,0,75 08:36.009,3,0,0,0,67301,0,0,0,N,0,0,0,2,67301,0,,1,1,,N,N,N,0,,1,0,1,0,0,,1445,1,2,0,0,0,0,1,3,4,0,2,3,,N,,,,,,,,,,,
2020101825,1955.0,1,0,0,0,0,0,0,0,0,7,0,,67,11,2020,4,39.9785,-75.2259,1953.0,6,0,0,0,0,0,0,0,0,,0,0,0.0,19,3,0,0,N,0,39 58:42.715,,0,75 13:33.136,0,0,0,0,67301,0,0,0,N,0,0,0,1,67301,0,,4,1,,N,N,N,0,,0,0,0,0,0,,1950,0,1,0,0,0,0,0,3,4,0,1,3,3.0,N,,,,,,,,,,,
2020095605,504.0,2,0,0,0,0,0,0,0,0,4,0,,67,11,2020,7,40.0058,-75.097,504.0,6,0,0,0,0,0,0,1,0,,0,0,0.0,5,3,1,1,N,0,40 00:20.955,,0,75 05:49.322,3,0,0,0,67301,0,0,0,N,0,0,0,2,67301,0,,1,1,,N,N,N,0,,1,0,0,3,2,,502,1,2,0,0,2,0,0,3,4,0,2,3,3.0,N,,,,,,,,,,,
2020099984,840.0,1,0,0,1,0,0,0,0,0,5,0,,67,11,2020,3,39.9512,-75.2328,830.0,6,0,0,0,0,0,0,0,0,,0,0,0.0,17,3,1,1,,0,39 57:04.287,,0,75 13:58.047,3,0,0,0,67301,1,0,0,N,0,0,0,2,67301,0,,1,99,,N,N,N,0,,1,0,0,3,2,,1749,1,2,0,0,0,0,1,3,4,0,1,99,98.0,N,,,,,,,,,,,
2020105357,39.0,0,0,1,0,0,0,0,0,0,2,0,,67,11,2020,6,40.0085,-75.2107,39.0,6,0,0,0,0,0,0,0,0,,0,0,0.0,0,2,1,1,,1,40 00:30.708,1.0,0,75 12:38.635,2,0,0,0,67301,0,0,0,N,0,0,0,2,68K01,0,,1,1,137.0,N,N,N,0,,0,1,2,3,2,N,36,1,2,0,0,0,0,1,3,4,0,2,3,3.0,N,,,,,,,,,,,
2020093225,2356.0,3,0,0,0,0,0,0,0,0,4,0,,67,11,2020,3,40.0548,-75.1527,2352.0,6,0,0,0,0,0,1,0,0,,0,0,0.0,23,3,0,1,,0,40 03:17.355,,0,75 09:09.820,0,0,0,0,67301,0,0,0,N,0,0,0,5,67301,0,,1,1,,N,N,N,0,,0,0,0,3,2,,2345,0,3,0,0,0,0,0,3,4,0,3,3,3.0,N,,,,,,,,,,,
2020100555,917.0,0,0,0,0,0,0,0,0,0,7,0,,67,11,2020,5,39.9617,-75.1498,908.0,6,0,0,0,0,0,0,0,0,,0,0,0.0,7,1,0,0,N,0,39 57:42.170,,0,75 08:59.160,9,0,0,0,67301,0,0,0,N,0,0,0,1,67301,0,,5,1,,N,N,N,0,,0,0,1,3,2,,743,0,1,0,0,0,0,1,3,4,0,1,3,,N,,,,,,,,,,,
2020097802,1627.0,1,0,0,0,0,0,0,0,0,4,0,,67,11,2020,1,40.0749,-75.1699,1624.0,6,0,0,0,0,0,1,0,0,,0,0,0.0,16,3,0,1,,0,40 04:29.611,,0,75 10:11.737,9,0,0,0,67301,0,0,0,N,0,0,0,3,67301,0,,1,1,,N,N,N,1,,0,0,0,3,3,,1608,0,2,0,0,0,0,2,3,4,0,2,3,3.0,N,,,,,,,,,,,
2020096062,514.0,2,0,0,0,0,0,0,0,0,4,0,,67,11,2020,1,39.9984,-75.1409,514.0,6,0,0,0,0,0,0,0,0,,0,0,0.0,5,3,1,1,,0,39 59:54.322,,0,75 08:27.074,3,0,0,0,67301,0,0,0,N,0,0,0,2,67301,0,,1,1,,N,N,N,0,,1,0,1,3,2,,514,1,3,0,0,1,0,0,3,4,0,3,3,3.0,N,,,,,,,,,,,
2020094519,1745.0,0,0,0,0,0,0,0,0,0,7,0,,67,11,2020,5,39.931,-75.1442,1740.0,6,0,0,0,0,0,0,0,0,,0,0,0.0,17,3,0,3,,0,39 55:51.498,,2,75 08:39.139,0,0,0,0,67301,0,0,0,N,0,0,0,2,67301,0,,4,1,,N,N,N,0,,0,0,0,0,0,,1705,0,1,0,0,0,0,0,3,4,1,1,3,4.0,N,,,,,,,,,,,
2020097130,1405.0,1,0,0,0,0,0,0,0,0,1,0,,67,11,2020,3,40.0602,-75.191,1405.0,6,0,0,0,0,0,0,0,0,,0,0,0.0,11,1,1,2,,0,40 03:36.586,,0,75 11:27.771,3,0,0,0,67301,0,0,0,N,0,0,0,2,67301,0,,1,1,,N,N,N,0,,1,0,1,3,1,,1115,1,2,0,0,0,0,1,3,4,0,2,3,3.0,N,,,,,,,,,,,
2020097686,1006.0,1,0,0,0,0,0,0,0,0,4,0,,67,11,2020,7,39.9866,-75.1464,1006.0,6,0,0,0,0,0,0,0,0,,0,0,0.0,10,1,1,1,,0,39 59:11.940,,0,75 08:47.191,3,0,0,0,67301,0,0,0,N,0,0,0,4,67301,0,,1,1,,N,N,N,0,,1,0,1,3,3,,1002,1,2,0,0,0,0,2,3,4,0,2,3,3.0,N,,,,,,,,,,,
2020107685,1716.0,1,0,0,0,0,0,0,0,0,8,0,,67,12,2020,5,39.9693,-75.1561,1714.0,6,0,0,0,0,0,0,0,0,,0,0,0.0,17,3,1,1,,0,39 58:09.487,,0,75 09:21.931,4,0,0,0,67301,1,0,0,N,1,0,0,2,67301,1,,1,1,,N,N,N,0,,0,0,0,3,2,,1705,1,2,0,0,0,0,0,3,4,0,1,3,,N,,,,,,,,,,,
2020104690,1218.0,1,0,0,0,0,0,0,0,0,1,0,,67,11,2020,2,39.9441,-75.1688,1217.0,6,0,0,0,0,0,1,0,0,,0,0,0.0,12,1,3,1,,0,39 56:38.612,,0,75 10:07.536,4,0,0,0,67301,0,0,0,N,0,0,0,4,67301,3,,1,9,,N,N,N,0,,0,0,1,3,2,,1206,3,4,0,0,0,0,0,3,4,1,3,7,7.0,N,,,,,,,,,,,
2020097585,915.0,1,0,0,0,0,0,0,0,0,2,0,,67,11,2020,6,39.9457,-75.2352,844.0,6,0,0,0,0,0,0,0,0,,0,0,0.0,7,1,1,11,,0,39 56:44.360,,0,75 14:06.660,3,0,0,0,67301,0,0,0,N,0,0,0,3,67301,0,,1,99,,N,N,N,0,,1,0,1,0,0,,757,1,2,0,0,1,0,1,3,4,0,2,99,3.0,N,,,,,,,,,,,
2020093641,1126.0,2,0,0,0,0,0,0,0,0,4,0,,67,11,2020,4,39.9846,-75.1829,1120.0,6,0,0,0,0,0,0,0,0,,0,0,0.0,11,1,1,3,,0,39 59:04.700,,0,75 10:58.400,8,0,0,0,67301,0,0,0,N,0,0,0,3,67301,0,,1,1,,N,N,N,0,,0,0,0,3,3,,1115,1,2,0,0,1,1,0,3,4,0,2,3,3.0,N,,,,,,,,,,,
2020113600,1624.0,0,0,0,0,0,0,0,0,0,5,0,,67,12,2020,3,40.0322,-75.0841,1620.0,6,0,0,0,0,0,0,0,0,,0,0,0.0,16,1,1,5,,1,40 01:55.785,2.0,0,75 05:03.553,8,0,0,0,67301,0,0,0,N,0,0,0,2,67301,0,,1,1,1700.0,N,N,N,0,,0,0,2,3,2,N,1615,1,2,0,0,0,1,1,3,4,0,2,3,,N,,,,,,,,,,,
2020099555,2010.0,2,0,0,0,0,0,0,0,0,4,0,,67,11,2020,5,39.9577,-75.1624,2001.0,6,0,0,0,0,0,1,1,0,,0,0,0.0,19,3,1,1,,2,39 57:28.559,5.0,0,75 09:44.326,3,0,0,0,67301,0,0,0,N,0,0,0,3,67301,0,,1,1,100.0,N,N,N,0,,1,0,0,3,2,Y,1935,1,3,0,0,3,0,0,3,4,1,3,3,3.0,N,,,,,,,,,,,
2020108361,1330.0,1,0,0,0,0,0,0,0,0,7,0,,67,11,2020,2,39.8925,-75.2247,1316.0,6,0,0,0,0,0,1,0,0,,0,0,0.0,13,1,1,0,N,0,39 53:32.954,,0,75 13:28.794,8,0,0,0,67301,0,0,0,N,0,0,0,1,68K01,0,,4,9,,N,N,N,0,,0,0,0,0,0,,1316,1,1,0,0,0,1,0,3,4,0,1,7,4.0,N,,,,,,,,,,,
2020102055,2110.0,2,0,0,0,0,0,0,0,0,5,0,,67,11,2020,6,39.9534,-75.1967,2103.0,6,0,0,0,0,0,1,0,0,,0,0,0.0,21,3,1,2,,0,39 57:12.207,,0,75 11:48.105,2,0,0,0,67301,0,0,0,N,0,0,0,3,67504,0,,1,1,,N,N,N,0,,0,1,0,3,2,N,2100,1,2,0,1,1,0,2,3,4,0,2,3,3.0,N,,,,,,,,,,,
2020112981,2345.0,1,0,0,0,0,0,0,0,0,4,0,,67,12,2020,6,40.0058,-75.0964,2345.0,6,0,0,0,0,0,0,0,0,,0,0,0.0,23,3,1,1,,0,40 00:21.038,,1,75 05:47.101,4,0,0,0,67301,0,0,0,N,0,0,0,2,67301,1,,1,1,,N,N,N,0,,0,0,1,3,2,,2345,1,2,0,0,1,0,0,3,4,0,2,3,3.0,N,,,,,,,,,,,
2020112467,723.0,1,0,0,0,0,0,0,0,0,4,0,,67,12,2020,1,39.9866,-75.2455,720.0,6,0,0,0,0,0,0,1,0,,0,0,0.0,7,5,1,1,,0,39 59:11.835,,0,75 14:43.799,3,0,0,0,67301,0,0,0,N,0,0,0,2,67301,0,,1,1,,N,N,N,1,,1,0,0,3,2,,719,1,2,0,0,1,0,0,3,4,0,2,3,,N,,,,,,,,,,,
2020102586,758.0,1,0,0,0,0,0,0,0,0,4,0,,67,11,2020,7,40.0404,-75.0655,755.0,6,0,0,0,0,0,1,0,0,,0,0,0.0,7,1,1,5,,0,40 02:25.526,,0,75 03:55.923,3,0,0,0,67301,0,0,0,N,0,0,0,2,67301,0,,1,1,,N,N,N,0,,1,0,0,3,2,,755,1,2,0,0,0,0,0,3,4,1,2,3,3.0,N,,,,,,,,,,,
2020112566,12.0,1,0,0,0,0,0,0,0,0,7,0,,67,12,2020,2,40.0039,-75.1524,10.0,6,0,0,0,0,0,0,0,0,,0,0,0.0,0,3,1,0,N,1,40 00:13.861,2.0,0,75 09:08.746,3,0,0,0,67301,0,0,0,N,0,0,0,3,67505,0,,4,1,45.0,N,N,N,0,,1,0,0,0,0,N,5,1,1,0,0,0,0,2,3,4,0,1,3,,N,,,,,,,,,,,
2020103921,956.0,4,0,0,0,0,0,0,0,0,4,0,,67,12,2020,3,39.9592,-75.2311,955.0,6,0,0,1,0,0,0,0,0,,0,0,0.0,9,1,1,1,,2,39 57:33.175,7.0,0,75 13:51.938,3,0,0,0,67301,0,0,0,N,0,0,0,4,67301,0,,1,1,1050.0,N,N,N,0,,1,0,1,3,2,Y,943,1,5,0,0,0,0,0,3,4,0,5,4,4.0,N,,,,,,,,,,,
2020112552,1130.0,0,0,0,0,0,0,0,0,0,8,0,,67,12,2020,5,40.0293,-75.1685,1100.0,6,0,0,0,0,0,0,0,0,,0,0,0.0,23,6,1,0,N,0,40 01:45.410,,0,75 10:06.720,2,0,0,0,67301,1,0,1,N,1,0,1,2,67301,0,,4,99,,N,N,N,1,,0,1,0,0,0,,2330,1,2,0,0,0,0,0,3,4,0,1,99,3.0,N,,,,,,,,,,,
2020108029,2135.0,1,0,0,0,0,0,0,0,0,4,0,,67,12,2020,7,39.9426,-75.2392,2132.0,6,0,0,0,0,0,0,0,0,,0,0,0.0,20,3,1,0,N,0,39 56:33.490,,0,75 14:21.114,3,0,0,0,67301,0,0,0,N,0,0,0,2,67301,0,,1,1,,N,N,N,0,,1,0,1,0,0,,2012,1,2,0,0,0,0,1,3,4,0,2,3,3.0,N,,,,,,,,,,,
2020105316,1305.0,1,0,0,0,0,0,0,0,0,4,0,,67,12,2020,6,39.9397,-75.2255,1305.0,6,0,0,0,0,0,0,0,0,,0,0,0.0,5,3,1,1,,0,39 56:23.027,,0,75 13:31.850,3,0,0,0,67301,0,0,0,N,0,0,0,2,67301,0,,1,1,,N,N,N,0,,1,0,1,9,2,,510,1,2,0,0,0,0,1,3,4,0,2,3,,N,,,,,,,,,,,
2020105882,1245.0,2,0,0,0,0,0,0,0,0,4,0,,67,12,2020,3,40.0807,-75.17,1245.0,6,0,0,0,0,0,0,0,1,,0,0,0.0,12,1,1,1,,1,40 04:50.635,1.0,0,75 10:11.945,3,0,0,0,67301,0,0,0,N,0,0,0,2,67301,0,,1,1,30.0,N,N,N,0,,1,0,0,3,2,N,1245,1,2,0,0,0,0,0,3,4,0,2,3,,N,,,,,,,,,,,
2020113598,1610.0,0,0,0,0,0,0,0,0,0,8,0,,67,12,2020,2,39.9244,-75.1696,1605.0,6,0,0,0,0,0,0,0,1,,0,0,0.0,14,1,1,1,,0,39 55:27.786,,0,75 10:11.056,4,0,0,0,67301,1,0,0,N,1,0,0,2,67301,1,,1,1,,N,N,N,0,,0,0,1,3,2,,1400,1,2,0,0,0,0,0,3,4,0,1,3,3.0,N,,,,,,,,,,,
2020107085,2035.0,1,0,0,0,0,0,0,0,0,7,0,,67,12,2020,5,40.1037,-75.0282,2031.0,6,0,0,0,0,0,0,0,0,,0,0,0.0,20,3,0,0,N,0,40 06:13.471,,0,75 01:41.524,9,0,0,0,67301,0,0,0,N,0,0,0,1,67301,0,,5,1,,N,N,N,0,,0,0,0,0,0,,2030,0,1,0,0,0,0,1,3,4,0,1,3,3.0,N,,,,,,,,,,,
2020104389,1645.0,1,0,0,0,0,0,0,0,0,1,0,,67,12,2020,5,40.0647,-74.9823,1645.0,6,0,0,0,0,0,0,1,0,,0,0,0.0,16,3,0,1,,0,40 03:52.885,,0,74 58:56.121,0,0,0,0,67301,0,0,0,N,0,0,0,2,67301,0,,1,1,,N,N,N,0,,0,0,1,3,2,,1640,0,2,0,0,0,0,0,3,4,0,2,3,3.0,N,,,,,,,,,,,
2020111649,814.0,1,0,0,0,0,0,0,0,0,4,0,,67,12,2020,2,40.0191,-75.0815,813.0,6,0,0,0,0,0,1,0,0,,0,0,0.0,8,1,0,1,,0,40 01:08.804,,1,75 04:53.258,0,0,0,0,67301,0,0,0,N,0,0,0,2,67301,0,,1,9,,N,N,N,0,,0,0,1,3,2,,812,0,2,0,0,0,0,0,3,4,0,2,4,4.0,N,,,,,,,,,,,
2020100450,1814.0,1,0,0,0,0,0,0,0,0,4,0,,67,11,2020,5,39.9711,-75.2287,1810.0,6,0,0,0,0,0,0,0,0,,0,0,0.0,18,3,3,1,,0,39 58:15.920,,0,75 13:43.424,3,0,0,0,67301,0,0,0,N,0,0,0,5,67301,0,,1,1,,N,N,N,0,,3,0,1,3,2,,1810,3,2,0,0,0,0,0,3,4,0,2,3,,N,,,,,,,,,,,
2020102364,1039.0,5,0,0,0,0,0,0,0,0,1,0,,67,11,2020,7,39.9499,-75.2288,1038.0,6,0,0,0,0,0,0,0,0,,0,0,0.0,10,1,1,0,N,0,39 56:59.590,,0,75 13:43.550,2,0,0,0,67301,1,0,1,N,1,0,1,3,67301,0,,6,1,,N,N,N,0,,0,1,0,0,0,,1037,1,6,0,0,0,0,2,3,4,0,5,3,3.0,N,,,,,,,,,,,
2020113601,945.0,0,0,0,0,0,0,0,0,0,8,0,,67,12,2020,4,39.9597,-75.2249,940.0,6,0,0,0,0,0,0,0,0,,0,0,0.0,9,1,1,0,N,1,39 57:34.779,2.0,0,75 13:29.766,8,0,0,0,67301,1,0,0,N,1,0,0,2,67301,0,,1,1,1000.0,N,N,N,0,,0,0,1,0,0,Y,930,1,2,0,0,0,1,0,3,4,0,1,3,3.0,N,,,,,,,,,,,
2020106365,2023.0,2,0,0,0,0,0,0,0,0,1,0,45.0,67,11,2020,2,39.979,-75.1096,2023.0,6,0,0,0,0,0,1,0,0,,0,0,0.0,20,3,2,0,N,1,39 58:44.334,2.0,0,75 06:34.557,3,0,0,0,67301,0,0,0,N,0,0,0,4,68K01,0,,1,9,2122.0,N,N,N,1,,2,0,0,0,0,N,2023,2,3,0,0,1,0,0,3,4,0,3,3,3.0,Y,4.0,1.0,N,,,N,,,,Y,N
2020108481,1750.0,1,0,0,0,0,0,0,0,0,4,0,,67,12,2020,3,39.9776,-75.1313,1747.0,6,0,0,0,0,0,0,0,0,,0,0,0.0,17,4,1,1,,0,39 58:39.389,,0,75 07:52.816,3,0,0,0,67301,0,0,0,N,0,0,0,3,67301,0,,1,1,,N,N,N,0,,1,0,1,3,3,,1742,1,2,0,0,0,0,0,3,4,0,2,3,3.0,N,,,,,,,,,,,
2020104689,123.0,1,0,0,0,0,0,0,0,0,6,0,,67,12,2020,6,39.9622,-75.191,121.0,6,0,0,0,0,0,0,0,0,,0,0,0.0,1,3,0,0,N,2,39 57:43.920,6.0,0,75 11:27.510,9,0,0,0,67301,0,0,0,N,0,0,0,1,67301,0,,1,1,225.0,N,N,N,0,,0,0,1,0,0,Y,100,0,2,0,0,0,0,1,3,4,0,2,3,,N,,,,,,,,,,,
2020100801,1.0,5,0,0,0,0,0,0,0,0,0,0,,67,11,2020,2,40.019,-75.0846,2359.0,6,0,0,0,0,0,1,0,0,,0,0,0.0,23,3,0,0,N,0,40 01:08.290,,0,75 05:04.590,9,0,0,0,67301,0,0,0,N,0,0,0,2,67301,0,,1,1,,N,N,N,0,,0,0,2,0,0,,2358,0,7,0,0,0,0,1,3,4,0,7,3,3.0,N,,,,,,,,,,,
2020108475,1745.0,1,0,0,0,0,0,0,0,0,1,0,,67,12,2020,3,40.0702,-75.0704,1735.0,6,0,0,0,0,0,0,0,0,,0,0,0.0,17,3,1,1,,0,40 04:12.769,,0,75 04:13.466,4,0,0,0,67301,0,0,0,N,0,0,0,3,67301,1,,1,1,,N,N,N,0,,0,0,2,3,2,,1720,1,3,0,0,0,0,0,3,4,0,3,3,3.0,N,,,,,,,,,,,
2020110980,1129.0,1,0,0,0,0,0,0,0,0,4,0,,67,12,2020,2,39.9799,-75.1429,1128.0,6,0,0,0,0,0,0,1,0,,0,0,0.0,11,1,1,1,,0,39 58:47.465,,0,75 08:34.342,3,0,0,0,67301,0,0,0,N,0,0,0,2,67301,0,,1,1,,N,N,N,1,,1,0,0,3,2,,1124,1,2,0,0,0,0,0,3,4,0,2,3,3.0,N,,,,,,,,,,,
2020107397,141.0,0,0,0,0,0,0,0,0,0,7,0,,67,12,2020,1,39.9704,-75.2451,136.0,6,0,1,0,0,0,0,0,0,,0,0,0.0,1,3,1,0,N,0,39 58:13.385,,0,75 14:42.392,3,0,0,0,67301,0,0,0,N,0,0,0,5,67301,0,,1,9,,N,N,N,1,,1,0,0,3,2,,110,1,1,0,0,5,0,0,3,4,0,1,3,3.0,N,,,,,,,,,,,
2020112965,45.0,1,0,0,0,0,0,0,0,0,7,0,,67,12,2020,2,39.9625,-75.1625,31.0,6,0,0,0,0,0,0,0,0,,0,0,0.0,0,3,0,0,N,0,39 57:45.110,,0,75 09:45.005,0,0,0,0,67301,0,0,0,N,0,0,0,1,67301,0,,5,1,,N,N,N,0,,0,0,0,0,0,,17,0,1,0,0,0,0,0,3,4,0,1,3,98.0,N,,,,,,,,,,,
2020113160,335.0,2,0,0,0,0,0,0,0,0,4,0,,67,12,2020,3,40.0152,-75.1699,332.0,6,0,0,0,0,0,0,0,0,,0,0,0.0,3,3,1,1,,0,40 00:54.888,,0,75 10:11.461,3,0,0,0,67301,0,0,0,N,0,0,0,2,67301,0,,1,1,,N,N,N,0,,1,0,0,3,2,,310,1,2,0,0,0,0,0,3,4,0,2,3,3.0,N,,,,,,,,,,,
2020104028,756.0,0,0,0,0,0,0,0,0,0,5,0,,67,12,2020,4,40.0127,-75.0816,756.0,6,0,0,0,0,0,0,0,0,,0,0,0.0,7,1,0,0,N,2,40 00:45.550,3.0,0,75 04:53.850,0,0,0,0,67301,0,0,0,N,0,0,0,1,67301,0,,1,1,830.0,N,N,N,0,,0,0,2,0,0,Y,755,0,2,0,0,1,0,0,3,4,0,2,3,3.0,N,,,,,,,,,,,
2020103011,1730.0,0,0,0,0,0,0,0,0,0,4,0,,67,11,2020,7,40.0285,-75.0579,1727.0,6,0,0,1,0,0,1,0,0,,0,0,0.0,17,4,1,1,,0,40 01:42.775,,0,75 03:28.507,3,0,0,1,67301,0,0,0,N,0,0,0,2,67301,0,,1,1,,N,N,N,0,,1,0,1,3,2,,1723,1,2,0,0,0,0,0,3,4,0,2,3,,N,,,,,,,,,,,
2020109215,1200.0,2,0,0,0,0,0,0,0,0,4,0,,67,12,2020,1,40.0219,-75.1393,1210.0,6,0,0,0,0,0,1,0,0,,0,0,0.0,19,3,2,1,,0,40 01:18.177,,0,75 08:23.284,3,0,0,0,67301,0,0,0,N,0,0,0,3,67301,0,,1,99,,N,N,N,0,,2,0,0,3,2,,1905,2,2,0,0,0,0,0,3,4,0,2,99,,N,,,,,,,,,,,
2020105880,1927.0,2,0,0,0,0,0,0,0,0,6,0,,67,12,2020,1,39.9415,-75.235,1924.0,6,0,0,0,0,0,1,0,1,,0,0,0.0,15,1,1,1,,0,39 56:29.378,,0,75 14:06.067,3,0,0,0,67301,0,0,0,N,0,0,0,2,67301,0,,1,1,,N,N,N,0,,1,0,0,3,2,,1515,1,2,0,0,1,0,0,3,4,0,2,3,3.0,N,,,,,,,,,,,
2020106644,1330.0,0,0,0,0,0,0,0,0,0,6,0,,67,12,2020,3,39.95,-75.2229,1330.0,6,0,0,0,0,0,1,0,0,,0,0,0.0,13,1,1,1,,0,39 56:59.928,,0,75 13:22.562,3,0,0,0,67301,0,0,0,N,0,0,0,2,67301,0,,1,99,,N,N,N,0,,1,0,2,3,3,,1315,1,2,0,0,0,0,0,3,4,0,2,3,3.0,N,,,,,,,,,,,
2020112984,39.0,0,0,0,0,0,0,0,0,0,8,0,,67,12,2020,7,40.0,-75.1531,36.0,6,0,0,0,0,0,0,1,0,,0,0,0.0,0,3,1,1,,0,39 59:59.964,,0,75 09:11.322,8,0,0,0,67301,1,0,0,N,1,0,0,3,67301,0,,1,1,,N,N,N,0,,0,0,1,3,2,,18,1,2,0,0,0,1,0,3,4,0,1,3,3.0,N,,,,,,,,,,,
2020099989,108.0,1,0,0,0,0,0,0,0,0,4,0,,67,11,2020,7,39.9811,-75.1647,104.0,6,0,0,0,0,0,0,0,0,,0,0,0.0,0,3,0,1,,0,39 58:52.118,,0,75 09:53.035,0,0,0,0,67301,0,0,0,N,0,0,0,2,67301,0,,1,1,,N,N,N,0,,0,0,1,9,3,,28,0,2,0,0,0,0,0,3,4,0,2,3,3.0,N,,,,,,,,,,,
2020114063,1741.0,1,0,0,0,0,0,0,0,0,8,0,,67,12,2020,5,40.039,-75.15,1741.0,6,0,0,0,0,0,0,0,0,,0,0,0.0,0,3,1,0,N,0,40 02:20.299,,0,75 09:00.127,3,0,0,0,67301,1,0,0,N,1,0,0,2,67301,0,,1,9,,N,N,N,0,,1,0,0,0,0,,0,1,2,0,0,0,0,0,3,4,0,1,7,,N,,,,,,,,,,,
2020112987,635.0,2,0,0,0,0,0,0,0,0,1,0,,67,12,2020,1,40.0521,-75.1418,628.0,6,0,0,0,0,0,1,0,0,,0,0,0.0,6,5,1,1,,1,40 03:07.476,1.0,0,75 08:30.412,4,0,0,0,67301,0,0,0,N,0,0,0,2,67301,1,,1,1,820.0,N,N,N,0,,0,0,0,3,2,N,627,1,2,0,0,0,0,0,3,4,0,2,3,,N,,,,,,,,,,,