CRN,ARRIVAL_TM,AUTOMOBILE_COUNT,BELTED_DEATH_COUNT,BELTED_SUSP_SERIOUS_INJ_COUNT,BICYCLE_COUNT,BICYCLE_DEATH_COUNT,BICYCLE_SUSP_SERIOUS_INJ_COUNT,BUS_COUNT,CHLDPAS_DEATH_COUNT,CHLDPAS_SUSP_SERIOUS_INJ_COUNT,COLLISION_TYPE,COMM_VEH_COUNT,CONS_ZONE_SPD_LIM,COUNTY,CRASH_MONTH,CRASH_YEAR,DAY_OF_WEEK,DEC_LAT,DEC_LONG,DISPATCH_TM,DISTRICT,DRIVER_COUNT_16YR,DRIVER_COUNT_17YR,DRIVER_COUNT_18YR,DRIVER_COUNT_19YR,DRIVER_COUNT_20YR,DRIVER_COUNT_50_64YR,DRIVER_COUNT_65_74YR,DRIVER_COUNT_75PLUS,EST_HRS_CLOSED,FATAL_COUNT,HEAVY_TRUCK_COUNT,HORSE_BUGGY_COUNT,HOUR_OF_DAY,ILLUMINATION,INJURY_COUNT,INTERSECT_TYPE,INTERSECTION_RELATED,LANE_CLOSED,LATITUDE,LN_CLOSE_DIR,LOCATION_TYPE,LONGITUDE,MAX_SEVERITY_LEVEL,MCYCLE_DEATH_COUNT,MCYCLE_SUSP_SERIOUS_INJ_COUNT,MOTORCYCLE_COUNT,MUNICIPALITY,NONMOTR_COUNT,NONMOTR_DEATH_COUNT,NONMOTR_SUSP_SERIOUS_INJ_COUNT,NTFY_HIWY_MAINT,PED_COUNT,PED_DEATH_COUNT,PED_SUSP_SERIOUS_INJ_COUNT,PERSON_COUNT,POLICE_AGCY,POSSIBLE_INJ_COUNT,RDWY_SURF_TYPE_CD,RELATION_TO_ROAD,ROAD_CONDITION,ROADWAY_CLEARED,SCH_BUS_IND,SCH_ZONE_IND,SECONDARY_CRASH,SMALL_TRUCK_COUNT,SPEC_JURIS_CD,SUSP_MINOR_INJ_COUNT,SUSP_SERIOUS_INJ_COUNT,SUV_COUNT,TCD_FUNC_CD,TCD_TYPE,TFC_DETOUR_IND,TIME_OF_DAY,TOT_INJ_COUNT,TOTAL_UNITS,UNB_DEATH_COUNT,UNB_SUSP_SERIOUS_INJ_COUNT,UNBELTED_OCC_COUNT,UNK_INJ_DEG_COUNT,UNK_INJ_PER_COUNT,URBAN_AREA,URBAN_RURAL,VAN_COUNT,VEHICLE_COUNT,WEATHER1,WEATHER2,WORK_ZONE_IND,WORK_ZONE_LOC,WORK_ZONE_TYPE,WORKERS_PRES,WZ_CLOSE_DETOUR,WZ_FLAGGER,WZ_LAW_OFFCR_IND,WZ_LN_CLOSURE,WZ_MOVING,WZ_OTHER,WZ_SHLDER_MDN,WZ_WORKERS_INJ_KILLED
2020107113,346.0,2,0,0,0,0,0,0,0,0,5,0,,67,12,2020,7,39.9867,-75.172,346.0,6,0,0,0,0,1,0,0,0,,0,0,0.0,3,3,0,2,N,0,39 59:12.170,,0,75 10:19.254,0,0,0,0,67301,0,0,0,N,0,0,0,1,67509,0,,2,1,,N,N,N,0,,0,0,0,0,0,,344,0,2,0,0,0,0,0,3,4,0,2,3,3.0,N,,,,,,,,,,,
2020104511,1555.0,1,0,0,0,0,0,0,0,0,4,0,,67,12,2020,5,39.9211,-75.2242,1550.0,6,0,0,0,0,0,0,0,0,,0,0,0.0,15,1,1,1,,1,39 55:15.795,4.0,0,75 13:27.001,2,0,0,0,67301,0,0,0,N,0,0,0,3,67301,0,,1,1,1730.0,N,N,N,0,,0,1,0,3,2,Y,1541,1,2,0,0,0,0,2,3,4,0,2,3,,N,,,,,,,,,,,
2020098804,1417.0,0,0,0,0,0,0,0,0,0,7,0,,67,11,2020,3,39.9245,-75.1408,1414.0,6,0,0,0,0,0,0,1,0,,0,0,0.0,14,1,1,0,N,0,39 55:28.110,,7,75 08:26.720,3,0,0,0,67301,0,0,0,N,0,0,0,2,67301,0,,4,1,,N,N,N,0,,1,0,0,0,0,,1410,1,1,0,0,0,0,0,3,4,1,1,3,3.0,N,,,,,,,,,,,
2020099878,100.0,1,0,0,0,0,0,0,0,0,5,0,,67,11,2020,6,40.0153,-75.1373,100.0,6,0,0,0,0,0,0,0,0,,0,0,0.0,1,3,0,0,N,0,40 00:55.150,,0,75 08:14.190,9,0,0,0,67301,0,0,0,N,0,0,0,1,67301,0,,6,1,,N,N,N,0,,0,0,4,0,0,,100,0,7,0,0,0,0,1,3,4,2,7,3,3.0,N,,,,,,,,,,,
2020104394,1133.0,0,0,0,0,0,0,0,0,0,8,0,,67,12,2020,5,39.9934,-75.1507,1131.0,6,0,0,0,0,0,0,0,0,,0,0,0.0,11,1,1,0,N,0,39 59:36.396,,0,75 09:02.668,8,0,0,0,67301,1,0,0,N,1,0,0,2,67301,0,,1,1,,N,N,N,0,,0,0,0,9,2,,1130,1,2,0,0,0,1,1,3,4,0,1,3,3.0,N,,,,,,,,,,,
2020102363,1823.0,0,0,0,0,0,0,0,0,0,2,0,,67,11,2020,6,39.9505,-75.2351,1820.0,6,0,0,0,0,0,0,0,0,,0,0,0.0,17,4,1,0,N,9,39 57:01.730,,0,75 14:06.180,3,0,0,0,67301,0,0,0,N,0,0,0,2,67301,0,,1,1,,N,N,N,0,,1,0,1,0,0,,1752,1,2,0,0,0,0,1,3,4,0,2,3,3.0,N,,,,,,,,,,,
2020104334,436.0,2,0,0,0,0,0,0,0,0,1,0,,67,12,2020,5,39.9347,-75.1724,432.0,6,0,0,0,0,0,0,0,0,,0,0,0.0,4,3,0,0,N,0,39 56:04.940,,0,75 10:20.680,0,0,0,0,67301,0,0,0,N,0,0,0,2,67301,0,,1,1,,N,N,N,0,,0,0,0,3,3,,431,0,2,0,0,1,0,0,3,4,0,2,3,3.0,N,,,,,,,,,,,
2020099124,2332.0,1,0,0,0,0,0,0,0,0,1,0,,67,11,2020,3,40.0276,-75.1471,2328.0,6,0,0,0,0,0,0,0,0,,0,0,0.0,23,3,5,1,,1,40 01:39.287,1.0,0,75 08:49.681,3,0,0,0,67301,0,0,0,N,0,0,0,8,67301,0,,1,1,310.0,N,N,N,0,,5,0,2,3,2,N,2328,5,3,0,0,0,0,0,3,4,0,3,3,3.0,N,,,,,,,,,,,
2020100484,2248.0,1,0,0,0,0,0,0,0,0,1,1,,67,11,2020,1,39.9599,-75.1783,2230.0,6,0,0,0,0,0,0,0,0,,0,1,0.0,22,3,2,0,N,0,39 57:35.760,,0,75 10:41.755,3,0,0,0,67301,0,0,0,N,0,0,0,3,68K01,1,,1,1,,N,N,N,0,,1,0,0,0,0,,2230,2,2,0,0,1,0,1,3,4,0,2,3,,N,,,,,,,,,,,
2020096402,1815.0,2,0,0,0,0,0,0,0,0,5,0,,67,11,2020,4,40.0466,-75.1125,1806.0,6,0,0,2,0,0,0,0,0,,0,0,0.0,17,3,1,0,N,0,40 02:47.904,,0,75 06:45.038,3,0,0,0,67301,0,0,0,N,0,0,0,3,67301,0,,1,8,,N,N,N,0,,1,0,1,0,0,,1746,1,3,0,0,0,0,0,3,4,0,3,7,,N,,,,,,,,,,,
2020101822,1534.0,1,0,0,0,0,0,0,0,0,1,0,,67,11,2020,4,39.8972,-75.2381,1530.0,6,0,0,0,0,0,0,0,0,,0,0,0.0,14,1,1,0,N,0,39 53:50.036,,0,75 14:17.283,4,0,0,0,67301,0,0,0,N,0,0,0,2,67301,1,,1,1,,N,N,N,0,,0,0,1,0,0,,1450,1,2,0,0,0,0,0,3,4,0,2,3,,N,,,,,,,,,,,
2020097352,1845.0,0,0,0,0,0,0,0,0,0,8,0,,67,11,2020,4,39.9573,-75.2153,1825.0,6,0,0,0,0,0,0,0,0,,0,0,0.0,17,3,1,2,,0,39 57:26.135,,0,75 12:55.142,8,0,0,0,67301,1,0,0,N,1,0,0,2,67301,0,,1,9,,N,N,N,0,,0,0,0,3,2,,1736,1,2,0,0,0,1,0,3,4,0,1,7,7.0,N,,,,,,,,,,,
2020098926,2247.0,2,0,0,0,0,0,0,0,0,2,0,,67,11,2020,7,39.9176,-75.2127,2244.0,6,0,0,0,0,0,0,0,0,,0,0,0.0,22,3,1,0,N,0,39 55:03.293,,0,75 12:45.825,3,0,0,0,67301,0,0,0,N,0,0,0,1,67301,0,,3,1,,N,N,N,0,,1,0,0,0,0,,2242,1,2,0,0,0,0,0,3,4,0,2,3,3.0,N,,,,,,,,,,,
2020097354,715.0,1,0,0,0,0,0,0,0,0,5,0,,67,11,2020,7,39.995,-75.1542,713.0,6,0,0,0,0,0,0,0,0,,0,0,0.0,7,5,1,0,N,0,39 59:42.117,,0,75 09:15.201,3,0,0,0,67301,1,0,0,N,0,0,0,2,67301,0,,6,1,,N,N,N,0,,1,0,1,0,0,,700,1,2,0,0,0,0,1,3,4,0,2,3,3.0,N,,,,,,,,,,,
2020100802,542.0,3,0,0,0,0,0,0,0,0,5,0,,67,11,2020,1,40.0108,-75.098,541.0,6,0,0,0,0,0,0,0,0,,0,0,0.0,5,3,0,0,N,0,40 00:38.914,,0,75 05:52.678,0,0,0,0,67301,0,0,0,N,0,0,0,1,67301,0,,1,1,,N,N,N,0,,0,0,0,0,0,,525,0,3,0,0,0,0,0,3,4,0,3,3,3.0,N,,,,,,,,,,,
2020096601,1031.0,1,0,0,0,0,0,0,0,0,4,0,,67,11,2020,7,39.987,-75.1744,1030.0,6,0,0,0,0,0,1,0,0,,0,0,0.0,10,1,3,1,,1,39 59:13.275,7.0,0,75 10:27.811,8,0,0,0,67301,0,0,0,N,0,0,0,5,67301,0,,1,1,1312.0,N,N,N,1,,0,0,1,3,2,N,1029,3,3,0,0,0,3,1,3,4,0,3,3,,N,,,,,,,,,,,
2020099976,1756.0,0,0,0,0,0,0,0,0,0,8,0,,67,11,2020,3,39.9277,-75.1858,1750.0,6,0,0,0,0,0,0,0,0,,0,0,0.0,17,4,1,1,,0,39 55:39.756,,0,75 11:08.732,8,0,0,0,67301,1,0,0,N,1,0,0,2,67301,0,,1,1,,N,N,N,0,,0,0,1,3,3,,1745,1,2,0,0,0,1,0,3,4,0,1,3,3.0,N,,,,,,,,,,,
2020104163,1720.0,1,0,0,0,0,0,0,0,0,5,0,,67,12,2020,3,39.9917,-75.2303,1700.0,6,0,0,0,0,0,0,0,0,,0,0,0.0,16,1,0,0,N,0,39 59:30.200,,0,75 13:49.200,0,0,0,0,67301,1,0,0,N,0,0,0,2,67301,0,,6,1,,N,N,N,0,,0,0,1,0,0,,1645,0,2,0,0,1,0,0,3,4,0,2,3,3.0,N,,,,,,,,,,,
2020096052,346.0,3,0,0,0,0,0,0,0,0,6,0,,67,11,2020,1,39.9378,-75.2181,346.0,6,0,0,0,0,0,0,0,0,,0,0,0.0,3,3,0,0,N,0,39 56:15.900,,0,75 13:05.210,0,0,0,0,67301,0,0,0,N,0,0,0,1,67301,0,,2,1,,N,N,N,0,,0,0,0,0,0,,325,0,3,0,0,0,0,0,3,4,0,3,3,,N,,,,,,,,,,,
2020100360,1916.0,2,0,0,0,0,0,0,0,0,4,0,,67,11,2020,1,40.0432,-75.1672,1915.0,6,0,0,0,0,0,1,0,0,,0,0,0.0,18,3,1,1,,0,40 02:35.358,,0,75 10:01.956,3,0,0,0,67301,0,0,0,N,0,0,0,2,67301,0,,1,1,,N,N,N,0,,1,0,0,9,1,,1840,1,2,0,0,1,0,0,3,4,0,2,3,3.0,N,,,,,,,,,,,
2020106364,2022.0,0,0,0,0,0,0,0,0,0,7,0,,67,11,2020,2,40.0354,-75.0173,2022.0,6,0,0,0,0,0,0,0,0,,0,0,0.0,20,3,0,0,N,0,40 02:07.543,,0,75 01:02.275,0,0,0,0,67301,0,0,0,N,0,0,0,1,68K01,0,,3,9,,N,N,N,0,,0,0,1,0,0,,2022,0,1,0,0,0,0,0,3,4,0,1,4,4.0,N,,,,,,,,,,,
2020098925,1242.0,0,0,0,0,0,0,0,0,0,4,0,,67,11,2020,1,40.1289,-75.0087,1232.0,6,0,0,0,0,0,0,1,1,,0,0,0.0,12,1,0,1,,0,40 07:44.165,,0,75 00:31.460,0,0,0,0,67301,0,0,0,N,0,0,0,2,67301,0,,1,1,,N,N,N,0,,0,0,2,3,3,,1232,0,2,0,0,0,0,0,3,4,0,2,4,,N,,,,,,,,,,,
2020094737,1520.0,0,0,0,0,0,0,0,0,0,8,0,,67,11,2020,5,39.9393,-75.1782,1511.0,6,0,0,0,0,0,0,0,0,,0,0,0.0,15,1,1,1,,0,39 56:21.417,,0,75 10:41.654,3,0,0,0,67301,1,0,0,N,1,0,0,2,67301,0,,1,1,,N,N,N,0,,1,0,0,3,2,,1507,1,2,0,0,0,0,0,3,4,0,1,3,3.0,N,,,,,,,,,,,
2020098807,1644.0,1,0,0,1,0,0,0,0,0,5,0,,67,11,2020,7,39.9392,-75.1909,1634.0,6,0,0,0,0,0,0,0,0,,0,0,0.0,14,1,1,0,N,0,39 56:21.020,,0,75 11:27.250,4,0,0,0,67301,1,0,0,N,0,0,0,2,67301,1,,1,99,,N,N,N,0,,0,0,0,0,0,,1400,1,2,0,0,0,0,0,3,4,0,1,3,3.0,N,,,,,,,,,,,
2020101848,57.0,5,0,0,0,0,0,0,0,0,5,0,,67,11,2020,5,40.0326,-75.1246,55.0,6,0,0,0,0,0,0,0,0,,0,0,0.0,0,3,1,0,N,1,40 01:57.520,4.0,0,75 07:28.530,4,0,0,0,67301,0,0,0,N,0,0,0,1,67301,1,,6,1,214.0,N,N,N,0,,0,0,3,0,0,N,52,1,8,0,0,0,0,0,3,4,0,8,4,,N,,,,,,,,,,,
2020113234,1516.0,0,0,0,0,0,0,0,0,0,7,0,,67,12,2020,1,39.9911,-75.2037,1513.0,6,0,0,0,0,0,1,0,0,,0,0,0.0,15,1,0,0,N,1,39 59:28.082,3.0,0,75 12:13.365,0,0,0,0,67301,0,0,0,Y,0,0,0,1,68K01,0,,4,1,1620.0,N,N,N,0,,0,0,1,0,0,N,1505,0,1,0,0,0,0,0,3,4,0,1,3,,N,,,,,,,,,,,
2020100252,1805.0,1,0,0,0,0,0,0,0,0,4,0,,67,11,2020,6,39.9908,-75.1482,1758.0,6,0,0,0,0,0,0,0,0,,0,0,0.0,17,3,1,0,N,0,39 59:26.900,,0,75 08:53.480,3,0,0,0,67301,0,0,0,N,0,0,0,3,67301,0,,1,1,,N,N,N,0,,1,0,1,0,0,,1743,1,2,0,0,0,0,0,3,4,0,2,3,3.0,N,,,,,,,,,,,
2020103083,437.0,0,0,0,0,0,0,0,0,0,7,0,,67,11,2020,6,40.0316,-75.0215,434.0,6,0,0,0,0,0,0,0,0,,0,0,0.0,4,3,0,0,N,2,40 01:53.647,2.0,0,75 01:17.474,0,0,0,0,67301,0,0,0,N,0,0,0,1,68K01,0,,4,9,500.0,N,N,N,1,,0,0,0,0,0,N,432,0,1,0,0,0,0,0,3,4,0,1,7,,N,,,,,,,,,,,
2020104309,1055.0,1,0,0,0,0,0,0,0,0,5,0,,67,11,2020,1,39.9622,-75.2367,1046.0,6,0,0,0,0,0,0,0,0,,0,0,0.0,23,6,0,0,N,0,39 57:43.850,,0,75 14:12.030,9,0,0,0,67301,0,0,0,N,0,0,0,1,67301,0,,6,99,,N,N,N,0,,0,0,0,0,0,,2300,0,2,0,0,0,0,1,3,4,0,2,99,,N,,,,,,,,,,,
2020108035,1540.0,1,0,0,0,0,0,0,0,0,4,0,,67,12,2020,1,40.0292,-75.1746,1523.0,6,0,0,0,0,0,1,1,0,,0,0,0.0,14,1,1,1,,0,40 01:45.210,,0,75 10:28.410,3,0,0,0,67301,0,0,0,N,0,0,0,2,67301,0,,1,1,,N,N,N,0,,1,0,1,1,3,,1445,1,2,0,0,0,0,1,3,4,0,2,3,,N,,,,,,,,,,,
2020103027,155.0,2,0,0,0,0,0,0,0,0,1,0,,67,11,2020,7,40.0192,-75.1638,149.0,6,0,0,0,0,0,0,0,0,,0,0,0.0,1,3,0,0,N,1,40 01:09.183,1.0,1,75 09:49.628,0,0,0,0,67301,0,0,0,N,0,0,0,4,67301,0,,1,1,230.0,N,N,N,0,,0,0,0,0,0,Y,140,0,2,0,0,3,0,0,3,4,0,2,3,98.0,N,,,,,,,,,,,
2020099231,940.0,2,0,0,0,0,0,0,0,0,1,0,,67,11,2020,4,39.9234,-75.1619,931.0,6,0,0,0,0,0,0,0,0,,0,0,0.0,9,1,0,0,N,0,39 55:24.153,,0,75 09:42.883,9,0,0,0,67301,0,0,0,N,0,0,0,1,67301,0,,6,1,,N,N,N,0,,0,0,0,0,0,,900,0,2,0,0,0,0,1,3,4,0,2,3,3.0,N,,,,,,,,,,,
2020087183,1259.0,1,0,0,0,0,0,0,0,0,8,0,,67,10,2020,7,39.9355,-75.1841,1258.0,6,0,0,0,0,0,0,0,0,,0,0,0.0,12,1,1,0,N,0,39 56:07.760,,0,75 11:02.680,4,0,0,0,67301,1,0,0,N,1,0,0,2,67301,1,,1,1,,N,N,N,0,,0,0,0,0,0,,1255,1,2,0,0,0,0,0,3,4,0,1,3,3.0,N,,,,,,,,,,,
2020092334,1600.0,1,0,0,0,0,0,0,0,0,0,0,,67,10,2020,5,39.8925,-75.223,1553.0,6,0,0,0,0,0,0,0,0,,0,0,0.0,15,1,1,0,N,0,39 53:33.060,,0,75 13:22.630,3,0,0,0,67301,0,0,0,N,0,0,0,1,67301,0,,1,9,,N,N,N,0,,1,0,0,0,0,,1530,1,1,0,0,0,0,0,3,4,0,1,6,7.0,N,,,,,,,,,,,
2020091420,437.0,1,0,0,0,0,0,0,0,0,2,0,,67,10,2020,5,40.0443,-75.0963,432.0,6,0,0,0,0,1,0,0,0,,0,0,0.0,4,3,1,1,,0,40 02:39.447,,0,75 05:46.838,3,0,0,0,67301,0,0,0,N,0,0,0,2,67301,0,,1,9,,N,N,N,0,,1,0,0,9,3,,430,1,2,0,0,0,0,0,3,4,1,2,7,,N,,,,,,,,,,,
2020098011,1444.0,1,0,0,0,0,0,0,0,0,0,0,,67,11,2020,1,40.0143,-75.1786,1440.0,6,0,0,0,0,0,0,0,0,,0,0,0.0,12,1,1,0,N,2,40 00:51.406,2.0,0,75 10:43.098,8,0,0,0,67301,0,0,0,N,0,0,0,1,67301,0,,1,9,1400.0,N,N,N,0,,0,0,0,0,0,N,1240,1,2,0,0,0,1,0,3,4,0,1,7,7.0,N,,,,,,,,,,,
2020099872,2237.0,0,0,0,0,0,0,0,0,0,8,0,,67,11,2020,1,39.9595,-75.2332,2235.0,6,0,0,0,0,0,0,0,0,,0,0,0.0,22,3,1,1,,0,39 57:34.098,,0,75 13:59.431,3,0,0,0,67301,1,0,0,N,1,0,0,2,67301,0,,1,1,,N,N,N,0,,1,0,0,3,2,,2230,1,2,0,0,0,0,0,3,4,0,1,3,3.0,N,,,,,,,,,,,
2020092749,2214.0,4,0,0,0,0,0,0,0,0,4,0,,67,10,2020,5,39.9927,-75.1325,2214.0,6,0,0,0,0,0,0,0,0,,0,0,0.0,21,3,0,1,,0,39 59:33.896,,0,75 07:57.068,9,0,0,0,67301,0,0,0,N,0,0,0,2,67301,0,,1,8,,N,N,N,1,,0,0,0,3,3,,2130,0,6,0,0,0,0,1,3,4,1,6,7,,N,,,,,,,,,,,
2020092755,2150.0,2,0,0,0,0,0,0,0,0,5,0,,67,11,2020,2,40.0283,-75.1383,2150.0,6,0,0,0,0,0,0,0,0,,0,0,0.0,21,3,1,0,N,0,40 01:41.880,,99,75 08:17.900,3,0,0,0,67301,0,0,0,N,0,0,0,2,67301,0,,2,1,,N,N,N,0,,1,0,1,0,0,,2145,1,4,0,0,0,0,0,3,4,0,4,3,3.0,N,,,,,,,,,,,
2020092350,1540.0,1,0,0,0,0,0,0,0,0,4,0,,67,10,2020,5,39.9597,-75.2288,1531.0,6,0,0,0,0,0,0,0,0,,0,0,0.0,15,1,1,1,,0,39 57:34.880,,0,75 13:43.604,3,0,0,0,67301,0,0,0,N,0,0,0,2,67301,0,,1,9,,N,N,N,0,,1,0,1,3,3,,1519,1,2,0,0,0,0,1,3,4,0,2,7,4.0,N,,,,,,,,,,,
2020092323,135.0,1,0,0,0,0,0,0,0,0,7,0,,67,11,2020,1,40.1311,-75.0137,135.0,6,0,0,0,0,0,0,0,0,,0,0,0.0,1,3,0,0,N,0,40 07:51.990,,0,75 00:49.363,0,0,0,0,67301,0,0,0,N,0,0,0,1,67301,0,,4,1,,N,N,N,0,,0,0,0,0,0,,125,0,1,0,0,0,0,0,3,4,0,1,3,,N,,,,,,,,,,,
2020092712,109.0,1,0,2,0,0,0,0,0,0,7,0,,67,10,2020,2,40.0296,-75.211,107.0,6,0,0,0,0,0,0,0,0,,0,0,0.0,1,3,5,0,N,1,40 01:46.626,5.0,7,75 12:39.672,2,0,0,0,67301,0,0,0,N,0,0,0,5,67301,0,,4,9,310.0,N,N,N,0,,0,5,0,0,0,Y,106,5,1,0,3,3,0,0,3,4,0,1,7,5.0,N,,,,,,,,,,,
2020090140,1502.0,1,0,0,0,0,0,0,0,0,4,0,,67,10,2020,2,39.9916,-75.1847,1501.0,6,0,0,0,0,0,0,0,0,,0,0,0.0,14,1,0,1,,0,39 59:29.698,,0,75 11:04.939,0,0,0,0,67301,0,0,0,N,0,0,0,2,67301,0,,1,9,,N,N,N,0,,0,0,1,3,2,,1450,0,2,0,0,0,0,0,3,4,0,2,4,4.0,N,,,,,,,,,,,
2020111650,1335.0,1,0,0,0,0,0,0,0,0,8,0,,67,12,2020,3,40.0371,-75.0402,1332.0,6,0,0,0,0,0,0,0,0,,0,0,0.0,13,1,1,0,N,0,40 02:13.397,,0,75 02:24.623,3,0,0,0,67301,1,0,0,N,1,0,0,3,67301,0,,1,1,,N,N,N,0,,1,0,0,0,0,,1330,1,2,0,0,0,0,0,3,4,0,1,3,,N,,,,,,,,,,,
2020087786,1230.0,1,0,0,0,0,0,0,0,0,6,0,,67,10,2020,2,40.0763,-75.0359,1224.0,6,0,0,0,0,0,0,0,1,,0,0,0.0,12,1,1,0,N,0,40 04:34.707,,0,75 02:09.366,8,0,0,0,67301,0,0,0,N,0,0,0,2,67301,0,,1,1,,N,N,N,0,,0,0,1,0,0,,1222,1,2,0,0,0,1,0,3,4,0,2,3,3.0,N,,,,,,,,,,,
2020086809,954.0,0,0,0,1,0,0,0,0,0,1,0,,67,10,2020,5,39.9816,-75.1445,954.0,6,0,0,0,0,0,0,0,0,,0,0,0.0,9,1,1,1,,0,39 58:53.796,,0,75 08:40.041,4,0,0,0,67301,1,0,0,N,0,0,0,2,67301,1,,1,1,,N,N,N,0,,0,0,1,3,2,,947,1,2,0,0,0,0,0,3,4,0,1,3,,N,,,,,,,,,,,
2020087558,1600.0,3,0,0,0,0,0,0,0,0,5,0,,67,10,2020,7,40.0417,-75.1441,1533.0,6,0,0,0,0,0,0,0,0,,0,0,0.0,13,1,0,0,N,1,40 02:29.978,1.0,0,75 08:38.588,9,0,0,0,67301,0,0,0,N,0,0,0,2,67301,0,,1,1,1800.0,N,N,N,0,,0,0,1,0,0,N,1300,0,4,0,0,0,0,2,3,4,0,4,3,3.0,N,,,,,,,,,,,
2020091237,626.0,1,0,0,0,0,0,0,0,0,5,0,,67,10,2020,1,39.9735,-75.194,621.0,6,0,0,0,0,0,1,0,0,,0,0,0.0,6,3,0,0,N,0,39 58:24.762,,0,75 11:38.496,0,0,0,0,67301,0,0,0,N,0,0,0,4,68K01,0,,1,1,,N,N,N,0,,0,0,1,0,0,,611,0,2,0,0,0,0,0,3,4,0,2,3,,N,,,,,,,,,,,
2020087550,608.0,1,0,0,0,0,0,0,0,0,4,0,,67,10,2020,1,39.9579,-75.1641,605.0,6,0,0,0,0,0,1,0,0,,0,0,0.0,6,5,1,5,,1,39 57:28.566,3.0,8,75 09:50.918,3,0,0,0,67301,0,0,0,N,0,0,0,3,67301,0,,1,1,715.0,N,N,N,0,,1,0,1,3,2,Y,604,1,2,0,0,0,0,0,3,4,0,2,3,,N,,,,,,,,,,,
2020086810,2230.0,0,0,0,0,0,0,0,0,0,6,0,,67,10,2020,6,39.9762,-75.1139,2230.0,6,0,0,0,0,0,0,0,0,,0,0,0.0,22,3,1,0,N,1,39 58:34.365,2.0,0,75 06:49.966,4,0,0,0,67301,0,0,0,N,0,0,0,2,67301,1,,1,1,1100.0,N,N,Y,1,,0,0,0,0,0,N,2230,1,2,0,0,0,0,0,3,4,1,2,3,3.0,N,,,,,,,,,,,
2020089526,943.0,0,0,0,0,0,0,0,0,0,1,0,,67,10,2020,4,40.011,-75.2061,942.0,6,0,0,0,0,0,1,0,0,,0,0,0.0,9,1,1,3,,0,40 00:39.685,,8,75 12:22.055,8,0,0,0,67301,0,0,0,N,0,0,0,4,68K01,0,,1,1,,N,N,N,0,,0,0,3,3,3,,939,1,3,0,0,0,1,0,3,4,0,3,5,,N,,,,,,,,,,,
2020088001,101.0,2,0,0,0,0,0,0,0,0,4,0,,67,10,2020,2,40.0137,-75.0973,1254.0,6,0,0,0,0,1,0,0,0,,0,0,0.0,23,3,0,1,,0,40 00:49.401,,0,75 05:50.455,0,0,0,0,67301,0,0,0,N,0,0,0,3,67301,0,,1,1,,N,N,N,0,,0,0,0,3,2,,2343,0,2,0,0,0,0,0,3,4,0,2,3,3.0,N,,,,,,,,,,,
2020087787,1410.0,1,0,0,0,0,0,0,0,0,2,0,,67,10,2020,2,40.081,-75.029,1404.0,6,0,0,0,0,0,0,0,0,,0,0,0.0,13,1,1,1,,0,40 04:51.720,,0,75 01:43.870,8,0,0,0,67301,0,0,0,N,0,0,0,2,67301,0,,1,1,,N,N,N,0,,0,0,1,3,2,,1344,1,2,0,0,0,1,0,3,4,0,2,3,3.0,N,,,,,,,,,,,
2020098324,910.0,0,0,0,0,0,0,0,0,0,4,0,,67,10,2020,5,40.0202,-75.1487,900.0,6,0,0,0,0,0,1,0,0,,0,0,0.0,9,1,1,1,,0,40 01:12.600,,0,75 08:55.900,8,0,0,0,67301,0,0,0,N,0,0,0,2,67508,0,,1,9,,N,N,Y,0,,0,0,0,3,2,,900,1,2,0,0,0,1,0,3,4,1,2,3,7.0,N,,,,,,,,,,,
2020097411,431.0,1,0,0,0,0,0,0,0,0,7,0,,67,10,2020,5,39.9608,-75.1818,431.0,6,0,0,0,0,1,0,0,0,,0,0,0.0,4,3,0,0,N,0,39 57:38.994,,0,75 10:54.415,0,0,0,0,67301,0,0,0,N,0,0,0,1,68K01,0,,3,9,,N,N,N,0,,0,0,0,0,0,,430,0,1,0,0,0,0,0,3,4,0,1,7,,N,,,,,,,,,,,
2020092318,2023.0,4,0,0,0,0,0,0,0,0,6,0,,67,10,2020,5,40.0397,-75.2318,2018.0,6,0,0,0,0,0,0,0,0,,0,0,0.0,19,3,0,0,N,0,40 02:23.010,,0,75 13:54.530,0,0,0,0,67301,0,0,0,N,0,0,0,1,67301,0,,6,8,,N,N,N,0,,0,0,0,0,0,,1947,0,4,0,0,0,0,0,3,4,0,4,7,,N,,,,,,,,,,,
2020090853,2030.0,2,0,0,0,0,0,0,0,0,1,0,,67,10,2020,4,39.9775,-75.1582,2025.0,6,0,0,0,0,0,0,0,0,,0,0,0.0,20,3,0,0,N,0,39 58:39.006,,0,75 09:29.507,0,0,0,0,67301,0,0,0,N,0,0,0,2,67505,0,,1,1,,N,N,N,0,,0,0,0,0,0,,2020,0,2,0,0,0,0,0,3,4,0,2,3,3.0,N,,,,,,,,,,,