CRN,ARRIVAL_TM,AUTOMOBILE_COUNT,BELTED_DEATH_COUNT,BELTED_SUSP_SERIOUS_INJ_COUNT,BICYCLE_COUNT,BICYCLE_DEATH_COUNT,BICYCLE_SUSP_SERIOUS_INJ_COUNT,BUS_COUNT,CHLDPAS_DEATH_COUNT,CHLDPAS_SUSP_SERIOUS_INJ_COUNT,COLLISION_TYPE,COMM_VEH_COUNT,CONS_ZONE_SPD_LIM,COUNTY,CRASH_MONTH,CRASH_YEAR,DAY_OF_WEEK,DEC_LAT,DEC_LONG,DISPATCH_TM,DISTRICT,DRIVER_COUNT_16YR,DRIVER_COUNT_17YR,DRIVER_COUNT_18YR,DRIVER_COUNT_19YR,DRIVER_COUNT_20YR,DRIVER_COUNT_50_64YR,DRIVER_COUNT_65_74YR,DRIVER_COUNT_75PLUS,EST_HRS_CLOSED,FATAL_COUNT,HEAVY_TRUCK_COUNT,HORSE_BUGGY_COUNT,HOUR_OF_DAY,ILLUMINATION,INJURY_COUNT,INTERSECT_TYPE,INTERSECTION_RELATED,LANE_CLOSED,LATITUDE,LN_CLOSE_DIR,LOCATION_TYPE,LONGITUDE,MAX_SEVERITY_LEVEL,MCYCLE_DEATH_COUNT,MCYCLE_SUSP_SERIOUS_INJ_COUNT,MOTORCYCLE_COUNT,MUNICIPALITY,NONMOTR_COUNT,NONMOTR_DEATH_COUNT,NONMOTR_SUSP_SERIOUS_INJ_COUNT,NTFY_HIWY_MAINT,PED_COUNT,PED_DEATH_COUNT,PED_SUSP_SERIOUS_INJ_COUNT,PERSON_COUNT,POLICE_AGCY,POSSIBLE_INJ_COUNT,RDWY_SURF_TYPE_CD,RELATION_TO_ROAD,ROAD_CONDITION,ROADWAY_CLEARED,SCH_BUS_IND,SCH_ZONE_IND,SECONDARY_CRASH,SMALL_TRUCK_COUNT,SPEC_JURIS_CD,SUSP_MINOR_INJ_COUNT,SUSP_SERIOUS_INJ_COUNT,SUV_COUNT,TCD_FUNC_CD,TCD_TYPE,TFC_DETOUR_IND,TIME_OF_DAY,TOT_INJ_COUNT,TOTAL_UNITS,UNB_DEATH_COUNT,UNB_SUSP_SERIOUS_INJ_COUNT,UNBELTED_OCC_COUNT,UNK_INJ_DEG_COUNT,UNK_INJ_PER_COUNT,URBAN_AREA,URBAN_RURAL,VAN_COUNT,VEHICLE_COUNT,WEATHER1,WEATHER2,WORK_ZONE_IND,WORK_ZONE_LOC,WORK_ZONE_TYPE,WORKERS_PRES,WZ_CLOSE_DETOUR,WZ_FLAGGER,WZ_LAW_OFFCR_IND,WZ_LN_CLOSURE,WZ_MOVING,WZ_OTHER,WZ_SHLDER_MDN,WZ_WORKERS_INJ_KILLED
2020093929,2231.0,2,0,0,0,0,0,0,0,0,1,0,,67,10,2020,3,40.0117,-75.1097,2230.0,6,0,0,0,1,0,0,0,0,,0,0,0.0,22,3,1,0,N,0,40 00:42.200,,0,75 06:34.800,3,0,0,0,67301,0,0,0,N,0,0,0,1,67301,0,,6,1,,N,N,N,0,,1,0,0,9,9,,2228,1,2,0,0,0,0,0,3,4,0,2,3,3.0,N,,,,,,,,,,,
2020105483,2020.0,1,0,0,0,0,0,0,0,0,1,0,,67,11,2020,1,39.9865,-75.0919,2012.0,6,0,0,0,0,0,0,0,0,,0,0,0.0,20,3,1,0,N,1,39 59:11.429,2.0,0,75 05:30.930,8,0,0,0,67301,0,0,0,N,0,0,0,3,68K01,0,,1,9,2040.0,N,N,N,0,,0,0,1,0,0,N,2010,1,2,0,0,0,1,1,3,4,0,2,7,,N,,,,,,,,,,,
2020100623,1453.0,0,0,0,0,0,0,0,0,0,5,0,,67,10,2020,2,39.946,-75.1425,1448.0,6,0,0,0,0,0,1,0,0,,0,0,0.0,14,1,1,0,N,0,39 56:45.587,,0,75 08:33.033,3,0,0,0,67301,0,0,0,N,0,0,0,2,68K01,0,,1,1,,N,N,N,1,,1,0,1,0,0,,1417,1,2,0,0,0,0,0,3,4,0,2,3,,N,,,,,,,,,,,
2020093222,111.0,2,0,0,0,0,0,0,0,0,2,0,,67,10,2020,7,40.0113,-75.1061,40.0,6,0,0,0,0,0,0,0,0,,0,0,0.0,0,3,2,1,N,0,40 00:40.660,,0,75 06:21.970,4,0,0,0,67301,0,0,0,N,0,0,0,3,67301,2,,1,1,,N,N,N,0,,0,0,0,2,2,,34,2,2,0,0,3,0,0,3,4,0,2,3,3.0,N,,,,,,,,,,,
2020111934,1958.0,2,0,0,0,0,0,0,0,0,1,0,,67,12,2020,5,39.9864,-75.1876,1952.0,6,0,0,0,0,0,0,2,0,,0,0,0.0,19,3,1,0,N,0,39 59:11.078,,0,75 11:15.185,4,0,0,0,67301,0,0,0,N,0,0,0,2,67301,1,,1,9,,N,N,N,0,,0,0,0,0,0,,1951,1,2,0,0,1,0,0,3,4,0,2,7,7.0,N,,,,,,,,,,,
2020097418,238.0,1,0,0,0,0,0,0,0,0,7,0,,67,10,2020,6,39.9569,-75.1548,238.0,6,0,0,0,0,0,0,0,0,,0,0,0.0,2,3,0,0,N,1,39 57:24.982,4.0,0,75 09:17.270,0,0,0,0,67301,0,0,0,N,0,0,0,1,68K01,0,,4,9,238.0,N,N,N,0,,0,0,0,0,0,N,238,0,1,0,0,0,0,0,3,4,0,1,7,,N,,,,,,,,,,,
2020092009,250.0,1,0,0,0,0,0,0,0,0,7,0,,67,10,2020,2,39.9569,-75.1534,239.0,6,0,0,0,0,0,0,0,0,,0,0,0.0,2,3,0,0,N,1,39 57:25.036,2.0,0,75 09:11.747,0,0,0,0,67301,0,0,0,N,0,0,0,2,68K01,0,,3,8,300.0,N,N,N,0,,0,0,0,0,0,N,238,0,1,0,0,0,0,0,3,4,0,1,7,,N,,,,,,,,,,,
2020093922,20.0,0,0,0,0,0,0,0,0,0,4,0,,67,10,2020,7,39.9465,-75.2373,20.0,6,0,0,0,0,0,0,0,0,,0,0,0.0,22,3,0,2,,0,39 56:47.300,,0,75 14:14.300,0,0,0,0,67301,0,0,0,N,0,0,0,2,67301,0,,1,1,,N,N,N,0,,0,0,1,3,2,,2255,0,2,0,0,0,0,0,3,4,0,2,3,,N,,,,,,,,,,,
2020094024,1724.0,2,0,0,0,0,0,0,0,0,1,0,,67,10,2020,7,39.8988,-75.1727,1730.0,6,0,0,1,0,0,0,0,0,,0,0,0.0,99,1,0,6,N,0,39 53:55.357,,8,75 10:17.474,0,0,0,0,67301,0,0,0,N,0,0,0,7,68K01,0,,7,1,,N,N,N,0,,0,0,1,3,3,,9999,0,3,0,0,0,0,0,3,4,0,3,4,4.0,N,,,,,,,,,,,
2020087185,2356.0,2,0,0,0,0,0,0,0,0,4,0,,67,10,2020,7,40.0378,-75.1427,2355.0,6,0,0,0,0,1,0,0,0,,0,0,0.0,23,3,0,2,,0,40 02:16.177,,0,75 08:33.856,0,0,0,0,67301,2,0,0,N,0,0,0,3,67301,0,,1,1,,N,N,N,0,,0,0,1,0,0,,2351,0,3,0,0,0,0,0,3,4,0,3,3,,N,,,,,,,,,,,
2020086507,1936.0,1,0,0,0,0,0,0,0,0,5,0,,67,10,2020,5,39.9579,-75.2202,1932.0,6,0,0,0,0,0,0,1,0,,0,0,0.0,19,3,1,0,N,2,39 57:28.305,3.0,0,75 13:12.579,4,0,0,0,67301,0,0,0,N,0,0,0,2,67301,1,,6,1,2110.0,N,N,N,0,,0,0,2,0,0,Y,1905,1,3,0,0,0,0,0,3,4,0,3,3,3.0,N,,,,,,,,,,,
2020087796,1900.0,1,0,0,0,0,0,0,0,0,4,0,,67,10,2020,2,39.9706,-75.1509,1855.0,6,0,0,0,0,0,1,0,0,,0,0,0.0,18,1,3,1,,1,39 58:14.108,2.0,1,75 09:03.120,3,0,0,0,67301,0,0,0,N,0,0,0,4,67301,0,,1,1,1910.0,N,N,N,0,,3,0,1,3,3,N,1850,3,2,0,0,0,0,0,3,4,0,2,3,3.0,N,,,,,,,,,,,
2020086546,55.0,1,0,0,0,0,0,0,0,0,4,0,,67,10,2020,6,40.0397,-75.0384,49.0,6,0,0,0,0,0,0,0,0,,0,0,0.0,23,3,0,1,,0,40 02:22.955,,0,75 02:18.106,0,0,0,0,67301,0,0,0,N,0,0,0,2,67301,0,,1,1,,N,N,N,0,,0,0,0,3,3,,2349,0,2,0,0,0,0,0,3,4,0,2,3,3.0,N,,,,,,,,,,,
2020086217,945.0,1,0,0,0,0,0,0,0,0,4,0,,67,10,2020,5,40.054,-75.1448,906.0,6,0,0,0,0,0,0,0,0,,0,0,0.0,8,1,1,1,,0,40 03:14.454,,0,75 08:41.107,3,0,0,0,67301,0,0,0,N,0,0,0,2,67301,0,,1,1,,N,N,N,1,,1,0,0,3,2,,838,1,2,0,0,1,0,0,3,4,0,2,3,3.0,N,,,,,,,,,,,
2020094290,925.0,0,0,0,1,0,0,0,0,0,4,0,,67,10,2020,5,39.9536,-75.1732,917.0,6,0,0,0,0,0,0,0,0,,0,0,0.0,8,1,1,1,,0,39 57:12.798,,0,75 10:23.433,3,0,0,0,67301,1,0,0,N,0,0,0,2,67301,0,,1,1,,N,N,N,0,,1,0,1,3,2,,840,1,2,0,0,0,0,0,3,4,0,1,4,4.0,N,,,,,,,,,,,
2020086801,1850.0,3,0,0,0,0,0,0,0,0,1,0,,67,10,2020,6,39.9337,-75.2228,1854.0,6,0,0,0,0,0,2,0,0,,0,0,0.0,18,3,1,0,Y,1,39 56:01.470,6.0,0,75 13:21.960,3,0,0,0,67301,0,0,0,N,0,0,0,3,67301,0,,1,9,1915.0,N,N,N,0,,1,0,1,3,2,Y,1842,1,4,0,0,0,0,0,3,4,0,4,7,7.0,N,,,,,,,,,,,
2020109634,1907.0,0,0,0,0,0,0,0,0,0,5,1,,67,12,2020,4,39.9031,-75.1505,1853.0,6,0,0,0,0,0,0,0,0,,0,1,0.0,18,3,0,0,N,0,39 54:20.492,,0,75 08:59.355,0,0,0,0,67301,0,0,0,N,0,0,0,2,68K01,0,,1,9,,N,N,N,0,,0,0,1,0,0,,1847,0,2,0,0,0,0,0,3,4,0,2,10,10.0,N,,,,,,,,,,,
2020064891,1827.0,1,0,0,0,0,0,0,0,0,7,0,,67,8,2020,7,39.9579,-75.1404,1800.0,6,0,0,0,0,0,0,0,0,,0,0,0.0,17,1,3,0,N,1,39 57:28.475,3.0,8,75 08:25.296,3,0,0,0,67301,0,0,0,N,0,0,0,3,68K01,0,,4,1,1930.0,N,N,N,0,,3,0,0,0,0,N,1751,3,1,0,0,0,0,0,3,4,0,1,3,3.0,N,,,,,,,,,,,
2020097135,1653.0,1,0,0,0,0,0,0,0,0,4,0,,67,11,2020,1,39.9307,-75.1765,1647.0,6,0,0,0,0,0,1,0,0,,0,0,0.0,16,4,1,1,,0,39 55:50.610,,0,75 10:35.403,3,0,0,0,67301,0,0,0,N,0,0,0,2,67301,0,,1,9,,N,N,N,0,,1,0,1,3,3,,1640,1,2,0,0,0,0,0,3,4,0,2,3,,N,,,,,,,,,,,
2020092963,753.0,0,0,0,0,0,0,0,0,0,8,0,,67,10,2020,6,40.0209,-75.1401,753.0,6,0,0,0,0,0,0,0,0,,0,0,0.0,7,1,1,1,,0,40 01:15.344,,0,75 08:23.906,3,0,0,0,67301,1,0,0,N,1,0,0,2,67301,0,,1,1,,N,N,N,0,,1,0,0,3,2,,726,1,2,0,0,0,0,0,3,4,0,1,3,3.0,N,,,,,,,,,,,
2020111557,1936.0,2,0,0,0,0,0,0,0,0,4,0,,67,12,2020,3,39.8956,-75.2374,1934.0,6,0,0,0,0,0,0,0,0,,0,0,0.0,19,2,0,3,,0,39 53:44.281,,0,75 14:14.644,9,0,0,0,67301,0,0,0,N,0,0,0,3,67301,0,,1,99,,N,N,N,0,,0,0,0,3,2,,1923,0,2,0,0,0,0,3,3,4,0,2,3,3.0,N,,,,,,,,,,,
2020108945,423.0,2,0,0,0,0,0,0,0,0,4,0,,67,12,2020,4,40.0166,-75.1472,417.0,6,0,0,0,0,0,1,0,0,,0,0,0.0,3,3,1,1,,1,40 00:59.817,4.0,0,75 08:49.848,3,0,0,0,67301,0,0,0,N,0,0,0,2,67301,0,,1,1,505.0,N,N,N,0,,1,0,0,3,2,N,357,1,2,0,0,0,0,0,3,4,0,2,3,3.0,N,,,,,,,,,,,
2020092326,1056.0,1,0,0,0,0,0,0,0,0,4,0,,67,10,2020,7,40.0744,-75.002,1054.0,6,0,0,0,0,0,2,0,0,,0,0,0.0,10,1,2,2,,1,40 04:27.746,5.0,0,75 00:07.158,3,0,0,0,67301,0,0,0,N,0,0,0,3,67301,1,,1,1,20.0,N,N,N,0,,1,0,1,3,3,N,1052,2,2,0,0,0,0,1,3,4,0,2,3,3.0,N,,,,,,,,,,,
2020092348,945.0,1,0,0,0,0,0,0,0,0,4,0,,67,10,2020,2,39.9597,-75.2288,902.0,6,0,0,0,0,0,0,0,0,,0,0,0.0,7,1,0,1,,2,39 57:34.880,4.0,0,75 13:43.604,0,0,0,0,67301,0,0,0,N,0,0,0,2,67301,0,,1,9,1030.0,N,N,N,0,,0,0,2,3,3,Y,756,0,3,0,0,0,0,0,3,4,0,3,7,7.0,N,,,,,,,,,,,
2020104834,838.0,2,0,0,0,0,0,0,0,0,5,0,,67,11,2020,5,39.9601,-75.1798,828.0,6,0,0,0,0,0,0,0,0,,0,0,0.0,8,1,0,0,N,1,39 57:36.403,4.0,0,75 10:47.217,0,0,0,0,67301,0,0,0,N,0,0,0,2,68K01,0,,4,9,845.0,N,N,N,0,,0,0,0,0,0,N,826,0,2,0,0,0,0,0,3,4,0,2,4,7.0,N,,,,,,,,,,,
2020089458,115.0,1,0,0,0,0,0,0,0,0,7,0,,67,10,2020,1,40.0419,-75.124,111.0,6,0,0,0,0,0,0,0,0,,0,0,0.0,1,3,0,1,,0,40 02:30.868,,0,75 07:26.270,0,0,0,0,67301,0,0,0,N,0,0,0,1,67301,0,,4,1,,N,N,N,0,,0,0,0,3,2,,100,0,1,0,0,0,0,0,3,4,0,1,3,3.0,N,,,,,,,,,,,
2020103015,2335.0,3,0,0,0,0,0,0,0,0,4,0,,67,11,2020,2,39.9755,-75.2554,2333.0,6,0,0,0,0,0,0,0,0,,0,0,0.0,23,3,0,2,,0,39 58:31.803,,0,75 15:19.602,0,0,0,0,67301,0,0,0,N,0,0,0,3,67301,0,,1,9,,N,N,N,0,,0,0,0,3,2,,2325,0,3,0,0,0,0,0,3,4,0,3,3,4.0,N,,,,,,,,,,,
2020088900,1640.0,1,0,0,0,0,0,0,0,0,4,0,,67,10,2020,5,40.0525,-75.2271,1635.0,6,0,0,0,0,0,0,0,0,,0,0,0.0,16,1,1,2,,1,40 03:09.176,2.0,0,75 13:37.462,3,0,0,1,67301,0,0,0,N,0,0,0,2,67301,0,,1,1,1700.0,N,N,N,0,,1,0,0,3,2,N,1600,1,2,0,0,0,0,0,3,4,0,2,3,3.0,N,,,,,,,,,,,
2020086838,340.0,0,0,0,0,0,0,0,0,0,7,0,,67,10,2020,7,39.9961,-75.2023,332.0,6,0,0,0,0,0,0,0,0,,0,0,0.0,3,2,1,0,N,2,39 59:46.120,3.0,0,75 12:08.100,8,0,0,0,67301,0,0,0,N,0,0,0,2,67301,0,,4,9,358.0,N,N,N,0,,0,0,0,0,0,N,315,1,1,0,0,0,1,0,3,4,1,1,7,,N,,,,,,,,,,,
2020086208,1552.0,1,0,0,0,0,0,0,0,0,4,0,,67,10,2020,5,39.995,-75.171,1537.0,6,0,0,0,0,0,1,0,0,,0,0,0.0,15,1,3,1,,0,39 59:41.913,,0,75 10:15.517,4,0,0,0,67301,0,0,0,N,0,0,0,4,67301,3,,1,1,,N,N,N,0,,0,0,1,3,3,,1533,3,2,0,0,1,0,0,3,4,0,2,3,3.0,N,,,,,,,,,,,
2020088629,1115.0,1,0,0,0,0,0,0,0,0,4,0,,67,10,2020,4,39.9239,-75.2221,1104.0,6,0,0,0,0,0,1,0,0,,0,0,0.0,10,1,1,1,,0,39 55:26.137,,0,75 13:19.522,4,0,0,0,67301,0,0,0,N,0,0,0,2,67301,1,,1,1,,N,N,N,0,,0,0,1,3,2,,1026,1,2,0,0,2,0,0,3,4,0,2,3,3.0,N,,,,,,,,,,,
2020110804,,0,0,0,0,0,0,0,0,0,1,0,,67,1,2020,5,40.0013,-75.1946,,6,0,0,0,0,0,1,0,0,,0,0,0.0,15,1,1,0,N,0,40 00:04.710,,0,75 11:40.710,8,0,0,0,67301,0,0,0,N,0,0,0,2,00000,0,,1,1,,,,N,0,,0,0,2,0,0,,1530,1,2,0,0,0,1,0,3,4,0,2,3,,N,,,,,,,,,,,
2020062964,1204.0,1,0,0,0,0,0,0,0,0,4,0,,67,8,2020,5,40.0702,-75.1805,1200.0,6,0,0,0,0,0,0,0,0,,0,0,0.0,23,3,1,1,,0,40 04:12.768,,0,75 10:49.670,4,0,0,0,67301,0,0,0,N,0,0,0,4,67301,1,,1,1,,N,N,N,0,,0,0,1,3,2,,2346,1,2,0,0,0,0,0,3,4,0,2,3,3.0,N,,,,,,,,,,,
2020063030,2330.0,0,0,0,0,0,0,0,0,0,6,0,,67,8,2020,5,40.1079,-75.0232,2320.0,6,0,0,0,0,0,0,0,0,,0,0,0.0,22,3,0,0,N,0,40 06:28.531,,0,75 01:23.574,0,0,0,0,67301,0,0,0,N,0,0,0,1,67301,0,,6,1,,N,N,N,0,,0,0,1,0,0,,2230,0,2,0,0,0,0,0,3,4,1,2,3,,N,,,,,,,,,,,
2020094030,600.0,0,0,0,0,0,0,0,0,0,7,0,,67,10,2020,2,40.0331,-75.0207,542.0,6,0,0,0,0,0,0,0,0,,0,0,0.0,5,3,1,0,N,1,40 01:58.183,2.0,0,75 01:15.324,3,0,0,0,67301,0,0,0,N,0,0,0,1,68K01,0,,2,9,700.0,N,N,N,1,,1,0,0,0,0,N,540,1,1,0,0,1,0,0,3,4,0,1,7,,N,,,,,,,,,,,
2020097435,2318.0,1,0,0,0,0,0,0,0,0,1,0,,67,10,2020,7,39.9771,-75.1992,2306.0,6,0,0,0,0,1,0,0,0,,0,0,0.0,23,3,2,0,N,0,39 58:37.387,,0,75 11:57.199,3,0,0,0,67301,0,0,0,N,0,0,0,4,68K01,0,,1,1,,N,N,N,0,,2,0,1,0,0,,2304,2,2,0,0,0,0,0,3,4,0,2,3,,N,,,,,,,,,,,
2020092335,1834.0,1,0,0,0,0,0,0,0,0,7,0,,67,10,2020,5,39.9239,-75.2221,1824.0,6,0,0,0,0,0,0,1,0,,0,0,0.0,17,3,1,1,,2,39 55:26.137,6.0,0,75 13:19.522,8,0,0,0,67301,0,0,0,N,0,0,0,1,67301,0,,4,9,1945.0,N,N,N,0,,0,0,0,3,2,N,1756,1,1,0,0,1,1,0,3,4,0,1,7,7.0,N,,,,,,,,,,,
2020089320,1800.0,2,0,0,0,0,0,0,0,0,5,0,,67,10,2020,7,40.0028,-75.1525,1755.0,6,0,0,0,0,1,0,0,0,,0,0,0.0,17,4,0,0,Y,1,40 00:09.971,1.0,0,75 09:09.146,0,0,0,0,67301,0,0,0,N,0,0,0,2,67505,0,,1,1,1820.0,N,N,N,0,,0,0,0,0,0,N,1750,0,2,0,0,0,0,0,3,4,0,2,3,3.0,N,,,,,,,,,,,
2020092339,1100.0,1,0,0,0,0,0,0,0,0,4,0,,67,10,2020,7,40.0418,-75.1921,1047.0,6,0,0,0,0,0,0,0,0,,0,0,0.0,10,1,0,1,,1,40 02:30.603,1.0,0,75 11:31.679,0,0,0,0,67301,0,0,0,N,0,0,0,5,67301,0,,1,1,1119.0,N,N,N,0,,0,0,1,3,2,Y,1045,0,2,0,0,0,0,0,3,4,0,2,3,3.0,N,,,,,,,,,,,
2020092363,930.0,1,0,0,0,0,0,0,0,0,4,0,,67,10,2020,1,39.9918,-75.1186,925.0,6,0,0,0,0,0,2,0,0,,0,0,0.0,7,1,0,1,,0,39 59:30.602,,0,75 07:07.017,0,0,0,0,67301,0,0,0,N,0,0,0,2,67301,0,,1,1,,N,N,N,1,,0,0,0,3,3,,745,0,2,0,0,0,0,0,3,4,0,2,3,3.0,N,,,,,,,,,,,
2020112397,1505.0,4,0,0,0,0,0,0,0,0,5,0,,67,12,2020,4,39.992,-75.1198,1500.0,6,0,0,0,0,0,0,0,0,,0,0,0.0,15,1,0,0,N,0,39 59:31.280,,0,75 07:11.100,9,0,0,0,67301,0,0,0,N,0,0,0,1,67301,0,,1,1,,N,N,N,0,,0,0,0,0,0,,1500,0,4,0,0,0,0,1,3,4,0,4,3,3.0,N,,,,,,,,,,,
2020096706,1259.0,2,0,0,0,0,0,0,0,0,1,0,,67,10,2020,4,39.9427,-75.1429,1253.0,6,0,0,0,0,0,1,0,0,,0,0,0.0,12,1,1,0,N,1,39 56:33.898,1.0,0,75 08:34.379,4,0,0,0,67301,0,0,0,N,0,0,0,3,68K01,1,,1,1,15.0,N,N,N,0,,0,0,1,0,0,N,1250,1,3,0,0,0,0,0,3,4,0,3,3,,N,,,,,,,,,,,
2020092322,1134.0,2,0,0,0,0,0,0,0,0,1,0,,67,10,2020,6,40.0992,-75.0206,1126.0,6,0,0,1,0,0,0,0,0,,0,0,0.0,11,1,1,0,N,1,40 05:57.110,4.0,0,75 01:14.150,4,0,0,0,67301,0,0,0,N,0,0,0,2,67301,1,,1,9,1155.0,N,N,N,0,,0,0,0,0,0,N,1125,1,2,0,0,0,0,0,3,4,0,2,7,4.0,N,,,,,,,,,,,
2020091353,854.0,2,0,0,0,0,0,0,0,0,5,0,,67,10,2020,2,40.0504,-75.1421,854.0,6,0,0,0,1,0,1,0,0,,0,0,0.0,7,1,2,0,N,0,40 03:01.396,,0,75 08:31.738,3,0,0,0,67301,0,0,0,N,0,0,0,2,67301,0,,1,9,,N,N,N,0,,2,0,0,0,0,,745,2,2,0,0,0,0,0,3,4,0,2,7,3.0,N,,,,,,,,,,,
2020092497,1300.0,1,0,0,0,0,0,0,0,0,4,0,,67,10,2020,3,40.0031,-75.0788,1300.0,6,0,0,0,0,0,0,0,0,,0,0,0.0,18,4,2,0,N,0,40 00:11.220,,7,75 04:43.638,8,0,0,0,67301,0,0,0,N,0,0,0,2,67301,0,,1,99,,N,N,N,0,,0,0,1,0,0,,1830,2,2,0,0,0,2,0,3,4,0,2,99,3.0,N,,,,,,,,,,,
2020093223,617.0,2,0,0,0,0,0,0,0,0,5,0,,67,10,2020,7,39.9943,-75.1112,615.0,6,0,0,0,0,0,0,0,0,,0,0,0.0,6,3,0,0,N,2,39 59:39.500,2.0,0,75 06:40.300,9,0,0,0,67301,0,0,0,N,0,0,0,1,67301,0,,6,1,700.0,N,N,N,0,,0,0,0,0,0,Y,614,0,2,0,0,0,0,1,3,4,0,2,3,3.0,N,,,,,,,,,,,
2020097067,1855.0,1,0,0,0,0,0,0,0,0,7,0,,67,11,2020,1,40.0326,-75.021,1835.0,6,0,0,1,0,0,0,0,0,,0,0,0.0,18,3,1,0,N,1,40 01:56.080,2.0,3,75 01:16.443,3,0,0,0,67301,0,0,0,N,0,0,0,6,68K01,0,,4,9,40.0,N,N,N,0,,1,0,1,0,0,N,1834,1,2,0,0,1,0,0,3,4,0,2,7,4.0,N,,,,,,,,,,,
2020089300,1525.0,1,0,0,0,0,0,0,0,0,4,0,,67,10,2020,5,39.9129,-75.232,1517.0,6,0,0,0,0,0,1,0,0,,0,0,0.0,15,1,1,2,,0,39 54:46.407,,0,75 13:55.185,3,0,0,0,67301,0,0,0,N,0,0,0,2,67301,0,,1,1,,N,N,N,0,,1,0,1,0,0,,1517,1,2,0,0,2,0,0,3,4,0,2,3,3.0,N,,,,,,,,,,,
2020090765,2256.0,0,0,0,0,0,0,0,0,0,7,0,,67,10,2020,5,39.9317,-75.1996,2253.0,6,0,0,0,0,0,0,0,0,,0,0,0.0,22,3,1,0,N,2,39 55:53.956,4.0,0,75 11:58.657,3,0,0,0,67301,0,0,0,N,0,0,0,1,68K01,0,,3,1,2316.0,N,N,N,0,,1,0,1,0,0,Y,2253,1,1,0,0,0,0,0,3,4,0,1,3,3.0,N,,,,,,,,,,,
2020087698,1310.0,1,0,0,1,0,0,0,0,0,4,0,,67,10,2020,3,39.9558,-75.1915,1307.0,6,0,0,0,0,0,0,0,0,,0,0,0.0,13,1,1,1,,0,39 57:21.085,,0,75 11:29.255,8,0,0,0,67301,1,0,0,N,0,0,0,2,67507,0,,1,1,,N,N,N,0,,0,0,0,3,2,,1300,1,2,0,0,0,1,1,3,4,0,1,3,,N,,,,,,,,,,,
2020089004,158.0,1,0,0,0,0,0,0,0,0,5,0,,67,10,2020,1,39.9596,-75.2064,154.0,6,0,0,0,0,0,0,0,0,,0,0,0.0,0,3,0,0,N,0,39 57:34.570,,0,75 12:23.080,0,0,0,0,67301,0,0,0,N,0,0,0,1,67301,0,,6,1,,N,N,N,0,,0,0,2,0,0,,23,0,3,0,0,0,0,0,3,4,0,3,3,,N,,,,,,,,,,,
2020063515,10.0,1,0,0,0,0,0,0,0,0,5,0,,67,8,2020,6,40.0363,-75.0349,7.0,6,0,0,0,0,0,0,0,0,,0,0,0.0,0,3,0,0,N,0,40 02:10.580,,0,75 02:05.770,0,0,0,0,67301,0,0,0,N,0,0,0,1,67301,0,,6,1,,N,N,N,0,,0,0,0,0,0,,7,0,2,0,0,0,0,0,3,4,1,2,3,3.0,N,,,,,,,,,,,
2020110380,1555.0,2,0,0,0,0,0,0,0,0,2,0,,67,12,2020,4,39.9863,-75.23,1530.0,6,0,0,0,0,0,0,0,0,,0,0,0.0,15,1,0,0,N,2,39 59:10.660,6.0,0,75 13:48.040,0,0,0,0,67301,0,0,0,N,0,0,0,2,67301,0,,1,7,1745.0,N,N,N,0,,0,0,0,0,0,Y,1522,0,2,0,0,0,0,0,3,4,0,2,10,10.0,N,,,,,,,,,,,
2020110835,,1,0,0,0,0,0,0,0,0,1,0,,67,1,2020,5,39.9845,-75.1788,,6,0,0,0,0,0,0,0,0,,0,0,0.0,22,3,2,2,,0,39 59:04.228,,0,75 10:43.500,8,0,0,0,67301,0,0,0,N,0,0,0,2,00000,0,,1,1,,,,N,0,,0,0,0,0,0,,2250,2,2,0,0,0,2,0,3,4,0,2,3,,N,,,,,,,,,,,
2020063423,2358.0,2,0,0,0,0,0,0,0,0,4,0,,67,8,2020,6,39.9942,-75.1809,2347.0,6,0,0,0,0,0,0,0,0,,0,0,0.0,23,3,1,1,,0,39 59:39.012,,0,75 10:51.124,3,0,0,1,67301,0,0,0,N,0,0,0,2,67301,0,,1,1,,N,N,N,0,,1,0,1,3,3,,2317,1,4,0,0,1,0,0,3,4,0,4,3,3.0,N,,,,,,,,,,,
2020090649,1525.0,2,0,0,0,0,0,0,0,0,4,0,,67,10,2020,3,40.0016,-75.1286,1520.0,6,0,0,0,0,0,0,0,0,,0,0,0.0,7,1,1,1,,0,40 00:05.796,,0,75 07:42.898,3,0,0,0,67301,0,0,0,N,0,0,0,2,67301,0,,1,1,,N,N,N,0,,1,0,0,3,2,,740,1,2,0,0,0,0,1,3,4,0,2,3,3.0,N,,,,,,,,,,,
2020096709,731.0,1,0,0,0,0,0,0,0,0,7,0,,67,10,2020,5,40.0366,-75.0151,724.0,6,0,0,1,0,0,0,0,0,,0,0,0.0,7,5,0,0,N,0,40 02:11.919,,0,75 00:54.537,0,0,0,0,67301,0,0,0,N,0,0,0,1,68K01,0,,4,9,,N,N,N,0,,0,0,0,3,8,,714,0,1,0,0,0,0,0,3,4,0,1,7,,N,,,,,,,,,,,
2020097421,700.0,1,0,0,0,0,0,0,0,0,7,0,,67,10,2020,6,40.039,-75.0087,638.0,6,0,0,0,0,1,0,0,0,,0,0,0.0,6,3,0,0,N,1,40 02:20.337,1.0,0,75 00:31.289,0,0,0,0,67301,0,0,0,N,0,0,0,1,68K01,0,,1,9,724.0,N,N,N,0,,0,0,0,0,0,Y,631,0,1,0,0,0,0,0,3,4,0,1,7,,N,,,,,,,,,,,