CRN,ARRIVAL_TM,AUTOMOBILE_COUNT,BELTED_DEATH_COUNT,BELTED_SUSP_SERIOUS_INJ_COUNT,BICYCLE_COUNT,BICYCLE_DEATH_COUNT,BICYCLE_SUSP_SERIOUS_INJ_COUNT,BUS_COUNT,CHLDPAS_DEATH_COUNT,CHLDPAS_SUSP_SERIOUS_INJ_COUNT,COLLISION_TYPE,COMM_VEH_COUNT,CONS_ZONE_SPD_LIM,COUNTY,CRASH_MONTH,CRASH_YEAR,DAY_OF_WEEK,DEC_LAT,DEC_LONG,DISPATCH_TM,DISTRICT,DRIVER_COUNT_16YR,DRIVER_COUNT_17YR,DRIVER_COUNT_18YR,DRIVER_COUNT_19YR,DRIVER_COUNT_20YR,DRIVER_COUNT_50_64YR,DRIVER_COUNT_65_74YR,DRIVER_COUNT_75PLUS,EST_HRS_CLOSED,FATAL_COUNT,HEAVY_TRUCK_COUNT,HORSE_BUGGY_COUNT,HOUR_OF_DAY,ILLUMINATION,INJURY_COUNT,INTERSECT_TYPE,INTERSECTION_RELATED,LANE_CLOSED,LATITUDE,LN_CLOSE_DIR,LOCATION_TYPE,LONGITUDE,MAX_SEVERITY_LEVEL,MCYCLE_DEATH_COUNT,MCYCLE_SUSP_SERIOUS_INJ_COUNT,MOTORCYCLE_COUNT,MUNICIPALITY,NONMOTR_COUNT,NONMOTR_DEATH_COUNT,NONMOTR_SUSP_SERIOUS_INJ_COUNT,NTFY_HIWY_MAINT,PED_COUNT,PED_DEATH_COUNT,PED_SUSP_SERIOUS_INJ_COUNT,PERSON_COUNT,POLICE_AGCY,POSSIBLE_INJ_COUNT,RDWY_SURF_TYPE_CD,RELATION_TO_ROAD,ROAD_CONDITION,ROADWAY_CLEARED,SCH_BUS_IND,SCH_ZONE_IND,SECONDARY_CRASH,SMALL_TRUCK_COUNT,SPEC_JURIS_CD,SUSP_MINOR_INJ_COUNT,SUSP_SERIOUS_INJ_COUNT,SUV_COUNT,TCD_FUNC_CD,TCD_TYPE,TFC_DETOUR_IND,TIME_OF_DAY,TOT_INJ_COUNT,TOTAL_UNITS,UNB_DEATH_COUNT,UNB_SUSP_SERIOUS_INJ_COUNT,UNBELTED_OCC_COUNT,UNK_INJ_DEG_COUNT,UNK_INJ_PER_COUNT,URBAN_AREA,URBAN_RURAL,VAN_COUNT,VEHICLE_COUNT,WEATHER1,WEATHER2,WORK_ZONE_IND,WORK_ZONE_LOC,WORK_ZONE_TYPE,WORKERS_PRES,WZ_CLOSE_DETOUR,WZ_FLAGGER,WZ_LAW_OFFCR_IND,WZ_LN_CLOSURE,WZ_MOVING,WZ_OTHER,WZ_SHLDER_MDN,WZ_WORKERS_INJ_KILLED
2020094364,713.0,0,0,0,0,0,0,0,0,0,7,0,,67,10,2020,2,39.9628,-75.1835,702.0,6,0,0,0,0,0,0,0,0,,0,0,0.0,7,3,1,7,N,2,39 57:50.764,4.0,2,75 11:03.472,8,0,0,0,67301,0,0,0,N,0,0,0,1,68K01,0,,4,9,730.0,N,N,N,0,,0,0,1,3,8,N,700,1,1,0,0,0,1,0,3,4,0,1,7,,N,,,,,,,,,,,
2020092336,12.0,1,0,0,0,0,0,0,0,0,7,0,,67,10,2020,5,39.8932,-75.2252,8.0,6,0,0,0,0,0,0,0,0,,0,0,0.0,22,3,0,0,N,1,39 53:35.610,3.0,0,75 13:30.710,0,0,0,0,67301,0,0,0,N,0,0,0,1,67301,0,,4,9,120.0,N,N,N,0,,0,0,0,0,0,N,2223,0,1,0,0,0,0,0,3,4,0,1,7,7.0,N,,,,,,,,,,,
2020092750,2240.0,1,0,0,0,0,0,0,0,0,7,0,,67,10,2020,5,40.0138,-75.126,2230.0,6,0,0,1,0,0,0,0,0,,0,0,0.0,22,3,4,1,,0,40 00:49.824,,0,75 07:33.527,3,0,0,0,67301,0,0,0,N,0,0,0,4,67301,1,,4,9,,N,N,N,0,,3,0,0,3,2,,2219,4,1,0,0,2,0,0,3,4,0,1,7,,N,,,,,,,,,,,
2020092316,1650.0,1,0,0,0,0,0,0,0,0,4,0,,67,10,2020,6,40.038,-75.068,1640.0,6,0,0,0,0,0,0,0,0,,0,0,0.0,16,1,1,1,,0,40 02:16.788,,0,75 04:04.754,3,0,0,0,67301,0,0,0,N,0,0,0,3,67301,0,,1,1,,N,N,N,0,,1,0,0,3,2,,1628,1,3,0,0,0,0,0,3,4,1,2,3,3.0,N,,,,,,,,,,,
2020094645,857.0,0,0,0,0,0,0,0,0,0,8,0,,67,10,2020,6,39.9195,-75.243,855.0,6,0,0,0,0,0,0,0,0,,0,0,0.0,0,3,1,1,,0,39 55:10.138,,0,75 14:34.767,3,0,0,0,67301,1,0,0,N,1,0,0,2,67301,0,,1,99,,N,N,N,0,,1,0,1,3,2,,30,1,2,0,0,0,0,0,3,4,0,1,99,98.0,N,,,,,,,,,,,
2020092354,1213.0,1,0,0,0,0,0,0,0,0,4,0,,67,10,2020,7,39.9953,-75.2314,1212.0,6,0,0,0,0,0,1,0,1,,0,0,0.0,12,1,3,1,,2,39 59:43.177,5.0,0,75 13:52.960,3,0,0,0,67301,0,0,0,N,0,0,0,3,67301,0,,1,1,1255.0,N,N,N,0,,3,0,1,3,3,N,1212,3,2,0,0,0,0,0,3,4,0,2,3,3.0,N,,,,,,,,,,,
2020102065,1900.0,1,0,0,0,0,0,0,0,0,8,0,,67,11,2020,6,40.0011,-75.2154,1856.0,6,0,0,0,0,0,0,1,0,,0,0,0.0,18,3,1,1,,0,40 00:03.902,,0,75 12:55.382,3,0,0,0,67301,1,0,0,N,1,0,0,2,67301,0,,1,1,,N,N,N,0,,1,0,0,3,2,,1838,1,2,0,0,0,0,0,3,4,0,1,3,3.0,N,,,,,,,,,,,
2020092748,2153.0,1,0,0,0,0,0,0,0,0,4,0,,67,10,2020,4,40.0046,-75.1321,2153.0,6,0,0,0,0,0,0,0,0,,0,0,0.0,15,1,0,1,,0,40 00:16.383,,0,75 07:55.433,0,0,0,0,67301,0,0,0,N,0,0,0,2,67301,0,,1,1,,N,N,N,0,,0,0,1,3,2,,1525,0,2,0,0,0,0,0,3,4,0,2,3,,N,,,,,,,,,,,
2020096473,1638.0,1,0,0,0,0,0,0,0,0,6,0,,67,11,2020,1,40.0174,-75.2114,1633.0,6,0,0,0,0,0,0,1,0,,0,0,0.0,16,1,2,0,N,1,40 01:02.494,2.0,0,75 12:41.085,3,0,0,0,67301,0,0,0,N,0,0,0,3,67301,0,,1,9,1825.0,N,N,N,0,,2,0,1,0,0,Y,1632,2,2,0,0,0,0,0,3,4,0,2,7,7.0,N,,,,,,,,,,,
2020092751,106.0,2,0,0,0,0,0,0,0,0,1,0,,67,10,2020,7,40.0086,-75.146,106.0,6,0,0,0,0,0,0,0,0,,0,0,0.0,1,3,0,0,N,0,40 00:30.931,,0,75 08:45.684,9,0,0,0,67301,0,0,0,N,0,0,0,1,67301,0,,1,1,,N,N,N,0,,0,0,0,0,0,,100,0,2,0,0,0,0,1,3,4,0,2,3,,N,,,,,,,,,,,
2020110395,10.0,1,0,0,0,0,0,0,0,0,7,0,,67,12,2020,1,40.0271,-75.1146,6.0,6,0,0,0,0,0,0,0,0,,0,0,0.0,0,3,1,0,N,0,40 01:37.549,,0,75 06:52.691,8,0,0,0,67301,0,0,0,N,0,0,0,1,67301,0,,2,1,,N,N,N,0,,0,0,0,0,0,,0,1,1,0,0,0,1,0,3,4,0,1,3,3.0,N,,,,,,,,,,,
2020090764,2252.0,2,0,0,0,0,0,0,0,0,1,0,,67,10,2020,5,39.9934,-75.1997,2250.0,6,0,0,0,0,2,0,0,0,,0,0,0.0,22,3,1,0,N,2,39 59:36.228,4.0,0,75 11:58.989,4,0,0,0,67301,0,0,0,N,0,0,0,4,68K01,1,,1,1,1127.0,N,N,N,0,,0,0,0,0,0,N,2239,1,3,0,0,0,0,0,3,4,0,3,3,,N,,,,,,,,,,,
2020087176,2243.0,0,0,0,1,0,0,0,0,0,4,0,,67,10,2020,1,39.9426,-75.1571,2241.0,6,0,0,0,0,0,0,0,0,,0,0,0.0,22,3,1,1,,0,39 56:33.366,,0,75 09:25.422,4,0,0,0,67301,1,0,0,N,0,0,0,2,67301,1,,1,1,,N,N,N,0,,0,0,1,3,2,,2240,1,2,0,0,1,0,0,3,4,0,1,3,,N,,,,,,,,,,,
2020088400,1550.0,2,0,0,0,0,0,0,0,0,4,0,,67,10,2020,4,40.0599,-75.1501,1544.0,6,0,0,0,0,0,0,0,0,,0,0,0.0,15,1,1,1,,0,40 03:35.463,,0,75 09:00.467,3,0,0,0,67301,0,0,0,N,0,0,0,3,67301,0,,1,1,,N,N,N,0,,1,0,1,3,2,,1513,1,3,0,0,0,0,0,3,4,0,3,3,3.0,N,,,,,,,,,,,
2020087551,2353.0,1,0,0,0,0,0,0,0,0,1,0,,67,10,2020,2,40.0344,-75.1727,2351.0,6,0,0,1,0,0,0,0,0,,0,0,0.0,23,3,0,1,,0,40 02:03.660,,0,75 10:21.707,9,0,0,0,67301,0,0,0,N,0,0,0,3,67301,0,,1,1,,N,N,N,0,,0,0,2,3,2,,2322,0,3,0,0,0,0,2,3,4,0,3,3,,N,,,,,,,,,,,
2020086177,355.0,0,0,0,0,0,0,0,0,0,7,0,,67,10,2020,6,40.0709,-75.0384,348.0,6,0,0,0,0,0,0,0,0,,0,0,0.0,3,3,0,0,N,0,40 04:15.217,,0,75 02:18.257,0,0,0,0,67301,0,0,0,N,0,0,0,1,67301,0,,3,1,,N,N,N,0,,0,0,1,0,0,,343,0,1,0,0,0,0,0,3,4,0,1,3,3.0,N,,,,,,,,,,,
2020089163,1310.0,1,0,0,0,0,0,0,0,0,7,0,,67,10,2020,5,39.9887,-75.1875,1309.0,6,0,0,0,0,0,0,0,0,,0,0,0.0,13,1,0,0,N,0,39 59:19.370,,0,75 11:15.020,0,0,0,0,67301,0,0,0,N,0,0,0,1,67301,0,,1,1,,N,N,N,0,,0,0,0,0,0,,1307,0,1,0,0,0,0,0,3,4,0,1,3,3.0,N,,,,,,,,,,,
2020086800,1715.0,0,0,0,0,0,0,0,0,0,4,0,,67,10,2020,6,40.0468,-75.094,1706.0,6,0,0,0,0,0,0,0,0,,0,0,0.0,17,1,3,1,,1,40 02:48.415,3.0,0,75 05:38.428,3,0,0,0,67301,0,0,0,N,0,0,0,3,67301,0,,1,9,100.0,N,N,N,0,,3,0,1,3,3,N,1705,3,2,0,0,0,0,0,3,4,1,2,7,4.0,N,,,,,,,,,,,
2020089883,632.0,0,0,0,0,0,0,0,0,0,7,0,,67,10,2020,2,40.0001,-75.1666,627.0,6,0,0,0,0,0,0,0,0,,0,0,0.0,6,3,0,0,N,0,40 00:00.200,,0,75 09:59.900,9,0,0,0,67301,0,0,0,N,0,0,0,1,67301,0,,4,1,,N,N,N,0,,0,0,1,0,0,,610,0,1,0,0,0,0,1,3,4,0,1,3,3.0,N,,,,,,,,,,,
2020087788,1435.0,2,0,0,0,0,0,0,0,0,1,0,,67,10,2020,2,40.078,-75.0435,1420.0,6,0,0,0,1,0,2,0,0,,0,0,0.0,14,1,2,0,N,0,40 04:40.857,,0,75 02:36.638,3,0,0,0,67301,0,0,0,N,0,0,0,7,67301,0,,1,1,,N,N,N,0,,2,0,2,0,0,,1400,2,4,0,0,6,0,0,3,4,0,4,3,3.0,N,,,,,,,,,,,
2020089183,229.0,0,0,0,0,0,0,0,0,0,5,0,,67,10,2020,3,40.0447,-75.0453,229.0,6,0,0,0,0,0,0,0,0,,0,0,0.0,2,3,0,0,N,0,40 02:41.000,,0,75 02:43.100,0,0,0,0,67301,0,0,0,N,0,0,0,1,67301,0,,6,1,,N,N,N,2,,0,0,2,0,0,,200,0,5,0,0,0,0,0,3,4,1,5,3,3.0,N,,,,,,,,,,,
2020104160,1915.0,1,0,0,0,0,0,0,0,0,4,0,,67,8,2020,5,39.9717,-75.2377,1915.0,6,0,0,0,0,0,1,0,0,,0,0,0.0,18,1,1,1,,0,39 58:18.015,,0,75 14:15.889,3,0,0,0,67301,0,0,0,N,0,0,0,2,67301,0,,1,1,,N,N,N,0,,1,0,1,3,3,,1850,1,2,0,0,0,0,0,3,4,0,2,3,3.0,N,,,,,,,,,,,
2020065849,2155.0,1,0,0,0,0,0,0,0,0,4,0,,67,8,2020,7,39.9661,-75.2185,2154.0,6,0,0,0,1,0,1,0,0,,0,0,0.0,21,3,1,1,,0,39 57:58.075,,0,75 13:06.614,3,0,0,0,67301,0,0,0,N,0,0,0,3,67301,0,,1,1,,N,N,N,0,,1,0,1,3,3,,2154,1,2,0,0,0,0,0,3,4,0,2,3,3.0,N,,,,,,,,,,,
2020108327,924.0,1,0,0,0,0,0,0,0,0,1,0,,67,11,2020,2,39.9994,-75.0805,858.0,6,0,0,0,0,0,0,0,0,,0,0,0.0,8,1,0,0,Y,0,39 59:57.932,,0,75 04:49.772,9,0,0,0,67301,0,0,0,N,0,0,0,2,68K01,0,,1,1,,N,N,N,0,,0,0,1,0,0,,855,0,2,0,0,0,0,1,3,4,0,2,3,,N,,,,,,,,,,,
2020112151,1121.0,4,0,0,0,0,0,0,0,0,4,0,,67,12,2020,6,40.0326,-75.0326,1111.0,6,0,0,0,1,0,0,0,0,,0,0,0.0,10,1,1,1,,0,40 01:57.188,,0,75 01:57.314,3,0,0,0,67301,0,0,0,N,0,0,0,2,67301,0,,1,9,,N,N,N,0,,1,0,1,3,3,,1054,1,5,0,0,0,0,0,3,4,0,5,4,4.0,N,,,,,,,,,,,
2020097423,918.0,1,0,0,0,0,0,0,0,0,5,0,,67,10,2020,6,39.983,-75.2079,918.0,6,0,0,0,0,0,1,0,0,,0,0,0.0,9,1,1,0,N,2,39 58:58.787,4.0,0,75 12:28.535,8,0,0,0,67301,0,0,0,N,0,0,0,3,68K01,0,,1,9,1025.0,N,N,N,2,,0,0,0,0,0,N,916,1,3,0,0,0,1,0,3,4,0,3,7,,N,,,,,,,,,,,
2020091423,1715.0,2,0,0,0,0,0,0,0,0,5,0,,67,10,2020,7,39.9877,-75.2162,1700.0,6,0,0,0,0,0,0,0,0,,0,0,0.0,9,1,2,2,,0,39 59:15.771,,0,75 12:58.153,8,0,0,0,67301,0,0,0,N,0,0,0,3,67301,0,,1,1,,N,N,N,0,,0,0,0,3,2,,900,2,2,0,0,2,2,1,3,4,0,2,3,3.0,N,,,,,,,,,,,
2020089886,1043.0,1,0,0,0,0,0,0,0,0,4,0,,67,10,2020,2,40.0038,-75.1574,1030.0,6,0,0,0,0,0,1,0,0,,0,0,0.0,10,1,1,1,,0,40 00:13.730,,0,75 09:26.481,3,0,0,0,67301,0,0,0,N,0,0,0,2,67301,0,,1,9,,N,N,N,0,,1,0,1,3,3,,1020,1,2,0,0,0,0,0,3,4,0,2,7,4.0,N,,,,,,,,,,,
2020102898,235.0,1,0,0,0,0,0,0,0,0,4,0,,67,11,2020,1,39.9682,-75.2105,227.0,6,0,0,0,0,0,2,0,0,,0,0,0.0,1,3,2,0,N,0,39 58:05.561,,0,75 12:37.779,4,0,0,0,67301,0,0,0,N,0,0,0,2,67301,2,,1,1,,N,N,N,0,,0,0,1,0,0,,149,2,2,0,0,1,0,0,3,4,0,2,3,,N,,,,,,,,,,,
2020094388,2147.0,0,0,0,0,0,0,0,0,0,0,0,,67,10,2020,5,39.9602,-75.1806,2137.0,6,0,0,0,0,0,0,0,0,,0,0,0.0,21,3,1,0,N,0,39 57:36.753,,0,75 10:50.060,3,0,0,0,67301,0,0,0,N,0,0,0,1,68K01,0,,1,9,,N,N,N,0,,1,0,1,0,0,,2136,1,1,0,0,1,0,0,3,4,0,1,7,,N,,,,,,,,,,,
2020092329,937.0,1,0,0,0,0,0,0,0,0,4,0,,67,10,2020,1,39.9211,-75.2242,930.0,6,0,0,0,0,0,0,0,0,,0,0,0.0,9,1,1,1,,0,39 55:15.660,,0,75 13:26.832,3,0,0,0,67301,0,0,0,N,0,0,0,2,67301,0,,1,1,,N,N,N,0,,1,0,1,3,2,,926,1,2,0,0,1,0,0,3,4,0,2,4,4.0,N,,,,,,,,,,,
2020097806,1940.0,1,0,0,0,0,0,0,0,0,5,0,,67,11,2020,6,39.9979,-75.1335,1925.0,6,0,0,0,0,0,0,0,0,,0,0,0.0,19,3,1,0,N,0,39 59:52.310,,0,75 08:00.540,4,0,0,0,67301,0,0,0,N,0,0,0,1,67301,1,,2,1,,N,N,N,0,,0,0,1,0,0,,1917,1,2,0,0,1,0,0,3,4,0,2,3,3.0,N,,,,,,,,,,,
2020089567,1920.0,1,0,0,0,0,0,0,0,0,1,0,,67,10,2020,7,40.126,-75.0146,1909.0,6,0,0,0,0,0,0,0,0,,0,0,0.0,19,3,1,0,N,0,40 07:33.531,,0,75 00:52.391,4,0,0,0,67301,0,0,0,N,0,0,0,2,67301,1,,1,1,,N,N,N,0,,0,0,0,0,0,,1905,1,2,0,0,0,0,0,3,4,1,2,3,3.0,N,,,,,,,,,,,
2020097447,1452.0,1,0,0,0,0,0,0,0,0,1,0,,67,11,2020,1,39.9588,-75.1706,1449.0,6,0,0,0,0,0,0,0,0,,0,0,0.0,14,1,1,0,N,1,39 57:31.846,3.0,0,75 10:14.209,8,0,0,0,67301,0,0,0,N,0,0,0,6,68K01,0,,1,9,1520.0,N,N,N,0,,0,0,2,0,0,N,1449,1,3,0,0,0,1,0,3,4,0,3,7,7.0,N,,,,,,,,,,,
2020092315,1756.0,2,0,0,0,0,0,0,0,0,4,0,,67,10,2020,5,40.0431,-75.0738,1754.0,6,0,1,0,0,0,0,0,0,,0,0,0.0,17,3,0,1,,1,40 02:35.410,6.0,0,75 04:25.905,0,0,0,0,67301,0,0,0,N,0,0,0,3,67301,0,,1,9,1900.0,N,N,N,0,,0,0,0,3,2,Y,1749,0,3,0,0,0,0,0,3,4,1,3,7,,N,,,,,,,,,,,
2020095740,1718.0,0,0,0,0,0,0,0,0,0,1,0,,67,10,2020,1,40.0074,-75.1515,1714.0,6,0,0,0,0,0,0,0,0,,0,0,0.0,17,3,0,0,Y,0,40 00:26.586,,0,75 09:05.534,0,0,0,0,67301,0,0,0,N,0,0,0,2,67505,0,,1,1,,N,N,N,0,,0,0,2,0,0,,1700,0,2,0,0,0,0,0,3,4,0,2,3,3.0,N,,,,,,,,,,,
2020097416,2317.0,1,0,0,0,0,0,0,0,0,7,0,45.0,67,10,2020,5,40.0115,-75.0607,2317.0,6,0,0,0,0,0,0,0,0,,0,0,0.0,23,3,0,0,N,2,40 00:41.524,1.0,0,75 03:38.390,0,0,0,0,67301,0,0,0,N,0,0,0,2,68K01,0,,3,9,1145.0,N,N,Y,0,,0,0,1,0,0,N,2317,0,2,0,0,0,0,0,3,4,0,2,7,,Y,4.0,1.0,N,,,N,Y,,,,N
2020103061,117.0,1,0,0,0,0,0,0,0,0,7,0,,67,11,2020,1,40.002,-75.1945,109.0,6,0,0,0,0,0,0,0,0,,0,0,0.0,1,3,2,0,N,1,40 00:07.332,4.0,0,75 11:40.247,3,0,0,0,67301,0,0,0,N,0,0,0,2,68K01,0,,4,1,118.0,N,N,N,0,,1,0,0,0,0,N,108,2,1,0,0,1,1,0,3,4,0,1,3,,N,,,,,,,,,,,
2020089517,456.0,1,0,0,0,0,0,0,0,0,1,0,55.0,67,10,2020,3,39.8991,-75.1671,445.0,6,0,0,0,0,0,0,0,0,,0,0,0.0,4,3,0,0,N,2,39 53:56.697,1.0,3,75 10:01.699,0,0,0,0,67301,0,0,0,N,0,0,0,2,68K01,0,,1,9,530.0,N,N,N,0,,0,0,1,0,0,N,444,0,2,0,0,0,0,0,3,4,0,2,7,,Y,4.0,2.0,N,,,N,Y,,,,N
2020087549,205.0,1,0,0,0,0,0,0,0,0,4,0,,67,10,2020,1,39.9461,-75.1768,200.0,6,0,0,0,0,0,0,0,0,,0,0,0.0,1,3,1,1,,0,39 56:45.916,,0,75 10:36.344,3,0,0,0,67301,0,0,0,N,0,0,0,2,67301,0,,1,1,,N,N,N,0,,1,0,1,3,2,,153,1,2,0,0,0,0,0,3,4,0,2,3,,N,,,,,,,,,,,
2020087524,1914.0,1,0,0,0,0,0,0,0,0,7,0,,67,10,2020,1,39.9975,-75.1025,1914.0,6,0,0,0,0,0,0,0,0,,0,0,0.0,19,2,0,0,N,0,39 59:51.130,,0,75 06:09.060,9,0,0,0,67301,0,0,0,N,0,0,0,1,67301,0,,4,1,,N,N,N,0,,0,0,0,0,0,,1914,0,1,0,0,0,0,1,3,4,0,1,3,3.0,N,,,,,,,,,,,
2020090784,1650.0,1,0,0,0,0,0,0,0,0,7,0,,67,10,2020,6,39.9502,-75.1412,1640.0,6,0,0,0,0,0,1,0,0,,0,0,0.0,16,1,0,0,N,0,39 57:00.845,,0,75 08:28.358,0,0,0,0,67301,0,0,0,N,0,0,0,3,68K01,0,,4,9,,N,N,N,0,,0,0,2,0,0,,1636,0,3,0,0,0,0,0,3,4,0,3,7,,N,,,,,,,,,,,
2020091349,1909.0,0,0,0,1,0,1,0,0,0,4,0,,67,10,2020,7,40.0475,-75.1428,1909.0,6,0,0,0,0,0,0,0,0,,0,0,0.0,13,1,1,1,,0,40 02:51.100,,0,75 08:34.600,2,0,0,0,67301,1,0,1,N,0,0,0,2,67301,0,,1,1,,N,N,N,0,,0,1,1,3,2,,1353,1,2,0,0,0,0,1,3,4,0,1,3,3.0,N,,,,,,,,,,,
2020089184,42.0,0,0,0,0,0,0,0,0,0,6,0,,67,10,2020,4,40.0178,-75.0648,40.0,6,0,0,0,0,0,0,0,0,,0,0,0.0,0,3,1,0,N,0,40 01:04.096,,0,75 03:53.202,3,0,0,0,67301,0,0,0,N,0,0,0,2,67301,0,,6,1,,N,N,N,0,,1,0,2,0,0,,38,1,2,0,0,2,0,0,3,4,0,2,3,3.0,N,,,,,,,,,,,
2020086811,1635.0,1,0,0,0,0,0,0,0,0,4,0,,67,10,2020,7,39.9774,-75.1476,1629.0,6,0,0,0,0,0,2,0,0,,0,0,0.0,15,1,0,2,,0,39 58:38.474,,0,75 08:51.496,0,0,0,0,67301,0,0,0,N,0,0,0,3,67301,0,,1,1,,N,N,N,0,,0,0,1,3,3,,1545,0,2,0,0,0,0,0,3,4,0,2,3,,N,,,,,,,,,,,
2020086529,203.0,2,0,0,0,0,0,0,0,0,1,0,,67,10,2020,7,39.9805,-75.1575,200.0,6,0,0,0,0,0,0,0,0,,0,0,0.0,1,3,1,0,N,0,39 58:49.779,,0,75 09:27.172,8,0,0,0,67301,0,0,0,N,0,0,0,1,67505,0,,6,9,,N,N,N,0,,0,0,0,0,0,,146,1,2,0,0,1,1,0,3,4,0,2,7,7.0,N,,,,,,,,,,,
2020094033,941.0,1,0,0,0,0,0,0,0,0,7,0,,67,10,2020,2,40.042,-75.0038,937.0,6,0,0,0,0,0,0,0,0,,0,0,0.0,9,1,0,0,N,1,40 02:31.293,1.0,0,75 00:13.612,0,0,0,0,67301,0,0,0,N,0,0,0,1,68K01,0,,2,9,1030.0,N,N,N,0,,0,0,0,0,0,N,935,0,1,0,0,0,0,0,3,4,0,1,7,,N,,,,,,,,,,,
2020090986,605.0,1,0,0,0,0,0,0,0,0,4,0,,67,10,2020,4,39.9772,-75.2268,603.0,6,0,0,0,0,0,1,0,0,,0,0,0.0,6,3,2,1,,1,39 58:37.959,4.0,0,75 13:36.308,4,0,0,0,67301,0,0,0,N,0,0,0,2,67301,2,,1,1,700.0,N,N,N,0,,0,0,1,3,2,N,600,2,2,0,0,0,0,0,3,4,0,2,3,,N,,,,,,,,,,,
2020113227,1843.0,1,0,1,0,0,0,0,0,0,7,0,,67,12,2020,4,40.0236,-75.0329,1837.0,6,0,0,0,0,0,1,0,0,,0,0,0.0,18,3,2,7,N,2,40 01:23.635,1.0,2,75 02:02.986,2,0,0,0,67301,0,0,0,Y,0,0,0,2,68K01,0,,7,1,1921.0,N,N,N,0,,1,1,0,0,0,Y,1836,2,2,0,0,0,0,0,3,4,1,2,3,,N,,,,,,,,,,,
2020093403,1720.0,1,0,0,0,0,0,0,0,0,1,0,,67,10,2020,2,39.9572,-75.2272,1700.0,6,0,0,0,1,0,1,0,0,,0,0,0.0,17,1,2,0,N,0,39 57:25.836,,0,75 13:38.021,4,0,0,0,67301,0,0,0,N,0,0,0,2,67508,2,,1,1,,N,N,Y,0,,0,0,1,0,0,,1700,2,2,0,0,0,0,0,3,4,0,2,3,7.0,N,,,,,,,,,,,
2020092498,1423.0,1,0,0,0,0,0,0,0,0,8,0,,67,10,2020,6,40.0233,-75.0484,1423.0,6,0,0,0,0,0,0,0,0,,0,0,0.0,18,3,1,1,,0,40 01:23.848,,0,75 02:54.126,3,0,0,0,67301,1,0,0,N,1,0,0,2,67301,0,,1,9,,N,N,N,0,,1,0,0,3,2,,1830,1,2,0,0,0,0,0,3,4,0,1,7,7.0,N,,,,,,,,,,,
2020096137,155.0,1,0,0,0,0,0,0,0,0,7,0,45.0,67,11,2020,1,39.9439,-75.1427,139.0,6,0,0,0,0,0,0,0,0,,0,0,0.0,1,3,0,0,N,0,39 56:37.897,,0,75 08:33.594,0,0,0,0,67301,0,0,0,N,0,0,0,1,68K01,0,,4,1,,N,N,N,0,,0,0,0,3,8,,132,0,1,0,0,0,0,0,3,4,0,1,3,3.0,Y,3.0,2.0,N,,,N,,,,Y,N
2020092328,741.0,1,0,0,0,0,0,0,0,0,5,0,,67,10,2020,1,39.9457,-75.2408,738.0,6,0,0,0,0,0,0,0,0,,0,0,0.0,7,1,0,0,N,2,39 56:44.400,6.0,0,75 14:27.000,9,0,0,0,67301,0,0,0,N,0,0,0,1,67301,0,,6,1,100.0,N,N,N,0,,0,0,1,0,0,N,737,0,2,0,0,0,0,1,3,4,0,2,3,,N,,,,,,,,,,,
2020101162,639.0,1,0,0,0,0,0,0,0,0,0,0,,67,11,2020,1,39.9591,-75.1808,639.0,6,0,0,0,0,0,0,0,0,,0,0,0.0,6,1,0,3,,0,39 57:32.700,,2,75 10:50.900,0,0,0,0,67301,0,0,0,N,0,0,0,2,68K01,0,,1,1,,N,N,N,0,,0,0,0,0,0,,633,0,1,0,0,0,0,0,3,4,0,1,3,,N,,,,,,,,,,,
2020090410,2331.0,1,0,0,0,0,0,0,0,0,7,0,,67,10,2020,3,40.0016,-75.1528,2329.0,6,0,0,1,0,0,0,0,0,,0,0,0.0,23,3,1,1,,1,40 00:05.705,2.0,0,75 09:10.074,3,0,0,0,67301,0,0,0,N,0,0,0,2,67505,0,,5,1,25.0,N,N,N,0,,1,0,0,9,2,N,2329,1,1,0,0,0,0,0,3,4,0,1,3,3.0,N,,,,,,,,,,,
2020103275,1032.0,0,0,0,0,0,0,0,0,0,0,0,,67,10,2020,6,39.9455,-75.1426,1018.0,6,0,0,0,0,0,0,0,0,,0,0,0.0,10,1,0,0,N,1,39 56:43.708,2.0,0,75 08:33.428,0,0,0,0,67301,0,0,0,N,0,0,0,2,68K01,0,,1,9,1045.0,N,Y,N,0,,0,0,1,0,0,Y,1016,0,1,0,0,0,0,0,3,4,0,1,7,,N,,,,,,,,,,,
2020093301,1253.0,2,0,0,0,0,0,0,0,0,4,0,,67,10,2020,4,40.0157,-75.1401,1249.0,6,0,0,1,0,0,0,0,0,,0,0,0.0,12,1,1,1,,1,40 00:56.437,3.0,0,75 08:24.334,3,0,0,0,67301,0,0,0,N,0,0,0,4,67301,0,,1,1,1355.0,N,N,N,0,,1,0,0,3,3,N,1217,1,2,0,0,0,0,0,3,4,0,2,4,,N,,,,,,,,,,,