CRN,ARRIVAL_TM,AUTOMOBILE_COUNT,BELTED_DEATH_COUNT,BELTED_SUSP_SERIOUS_INJ_COUNT,BICYCLE_COUNT,BICYCLE_DEATH_COUNT,BICYCLE_SUSP_SERIOUS_INJ_COUNT,BUS_COUNT,CHLDPAS_DEATH_COUNT,CHLDPAS_SUSP_SERIOUS_INJ_COUNT,COLLISION_TYPE,COMM_VEH_COUNT,CONS_ZONE_SPD_LIM,COUNTY,CRASH_MONTH,CRASH_YEAR,DAY_OF_WEEK,DEC_LAT,DEC_LONG,DISPATCH_TM,DISTRICT,DRIVER_COUNT_16YR,DRIVER_COUNT_17YR,DRIVER_COUNT_18YR,DRIVER_COUNT_19YR,DRIVER_COUNT_20YR,DRIVER_COUNT_50_64YR,DRIVER_COUNT_65_74YR,DRIVER_COUNT_75PLUS,EST_HRS_CLOSED,FATAL_COUNT,HEAVY_TRUCK_COUNT,HORSE_BUGGY_COUNT,HOUR_OF_DAY,ILLUMINATION,INJURY_COUNT,INTERSECT_TYPE,INTERSECTION_RELATED,LANE_CLOSED,LATITUDE,LN_CLOSE_DIR,LOCATION_TYPE,LONGITUDE,MAX_SEVERITY_LEVEL,MCYCLE_DEATH_COUNT,MCYCLE_SUSP_SERIOUS_INJ_COUNT,MOTORCYCLE_COUNT,MUNICIPALITY,NONMOTR_COUNT,NONMOTR_DEATH_COUNT,NONMOTR_SUSP_SERIOUS_INJ_COUNT,NTFY_HIWY_MAINT,PED_COUNT,PED_DEATH_COUNT,PED_SUSP_SERIOUS_INJ_COUNT,PERSON_COUNT,POLICE_AGCY,POSSIBLE_INJ_COUNT,RDWY_SURF_TYPE_CD,RELATION_TO_ROAD,ROAD_CONDITION,ROADWAY_CLEARED,SCH_BUS_IND,SCH_ZONE_IND,SECONDARY_CRASH,SMALL_TRUCK_COUNT,SPEC_JURIS_CD,SUSP_MINOR_INJ_COUNT,SUSP_SERIOUS_INJ_COUNT,SUV_COUNT,TCD_FUNC_CD,TCD_TYPE,TFC_DETOUR_IND,TIME_OF_DAY,TOT_INJ_COUNT,TOTAL_UNITS,UNB_DEATH_COUNT,UNB_SUSP_SERIOUS_INJ_COUNT,UNBELTED_OCC_COUNT,UNK_INJ_DEG_COUNT,UNK_INJ_PER_COUNT,URBAN_AREA,URBAN_RURAL,VAN_COUNT,VEHICLE_COUNT,WEATHER1,WEATHER2,WORK_ZONE_IND,WORK_ZONE_LOC,WORK_ZONE_TYPE,WORKERS_PRES,WZ_CLOSE_DETOUR,WZ_FLAGGER,WZ_LAW_OFFCR_IND,WZ_LN_CLOSURE,WZ_MOVING,WZ_OTHER,WZ_SHLDER_MDN,WZ_WORKERS_INJ_KILLED
2020088209,1544.0,1,0,0,0,0,0,0,0,0,4,0,,67,10,2020,3,40.0372,-75.053,1536.0,6,0,0,0,0,0,0,1,0,,0,0,0.0,14,1,2,1,,0,40 02:13.930,,0,75 03:10.828,4,0,0,0,67301,0,0,0,N,0,0,0,2,67301,2,,1,1,,N,N,N,0,,0,0,1,3,2,,1457,2,2,0,0,0,0,0,3,4,0,2,3,,N,,,,,,,,,,,
2020086510,1700.0,1,0,0,0,0,0,0,0,0,8,0,,67,10,2020,5,39.9853,-75.1112,1659.0,6,0,0,0,0,0,0,0,0,,0,0,0.0,17,1,1,1,,0,39 59:06.957,,0,75 06:40.489,3,0,0,0,67301,1,0,0,N,1,0,0,2,67301,0,,1,1,,N,N,N,0,,1,0,0,3,2,,1715,1,2,0,0,0,0,0,3,4,0,1,3,3.0,N,,,,,,,,,,,
2020091626,1627.0,2,0,0,0,0,0,0,0,0,1,0,,67,10,2020,4,39.996,-75.0828,1621.0,6,0,0,0,0,0,1,0,0,,0,0,0.0,16,1,1,0,N,0,39 59:45.582,,3,75 04:58.005,3,0,0,0,67301,0,0,0,N,0,0,0,4,68K01,0,,1,1,,N,N,N,1,,1,0,1,0,0,,1618,1,4,0,0,0,0,0,3,4,0,4,3,,N,,,,,,,,,,,
2020095601,1531.0,2,0,0,0,0,0,0,0,0,1,0,,67,10,2020,4,40.0507,-75.01,1531.0,6,0,0,0,0,0,1,0,0,,0,0,0.0,15,1,1,0,Y,1,40 03:02.651,1.0,0,75 00:36.064,4,0,0,0,67301,0,0,0,N,0,0,0,5,67301,1,,1,1,1540.0,N,N,N,1,,0,0,0,3,2,Y,1530,1,3,0,0,0,0,0,3,4,0,3,3,,N,,,,,,,,,,,
2020089820,707.0,1,0,0,0,0,0,0,0,0,7,0,,67,10,2020,3,40.0356,-75.017,703.0,6,0,0,0,0,0,0,0,0,,0,0,0.0,7,3,0,0,N,0,40 02:08.019,,0,75 01:01.272,0,0,0,0,67301,0,0,0,N,0,0,0,1,68K01,0,,4,9,,N,N,N,0,,0,0,0,0,0,,702,0,1,0,0,0,0,0,3,4,0,1,7,7.0,N,,,,,,,,,,,
2020088908,1752.0,0,0,0,0,0,0,0,0,0,4,0,,67,10,2020,4,39.9753,-75.2621,1743.0,6,0,0,0,0,0,0,0,0,,0,0,0.0,17,4,1,2,,0,39 58:31.177,,0,75 15:43.556,3,0,0,1,67301,0,0,0,N,0,0,0,3,67301,0,,1,1,,N,N,N,0,,1,0,1,0,0,,1739,1,2,0,0,0,0,0,3,4,0,2,3,3.0,N,,,,,,,,,,,
2020089304,716.0,0,0,0,0,0,0,0,0,0,8,0,,67,10,2020,5,39.9987,-75.0709,710.0,6,0,0,0,0,0,0,0,0,,0,0,0.0,6,1,1,1,,0,39 59:54.888,,0,75 04:15.587,2,0,0,0,67301,1,0,1,N,1,0,1,2,67301,0,,1,1,,N,N,N,1,,0,1,0,3,2,,655,1,2,0,0,0,0,0,3,4,0,1,3,3.0,N,,,,,,,,,,,
2020087336,1500.0,0,0,0,0,0,0,0,0,0,8,0,,67,10,2020,6,39.9569,-75.1694,1500.0,6,0,0,0,0,0,1,0,0,,0,0,0.0,13,1,1,5,,0,39 57:24.633,,0,75 10:09.186,3,0,0,0,67301,1,0,0,N,1,0,0,2,67301,0,,1,9,,N,N,N,1,,1,0,0,3,2,,1345,1,2,0,0,0,0,0,3,4,0,1,7,7.0,N,,,,,,,,,,,
2020088356,1157.0,1,0,0,0,0,0,0,0,0,7,0,,67,10,2020,2,39.9737,-75.1938,1157.0,6,0,0,0,0,0,0,0,0,,0,0,0.0,11,1,0,0,N,0,39 58:25.256,,8,75 11:37.562,0,0,0,0,67301,0,0,0,N,0,0,0,1,68K01,0,,4,1,,N,N,Y,0,,0,0,0,0,0,,1156,0,1,0,0,0,0,0,3,4,0,1,3,3.0,N,,,,,,,,,,,
2020063419,1300.0,0,0,0,0,0,0,0,0,0,0,0,,67,8,2020,6,40.0744,-75.1661,1300.0,6,0,0,0,0,0,0,0,0,,0,0,0.0,12,1,1,1,,0,40 04:27.685,,0,75 09:57.859,8,0,0,0,67301,0,0,0,N,0,0,0,1,67301,0,,1,1,,N,N,N,0,,0,0,0,3,3,,1257,1,1,0,0,0,1,0,3,4,0,1,4,4.0,N,,,,,,,,,,,
2020063583,1840.0,1,0,0,0,0,0,0,0,0,5,0,,67,8,2020,7,39.9579,-75.2253,1839.0,6,0,0,0,0,0,0,0,0,,0,0,0.0,13,1,0,0,N,0,39 57:28.554,,0,75 13:31.071,0,0,0,0,67301,0,0,0,N,0,0,0,2,67301,0,,1,1,,N,N,N,0,,0,0,1,0,0,,1339,0,2,0,0,0,0,0,3,4,0,2,3,3.0,N,,,,,,,,,,,
2020094032,831.0,1,0,0,0,0,0,0,0,0,7,0,,67,10,2020,2,40.0347,-75.0186,830.0,6,0,0,0,0,0,0,0,0,,0,0,0.0,8,1,0,0,N,2,40 02:04.859,1.0,0,75 01:07.117,0,0,0,0,67301,0,0,0,N,0,0,0,1,68K01,0,,4,9,910.0,N,N,N,0,,0,0,0,0,0,N,830,0,1,0,0,0,0,0,3,4,0,1,7,4.0,N,,,,,,,,,,,
2020089182,630.0,1,0,0,0,0,0,0,0,0,4,0,,67,10,2020,6,40.0363,-75.0718,620.0,6,0,0,0,0,0,0,0,0,,0,0,0.0,6,3,0,1,,1,40 02:10.662,4.0,0,75 04:18.319,0,0,0,0,67301,0,0,0,N,0,0,0,2,67301,0,,1,1,714.0,N,N,N,0,,0,0,0,3,3,N,619,0,2,0,0,0,0,0,3,4,1,2,5,,N,,,,,,,,,,,
2020090990,2220.0,2,0,0,0,0,0,0,0,0,7,0,,67,10,2020,5,39.9892,-75.1354,2215.0,6,0,0,1,0,0,0,0,0,,0,0,0.0,21,3,0,0,N,0,39 59:20.980,,0,75 08:07.280,0,0,0,0,67301,0,0,0,N,0,0,0,2,67301,0,,1,1,,N,N,N,0,,0,0,1,0,0,,2145,0,4,0,0,0,0,0,3,4,1,4,3,3.0,N,,,,,,,,,,,
2020089885,204.0,2,0,0,0,0,0,0,0,0,4,0,,67,10,2020,2,40.0046,-75.164,159.0,6,0,0,0,0,0,0,0,0,,0,0,0.0,1,3,1,1,,2,40 00:16.671,7.0,0,75 09:50.230,8,0,0,0,67301,0,0,0,N,0,0,0,3,67301,0,,1,1,245.0,N,N,N,1,,0,0,0,3,3,N,155,1,3,0,0,0,1,1,3,4,0,3,3,,N,,,,,,,,,,,
2020094368,2.0,1,0,0,0,0,0,0,0,0,98,0,,67,10,2020,2,40.0387,-75.0095,2357.0,6,0,0,0,0,0,0,0,0,,0,0,0.0,23,3,0,0,N,0,40 02:19.333,,0,75 00:34.056,0,0,0,0,67301,0,0,0,N,0,0,0,1,68K01,0,,4,9,,N,N,N,0,,0,0,0,0,0,,2334,0,1,0,0,0,0,0,3,4,0,1,3,,N,,,,,,,,,,,
2020092313,500.0,2,0,0,0,0,0,0,0,0,4,0,,67,10,2020,4,40.046,-75.0823,454.0,6,0,0,0,0,0,0,0,0,,0,0,0.0,4,3,2,1,,1,40 02:45.589,6.0,0,75 04:56.402,3,0,0,0,67301,0,0,0,N,0,0,0,3,67301,0,,1,1,100.0,N,N,Y,0,,2,0,4,3,2,Y,445,2,6,0,0,0,0,1,3,4,0,6,3,,N,,,,,,,,,,,
2020092367,215.0,0,0,0,0,0,0,0,0,0,7,0,,67,11,2020,1,39.9853,-75.1362,215.0,6,0,1,0,0,0,0,0,0,,0,0,0.0,2,3,0,1,,0,39 59:07.172,,0,75 08:10.230,0,0,0,0,67301,0,0,0,N,0,0,0,3,67301,0,,4,1,,N,N,N,0,,0,0,1,3,2,,215,0,1,0,0,0,0,0,3,4,0,1,3,,N,,,,,,,,,,,
2020092317,246.0,1,0,0,0,0,0,0,0,0,2,0,,67,10,2020,7,40.0414,-75.098,244.0,6,0,0,0,0,0,0,0,0,,0,0,0.0,2,3,0,2,,0,40 02:28.921,,0,75 05:52.637,9,0,0,0,67301,0,0,0,N,0,0,0,1,67301,0,,9,1,,N,N,N,0,,0,0,0,3,3,,240,0,2,0,0,0,0,1,3,4,1,2,3,3.0,N,,,,,,,,,,,
2020098260,1655.0,2,0,0,0,0,0,0,0,0,2,0,,67,11,2020,2,40.0159,-75.1538,1654.0,6,0,0,0,0,0,0,0,0,,0,0,0.0,16,1,1,1,,0,40 00:57.144,,0,75 09:13.828,4,0,0,0,67301,0,0,0,N,0,0,0,2,67301,1,,1,1,,N,N,N,0,,0,0,0,3,2,,1650,1,2,0,0,0,0,0,3,4,0,2,3,3.0,N,,,,,,,,,,,
2020112095,402.0,2,0,0,0,0,0,0,0,0,2,0,,67,12,2020,6,40.0202,-75.1141,402.0,6,0,0,1,0,1,0,0,0,,0,0,0.0,4,3,2,1,,0,40 01:13.096,,0,75 06:50.969,3,0,0,0,67301,0,0,0,N,0,0,0,4,67301,0,,1,9,,N,N,N,0,,2,0,0,3,2,,400,2,2,0,0,0,0,0,3,4,0,2,7,7.0,N,,,,,,,,,,,
2020093924,805.0,3,0,0,0,0,0,0,0,0,5,0,,67,11,2020,1,39.9248,-75.2441,800.0,6,0,0,0,0,0,0,0,0,,0,0,0.0,7,1,0,0,N,0,39 55:29.330,,0,75 14:38.730,9,0,0,0,67301,0,0,0,N,0,0,0,1,67301,0,,1,1,,N,N,Y,0,,0,0,0,0,0,,757,0,4,0,0,0,0,1,3,4,1,4,4,,N,,,,,,,,,,,
2020091739,1607.0,1,0,0,0,0,0,0,0,0,1,0,35.0,67,10,2020,6,39.9118,-75.1692,1600.0,6,0,0,0,0,0,0,0,0,,0,0,0.0,16,1,1,6,,2,39 54:42.400,3.0,8,75 10:09.000,3,0,0,0,67301,0,0,0,N,0,0,0,2,67501,0,,7,1,1625.0,N,N,N,0,,1,0,0,3,3,N,1600,1,2,0,0,0,0,1,3,4,0,2,3,,Y,8.0,1.0,Y,,,N,Y,,,,N
2020096142,15.0,0,0,0,0,0,0,0,0,0,7,0,,67,11,2020,1,39.9332,-75.2,11.0,6,0,0,1,0,0,0,0,0,,0,0,0.0,23,3,0,0,N,0,39 55:59.507,,0,75 12:00.021,0,0,0,0,67301,0,0,0,N,0,0,0,2,68K01,0,,4,1,,N,N,N,0,,0,0,1,0,0,,2350,0,1,0,0,0,0,0,3,4,0,1,3,3.0,N,,,,,,,,,,,
2020092962,1453.0,0,0,0,0,0,0,0,0,0,1,0,,67,10,2020,5,40.0231,-75.124,1453.0,6,0,0,0,0,0,1,0,0,,0,0,0.0,12,1,1,1,,0,40 01:23.163,,0,75 07:26.450,8,0,0,0,67301,0,0,0,N,0,0,0,3,67301,0,,1,9,,N,N,N,1,,0,0,1,3,2,,1240,1,2,0,0,0,1,0,3,4,0,2,7,7.0,N,,,,,,,,,,,
2020089884,215.0,0,0,0,0,0,0,0,0,0,7,0,,67,10,2020,1,39.9987,-75.1669,213.0,6,0,0,0,0,0,0,0,0,,0,0,0.0,2,3,0,1,,1,39 59:55.338,7.0,0,75 10:00.782,9,0,0,0,67301,0,0,0,N,0,0,0,1,67301,0,,4,1,230.0,N,N,N,0,,0,0,1,3,2,N,210,0,1,0,0,0,0,1,3,4,0,1,3,,N,,,,,,,,,,,
2020091017,1213.0,2,0,0,0,0,0,0,0,0,4,0,,67,10,2020,5,40.0062,-75.1518,1211.0,6,0,0,0,0,0,0,1,0,,0,0,0.0,12,1,1,1,,0,40 00:22.276,,0,75 09:06.943,4,0,0,0,67301,0,0,0,N,0,0,0,2,67505,1,,1,9,,,,N,0,,0,0,0,3,2,,1210,1,2,0,0,0,0,0,3,4,0,2,7,,N,,,,,,,,,,,
2020087341,850.0,2,0,0,0,0,0,0,0,0,4,0,,67,10,2020,2,39.9888,-75.1202,850.0,6,0,0,0,0,0,0,0,0,,0,0,0.0,8,1,0,1,,0,39 59:19.569,,0,75 07:12.649,0,0,0,0,67301,0,0,0,N,0,0,0,2,67301,0,,1,1,,N,N,N,0,,0,0,1,3,2,,845,0,3,0,0,0,0,0,3,4,0,3,3,3.0,N,,,,,,,,,,,
2020089301,1938.0,1,0,0,0,0,0,0,0,0,7,0,,67,10,2020,5,39.909,-75.2489,1936.0,6,0,0,0,0,0,0,0,0,,0,0,0.0,15,1,0,11,,0,39 54:32.300,,0,75 14:55.870,0,0,0,0,67301,0,0,0,N,0,0,0,1,67301,0,,4,1,,N,N,N,0,,0,0,0,0,0,,1541,0,1,0,0,0,0,0,3,4,0,1,3,3.0,N,,,,,,,,,,,
2020096699,1630.0,4,0,0,0,0,0,0,0,0,1,0,,67,10,2020,7,39.9939,-75.1994,1613.0,6,0,0,0,0,0,0,0,0,,0,0,0.0,16,1,5,0,N,2,39 59:38.055,3.0,0,75 11:57.663,8,0,0,0,67301,3,0,0,N,0,0,0,5,68K01,0,,2,1,1723.0,N,N,N,0,,0,0,0,0,0,N,1612,5,4,0,0,0,5,0,3,4,0,4,3,,N,,,,,,,,,,,
2020062820,225.0,0,0,0,0,0,0,0,0,0,7,0,,67,8,2020,5,39.9495,-75.1651,222.0,6,0,0,0,0,0,0,0,0,,0,0,0.0,2,3,0,0,N,0,39 56:58.029,,0,75 09:54.482,0,0,0,0,67301,0,0,0,N,0,0,0,2,67301,0,,4,1,,N,N,N,0,,0,0,1,0,0,,220,0,1,0,0,2,0,0,3,4,0,1,3,,N,,,,,,,,,,,
2020111411,1601.0,0,0,0,0,0,0,0,0,0,4,0,,67,12,2020,1,40.0236,-75.0764,1601.0,6,0,0,0,0,0,1,0,0,,1,0,0.0,16,1,1,0,N,0,40 01:24.905,,7,75 04:34.875,1,1,0,1,67301,0,0,0,N,0,0,0,2,67301,0,2.0,1,1,,N,N,N,0,0.0,0,0,1,3,3,,1600,1,2,0,0,0,1,0,3,4,0,2,3,3.0,N,,,,,,,,,,,
2020102654,1336.0,1,0,0,0,0,0,0,0,0,8,0,,67,11,2020,2,39.9845,-75.1553,1336.0,6,0,0,0,0,0,0,0,1,,0,0,0.0,13,1,1,2,,0,39 59:04.290,,0,75 09:19.208,8,0,0,0,67301,1,0,0,N,1,0,0,2,67505,0,,1,1,,N,N,N,0,,0,0,0,3,3,,1326,1,2,0,0,0,1,0,3,4,0,1,3,3.0,N,,,,,,,,,,,
2020064888,1115.0,2,0,0,0,0,0,0,0,0,1,1,,67,8,2020,7,39.9782,-75.2022,1115.0,6,0,0,0,0,0,0,0,0,,0,1,0.0,11,1,0,0,N,2,39 58:41.391,3.0,0,75 12:08.041,9,0,0,0,67301,0,0,0,N,0,0,0,3,68K01,0,,1,1,1120.0,N,N,N,0,,0,0,0,0,0,N,1100,0,3,0,0,0,0,2,3,4,0,3,3,3.0,N,,,,,,,,,,,
2020092818,1330.0,2,0,0,0,0,0,0,0,0,4,0,,67,10,2020,3,40.0077,-75.0761,1330.0,6,0,0,0,0,0,0,0,0,,0,0,0.0,22,3,2,1,,0,40 00:27.557,,0,75 04:34.287,8,0,0,0,67301,0,0,0,N,0,0,0,2,67301,0,,1,1,,N,N,N,0,,0,0,0,3,2,,2230,2,2,0,0,0,2,0,3,4,0,2,3,3.0,N,,,,,,,,,,,
2020113278,2115.0,0,0,0,0,0,0,0,0,0,1,0,,67,12,2020,3,39.9818,-75.1018,2115.0,6,0,0,0,1,0,0,0,0,,0,0,0.0,21,3,0,0,N,1,39 58:54.402,2.0,0,75 06:06.437,0,0,0,0,67301,0,0,0,N,0,0,0,2,68K01,0,,1,1,2150.0,N,N,N,0,,0,0,2,0,0,N,2115,0,2,0,0,0,0,0,3,4,0,2,3,,N,,,,,,,,,,,
2020097717,245.0,0,0,0,0,0,0,0,0,0,7,0,,67,10,2020,3,39.9617,-75.1819,238.0,6,0,0,0,0,0,0,0,0,,0,0,0.0,2,3,0,0,N,2,39 57:42.053,3.0,2,75 10:54.975,0,0,0,0,67301,0,0,0,N,0,0,0,1,68K01,0,,2,1,253.0,N,N,N,0,,0,0,1,0,0,N,238,0,1,0,0,1,0,0,3,4,0,1,3,,N,,,,,,,,,,,
2020090066,25.0,1,0,0,0,0,0,0,0,0,1,0,,67,10,2020,3,39.9804,-75.1574,22.0,6,0,0,0,0,0,0,0,0,,0,0,0.0,0,3,0,0,N,0,39 58:49.605,,0,75 09:26.701,0,0,0,0,67301,0,0,0,N,0,0,0,1,67505,0,,6,9,,N,N,N,0,,0,0,1,0,0,,20,0,2,0,0,0,0,0,3,4,0,2,3,3.0,N,,,,,,,,,,,
2020089712,40.0,0,0,0,0,0,0,0,0,0,8,0,,67,10,2020,1,40.0179,-75.1493,31.0,6,0,0,0,0,0,0,0,0,,0,0,0.0,23,3,1,1,,0,40 01:04.874,,0,75 08:57.592,3,0,0,0,67301,1,0,0,N,1,0,0,2,67301,0,,1,9,,N,N,N,0,,1,0,1,3,2,,2355,1,2,0,0,0,0,0,3,4,0,1,7,7.0,N,,,,,,,,,,,
2020091901,2145.0,2,0,0,0,0,0,0,0,0,2,0,,67,10,2020,7,39.9863,-75.1561,2145.0,6,0,0,0,0,0,0,0,0,,0,0,0.0,21,3,2,1,N,0,39 59:10.631,,0,75 09:22.550,4,0,0,0,67301,0,0,0,Y,0,0,0,4,67505,2,,1,1,,N,N,N,0,,0,0,0,3,2,,2145,2,2,0,0,0,0,0,3,4,0,2,3,3.0,N,,,,,,,,,,,
2020092320,10.0,2,0,0,0,0,0,0,0,0,1,0,,67,11,2020,1,39.952,-75.1501,8.0,6,0,0,0,0,0,0,0,0,,0,0,0.0,0,3,0,0,N,1,39 57:07.123,2.0,0,75 09:00.330,0,0,0,0,67301,0,0,0,N,0,0,0,2,67301,0,,1,1,125.0,N,N,N,0,,0,0,0,0,0,N,5,0,2,0,0,0,0,0,3,4,0,2,3,3.0,N,,,,,,,,,,,
2020090137,1212.0,0,0,0,1,0,0,0,0,0,2,0,,67,10,2020,7,40.0242,-75.0465,1203.0,6,0,0,0,0,0,0,0,0,,0,0,0.0,12,1,1,1,,0,40 01:27.245,,0,75 02:47.562,3,0,0,0,67301,1,0,0,N,0,0,0,2,67301,0,,1,1,,N,N,N,0,,1,0,1,3,2,,1200,1,2,0,0,0,0,1,3,4,0,1,3,,N,,,,,,,,,,,
2020092817,725.0,1,0,0,0,0,0,0,0,0,5,0,,67,10,2020,3,39.9425,-75.1514,720.0,6,0,0,0,0,0,0,0,0,,0,0,0.0,7,3,0,0,N,0,39 56:32.900,,0,75 09:05.200,0,0,0,0,67301,0,0,0,N,0,0,0,1,67301,0,,6,1,,N,N,N,0,,0,0,3,0,0,,715,0,4,0,0,1,0,0,3,4,0,4,3,,N,,,,,,,,,,,
2020092379,631.0,2,0,0,0,0,0,0,0,0,6,0,,67,10,2020,2,40.0036,-75.1659,627.0,6,0,0,0,0,0,0,0,0,,0,0,0.0,6,3,0,0,N,1,40 00:13.030,5.0,0,75 09:57.260,0,0,0,0,67301,0,0,0,N,0,0,0,2,67301,0,,1,9,645.0,N,N,N,1,,0,0,0,0,0,N,614,0,3,0,0,1,0,0,3,4,0,3,7,,N,,,,,,,,,,,
2020108334,934.0,1,0,0,0,0,0,0,0,0,1,0,,67,11,2020,2,39.9438,-75.143,934.0,6,0,0,0,0,1,0,0,0,,0,0,0.0,9,1,0,0,N,1,39 56:37.664,2.0,0,75 08:34.685,0,0,0,0,67301,0,0,0,N,0,0,0,2,68K01,0,,1,1,1012.0,N,N,N,0,,0,0,0,0,0,N,934,0,2,0,0,0,0,0,3,4,1,2,3,,N,,,,,,,,,,,
2020089388,1210.0,2,0,0,0,0,0,0,0,0,3,0,,67,10,2020,7,40.0424,-75.1238,1208.0,6,0,0,0,0,0,0,0,0,,0,0,0.0,12,1,0,0,N,0,40 02:32.700,,0,75 07:25.540,9,0,0,0,67301,0,0,0,N,0,0,0,2,67301,0,,1,1,,N,N,N,0,,0,0,0,3,3,,1208,0,2,0,0,0,0,1,3,4,0,2,3,3.0,N,,,,,,,,,,,
2020092321,830.0,0,0,0,0,0,0,0,0,0,1,0,,67,10,2020,6,40.1176,-75.0067,819.0,6,0,0,0,0,0,2,0,0,,0,0,0.0,8,1,1,0,N,0,40 07:03.230,,0,75 00:23.950,3,0,0,0,67301,0,0,0,N,0,0,0,3,67301,0,,1,9,,N,N,N,0,,1,0,2,0,0,,804,1,2,0,0,0,0,0,3,4,0,2,7,4.0,N,,,,,,,,,,,
2020092381,1622.0,3,0,0,0,0,0,0,0,0,1,0,,67,10,2020,6,39.9999,-75.1683,1619.0,6,0,0,0,0,0,0,0,0,,0,0,0.0,16,1,1,0,N,0,39 59:59.720,,0,75 10:05.800,8,0,0,0,67301,0,0,0,N,0,0,0,4,67301,0,,1,1,,N,N,N,0,,0,0,0,0,0,,1615,1,4,0,0,2,1,0,3,4,0,4,4,4.0,N,,,,,,,,,,,
2020089714,1927.0,0,0,0,0,0,0,0,0,0,4,0,,67,10,2020,1,40.0371,-75.1396,1924.0,6,0,0,0,0,0,0,0,0,,0,0,0.0,18,3,0,1,,0,40 02:13.610,,0,75 08:22.736,0,0,0,0,67301,0,0,0,N,0,0,0,2,67301,0,,1,9,,N,N,N,0,,0,0,1,3,2,,1820,0,2,0,0,0,0,0,3,4,0,2,7,,N,,,,,,,,,,,
2020096994,1231.0,1,0,0,0,0,0,0,0,0,4,0,,67,10,2020,7,40.0024,-75.1222,1206.0,6,0,0,0,0,0,0,0,0,,0,0,0.0,11,1,1,2,,0,40 00:08.600,,0,75 07:19.995,2,0,1,1,67301,0,0,0,N,0,0,0,2,67301,0,,1,1,,N,N,N,0,,0,1,0,0,0,,1134,1,2,0,0,0,0,0,3,4,0,2,3,3.0,N,,,,,,,,,,,
2020112973,1930.0,1,0,0,0,0,0,0,0,0,2,0,,67,12,2020,2,39.9918,-75.1864,1927.0,6,0,0,0,0,0,0,1,0,,0,0,0.0,19,3,3,1,,0,39 59:30.408,,0,75 11:10.966,2,0,0,0,67301,0,0,0,N,0,0,0,5,67301,0,,1,1,,N,N,N,0,,2,1,1,3,2,,1914,3,2,0,0,0,0,0,3,4,0,2,3,3.0,N,,,,,,,,,,,
2020089713,1900.0,2,0,0,0,0,0,0,0,0,4,0,,67,10,2020,3,40.047,-75.1429,1851.0,6,0,0,0,0,0,1,0,0,,0,0,0.0,18,3,1,0,N,0,40 02:49.048,,7,75 08:34.430,8,0,0,0,67301,0,0,0,N,0,0,0,3,67301,0,,1,1,,N,N,N,0,,0,0,1,0,0,,1834,1,3,0,0,0,1,0,3,4,0,3,3,3.0,N,,,,,,,,,,,
2020087972,1730.0,3,0,0,0,0,0,0,0,0,4,0,,67,10,2020,5,39.969,-75.2465,1726.0,6,0,0,0,0,0,0,0,0,,0,0,0.0,17,1,0,1,,0,39 58:08.281,,0,75 14:47.544,0,0,0,0,67301,0,0,0,N,0,0,0,2,67301,0,,1,1,,N,N,N,0,,0,0,0,3,3,,1720,0,3,0,0,0,0,0,3,4,0,3,3,,N,,,,,,,,,,,
2020088994,1708.0,2,0,0,0,0,0,0,0,0,4,0,,67,10,2020,6,39.9459,-75.2403,1707.0,6,0,0,0,0,0,0,0,0,,0,0,0.0,17,1,1,5,,0,39 56:45.089,,0,75 14:25.018,4,0,0,0,67301,0,0,0,N,0,0,0,3,67301,1,,1,9,,N,N,N,0,,0,0,0,3,2,,1705,1,2,0,0,0,0,0,3,4,0,2,7,,N,,,,,,,,,,,
2020097399,1643.0,1,0,0,0,0,0,0,0,0,7,0,45.0,67,10,2020,6,39.9804,-75.1042,1623.0,6,0,0,0,0,0,1,0,0,,0,0,0.0,16,1,1,0,N,1,39 58:49.394,1.0,0,75 06:15.145,3,0,0,0,67301,0,0,0,N,0,0,0,4,68K01,0,,3,9,1645.0,N,N,N,0,,1,0,1,0,0,N,1621,1,2,0,0,0,0,0,3,4,0,2,7,7.0,Y,4.0,1.0,N,,,N,,,,Y,N
2020092360,2112.0,2,0,0,0,0,0,0,0,0,3,0,,67,10,2020,5,39.9871,-75.1626,2110.0,6,0,0,0,0,0,0,0,0,,0,0,0.0,21,3,2,1,,0,39 59:13.649,,0,75 09:45.421,3,0,0,0,67301,0,0,0,N,0,0,0,3,67301,0,,1,9,,N,N,N,0,,2,0,1,3,2,,2108,2,3,0,0,0,0,0,3,4,0,3,7,,N,,,,,,,,,,,
2020092373,916.0,0,0,0,0,0,0,0,0,0,1,0,,67,10,2020,5,40.0402,-75.1558,916.0,6,0,0,0,0,0,1,0,0,,0,0,0.0,8,1,1,0,N,0,40 02:24.804,,7,75 09:21.225,8,0,0,0,67301,0,0,0,N,0,0,0,3,67301,0,,1,9,,N,N,N,0,,0,0,3,3,2,,850,1,3,0,0,0,1,1,3,4,0,3,7,,N,,,,,,,,,,,
2020097434,1942.0,2,0,0,0,0,0,0,0,0,5,0,,67,10,2020,7,39.887,-75.2049,1936.0,6,0,0,0,0,0,0,0,0,,0,0,0.0,19,3,2,0,N,1,39 53:13.173,1.0,3,75 12:17.779,3,0,0,0,67301,0,0,0,N,0,0,0,3,68K01,1,,1,1,2030.0,N,N,N,0,,1,0,0,0,0,N,1935,2,2,0,0,0,0,0,3,4,0,2,3,,N,,,,,,,,,,,