CRN,ARRIVAL_TM,AUTOMOBILE_COUNT,BELTED_DEATH_COUNT,BELTED_SUSP_SERIOUS_INJ_COUNT,BICYCLE_COUNT,BICYCLE_DEATH_COUNT,BICYCLE_SUSP_SERIOUS_INJ_COUNT,BUS_COUNT,CHLDPAS_DEATH_COUNT,CHLDPAS_SUSP_SERIOUS_INJ_COUNT,COLLISION_TYPE,COMM_VEH_COUNT,CONS_ZONE_SPD_LIM,COUNTY,CRASH_MONTH,CRASH_YEAR,DAY_OF_WEEK,DEC_LAT,DEC_LONG,DISPATCH_TM,DISTRICT,DRIVER_COUNT_16YR,DRIVER_COUNT_17YR,DRIVER_COUNT_18YR,DRIVER_COUNT_19YR,DRIVER_COUNT_20YR,DRIVER_COUNT_50_64YR,DRIVER_COUNT_65_74YR,DRIVER_COUNT_75PLUS,EST_HRS_CLOSED,FATAL_COUNT,HEAVY_TRUCK_COUNT,HORSE_BUGGY_COUNT,HOUR_OF_DAY,ILLUMINATION,INJURY_COUNT,INTERSECT_TYPE,INTERSECTION_RELATED,LANE_CLOSED,LATITUDE,LN_CLOSE_DIR,LOCATION_TYPE,LONGITUDE,MAX_SEVERITY_LEVEL,MCYCLE_DEATH_COUNT,MCYCLE_SUSP_SERIOUS_INJ_COUNT,MOTORCYCLE_COUNT,MUNICIPALITY,NONMOTR_COUNT,NONMOTR_DEATH_COUNT,NONMOTR_SUSP_SERIOUS_INJ_COUNT,NTFY_HIWY_MAINT,PED_COUNT,PED_DEATH_COUNT,PED_SUSP_SERIOUS_INJ_COUNT,PERSON_COUNT,POLICE_AGCY,POSSIBLE_INJ_COUNT,RDWY_SURF_TYPE_CD,RELATION_TO_ROAD,ROAD_CONDITION,ROADWAY_CLEARED,SCH_BUS_IND,SCH_ZONE_IND,SECONDARY_CRASH,SMALL_TRUCK_COUNT,SPEC_JURIS_CD,SUSP_MINOR_INJ_COUNT,SUSP_SERIOUS_INJ_COUNT,SUV_COUNT,TCD_FUNC_CD,TCD_TYPE,TFC_DETOUR_IND,TIME_OF_DAY,TOT_INJ_COUNT,TOTAL_UNITS,UNB_DEATH_COUNT,UNB_SUSP_SERIOUS_INJ_COUNT,UNBELTED_OCC_COUNT,UNK_INJ_DEG_COUNT,UNK_INJ_PER_COUNT,URBAN_AREA,URBAN_RURAL,VAN_COUNT,VEHICLE_COUNT,WEATHER1,WEATHER2,WORK_ZONE_IND,WORK_ZONE_LOC,WORK_ZONE_TYPE,WORKERS_PRES,WZ_CLOSE_DETOUR,WZ_FLAGGER,WZ_LAW_OFFCR_IND,WZ_LN_CLOSURE,WZ_MOVING,WZ_OTHER,WZ_SHLDER_MDN,WZ_WORKERS_INJ_KILLED
2020097589,407.0,2,0,0,0,0,0,0,0,0,4,0,,67,11,2020,7,39.944,-75.1736,406.0,6,0,0,0,0,0,0,0,0,,0,0,0.0,3,3,0,0,N,0,39 56:38.440,,0,75 10:25.010,0,0,0,0,67301,0,0,0,N,0,0,0,1,67301,0,,1,1,,N,N,N,0,,0,0,2,0,0,,355,0,4,0,0,0,0,0,3,4,0,4,3,,N,,,,,,,,,,,
2020101160,1630.0,2,0,0,0,0,0,0,0,0,4,0,,67,11,2020,7,39.8991,-75.1739,1623.0,6,0,0,0,0,1,1,0,0,,0,0,0.0,16,1,0,0,Y,2,39 53:56.613,2.0,0,75 10:26.100,0,0,0,0,67301,0,0,0,N,0,0,0,2,68K01,0,,1,1,1640.0,N,N,N,0,,0,0,0,0,0,N,1623,0,2,0,0,0,0,0,3,4,0,2,3,3.0,N,,,,,,,,,,,
2020092821,1100.0,1,0,0,0,0,0,0,0,0,4,0,,67,10,2020,5,40.0115,-75.108,1705.0,6,0,0,0,0,0,0,0,0,,0,0,0.0,17,4,1,1,,0,40 00:41.562,,0,75 06:28.950,2,0,0,0,67301,0,0,0,N,0,0,0,2,67301,0,,1,99,,N,N,N,0,,0,1,0,3,2,,1700,1,2,0,0,0,0,0,3,4,1,2,99,,N,,,,,,,,,,,
2020090864,1330.0,0,0,0,0,0,0,0,0,0,5,0,,67,10,2020,4,39.925,-75.1695,1325.0,6,0,0,0,0,0,1,0,0,,0,0,0.0,12,1,2,0,N,0,39 55:30.140,,0,75 10:10.041,8,0,0,0,67301,3,0,0,N,0,0,0,5,67301,0,,6,99,,N,N,N,0,,0,0,1,0,0,,1241,2,2,0,0,0,2,3,3,4,1,2,99,,N,,,,,,,,,,,
2020090850,1851.0,1,0,0,0,0,0,0,0,0,8,0,,67,10,2020,4,40.0047,-75.1521,1850.0,6,0,0,0,0,0,0,0,0,,0,0,0.0,18,3,1,1,,1,40 00:16.847,1.0,0,75 09:07.652,3,0,0,0,67301,1,0,0,N,1,0,0,2,67505,0,,1,1,1925.0,N,N,N,0,,1,0,0,3,2,N,1850,1,2,0,0,0,0,0,3,4,0,1,3,3.0,N,,,,,,,,,,,
2020092309,1043.0,0,0,0,0,0,0,0,0,0,4,0,,67,10,2020,4,39.9217,-75.1902,1042.0,6,0,0,0,0,0,1,0,0,,0,0,0.0,18,3,1,5,,0,39 55:18.000,,8,75 11:24.900,3,0,0,0,67301,0,0,0,N,0,0,0,2,67301,0,,1,1,,N,N,N,0,,1,0,2,3,2,,1830,1,2,0,0,0,0,1,3,4,0,2,4,,N,,,,,,,,,,,
2020096679,1512.0,7,0,0,0,0,0,0,0,0,5,0,,67,11,2020,5,39.9499,-75.2033,1510.0,6,0,0,0,0,0,0,1,0,,0,0,0.0,15,1,0,0,N,0,39 56:59.760,,0,75 12:11.971,0,0,0,0,67301,0,0,0,N,0,0,0,3,67504,0,,1,9,,N,N,N,0,,0,0,0,3,2,,1505,0,7,0,0,3,0,0,3,4,0,7,7,4.0,N,,,,,,,,,,,
2020097835,2140.0,1,0,0,0,0,0,0,0,0,4,0,,67,10,2020,3,40.035,-75.0639,2140.0,6,0,0,0,0,0,0,1,0,,0,0,0.0,21,3,0,0,N,0,40 02:06.036,,7,75 03:50.089,9,0,0,0,67301,0,0,0,N,0,0,0,3,67301,0,,1,1,,N,N,N,1,,0,0,0,0,0,,2140,0,2,0,0,0,0,1,3,4,0,2,3,,N,,,,,,,,,,,
2020092351,1325.0,2,0,0,0,0,0,0,0,0,4,0,,67,10,2020,7,39.957,-75.2133,1325.0,6,0,0,0,0,0,1,0,0,,0,0,0.0,13,1,0,1,,0,39 57:25.245,,0,75 12:47.990,0,0,0,0,67301,0,0,0,N,0,0,0,3,67301,0,,1,1,,N,N,N,0,,0,0,0,3,2,,1325,0,2,0,0,0,0,0,3,4,0,2,3,,N,,,,,,,,,,,
2020090138,1353.0,0,0,0,1,0,0,0,0,0,2,0,,67,10,2020,7,40.0224,-75.05,1349.0,6,0,0,1,0,0,0,0,0,,0,0,0.0,13,1,1,0,N,0,40 01:20.770,,7,75 03:00.073,3,0,0,0,67301,1,0,0,N,0,0,0,2,67301,0,,1,1,,N,N,N,0,,1,0,1,0,0,,1336,1,2,0,0,0,0,0,3,4,0,1,3,,N,,,,,,,,,,,
2020090866,1500.0,1,0,0,0,0,0,0,0,0,7,0,,67,10,2020,3,40.0772,-75.0442,1457.0,6,0,0,0,0,0,1,0,0,,0,0,0.0,14,1,1,0,N,0,40 04:37.862,,0,75 02:39.166,3,0,0,0,67301,0,0,0,N,0,0,0,1,67301,0,,5,1,,N,N,N,0,,1,0,0,0,0,,1455,1,1,0,0,0,0,0,3,4,0,1,4,4.0,N,,,,,,,,,,,
2020089572,2005.0,2,0,0,0,0,0,0,0,0,4,0,,67,10,2020,7,39.9571,-75.2143,1958.0,6,0,0,0,1,0,0,0,0,,0,0,0.0,19,3,2,1,,0,39 57:25.696,,0,75 12:51.617,3,0,0,0,67301,0,0,0,N,0,0,0,4,67301,0,,1,1,,N,N,N,0,,2,0,0,3,2,,1953,2,2,0,0,0,0,0,3,4,0,2,3,3.0,N,,,,,,,,,,,
2020094933,2330.0,2,0,0,0,0,0,0,0,0,4,0,,67,11,2020,3,39.9527,-75.2447,2310.0,6,0,0,0,0,0,0,0,0,,0,0,0.0,23,3,0,1,,0,39 57:09.651,,0,75 14:41.006,9,0,0,0,67301,0,0,0,N,0,0,0,2,67301,0,,1,1,,N,N,N,0,,0,0,0,3,1,,2303,0,2,0,0,0,0,1,3,4,0,2,3,3.0,N,,,,,,,,,,,
2020093916,1852.0,0,0,0,0,0,0,0,0,0,1,0,,67,10,2020,7,40.0765,-75.0824,1839.0,6,0,0,0,0,0,1,0,1,,0,0,0.0,18,3,1,1,,0,40 04:35.542,,0,75 04:56.744,8,0,0,0,67301,0,0,0,N,0,0,0,2,67301,0,,1,1,,N,N,N,0,,0,0,2,3,2,,1834,1,2,0,0,0,1,0,3,4,0,2,3,3.0,N,,,,,,,,,,,
2020091147,805.0,0,0,0,0,0,0,0,0,0,4,0,,67,10,2020,4,39.9569,-75.1676,801.0,6,0,0,0,0,0,1,0,0,,0,0,0.0,7,1,1,1,,0,39 57:24.681,,0,75 10:03.417,3,0,0,0,67301,2,0,0,N,0,0,0,4,67301,0,,1,9,,N,N,N,0,,1,0,2,3,1,,759,1,3,0,0,0,0,0,3,4,1,3,5,5.0,N,,,,,,,,,,,
2020094291,0.0,1,0,0,0,0,0,0,0,0,8,0,,67,10,2020,6,39.9505,-75.1738,0.0,6,0,0,0,0,0,0,0,0,,0,0,0.0,16,4,1,1,,0,39 57:01.924,,0,75 10:25.734,8,0,0,0,67301,1,0,0,N,1,0,0,2,67301,0,,1,99,,N,N,N,0,,0,0,0,3,2,,1645,1,2,0,0,0,1,0,3,4,0,1,3,3.0,N,,,,,,,,,,,
2020086839,2110.0,3,0,0,0,0,0,0,0,0,1,0,,67,10,2020,7,40.0448,-75.1435,2110.0,6,0,0,0,1,0,0,0,0,,0,0,0.0,20,3,0,0,Y,0,40 02:41.391,,0,75 08:36.496,9,0,0,0,67301,0,0,0,N,0,0,0,4,67301,0,,1,1,,N,N,N,0,,0,0,1,3,2,,2045,0,4,0,0,4,0,1,3,4,0,4,3,,N,,,,,,,,,,,
2020088988,943.0,0,0,0,0,0,0,0,0,0,4,0,,67,10,2020,1,39.9573,-75.1523,943.0,6,0,0,0,0,0,0,1,0,,0,0,0.0,9,1,1,5,,1,39 57:26.357,2.0,2,75 09:08.042,3,0,0,0,67301,0,0,0,N,0,0,0,3,67301,0,,1,1,1030.0,N,N,N,0,,1,0,2,3,2,N,935,1,2,0,0,0,0,0,3,4,0,2,3,3.0,N,,,,,,,,,,,
2020086812,1650.0,1,0,0,0,0,0,0,0,0,6,0,,67,10,2020,7,40.0225,-75.1482,1650.0,6,0,0,0,0,0,0,0,0,,0,0,0.0,15,1,1,0,N,0,40 01:21.048,,0,75 08:53.675,8,0,0,0,67301,0,0,0,N,0,0,0,2,67301,0,,1,1,,N,N,N,0,,0,0,1,0,0,,1515,1,2,0,0,2,1,0,3,4,0,2,3,,N,,,,,,,,,,,
2020086777,1905.0,1,0,0,0,0,0,0,0,0,7,0,,67,10,2020,7,39.9821,-75.1605,1855.0,6,0,0,0,1,0,0,0,0,,0,0,0.0,18,3,0,2,,0,39 58:55.708,,0,75 09:37.710,0,0,0,0,67301,0,0,0,N,0,0,0,2,67505,0,,4,1,,N,N,N,0,,0,0,0,3,2,,1845,0,2,0,0,0,0,0,3,4,0,1,3,3.0,N,,,,,,,,,,,
2020088899,1532.0,0,0,0,0,0,0,0,0,0,1,0,,67,10,2020,5,40.0681,-75.2403,1529.0,6,0,0,0,0,0,0,0,0,,0,0,0.0,15,1,0,0,N,0,40 04:05.291,,0,75 14:25.255,0,0,0,0,67301,0,0,0,N,0,0,0,6,67301,0,,1,1,,N,N,N,0,,0,0,1,0,0,,1525,0,2,0,0,0,0,0,3,4,1,2,3,4.0,N,,,,,,,,,,,
2020092374,2138.0,2,0,0,0,0,0,0,0,0,1,0,,67,10,2020,5,40.0353,-75.1214,2130.0,6,0,0,0,0,0,0,0,0,,0,0,0.0,21,3,1,1,N,0,40 02:07.004,,0,75 07:17.094,3,0,0,0,67301,0,0,0,N,0,0,0,3,67301,0,,1,9,,N,N,Y,0,,1,0,1,3,2,,2100,1,3,0,0,0,0,0,3,4,0,3,7,,N,,,,,,,,,,,
2020090865,1804.0,2,0,0,0,0,0,0,0,0,4,0,,67,10,2020,2,39.9576,-75.1457,1804.0,6,0,0,0,0,0,0,0,0,,0,0,0.0,17,4,0,1,,0,39 57:27.432,,0,75 08:44.473,0,0,0,0,67301,0,0,0,N,0,0,0,6,67301,0,,1,9,,N,N,N,0,,0,0,0,3,2,,1750,0,2,0,0,2,0,0,3,4,0,2,7,4.0,N,,,,,,,,,,,
2020089158,841.0,1,0,0,0,0,0,0,0,0,4,0,,67,10,2020,6,40.0287,-75.2055,841.0,6,0,0,0,0,0,0,0,0,,0,0,0.0,8,1,3,1,,0,40 01:43.183,,0,75 12:19.909,8,0,0,0,67301,0,0,0,N,0,0,0,4,67301,0,,1,9,,N,N,N,0,,0,0,1,3,2,,841,3,2,0,0,1,3,1,3,4,0,2,5,4.0,N,,,,,,,,,,,
2020091807,1302.0,1,0,0,0,0,0,0,0,0,7,0,,67,10,2020,7,39.975,-75.1174,1257.0,6,0,0,0,0,0,0,0,0,,0,0,0.0,12,1,0,0,N,1,39 58:29.858,2.0,0,75 07:02.718,0,0,0,0,67301,0,0,0,N,0,0,0,1,68K01,0,,4,1,1256.0,N,N,N,0,,0,0,0,0,0,N,1253,0,1,0,0,0,0,0,3,4,0,1,3,,N,,,,,,,,,,,
2020105944,1841.0,0,0,0,0,0,0,0,0,0,1,0,,67,10,2020,7,39.9538,-75.1409,1841.0,6,0,0,0,0,0,1,0,0,,0,0,0.0,18,3,1,0,Y,1,39 57:13.528,1.0,0,75 08:27.292,3,0,0,0,67301,0,0,0,N,0,0,0,2,68K02,0,,1,1,1926.0,N,N,N,0,,1,0,1,0,0,N,1840,1,2,0,0,0,0,0,3,4,1,2,3,,N,,,,,,,,,,,
2020112963,2052.0,2,0,0,0,0,0,0,0,0,4,0,,67,12,2020,3,39.9531,-75.1752,2047.0,6,0,0,0,0,0,0,0,0,,0,0,0.0,20,3,1,0,N,2,39 57:11.100,2.0,0,75 10:30.880,8,0,0,0,67301,0,0,0,N,0,0,0,1,67301,0,,4,1,2050.0,N,N,N,0,,0,0,1,0,0,Y,2045,1,3,0,0,0,1,0,3,4,0,3,3,,N,,,,,,,,,,,
2020092499,1640.0,2,0,0,0,0,0,0,0,0,4,0,,67,10,2020,7,40.0327,-75.0722,1635.0,6,1,0,0,0,0,0,0,0,,0,0,0.0,16,1,2,1,,1,40 01:57.808,2.0,0,75 04:19.924,3,0,0,0,67301,0,0,0,N,0,0,0,3,67301,0,,1,1,1725.0,N,N,N,0,,2,0,0,3,2,N,1625,2,2,0,0,2,0,0,3,4,0,2,3,3.0,N,,,,,,,,,,,
2020090142,351.0,1,0,0,0,0,0,0,0,0,5,0,,67,10,2020,2,39.9996,-75.1149,333.0,6,0,0,0,0,0,0,0,0,,0,0,0.0,3,3,0,0,N,0,39 59:58.420,,0,75 06:53.510,0,0,0,0,67301,0,0,0,N,0,0,0,1,67301,0,,6,9,,N,N,N,0,,0,0,1,0,0,,305,0,3,0,0,0,0,0,3,4,1,3,7,7.0,N,,,,,,,,,,,
2020089568,1242.0,0,0,0,0,0,0,0,0,0,4,0,,67,10,2020,1,40.0992,-75.0302,1242.0,6,0,0,0,0,0,1,1,0,,0,0,0.0,12,1,0,0,N,0,40 05:57.293,,7,75 01:48.584,0,0,0,0,67301,0,0,0,N,0,0,0,2,67301,0,,1,1,,N,N,N,1,,0,0,1,0,0,,1240,0,2,0,0,0,0,0,3,4,0,2,3,3.0,N,,,,,,,,,,,
2020090646,1150.0,2,0,0,0,0,0,0,0,0,4,0,,67,10,2020,7,40.0263,-75.1172,1050.0,6,0,0,0,0,0,1,0,0,,0,0,0.0,10,1,0,1,N,0,40 01:34.590,,0,75 07:01.748,9,0,0,0,67301,0,0,0,N,0,0,0,2,67301,0,,1,1,,N,N,N,0,,0,0,0,3,2,,1040,0,2,0,0,0,0,1,3,4,0,2,3,3.0,N,,,,,,,,,,,
2020089454,1045.0,0,0,0,1,0,0,0,0,0,1,0,,67,10,2020,7,40.1097,-74.9823,1039.0,6,0,0,0,0,0,0,0,0,,0,0,0.0,10,1,1,0,N,1,40 06:34.750,2.0,0,74 58:56.380,8,0,0,0,67301,1,0,0,N,0,0,0,2,67301,0,,1,1,1232.0,N,N,N,0,,0,0,1,0,0,N,1035,1,2,0,0,0,1,0,3,4,0,1,3,3.0,N,,,,,,,,,,,
2020103298,1843.0,2,0,0,0,0,0,0,0,0,1,0,,67,11,2020,2,40.0075,-75.0723,1843.0,6,0,0,0,0,0,0,0,0,,0,0,0.0,18,3,2,0,N,0,40 00:26.986,,0,75 04:20.171,4,0,0,0,67301,0,0,0,N,0,0,0,4,68K01,1,,1,1,,N,N,N,0,,0,0,0,0,0,,1827,2,2,0,0,0,1,0,3,4,0,2,3,,N,,,,,,,,,,,
2020092967,704.0,2,0,0,0,0,0,0,0,0,4,0,,67,11,2020,3,40.0174,-75.1722,701.0,6,0,0,0,0,0,0,0,0,,0,0,0.0,6,5,1,2,,0,40 01:02.780,,0,75 10:19.963,3,0,0,0,67301,0,0,0,N,0,0,0,3,67301,0,,7,1,,N,N,N,0,,1,0,0,9,4,,630,1,2,0,0,0,0,0,3,4,0,2,3,4.0,N,,,,,,,,,,,
2020099953,1318.0,1,0,0,0,0,0,0,0,0,4,0,,67,11,2020,7,39.9844,-75.1544,1333.0,6,0,0,1,0,0,1,0,0,,0,0,0.0,13,1,1,1,,0,39 59:03.868,,0,75 09:15.876,8,0,0,0,67301,0,0,0,N,0,0,0,3,67505,0,,1,1,,N,N,Y,0,,0,0,1,3,2,,1318,1,2,0,0,0,1,0,3,4,0,2,3,3.0,N,,,,,,,,,,,
2020089573,2057.0,2,0,0,0,0,0,0,0,0,4,0,,67,10,2020,7,39.9529,-75.2122,2056.0,6,0,0,0,0,0,0,0,0,,0,0,0.0,20,3,1,1,,0,39 57:10.335,,0,75 12:43.862,3,0,0,0,67301,0,0,0,N,0,0,0,2,67301,0,,1,1,,N,N,N,0,,1,0,0,3,2,,2053,1,2,0,0,1,0,0,3,4,0,2,3,,N,,,,,,,,,,,
2020089174,2347.0,1,0,0,0,0,0,0,0,0,1,0,,67,10,2020,6,39.9558,-75.1915,2344.0,6,0,0,0,0,0,0,0,0,,0,0,0.0,21,3,0,1,,0,39 57:21.261,,0,75 11:29.218,0,0,0,0,67301,0,0,0,N,0,0,0,3,67507,0,,1,1,,N,N,N,0,,0,0,1,3,2,,2149,0,2,0,0,0,0,0,3,4,0,2,3,,N,,,,,,,,,,,
2020094736,925.0,1,0,0,0,0,0,0,0,0,4,0,,67,10,2020,6,40.0368,-75.0407,920.0,6,0,0,0,0,0,0,1,0,,0,0,0.0,9,1,1,1,,0,40 02:12.142,,0,75 02:27.052,3,0,0,0,67301,0,0,0,N,0,0,0,2,67301,0,,1,9,,N,N,N,0,,1,0,1,3,2,,916,1,2,0,0,0,0,0,3,4,0,2,7,4.0,N,,,,,,,,,,,
2020088993,755.0,2,0,0,0,0,0,0,0,0,2,0,,67,10,2020,6,40.0988,-75.0302,754.0,6,0,0,0,0,0,0,1,0,,0,0,0.0,7,1,0,0,N,0,40 05:55.833,,0,75 01:48.897,0,0,0,0,67301,0,0,0,N,0,0,0,3,67301,0,,1,9,,N,N,N,0,,0,0,1,0,0,,751,0,3,0,0,0,0,0,3,4,0,3,5,5.0,N,,,,,,,,,,,
2020088991,2355.0,1,0,0,0,0,0,0,0,0,5,0,,67,10,2020,4,40.1043,-75.0347,2347.0,6,0,0,0,0,0,0,0,1,,0,0,0.0,23,3,0,0,N,0,40 06:15.354,,0,75 02:05.033,0,0,0,0,67301,0,0,0,N,0,0,0,1,67301,0,,6,1,,N,N,N,0,,0,0,0,0,0,,2346,0,3,0,0,0,0,0,3,4,2,3,3,,N,,,,,,,,,,,
2020090767,2309.0,2,0,0,0,0,0,0,0,0,1,0,45.0,67,10,2020,5,39.9447,-75.1913,2307.0,6,0,0,0,0,0,0,0,0,,0,0,0.0,23,3,2,0,N,1,39 56:40.819,4.0,0,75 11:28.564,8,0,0,0,67301,0,0,0,N,0,0,0,4,68K01,0,,1,1,2330.0,N,N,N,0,,0,0,0,0,0,N,2307,2,2,0,0,1,2,0,3,4,0,2,3,,Y,4.0,1.0,Y,,,Y,Y,,,Y,N
2020111219,1324.0,0,0,0,0,0,0,0,0,0,7,0,,67,12,2020,5,39.9637,-75.1611,1322.0,6,0,0,0,0,0,0,0,1,,0,0,0.0,13,1,0,0,N,0,39 57:49.326,,0,75 09:39.781,0,0,0,0,67301,0,0,0,N,0,0,0,2,67301,0,,3,6,,N,N,N,1,,0,0,0,3,2,,1319,0,2,0,0,0,0,0,3,4,1,2,3,10.0,N,,,,,,,,,,,
2020110399,816.0,0,0,0,0,0,0,0,0,0,8,0,,67,12,2020,4,40.0096,-75.1673,809.0,6,0,0,0,0,0,1,0,0,,0,0,0.0,8,1,1,2,,0,40 00:34.667,,0,75 10:02.258,3,0,0,0,67301,1,0,0,N,1,0,0,2,67301,0,,1,1,,N,N,N,0,,1,0,1,3,3,,809,1,2,0,0,0,0,1,3,4,0,1,3,3.0,N,,,,,,,,,,,
2020110378,2025.0,6,0,0,0,0,0,0,0,0,5,0,,67,12,2020,6,39.9443,-75.1777,2019.0,6,0,0,0,0,0,0,0,0,,0,0,0.0,19,3,0,0,N,0,39 56:39.360,,0,75 10:39.690,9,0,0,0,67301,0,0,0,N,0,0,0,1,67301,0,,1,2,,N,N,N,0,,0,0,0,0,0,,1923,0,7,0,0,0,0,1,3,4,1,7,10,10.0,N,,,,,,,,,,,
2020111757,1913.0,2,0,0,0,0,0,0,0,0,6,0,,67,12,2020,6,39.9723,-75.2324,1913.0,6,0,0,0,0,0,0,0,0,,0,0,0.0,19,3,1,0,N,0,39 58:20.220,,0,75 13:56.740,4,0,0,0,67301,0,0,0,N,0,0,0,3,67301,1,,1,2,,N,N,N,0,,0,0,2,0,0,,1910,1,4,0,0,0,0,0,3,4,0,4,3,,N,,,,,,,,,,,
2020106972,1230.0,1,0,0,0,0,0,0,0,0,4,0,,67,12,2020,6,39.9915,-75.1668,1226.0,6,0,0,0,0,0,1,0,0,,0,0,0.0,12,1,2,2,,0,39 59:29.335,,0,75 10:00.645,4,0,0,0,67301,0,0,0,N,0,0,0,4,67301,1,,1,1,,N,N,N,1,,0,0,0,3,3,,1225,2,2,0,0,0,1,0,3,4,0,2,3,3.0,N,,,,,,,,,,,
2020110383,1800.0,2,0,0,0,0,0,0,0,0,1,0,,67,12,2020,7,39.9739,-75.1519,1757.0,6,0,0,0,0,0,1,0,0,,0,0,0.0,17,3,1,0,N,0,39 58:25.940,,0,75 09:06.670,3,0,0,0,67301,0,0,0,N,0,0,0,1,67301,0,,6,2,,N,N,N,0,,1,0,0,0,0,,1757,1,2,0,0,0,0,0,3,4,0,2,3,10.0,N,,,,,,,,,,,
2020110978,1240.0,2,0,0,0,0,0,0,0,0,4,0,,67,12,2020,6,39.9574,-75.2293,1237.0,6,0,0,0,0,0,0,0,0,,0,0,0.0,11,1,3,1,,0,39 57:26.746,,0,75 13:45.376,8,0,0,0,67301,0,0,0,N,0,0,0,3,67301,0,,1,9,,N,N,N,0,,0,0,0,3,2,,1155,3,2,0,0,0,3,0,3,4,0,2,10,,N,,,,,,,,,,,
2020111412,454.0,1,0,0,0,0,0,0,0,0,2,0,,67,12,2020,5,39.9625,-75.2101,454.0,6,0,0,0,0,0,0,0,0,,0,0,0.0,3,3,0,0,N,0,39 57:44.955,,0,75 12:36.230,0,0,0,0,67301,0,0,0,N,0,0,0,2,67301,0,,1,2,,N,N,N,0,,0,0,1,3,2,,355,0,2,0,0,0,0,0,3,4,0,2,10,,N,,,,,,,,,,,
2020108709,730.0,1,0,0,0,0,0,0,0,0,7,0,,67,12,2020,2,40.0043,-75.1377,1100.0,6,0,0,0,0,0,0,0,0,,0,0,0.0,7,1,0,0,N,0,40 00:15.500,,0,75 08:15.640,9,0,0,0,67301,0,0,0,N,0,0,0,1,67301,0,,5,9,,N,N,N,0,,0,0,0,0,0,,720,0,1,0,0,0,0,1,3,4,0,1,7,7.0,N,,,,,,,,,,,
2020107400,735.0,1,0,0,0,0,0,0,0,0,7,0,,67,12,2020,7,39.9988,-75.159,727.0,6,0,0,0,0,0,0,0,0,,0,0,0.0,7,5,0,2,N,0,39 59:55.703,,3,75 09:32.434,9,0,0,0,67301,0,0,0,N,0,0,0,1,67301,0,,4,1,,N,N,N,0,,0,0,0,3,3,,708,0,1,0,0,0,0,1,3,4,0,1,3,3.0,N,,,,,,,,,,,
2020109218,315.0,1,0,0,0,0,0,0,0,0,7,0,,67,12,2020,4,40.0083,-75.1564,309.0,6,0,0,0,0,0,0,0,0,,0,0,0.0,3,3,0,1,,0,40 00:29.772,,99,75 09:22.957,9,0,0,0,67301,0,0,0,N,0,0,0,1,67301,0,,5,1,,N,N,N,0,,0,0,0,3,3,,308,0,1,0,0,0,0,1,3,4,0,1,3,,N,,,,,,,,,,,
2020110359,1925.0,2,0,0,0,0,0,0,0,0,4,0,,67,12,2020,7,39.9213,-75.1939,1920.0,6,0,0,0,0,0,0,0,0,,0,0,0.0,18,3,0,1,N,0,39 55:16.537,,0,75 11:37.880,9,0,0,0,67301,0,0,0,N,0,0,0,2,67301,0,,1,1,,N,N,N,0,,0,0,1,3,2,,1806,0,3,0,0,0,0,2,3,4,0,3,3,3.0,N,,,,,,,,,,,
2020107585,2159.0,1,0,0,0,0,0,0,0,0,7,0,,67,12,2020,7,40.0919,-75.0474,2140.0,6,0,0,0,0,0,0,0,0,,0,0,0.0,21,3,1,11,,0,40 05:30.666,,0,75 02:50.731,8,0,0,0,67301,0,0,0,N,0,0,0,1,67301,0,,4,1,,N,N,N,0,,0,0,0,3,2,,2115,1,1,0,0,0,1,0,3,4,0,1,3,3.0,N,,,,,,,,,,,
2020109081,1945.0,2,0,0,0,0,0,0,0,0,4,0,,67,12,2020,6,39.9415,-75.1858,1940.0,6,0,0,0,0,0,0,0,0,,0,0,0.0,19,3,0,2,,0,39 56:29.281,,0,75 11:08.937,9,0,0,0,67301,0,0,0,N,0,0,0,3,67301,0,,1,1,,N,N,Y,0,,0,0,0,3,2,,1930,0,2,0,0,0,0,2,3,4,0,2,3,3.0,N,,,,,,,,,,,
2020108478,537.0,1,0,0,0,0,0,0,0,0,99,0,,67,12,2020,1,39.9222,-75.235,537.0,6,0,0,0,0,0,0,0,0,,0,0,0.0,4,3,1,0,N,0,39 55:20.030,,0,75 14:06.020,8,0,0,0,67301,0,0,0,N,0,0,0,1,67301,0,,1,9,,N,N,N,0,,0,0,0,0,0,,420,1,1,0,0,0,1,0,3,4,0,1,7,,N,,,,,,,,,,,
2020108480,2036.0,2,0,0,0,0,0,0,0,0,6,0,,67,12,2020,2,39.9784,-75.1896,2035.0,6,0,0,0,0,0,0,0,0,,0,0,0.0,20,3,1,0,N,2,39 58:41.696,5.0,0,75 11:23.045,3,0,0,0,67301,0,0,0,N,0,0,0,2,67301,0,,1,9,2040.0,N,N,N,0,,1,0,0,0,0,Y,2033,1,2,0,0,0,0,0,3,4,0,2,3,3.0,N,,,,,,,,,,,
2020110361,1454.0,0,0,0,0,0,0,0,0,0,8,0,,67,12,2020,4,40.0439,-75.2285,1454.0,6,0,0,0,0,0,0,0,0,,0,0,0.0,14,1,1,2,,0,40 02:37.962,,0,75 13:42.779,8,0,0,0,67301,1,0,0,N,1,0,0,2,67301,0,,5,6,,N,N,N,0,,0,0,1,3,2,,1452,1,2,0,0,0,1,0,3,4,0,1,10,10.0,N,,,,,,,,,,,